;The following data are for ACRIM1_corr
;The standard deviation was produced by comparing the  355day filtered TSI data
;  with the sunspot number also filtered with the same smoothing.
;The columns are as follows:  1: julian day, 2: TSI in Wm-2, 3: stddev in Wm-2
;The format is d12.3,f10.3,f10.4 and no or invalid data are given as -9.0  
;the next line contains the number of lines and the offset as i6,f10.3
  3437  1366.698
 2444286.000  1367.988    0.0770
 2444287.000  1368.041    0.0769
 2444288.000  1368.142    0.0768
 2444289.000    -9.000   -9.0000
 2444290.000  1368.179    0.0766
 2444291.000  1368.315    0.0765
 2444292.000  1368.196    0.0764
 2444293.000  1368.081    0.0763
 2444294.000  1367.816    0.0762
 2444295.000  1367.764    0.0761
 2444296.000  1368.057    0.0760
 2444297.000  1368.242    0.0759
 2444298.000  1368.519    0.0758
 2444299.000  1368.688    0.0757
 2444300.000  1368.685    0.0756
 2444301.000  1368.441    0.0755
 2444302.000  1368.467    0.0754
 2444303.000  1368.467    0.0753
 2444304.000  1368.437    0.0752
 2444305.000  1368.238    0.0751
 2444306.000  1368.233    0.0750
 2444307.000  1368.201    0.0749
 2444308.000  1368.025    0.0748
 2444309.000  1368.241    0.0747
 2444310.000  1368.191    0.0746
 2444311.000  1368.385    0.0745
 2444312.000  1368.327    0.0744
 2444313.000  1368.394    0.0743
 2444314.000  1368.222    0.0743
 2444315.000  1368.338    0.0742
 2444316.000  1368.402    0.0741
 2444317.000  1368.459    0.0740
 2444318.000  1368.441    0.0739
 2444319.000  1368.394    0.0738
 2444320.000  1368.183    0.0737
 2444321.000  1368.250    0.0736
 2444322.000  1368.264    0.0735
 2444323.000  1368.222    0.0734
 2444324.000  1368.576    0.0733
 2444325.000  1368.625    0.0732
 2444326.000  1368.641    0.0731
 2444327.000  1368.570    0.0730
 2444328.000  1368.433    0.0729
 2444329.000  1368.125    0.0728
 2444330.000  1367.956    0.0727
 2444331.000  1368.137    0.0726
 2444332.000  1368.199    0.0725
 2444333.000  1368.249    0.0725
 2444334.000  1368.136    0.0724
 2444335.000  1367.699    0.0723
 2444336.000  1366.921    0.0722
 2444337.000  1366.189    0.0721
 2444338.000  1365.856    0.0720
 2444339.000  1366.053    0.0719
 2444340.000  1366.362    0.0718
 2444341.000    -9.000   -9.0000
 2444342.000  1366.712    0.0716
 2444343.000  1367.048    0.0715
 2444344.000  1367.263    0.0715
 2444345.000  1367.678    0.0714
 2444346.000  1368.049    0.0713
 2444347.000  1368.495    0.0712
 2444348.000  1368.700    0.0711
 2444349.000  1368.829    0.0710
 2444350.000  1368.747    0.0709
 2444351.000  1368.360    0.0708
 2444352.000  1367.961    0.0708
 2444353.000  1367.864    0.0707
 2444354.000  1367.845    0.0706
 2444355.000  1368.029    0.0705
 2444356.000  1368.164    0.0704
 2444357.000  1368.245    0.0703
 2444358.000  1368.312    0.0702
 2444359.000  1368.194    0.0702
 2444360.000  1368.116    0.0701
 2444361.000  1367.845    0.0700
 2444362.000  1367.844    0.0699
 2444363.000  1367.283    0.0698
 2444364.000  1367.432    0.0698
 2444365.000  1367.772    0.0697
 2444366.000  1368.011    0.0696
 2444367.000  1368.282    0.0695
 2444368.000  1368.472    0.0694
 2444369.000  1368.631    0.0694
 2444370.000  1368.509    0.0693
 2444371.000    -9.000   -9.0000
 2444372.000  1367.979    0.0691
 2444373.000  1367.906    0.0691
 2444374.000  1367.821    0.0690
 2444375.000  1368.355    0.0689
 2444376.000  1368.440    0.0688
 2444377.000  1368.280    0.0688
 2444378.000  1368.226    0.0687
 2444379.000  1368.120    0.0686
 2444380.000  1367.948    0.0685
 2444381.000  1367.757    0.0685
 2444382.000  1367.471    0.0684
 2444383.000  1367.156    0.0683
 2444384.000  1366.887    0.0683
 2444385.000  1366.786    0.0682
 2444386.000  1366.808    0.0681
 2444387.000  1367.019    0.0681
 2444388.000  1367.244    0.0680
 2444389.000  1367.543    0.0679
 2444390.000  1367.912    0.0679
 2444391.000  1368.039    0.0678
 2444392.000  1367.960    0.0677
 2444393.000  1367.844    0.0677
 2444394.000  1367.873    0.0676
 2444395.000  1367.935    0.0675
 2444396.000  1368.049    0.0675
 2444397.000  1368.074    0.0674
 2444398.000  1368.084    0.0674
 2444399.000  1368.129    0.0673
 2444400.000  1368.305    0.0672
 2444401.000  1368.149    0.0672
 2444402.000  1368.212    0.0671
 2444403.000  1368.098    0.0671
 2444404.000  1368.121    0.0670
 2444405.000  1368.067    0.0670
 2444406.000  1367.949    0.0669
 2444407.000  1368.052    0.0668
 2444408.000  1368.256    0.0668
 2444409.000  1368.544    0.0667
 2444410.000  1368.662    0.0667
 2444411.000  1368.512    0.0666
 2444412.000  1368.273    0.0666
 2444413.000  1367.981    0.0665
 2444414.000  1367.736    0.0665
 2444415.000  1367.704    0.0665
 2444416.000  1367.818    0.0664
 2444417.000  1367.971    0.0664
 2444418.000  1368.116    0.0663
 2444419.000  1368.217    0.0663
 2444420.000  1368.075    0.0662
 2444421.000  1367.946    0.0662
 2444422.000  1368.066    0.0662
 2444423.000  1368.153    0.0661
 2444424.000  1368.016    0.0661
 2444425.000  1367.907    0.0660
 2444426.000  1367.885    0.0660
 2444427.000  1368.012    0.0660
 2444428.000  1368.009    0.0659
 2444429.000  1367.943    0.0659
 2444430.000    -9.000   -9.0000
 2444431.000  1367.946    0.0658
 2444432.000  1367.907    0.0658
 2444433.000  1367.756    0.0658
 2444434.000  1367.555    0.0657
 2444435.000  1367.541    0.0657
 2444436.000  1367.789    0.0657
 2444437.000  1367.774    0.0657
 2444438.000  1367.735    0.0656
 2444439.000  1367.660    0.0656
 2444440.000  1367.633    0.0656
 2444441.000  1367.811    0.0656
 2444442.000  1367.819    0.0655
 2444443.000  1367.951    0.0655
 2444444.000  1368.234    0.0655
 2444445.000  1368.398    0.0655
 2444446.000  1368.997    0.0655
 2444447.000  1369.106    0.0655
 2444448.000  1368.943    0.0654
 2444449.000  1368.739    0.0654
 2444450.000  1368.766    0.0654
 2444451.000    -9.000   -9.0000
 2444452.000  1368.204    0.0654
 2444453.000  1368.122    0.0654
 2444454.000  1368.086    0.0654
 2444455.000  1368.233    0.0654
 2444456.000  1368.300    0.0654
 2444457.000  1368.289    0.0654
 2444458.000  1368.203    0.0654
 2444459.000  1368.168    0.0654
 2444460.000  1368.113    0.0654
 2444461.000  1368.172    0.0654
 2444462.000  1368.231    0.0653
 2444463.000  1368.286    0.0653
 2444464.000  1368.482    0.0653
 2444465.000  1368.443    0.0653
 2444466.000  1368.500    0.0654
 2444467.000  1368.771    0.0654
 2444468.000  1368.678    0.0654
 2444469.000  1368.391    0.0654
 2444470.000  1368.255    0.0654
 2444471.000  1368.230    0.0654
 2444472.000  1368.038    0.0654
 2444473.000  1368.110    0.0654
 2444474.000  1368.278    0.0654
 2444475.000  1368.212    0.0654
 2444476.000  1368.055    0.0654
 2444477.000  1367.994    0.0654
 2444478.000  1367.919    0.0654
 2444479.000  1367.910    0.0654
 2444480.000  1367.775    0.0654
 2444481.000  1367.763    0.0654
 2444482.000  1367.356    0.0654
 2444483.000  1366.839    0.0655
 2444484.000  1366.693    0.0655
 2444485.000    -9.000   -9.0000
 2444486.000  1366.267    0.0655
 2444487.000  1366.280    0.0655
 2444488.000  1366.834    0.0655
 2444489.000  1367.466    0.0655
 2444490.000  1367.978    0.0655
 2444491.000  1368.383    0.0656
 2444492.000  1368.692    0.0656
 2444493.000  1368.575    0.0656
 2444494.000  1368.673    0.0656
 2444495.000  1368.563    0.0656
 2444496.000  1368.395    0.0656
 2444497.000  1368.264    0.0656
 2444498.000  1368.104    0.0657
 2444499.000  1368.200    0.0657
 2444500.000  1368.291    0.0657
 2444501.000  1368.269    0.0657
 2444502.000  1368.434    0.0657
 2444503.000  1368.217    0.0658
 2444504.000  1368.062    0.0658
 2444505.000  1367.923    0.0658
 2444506.000  1367.542    0.0658
 2444507.000  1367.640    0.0658
 2444508.000  1367.765    0.0659
 2444509.000  1368.209    0.0659
 2444510.000  1368.455    0.0659
 2444511.000  1368.381    0.0659
 2444512.000  1368.139    0.0659
 2444513.000  1368.257    0.0660
 2444514.000  1368.120    0.0660
 2444515.000  1368.340    0.0660
 2444516.000  1368.553    0.0660
 2444517.000  1368.585    0.0661
 2444518.000  1368.431    0.0661
 2444519.000  1368.537    0.0661
 2444520.000  1368.535    0.0661
 2444521.000  1368.486    0.0662
 2444522.000  1368.020    0.0662
 2444523.000  1367.724    0.0662
 2444524.000  1367.138    0.0662
 2444525.000  1366.989    0.0663
 2444526.000  1366.981    0.0663
 2444527.000  1367.087    0.0663
 2444528.000  1367.863    0.0663
 2444529.000  1368.384    0.0664
 2444530.000  1368.681    0.0664
 2444531.000  1368.586    0.0664
 2444532.000  1368.170    0.0664
 2444533.000  1367.717    0.0665
 2444534.000  1367.497    0.0665
 2444535.000  1367.160    0.0665
 2444536.000  1367.202    0.0666
 2444537.000  1367.472    0.0666
 2444538.000  1367.970    0.0666
 2444539.000  1367.980    0.0666
 2444540.000  1368.173    0.0667
 2444541.000  1368.230    0.0667
 2444542.000  1368.174    0.0667
 2444543.000  1368.236    0.0668
 2444544.000  1367.879    0.0668
 2444545.000  1367.907    0.0668
 2444546.000  1367.796    0.0669
 2444547.000  1367.445    0.0669
 2444548.000  1367.104    0.0669
 2444549.000  1366.847    0.0670
 2444550.000  1366.616    0.0670
 2444551.000  1366.501    0.0670
 2444552.000  1366.308    0.0671
 2444553.000  1366.384    0.0671
 2444554.000  1366.500    0.0671
 2444555.000  1366.517    0.0672
 2444556.000  1366.737    0.0672
 2444557.000  1366.910    0.0672
 2444558.000    -9.000   -9.0000
 2444559.000    -9.000   -9.0000
 2444560.000    -9.000   -9.0000
 2444561.000    -9.000   -9.0000
 2444562.000  1367.717    0.0674
 2444563.000  1367.869    0.0674
 2444564.000  1367.879    0.0675
 2444565.000  1368.108    0.0675
 2444566.000  1368.234    0.0675
 2444567.000    -9.000   -9.0000
 2444568.000    -9.000   -9.0000
 2444569.000    -9.000   -9.0000
 2444570.000    -9.000   -9.0000
 2444571.000    -9.000   -9.0000
 2444572.000    -9.000   -9.0000
 2444573.000    -9.000   -9.0000
 2444574.000    -9.000   -9.0000
 2444575.000  1368.057    0.0679
 2444576.000  1367.747    0.0679
 2444577.000  1368.026    0.0680
 2444578.000  1368.446    0.0680
 2444579.000  1368.460    0.0681
 2444580.000  1368.537    0.0681
 2444581.000  1368.810    0.0681
 2444582.000  1368.902    0.0682
 2444583.000  1368.908    0.0682
 2444584.000  1368.344    0.0683
 2444585.000  1368.735    0.0683
 2444586.000    -9.000   -9.0000
 2444587.000    -9.000   -9.0000
 2444588.000    -9.000   -9.0000
 2444589.000  1367.776    0.0685
 2444590.000  1365.747    0.0685
 2444591.000  1366.638    0.0686
 2444592.000  1366.398    0.0686
 2444593.000  1366.559    0.0687
 2444594.000    -9.000   -9.0000
 2444595.000  1366.362    0.0688
 2444596.000  1365.404    0.0688
 2444597.000  1366.704    0.0688
 2444598.000  1367.702    0.0689
 2444599.000  1368.324    0.0689
 2444600.000    -9.000   -9.0000
 2444601.000  1368.159    0.0690
 2444602.000  1367.794    0.0691
 2444603.000  1367.712    0.0691
 2444604.000  1368.203    0.0692
 2444605.000  1368.324    0.0692
 2444606.000  1368.624    0.0693
 2444607.000  1369.059    0.0693
 2444608.000  1368.296    0.0694
 2444609.000  1369.237    0.0694
 2444610.000  1368.340    0.0695
 2444611.000  1369.312    0.0695
 2444612.000  1369.625    0.0696
 2444613.000    -9.000   -9.0000
 2444614.000    -9.000   -9.0000
 2444615.000  1369.660    0.0697
 2444616.000  1369.433    0.0698
 2444617.000    -9.000   -9.0000
 2444618.000    -9.000   -9.0000
 2444619.000  1368.996    0.0699
 2444620.000    -9.000   -9.0000
 2444621.000  1368.257    0.0700
 2444622.000  1369.540    0.0701
 2444623.000  1369.387    0.0701
 2444624.000  1369.037    0.0702
 2444625.000  1368.186    0.0702
 2444626.000  1368.895    0.0703
 2444627.000  1369.302    0.0703
 2444628.000  1369.029    0.0704
 2444629.000    -9.000   -9.0000
 2444630.000  1368.442    0.0705
 2444631.000  1369.006    0.0705
 2444632.000  1368.696    0.0706
 2444633.000  1368.950    0.0706
 2444634.000  1368.992    0.0707
 2444635.000  1368.499    0.0707
 2444636.000    -9.000   -9.0000
 2444637.000    -9.000   -9.0000
 2444638.000  1367.797    0.0709
 2444639.000  1367.956    0.0709
 2444640.000  1368.597    0.0710
 2444641.000  1368.579    0.0710
 2444642.000  1366.515    0.0711
 2444643.000  1368.113    0.0711
 2444644.000  1367.967    0.0712
 2444645.000  1368.171    0.0713
 2444646.000  1367.921    0.0713
 2444647.000  1368.290    0.0714
 2444648.000  1368.013    0.0714
 2444649.000  1368.348    0.0715
 2444650.000  1367.830    0.0715
 2444651.000  1368.086    0.0716
 2444652.000  1367.714    0.0716
 2444653.000  1368.085    0.0717
 2444654.000  1367.533    0.0717
 2444655.000  1368.465    0.0718
 2444656.000  1368.440    0.0718
 2444657.000  1368.595    0.0719
 2444658.000  1367.785    0.0719
 2444659.000  1367.644    0.0720
 2444660.000  1368.649    0.0720
 2444661.000  1367.975    0.0721
 2444662.000  1367.370    0.0721
 2444663.000  1367.986    0.0722
 2444664.000  1367.738    0.0722
 2444665.000  1367.706    0.0723
 2444666.000  1368.338    0.0724
 2444667.000  1368.231    0.0724
 2444668.000  1368.009    0.0725
 2444669.000  1368.521    0.0725
 2444670.000  1368.083    0.0726
 2444671.000  1367.744    0.0726
 2444672.000  1367.835    0.0727
 2444673.000  1368.150    0.0727
 2444674.000  1368.156    0.0728
 2444675.000  1368.226    0.0728
 2444676.000  1368.382    0.0729
 2444677.000  1368.571    0.0729
 2444678.000  1368.357    0.0730
 2444679.000  1367.397    0.0730
 2444680.000  1368.138    0.0731
 2444681.000  1368.359    0.0731
 2444682.000  1368.610    0.0732
 2444683.000  1368.002    0.0732
 2444684.000  1368.145    0.0733
 2444685.000  1367.422    0.0733
 2444686.000  1367.664    0.0734
 2444687.000  1368.163    0.0735
 2444688.000  1368.278    0.0735
 2444689.000  1367.823    0.0736
 2444690.000  1368.194    0.0736
 2444691.000  1368.065    0.0737
 2444692.000  1367.973    0.0737
 2444693.000  1368.278    0.0738
 2444694.000  1368.382    0.0738
 2444695.000  1368.821    0.0739
 2444696.000  1368.622    0.0739
 2444697.000  1368.939    0.0740
 2444698.000  1369.008    0.0740
 2444699.000  1368.981    0.0741
 2444700.000  1368.868    0.0742
 2444701.000  1368.249    0.0742
 2444702.000  1368.196    0.0743
 2444703.000  1368.044    0.0743
 2444704.000  1368.030    0.0744
 2444705.000  1367.354    0.0744
 2444706.000  1367.669    0.0745
 2444707.000  1366.838    0.0745
 2444708.000  1366.885    0.0746
 2444709.000  1367.435    0.0746
 2444710.000  1367.981    0.0747
 2444711.000  1368.293    0.0747
 2444712.000  1367.431    0.0748
 2444713.000  1367.555    0.0749
 2444714.000  1368.215    0.0749
 2444715.000  1368.184    0.0750
 2444716.000  1368.305    0.0750
 2444717.000  1368.259    0.0751
 2444718.000  1367.687    0.0751
 2444719.000  1367.998    0.0752
 2444720.000  1368.482    0.0752
 2444721.000  1368.819    0.0753
 2444722.000  1368.604    0.0753
 2444723.000  1368.445    0.0754
 2444724.000  1368.458    0.0754
 2444725.000  1368.687    0.0755
 2444726.000  1368.385    0.0755
 2444727.000  1369.167    0.0756
 2444728.000  1368.717    0.0756
 2444729.000  1368.145    0.0757
 2444730.000  1368.068    0.0757
 2444731.000  1367.530    0.0758
 2444732.000  1368.081    0.0758
 2444733.000  1368.021    0.0759
 2444734.000  1368.275    0.0759
 2444735.000  1368.173    0.0760
 2444736.000  1367.591    0.0760
 2444737.000    -9.000   -9.0000
 2444738.000  1368.046    0.0761
 2444739.000  1368.604    0.0761
 2444740.000  1367.702    0.0762
 2444741.000    -9.000   -9.0000
 2444742.000    -9.000   -9.0000
 2444743.000  1368.021    0.0763
 2444744.000    -9.000   -9.0000
 2444745.000  1367.204    0.0764
 2444746.000    -9.000   -9.0000
 2444747.000  1368.258    0.0765
 2444748.000  1368.042    0.0765
 2444749.000    -9.000   -9.0000
 2444750.000  1368.951    0.0766
 2444751.000  1368.378    0.0767
 2444752.000  1368.087    0.0767
 2444753.000  1368.128    0.0768
 2444754.000  1368.500    0.0768
 2444755.000  1368.606    0.0768
 2444756.000  1367.844    0.0769
 2444757.000  1368.201    0.0769
 2444758.000  1367.301    0.0770
 2444759.000  1368.164    0.0770
 2444760.000  1368.839    0.0770
 2444761.000  1368.300    0.0771
 2444762.000    -9.000   -9.0000
 2444763.000  1368.382    0.0772
 2444764.000  1368.251    0.0772
 2444765.000  1368.594    0.0772
 2444766.000  1368.055    0.0773
 2444767.000  1368.133    0.0773
 2444768.000  1367.978    0.0773
 2444769.000  1368.162    0.0774
 2444770.000  1367.945    0.0774
 2444771.000  1367.708    0.0775
 2444772.000  1367.685    0.0775
 2444773.000  1367.607    0.0775
 2444774.000  1367.960    0.0776
 2444775.000  1368.300    0.0776
 2444776.000  1368.501    0.0776
 2444777.000  1368.122    0.0776
 2444778.000  1368.205    0.0777
 2444779.000  1368.012    0.0777
 2444780.000  1367.674    0.0777
 2444781.000  1367.649    0.0778
 2444782.000  1368.056    0.0778
 2444783.000  1367.389    0.0778
 2444784.000  1367.522    0.0778
 2444785.000  1367.608    0.0779
 2444786.000  1367.595    0.0779
 2444787.000  1367.205    0.0779
 2444788.000  1366.868    0.0779
 2444789.000  1367.768    0.0779
 2444790.000  1367.992    0.0780
 2444791.000  1368.541    0.0780
 2444792.000  1368.480    0.0780
 2444793.000  1368.072    0.0780
 2444794.000  1367.954    0.0781
 2444795.000  1368.170    0.0781
 2444796.000  1368.286    0.0781
 2444797.000  1367.860    0.0781
 2444798.000  1368.242    0.0781
 2444799.000  1367.830    0.0782
 2444800.000  1367.848    0.0782
 2444801.000  1367.952    0.0782
 2444802.000  1367.493    0.0782
 2444803.000  1367.844    0.0782
 2444804.000  1366.247    0.0782
 2444805.000  1367.517    0.0783
 2444806.000  1367.096    0.0783
 2444807.000  1367.206    0.0783
 2444808.000  1366.140    0.0783
 2444809.000  1365.439    0.0783
 2444810.000  1365.212    0.0783
 2444811.000  1365.032    0.0783
 2444812.000  1365.275    0.0784
 2444813.000    -9.000   -9.0000
 2444814.000    -9.000   -9.0000
 2444815.000    -9.000   -9.0000
 2444816.000    -9.000   -9.0000
 2444817.000    -9.000   -9.0000
 2444818.000  1367.448    0.0784
 2444819.000  1367.648    0.0784
 2444820.000  1367.582    0.0784
 2444821.000  1367.250    0.0784
 2444822.000  1367.299    0.0785
 2444823.000  1367.210    0.0785
 2444824.000  1367.034    0.0785
 2444825.000  1366.816    0.0785
 2444826.000  1366.844    0.0785
 2444827.000  1367.214    0.0785
 2444828.000  1367.161    0.0785
 2444829.000  1368.002    0.0785
 2444830.000  1368.525    0.0785
 2444831.000  1368.620    0.0785
 2444832.000  1367.999    0.0785
 2444833.000  1367.839    0.0785
 2444834.000  1367.562    0.0785
 2444835.000  1367.703    0.0785
 2444836.000  1367.006    0.0785
 2444837.000  1367.429    0.0785
 2444838.000  1368.082    0.0785
 2444839.000  1367.881    0.0785
 2444840.000  1367.567    0.0785
 2444841.000  1367.579    0.0785
 2444842.000  1367.650    0.0785
 2444843.000  1367.307    0.0785
 2444844.000  1367.429    0.0785
 2444845.000  1368.071    0.0785
 2444846.000  1368.080    0.0785
 2444847.000  1368.371    0.0785
 2444848.000  1368.246    0.0785
 2444849.000  1368.582    0.0785
 2444850.000  1368.478    0.0785
 2444851.000  1368.353    0.0785
 2444852.000  1367.981    0.0785
 2444853.000  1367.795    0.0785
 2444854.000  1367.110    0.0785
 2444855.000  1367.228    0.0784
 2444856.000  1365.496    0.0784
 2444857.000  1367.582    0.0784
 2444858.000  1368.020    0.0784
 2444859.000    -9.000   -9.0000
 2444860.000  1367.525    0.0784
 2444861.000    -9.000   -9.0000
 2444862.000  1368.141    0.0783
 2444863.000  1368.406    0.0783
 2444864.000  1368.121    0.0783
 2444865.000  1368.275    0.0783
 2444866.000  1367.708    0.0783
 2444867.000  1367.711    0.0783
 2444868.000  1368.286    0.0782
 2444869.000  1368.557    0.0782
 2444870.000  1368.124    0.0782
 2444871.000  1368.107    0.0782
 2444872.000  1368.694    0.0782
 2444873.000  1368.802    0.0781
 2444874.000  1368.668    0.0781
 2444875.000  1369.081    0.0781
 2444876.000  1368.320    0.0781
 2444877.000  1368.041    0.0781
 2444878.000  1368.266    0.0780
 2444879.000  1368.618    0.0780
 2444880.000  1368.506    0.0780
 2444881.000  1368.768    0.0780
 2444882.000  1368.469    0.0780
 2444883.000  1368.531    0.0779
 2444884.000  1367.071    0.0779
 2444885.000  1367.949    0.0779
 2444886.000  1368.351    0.0779
 2444887.000  1368.139    0.0779
 2444888.000  1368.159    0.0778
 2444889.000  1367.550    0.0778
 2444890.000  1367.099    0.0778
 2444891.000  1366.646    0.0778
 2444892.000  1366.192    0.0778
 2444893.000  1366.280    0.0777
 2444894.000  1366.174    0.0777
 2444895.000  1366.148    0.0777
 2444896.000  1366.468    0.0777
 2444897.000  1366.809    0.0776
 2444898.000  1367.303    0.0776
 2444899.000  1367.949    0.0776
 2444900.000  1368.618    0.0776
 2444901.000  1368.665    0.0776
 2444902.000  1368.553    0.0775
 2444903.000  1368.636    0.0775
 2444904.000  1368.918    0.0775
 2444905.000  1368.796    0.0775
 2444906.000  1369.072    0.0775
 2444907.000  1368.804    0.0774
 2444908.000  1368.748    0.0774
 2444909.000  1368.529    0.0774
 2444910.000  1367.815    0.0774
 2444911.000  1367.509    0.0773
 2444912.000  1367.310    0.0773
 2444913.000  1367.167    0.0773
 2444914.000  1367.754    0.0773
 2444915.000  1368.188    0.0773
 2444916.000  1368.247    0.0772
 2444917.000  1368.468    0.0772
 2444918.000  1368.587    0.0772
 2444919.000  1367.599    0.0772
 2444920.000  1368.143    0.0772
 2444921.000  1367.835    0.0771
 2444922.000  1367.436    0.0771
 2444923.000  1368.124    0.0771
 2444924.000  1368.380    0.0771
 2444925.000  1368.623    0.0771
 2444926.000  1368.784    0.0770
 2444927.000  1368.122    0.0770
 2444928.000  1368.133    0.0770
 2444929.000  1368.314    0.0770
 2444930.000  1368.421    0.0770
 2444931.000  1368.238    0.0770
 2444932.000  1368.814    0.0769
 2444933.000  1369.253    0.0769
 2444934.000  1368.018    0.0769
 2444935.000  1368.366    0.0769
 2444936.000  1368.579    0.0769
 2444937.000  1368.568    0.0769
 2444938.000  1367.925    0.0769
 2444939.000  1368.147    0.0769
 2444940.000  1368.609    0.0768
 2444941.000  1368.602    0.0768
 2444942.000  1368.857    0.0768
 2444943.000    -9.000   -9.0000
 2444944.000    -9.000   -9.0000
 2444945.000  1368.550    0.0768
 2444946.000  1367.476    0.0768
 2444947.000  1367.246    0.0768
 2444948.000  1366.498    0.0768
 2444949.000  1366.849    0.0768
 2444950.000  1367.563    0.0768
 2444951.000  1367.846    0.0768
 2444952.000  1368.239    0.0768
 2444953.000  1368.480    0.0768
 2444954.000  1368.393    0.0768
 2444955.000  1368.358    0.0768
 2444956.000  1368.002    0.0768
 2444957.000  1368.423    0.0768
 2444958.000  1368.344    0.0768
 2444959.000  1368.223    0.0768
 2444960.000  1368.215    0.0768
 2444961.000  1368.600    0.0768
 2444962.000  1368.227    0.0768
 2444963.000  1367.957    0.0768
 2444964.000  1368.114    0.0768
 2444965.000  1368.046    0.0768
 2444966.000  1368.106    0.0768
 2444967.000  1368.410    0.0768
 2444968.000    -9.000   -9.0000
 2444969.000    -9.000   -9.0000
 2444970.000    -9.000   -9.0000
 2444971.000  1368.816    0.0769
 2444972.000  1368.530    0.0769
 2444973.000  1368.521    0.0769
 2444974.000  1368.789    0.0769
 2444975.000  1368.521    0.0769
 2444976.000  1368.705    0.0769
 2444977.000  1368.709    0.0770
 2444978.000  1368.275    0.0770
 2444979.000  1368.660    0.0770
 2444980.000  1368.143    0.0770
 2444981.000  1368.611    0.0771
 2444982.000  1368.700    0.0771
 2444983.000  1368.055    0.0771
 2444984.000  1368.356    0.0771
 2444985.000  1367.859    0.0772
 2444986.000  1367.906    0.0772
 2444987.000  1368.148    0.0772
 2444988.000  1368.177    0.0772
 2444989.000  1368.523    0.0773
 2444990.000  1368.774    0.0773
 2444991.000  1368.748    0.0773
 2444992.000  1368.673    0.0774
 2444993.000  1368.948    0.0774
 2444994.000  1368.571    0.0775
 2444995.000  1368.850    0.0775
 2444996.000  1368.798    0.0775
 2444997.000  1368.852    0.0776
 2444998.000  1368.346    0.0776
 2444999.000  1366.987    0.0777
 2445000.000  1366.730    0.0777
 2445001.000  1365.785    0.0778
 2445002.000  1366.794    0.0778
 2445003.000  1366.988    0.0779
 2445004.000  1367.582    0.0779
 2445005.000  1367.575    0.0780
 2445006.000  1368.002    0.0780
 2445007.000  1367.543    0.0781
 2445008.000  1366.994    0.0781
 2445009.000  1366.178    0.0782
 2445010.000  1366.409    0.0782
 2445011.000  1365.609    0.0783
 2445012.000  1365.941    0.0783
 2445013.000  1366.604    0.0784
 2445014.000  1366.877    0.0785
 2445015.000  1367.172    0.0785
 2445016.000  1367.417    0.0786
 2445017.000  1367.255    0.0787
 2445018.000  1366.635    0.0787
 2445019.000  1367.334    0.0788
 2445020.000  1366.917    0.0789
 2445021.000  1367.560    0.0789
 2445022.000  1367.728    0.0790
 2445023.000  1367.948    0.0791
 2445024.000  1368.283    0.0791
 2445025.000  1368.342    0.0792
 2445026.000  1368.411    0.0793
 2445027.000  1368.526    0.0794
 2445028.000  1368.228    0.0794
 2445029.000  1367.705    0.0795
 2445030.000  1367.153    0.0796
 2445031.000  1366.808    0.0797
 2445032.000  1367.742    0.0797
 2445033.000  1367.771    0.0798
 2445034.000  1367.645    0.0799
 2445035.000  1368.146    0.0800
 2445036.000  1368.291    0.0801
 2445037.000  1368.412    0.0801
 2445038.000  1368.286    0.0802
 2445039.000  1368.309    0.0803
 2445040.000  1368.096    0.0804
 2445041.000  1367.997    0.0804
 2445042.000  1367.952    0.0805
 2445043.000  1367.772    0.0806
 2445044.000  1365.475    0.0807
 2445045.000  1364.543    0.0808
 2445046.000  1365.046    0.0808
 2445047.000  1364.910    0.0809
 2445048.000  1366.002    0.0810
 2445049.000  1366.768    0.0811
 2445050.000  1367.172    0.0812
 2445051.000  1367.516    0.0812
 2445052.000  1367.369    0.0813
 2445053.000  1366.882    0.0814
 2445054.000  1367.040    0.0815
 2445055.000  1366.926    0.0816
 2445056.000  1366.855    0.0816
 2445057.000  1366.819    0.0817
 2445058.000  1367.474    0.0818
 2445059.000  1367.640    0.0819
 2445060.000  1367.616    0.0820
 2445061.000  1368.362    0.0820
 2445062.000  1368.444    0.0821
 2445063.000  1368.648    0.0822
 2445064.000  1368.334    0.0823
 2445065.000  1368.118    0.0823
 2445066.000  1368.102    0.0824
 2445067.000  1368.306    0.0825
 2445068.000  1368.565    0.0826
 2445069.000  1368.104    0.0827
 2445070.000  1367.898    0.0827
 2445071.000  1367.548    0.0828
 2445072.000  1367.539    0.0829
 2445073.000  1367.461    0.0830
 2445074.000  1367.352    0.0831
 2445075.000  1367.938    0.0831
 2445076.000  1367.884    0.0832
 2445077.000  1367.821    0.0833
 2445078.000  1368.090    0.0834
 2445079.000  1367.630    0.0834
 2445080.000  1367.552    0.0835
 2445081.000  1367.771    0.0836
 2445082.000  1368.038    0.0837
 2445083.000  1367.323    0.0837
 2445084.000  1367.303    0.0838
 2445085.000  1367.221    0.0839
 2445086.000  1367.568    0.0840
 2445087.000  1367.975    0.0840
 2445088.000  1368.762    0.0841
 2445089.000  1368.625    0.0842
 2445090.000  1368.214    0.0843
 2445091.000  1367.973    0.0843
 2445092.000  1368.042    0.0844
 2445093.000  1367.850    0.0845
 2445094.000  1367.882    0.0845
 2445095.000  1367.607    0.0846
 2445096.000  1367.624    0.0847
 2445097.000  1367.447    0.0848
 2445098.000  1367.577    0.0848
 2445099.000  1367.963    0.0849
 2445100.000  1367.391    0.0850
 2445101.000  1368.115    0.0850
 2445102.000  1368.243    0.0851
 2445103.000  1368.069    0.0852
 2445104.000  1367.720    0.0852
 2445105.000  1367.641    0.0853
 2445106.000  1367.621    0.0853
 2445107.000  1367.547    0.0854
 2445108.000  1367.503    0.0855
 2445109.000  1367.772    0.0855
 2445110.000  1367.879    0.0856
 2445111.000  1367.783    0.0857
 2445112.000  1367.691    0.0857
 2445113.000  1368.264    0.0858
 2445114.000  1368.157    0.0858
 2445115.000  1368.484    0.0859
 2445116.000  1368.002    0.0860
 2445117.000  1368.033    0.0860
 2445118.000  1368.069    0.0861
 2445119.000  1367.682    0.0861
 2445120.000  1368.009    0.0862
 2445121.000  1367.810    0.0862
 2445122.000  1368.457    0.0863
 2445123.000  1368.062    0.0863
 2445124.000  1367.668    0.0864
 2445125.000  1368.061    0.0864
 2445126.000  1367.691    0.0865
 2445127.000  1366.785    0.0865
 2445128.000  1366.680    0.0866
 2445129.000  1366.162    0.0866
 2445130.000  1366.679    0.0867
 2445131.000  1366.762    0.0867
 2445132.000  1367.084    0.0868
 2445133.000  1367.236    0.0868
 2445134.000  1366.808    0.0869
 2445135.000  1366.521    0.0869
 2445136.000  1366.283    0.0870
 2445137.000  1366.326    0.0870
 2445138.000  1365.602    0.0871
 2445139.000  1365.534    0.0871
 2445140.000  1366.328    0.0871
 2445141.000  1365.987    0.0872
 2445142.000  1366.611    0.0872
 2445143.000  1366.821    0.0873
 2445144.000  1367.361    0.0873
 2445145.000  1367.449    0.0873
 2445146.000  1367.724    0.0874
 2445147.000  1368.228    0.0874
 2445148.000  1369.126    0.0874
 2445149.000  1367.715    0.0875
 2445150.000  1367.356    0.0875
 2445151.000  1367.975    0.0875
 2445152.000  1367.835    0.0875
 2445153.000  1368.272    0.0876
 2445154.000  1368.884    0.0876
 2445155.000  1368.306    0.0876
 2445156.000  1367.907    0.0877
 2445157.000  1368.290    0.0877
 2445158.000  1368.359    0.0877
 2445159.000  1367.276    0.0877
 2445160.000  1367.964    0.0877
 2445161.000  1367.690    0.0878
 2445162.000  1367.264    0.0878
 2445163.000  1366.874    0.0878
 2445164.000  1366.669    0.0878
 2445165.000  1366.147    0.0878
 2445166.000  1366.480    0.0879
 2445167.000  1366.100    0.0879
 2445168.000  1366.465    0.0879
 2445169.000  1367.352    0.0879
 2445170.000  1368.402    0.0879
 2445171.000  1368.867    0.0879
 2445172.000  1368.449    0.0879
 2445173.000  1368.652    0.0879
 2445174.000  1368.400    0.0879
 2445175.000  1367.919    0.0879
 2445176.000  1367.831    0.0880
 2445177.000  1367.848    0.0880
 2445178.000  1367.933    0.0880
 2445179.000  1367.518    0.0880
 2445180.000  1367.652    0.0880
 2445181.000  1367.649    0.0880
 2445182.000  1368.017    0.0880
 2445183.000  1368.420    0.0880
 2445184.000  1368.016    0.0880
 2445185.000  1367.829    0.0880
 2445186.000  1367.608    0.0880
 2445187.000  1367.314    0.0880
 2445188.000  1367.519    0.0880
 2445189.000  1367.319    0.0880
 2445190.000  1367.151    0.0880
 2445191.000  1367.523    0.0880
 2445192.000  1367.521    0.0880
 2445193.000  1367.912    0.0880
 2445194.000  1368.182    0.0880
 2445195.000  1368.209    0.0880
 2445196.000  1368.175    0.0880
 2445197.000  1367.684    0.0880
 2445198.000  1367.502    0.0880
 2445199.000  1368.206    0.0880
 2445200.000  1367.236    0.0880
 2445201.000  1367.522    0.0880
 2445202.000  1366.962    0.0879
 2445203.000  1367.512    0.0879
 2445204.000  1366.995    0.0879
 2445205.000  1367.175    0.0879
 2445206.000  1367.076    0.0879
 2445207.000  1366.924    0.0879
 2445208.000  1366.711    0.0879
 2445209.000  1367.022    0.0879
 2445210.000  1367.343    0.0879
 2445211.000  1367.436    0.0878
 2445212.000  1367.883    0.0878
 2445213.000  1368.013    0.0878
 2445214.000  1368.327    0.0878
 2445215.000  1368.117    0.0878
 2445216.000  1367.873    0.0878
 2445217.000  1368.039    0.0878
 2445218.000  1368.013    0.0877
 2445219.000  1368.589    0.0877
 2445220.000  1368.478    0.0877
 2445221.000  1368.415    0.0877
 2445222.000  1368.445    0.0877
 2445223.000    -9.000   -9.0000
 2445224.000  1368.395    0.0876
 2445225.000  1368.100    0.0876
 2445226.000  1368.176    0.0876
 2445227.000  1367.818    0.0876
 2445228.000    -9.000   -9.0000
 2445229.000  1367.443    0.0875
 2445230.000  1367.851    0.0875
 2445231.000  1367.121    0.0875
 2445232.000  1367.761    0.0874
 2445233.000  1367.012    0.0874
 2445234.000  1367.998    0.0874
 2445235.000  1367.977    0.0874
 2445236.000  1368.460    0.0873
 2445237.000  1367.638    0.0873
 2445238.000  1367.902    0.0873
 2445239.000  1368.391    0.0873
 2445240.000  1367.753    0.0872
 2445241.000  1367.292    0.0872
 2445242.000  1367.369    0.0872
 2445243.000  1367.535    0.0871
 2445244.000  1367.438    0.0871
 2445245.000  1367.780    0.0871
 2445246.000  1368.313    0.0870
 2445247.000  1368.838    0.0870
 2445248.000  1368.919    0.0870
 2445249.000  1368.588    0.0869
 2445250.000  1368.459    0.0869
 2445251.000  1368.213    0.0869
 2445252.000  1368.065    0.0868
 2445253.000  1368.217    0.0868
 2445254.000  1368.213    0.0868
 2445255.000  1368.153    0.0867
 2445256.000  1367.703    0.0867
 2445257.000  1367.737    0.0867
 2445258.000  1367.730    0.0866
 2445259.000  1367.589    0.0866
 2445260.000  1367.814    0.0865
 2445261.000  1367.721    0.0865
 2445262.000  1367.665    0.0864
 2445263.000  1368.123    0.0864
 2445264.000  1368.050    0.0864
 2445265.000  1368.041    0.0863
 2445266.000  1368.551    0.0863
 2445267.000  1367.925    0.0862
 2445268.000  1367.983    0.0862
 2445269.000  1368.021    0.0861
 2445270.000  1367.914    0.0861
 2445271.000  1368.719    0.0860
 2445272.000  1368.635    0.0860
 2445273.000  1368.548    0.0859
 2445274.000  1368.043    0.0859
 2445275.000  1368.817    0.0858
 2445276.000  1369.350    0.0858
 2445277.000  1368.439    0.0857
 2445278.000  1368.846    0.0857
 2445279.000  1368.468    0.0856
 2445280.000  1367.769    0.0856
 2445281.000  1368.394    0.0855
 2445282.000  1368.533    0.0855
 2445283.000  1368.237    0.0854
 2445284.000  1368.379    0.0853
 2445285.000  1367.744    0.0853
 2445286.000  1367.342    0.0852
 2445287.000  1366.984    0.0852
 2445288.000    -9.000   -9.0000
 2445289.000    -9.000   -9.0000
 2445290.000  1367.734    0.0850
 2445291.000  1367.499    0.0849
 2445292.000  1368.073    0.0849
 2445293.000  1367.469    0.0848
 2445294.000  1367.719    0.0847
 2445295.000  1368.488    0.0847
 2445296.000  1367.048    0.0846
 2445297.000  1367.075    0.0845
 2445298.000  1367.344    0.0845
 2445299.000  1368.075    0.0844
 2445300.000  1368.157    0.0843
 2445301.000  1368.341    0.0843
 2445302.000  1368.011    0.0842
 2445303.000  1367.624    0.0841
 2445304.000  1367.121    0.0840
 2445305.000  1367.818    0.0840
 2445306.000  1367.376    0.0839
 2445307.000  1367.352    0.0838
 2445308.000  1367.307    0.0837
 2445309.000  1367.175    0.0837
 2445310.000  1367.609    0.0836
 2445311.000    -9.000   -9.0000
 2445312.000  1368.221    0.0834
 2445313.000  1367.840    0.0834
 2445314.000  1367.935    0.0833
 2445315.000  1367.633    0.0832
 2445316.000  1367.531    0.0831
 2445317.000  1367.057    0.0830
 2445318.000  1366.766    0.0830
 2445319.000  1367.323    0.0829
 2445320.000  1367.426    0.0828
 2445321.000  1368.534    0.0827
 2445322.000  1368.928    0.0826
 2445323.000  1368.453    0.0825
 2445324.000  1368.551    0.0824
 2445325.000  1368.245    0.0824
 2445326.000  1368.042    0.0823
 2445327.000  1367.921    0.0822
 2445328.000    -9.000   -9.0000
 2445329.000  1368.113    0.0820
 2445330.000    -9.000   -9.0000
 2445331.000    -9.000   -9.0000
 2445332.000  1367.472    0.0817
 2445333.000  1367.955    0.0816
 2445334.000    -9.000   -9.0000
 2445335.000  1367.842    0.0814
 2445336.000    -9.000   -9.0000
 2445337.000  1368.803    0.0812
 2445338.000  1367.794    0.0811
 2445339.000  1367.707    0.0810
 2445340.000  1367.404    0.0809
 2445341.000  1368.578    0.0808
 2445342.000  1368.231    0.0807
 2445343.000  1367.153    0.0806
 2445344.000  1367.889    0.0805
 2445345.000  1368.542    0.0804
 2445346.000  1367.530    0.0803
 2445347.000  1367.860    0.0802
 2445348.000  1368.619    0.0801
 2445349.000  1368.195    0.0800
 2445350.000  1367.476    0.0799
 2445351.000  1367.321    0.0798
 2445352.000  1367.675    0.0797
 2445353.000  1367.021    0.0796
 2445354.000  1367.267    0.0795
 2445355.000  1367.259    0.0794
 2445356.000  1367.227    0.0793
 2445357.000  1367.865    0.0792
 2445358.000  1367.407    0.0790
 2445359.000  1368.186    0.0789
 2445360.000  1368.360    0.0788
 2445361.000  1368.159    0.0787
 2445362.000  1367.831    0.0786
 2445363.000  1367.773    0.0785
 2445364.000  1367.907    0.0784
 2445365.000  1367.736    0.0783
 2445366.000  1367.893    0.0782
 2445367.000  1367.967    0.0780
 2445368.000  1368.082    0.0779
 2445369.000  1368.034    0.0778
 2445370.000  1368.255    0.0777
 2445371.000  1367.471    0.0776
 2445372.000  1367.478    0.0775
 2445373.000  1366.892    0.0773
 2445374.000  1367.479    0.0772
 2445375.000  1368.176    0.0771
 2445376.000  1368.400    0.0770
 2445377.000  1368.515    0.0769
 2445378.000  1368.351    0.0768
 2445379.000  1368.780    0.0766
 2445380.000  1368.056    0.0765
 2445381.000  1368.211    0.0764
 2445382.000  1367.932    0.0763
 2445383.000  1367.370    0.0761
 2445384.000  1366.983    0.0760
 2445385.000  1366.297    0.0759
 2445386.000  1368.004    0.0758
 2445387.000  1366.370    0.0757
 2445388.000  1368.304    0.0755
 2445389.000  1368.135    0.0754
 2445390.000  1367.991    0.0753
 2445391.000  1367.877    0.0752
 2445392.000  1367.194    0.0750
 2445393.000  1367.374    0.0749
 2445394.000  1367.535    0.0748
 2445395.000  1368.020    0.0747
 2445396.000  1367.327    0.0745
 2445397.000  1367.920    0.0744
 2445398.000  1366.638    0.0743
 2445399.000  1367.047    0.0742
 2445400.000  1367.136    0.0740
 2445401.000  1367.568    0.0739
 2445402.000  1366.043    0.0738
 2445403.000  1367.700    0.0737
 2445404.000  1367.964    0.0735
 2445405.000  1367.867    0.0734
 2445406.000  1367.743    0.0733
 2445407.000  1367.620    0.0731
 2445408.000  1367.229    0.0730
 2445409.000  1366.511    0.0729
 2445410.000    -9.000   -9.0000
 2445411.000  1367.989    0.0726
 2445412.000  1367.576    0.0725
 2445413.000  1367.645    0.0724
 2445414.000  1367.643    0.0722
 2445415.000  1367.362    0.0721
 2445416.000  1367.334    0.0720
 2445417.000  1368.408    0.0718
 2445418.000  1368.121    0.0717
 2445419.000  1368.582    0.0716
 2445420.000  1368.257    0.0715
 2445421.000  1367.179    0.0713
 2445422.000  1368.015    0.0712
 2445423.000  1367.546    0.0711
 2445424.000  1366.762    0.0709
 2445425.000  1367.602    0.0708
 2445426.000  1367.578    0.0707
 2445427.000  1366.939    0.0706
 2445428.000  1366.499    0.0704
 2445429.000  1367.446    0.0703
 2445430.000  1367.915    0.0702
 2445431.000  1368.172    0.0700
 2445432.000  1366.999    0.0699
 2445433.000  1367.054    0.0698
 2445434.000  1367.306    0.0697
 2445435.000  1367.632    0.0695
 2445436.000  1367.310    0.0694
 2445437.000  1367.623    0.0693
 2445438.000  1367.102    0.0692
 2445439.000  1368.179    0.0690
 2445440.000  1367.784    0.0689
 2445441.000  1367.524    0.0688
 2445442.000  1366.948    0.0687
 2445443.000  1367.338    0.0686
 2445444.000  1367.738    0.0684
 2445445.000  1367.693    0.0683
 2445446.000  1367.917    0.0682
 2445447.000  1367.454    0.0681
 2445448.000  1367.992    0.0680
 2445449.000  1367.744    0.0679
 2445450.000  1367.160    0.0677
 2445451.000  1367.516    0.0676
 2445452.000  1367.612    0.0675
 2445453.000  1367.531    0.0674
 2445454.000  1367.523    0.0673
 2445455.000    -9.000   -9.0000
 2445456.000  1367.181    0.0671
 2445457.000  1367.992    0.0670
 2445458.000  1367.748    0.0669
 2445459.000  1367.997    0.0667
 2445460.000  1368.074    0.0666
 2445461.000  1367.619    0.0665
 2445462.000  1367.603    0.0664
 2445463.000  1367.866    0.0663
 2445464.000  1367.113    0.0662
 2445465.000  1367.075    0.0661
 2445466.000  1366.821    0.0660
 2445467.000  1366.204    0.0659
 2445468.000  1366.729    0.0658
 2445469.000  1366.841    0.0657
 2445470.000  1367.098    0.0656
 2445471.000  1367.042    0.0655
 2445472.000  1367.650    0.0654
 2445473.000  1368.779    0.0654
 2445474.000  1367.256    0.0653
 2445475.000  1367.919    0.0652
 2445476.000  1366.769    0.0651
 2445477.000  1366.617    0.0650
 2445478.000  1367.023    0.0649
 2445479.000  1367.567    0.0648
 2445480.000  1367.448    0.0647
 2445481.000  1367.851    0.0647
 2445482.000  1367.725    0.0646
 2445483.000  1368.147    0.0645
 2445484.000  1368.421    0.0644
 2445485.000  1368.450    0.0643
 2445486.000  1368.348    0.0643
 2445487.000  1367.618    0.0642
 2445488.000  1367.635    0.0641
 2445489.000  1367.078    0.0641
 2445490.000  1366.914    0.0640
 2445491.000  1366.506    0.0639
 2445492.000  1366.347    0.0638
 2445493.000  1366.590    0.0638
 2445494.000  1366.409    0.0637
 2445495.000  1366.644    0.0637
 2445496.000  1367.183    0.0636
 2445497.000  1366.997    0.0635
 2445498.000    -9.000   -9.0000
 2445499.000  1366.918    0.0634
 2445500.000  1368.094    0.0634
 2445501.000  1367.813    0.0633
 2445502.000  1367.906    0.0632
 2445503.000  1368.033    0.0632
 2445504.000  1367.520    0.0631
 2445505.000  1367.511    0.0631
 2445506.000  1368.184    0.0630
 2445507.000  1367.892    0.0630
 2445508.000    -9.000   -9.0000
 2445509.000  1367.750    0.0629
 2445510.000    -9.000   -9.0000
 2445511.000  1367.753    0.0628
 2445512.000  1367.955    0.0628
 2445513.000  1368.180    0.0627
 2445514.000  1367.613    0.0627
 2445515.000  1367.493    0.0627
 2445516.000  1367.411    0.0626
 2445517.000  1367.069    0.0626
 2445518.000  1367.447    0.0625
 2445519.000  1367.150    0.0625
 2445520.000  1367.811    0.0625
 2445521.000  1367.793    0.0624
 2445522.000  1367.787    0.0624
 2445523.000  1367.815    0.0624
 2445524.000  1367.505    0.0624
 2445525.000  1366.944    0.0623
 2445526.000  1367.844    0.0623
 2445527.000  1367.435    0.0623
 2445528.000  1367.463    0.0623
 2445529.000  1367.621    0.0622
 2445530.000  1367.523    0.0622
 2445531.000  1367.490    0.0622
 2445532.000  1367.639    0.0622
 2445533.000  1366.668    0.0622
 2445534.000  1368.138    0.0621
 2445535.000  1368.105    0.0621
 2445536.000  1368.220    0.0621
 2445537.000  1367.864    0.0621
 2445538.000  1367.597    0.0621
 2445539.000  1367.716    0.0621
 2445540.000  1367.855    0.0621
 2445541.000  1367.565    0.0621
 2445542.000  1367.674    0.0621
 2445543.000  1368.065    0.0621
 2445544.000  1367.609    0.0621
 2445545.000  1367.657    0.0620
 2445546.000  1367.607    0.0620
 2445547.000  1367.247    0.0620
 2445548.000  1367.269    0.0620
 2445549.000  1367.122    0.0621
 2445550.000  1366.647    0.0621
 2445551.000  1367.181    0.0621
 2445552.000  1367.708    0.0621
 2445553.000  1367.741    0.0621
 2445554.000  1367.791    0.0621
 2445555.000  1368.175    0.0621
 2445556.000  1367.962    0.0621
 2445557.000  1367.029    0.0621
 2445558.000  1367.775    0.0621
 2445559.000  1367.436    0.0621
 2445560.000  1367.537    0.0622
 2445561.000  1367.767    0.0622
 2445562.000  1367.970    0.0622
 2445563.000  1367.150    0.0622
 2445564.000  1368.292    0.0622
 2445565.000  1368.153    0.0623
 2445566.000  1368.041    0.0623
 2445567.000    -9.000   -9.0000
 2445568.000  1367.620    0.0623
 2445569.000  1367.813    0.0624
 2445570.000  1367.415    0.0624
 2445571.000  1368.223    0.0624
 2445572.000  1367.844    0.0625
 2445573.000  1367.377    0.0625
 2445574.000  1367.841    0.0625
 2445575.000  1367.678    0.0626
 2445576.000  1367.574    0.0626
 2445577.000  1367.682    0.0626
 2445578.000  1367.546    0.0627
 2445579.000  1367.890    0.0627
 2445580.000  1367.635    0.0628
 2445581.000  1367.855    0.0628
 2445582.000  1367.675    0.0628
 2445583.000  1367.758    0.0629
 2445584.000  1367.169    0.0629
 2445585.000    -9.000   -9.0000
 2445586.000  1367.779    0.0630
 2445587.000  1367.739    0.0631
 2445588.000  1367.818    0.0631
 2445589.000  1368.207    0.0632
 2445590.000  1368.160    0.0632
 2445591.000  1367.608    0.0632
 2445592.000  1367.762    0.0633
 2445593.000  1367.718    0.0633
 2445594.000  1367.437    0.0634
 2445595.000  1367.697    0.0634
 2445596.000  1367.611    0.0635
 2445597.000  1366.803    0.0635
 2445598.000  1367.821    0.0636
 2445599.000  1367.985    0.0636
 2445600.000  1368.057    0.0637
 2445601.000    -9.000   -9.0000
 2445602.000    -9.000   -9.0000
 2445603.000    -9.000   -9.0000
 2445604.000    -9.000   -9.0000
 2445605.000    -9.000   -9.0000
 2445606.000    -9.000   -9.0000
 2445607.000    -9.000   -9.0000
 2445608.000    -9.000   -9.0000
 2445609.000    -9.000   -9.0000
 2445610.000    -9.000   -9.0000
 2445611.000  1367.584    0.0643
 2445612.000  1367.865    0.0643
 2445613.000  1367.756    0.0644
 2445614.000  1367.213    0.0645
 2445615.000  1367.348    0.0645
 2445616.000  1366.653    0.0646
 2445617.000  1367.652    0.0646
 2445618.000  1367.639    0.0647
 2445619.000  1367.716    0.0647
 2445620.000  1367.891    0.0648
 2445621.000  1367.876    0.0649
 2445622.000  1368.069    0.0649
 2445623.000    -9.000   -9.0000
 2445624.000    -9.000   -9.0000
 2445625.000  1367.886    0.0651
 2445626.000  1367.314    0.0652
 2445627.000  1366.970    0.0652
 2445628.000  1367.545    0.0653
 2445629.000  1367.232    0.0653
 2445630.000  1367.830    0.0654
 2445631.000  1367.581    0.0655
 2445632.000  1367.016    0.0655
 2445633.000  1367.246    0.0656
 2445634.000  1366.997    0.0657
 2445635.000  1367.658    0.0657
 2445636.000  1367.378    0.0658
 2445637.000  1367.067    0.0658
 2445638.000  1367.515    0.0659
 2445639.000  1367.842    0.0660
 2445640.000    -9.000   -9.0000
 2445641.000  1366.984    0.0661
 2445642.000  1368.020    0.0661
 2445643.000    -9.000   -9.0000
 2445644.000    -9.000   -9.0000
 2445645.000    -9.000   -9.0000
 2445646.000    -9.000   -9.0000
 2445647.000    -9.000   -9.0000
 2445648.000    -9.000   -9.0000
 2445649.000    -9.000   -9.0000
 2445650.000    -9.000   -9.0000
 2445651.000    -9.000   -9.0000
 2445652.000    -9.000   -9.0000
 2445653.000    -9.000   -9.0000
 2445654.000    -9.000   -9.0000
 2445655.000    -9.000   -9.0000
 2445656.000    -9.000   -9.0000
 2445657.000    -9.000   -9.0000
 2445658.000    -9.000   -9.0000
 2445659.000    -9.000   -9.0000
 2445660.000    -9.000   -9.0000
 2445661.000    -9.000   -9.0000
 2445662.000    -9.000   -9.0000
 2445663.000    -9.000   -9.0000
 2445664.000    -9.000   -9.0000
 2445665.000    -9.000   -9.0000
 2445666.000    -9.000   -9.0000
 2445667.000    -9.000   -9.0000
 2445668.000    -9.000   -9.0000
 2445669.000    -9.000   -9.0000
 2445670.000    -9.000   -9.0000
 2445671.000    -9.000   -9.0000
 2445672.000    -9.000   -9.0000
 2445673.000  1367.695    0.0680
 2445674.000    -9.000   -9.0000
 2445675.000    -9.000   -9.0000
 2445676.000    -9.000   -9.0000
 2445677.000    -9.000   -9.0000
 2445678.000    -9.000   -9.0000
 2445679.000    -9.000   -9.0000
 2445680.000    -9.000   -9.0000
 2445681.000    -9.000   -9.0000
 2445682.000    -9.000   -9.0000
 2445683.000    -9.000   -9.0000
 2445684.000    -9.000   -9.0000
 2445685.000    -9.000   -9.0000
 2445686.000    -9.000   -9.0000
 2445687.000    -9.000   -9.0000
 2445688.000    -9.000   -9.0000
 2445689.000  1367.841    0.0689
 2445690.000  1368.386    0.0690
 2445691.000    -9.000   -9.0000
 2445692.000    -9.000   -9.0000
 2445693.000    -9.000   -9.0000
 2445694.000  1367.948    0.0692
 2445695.000    -9.000   -9.0000
 2445696.000    -9.000   -9.0000
 2445697.000    -9.000   -9.0000
 2445698.000    -9.000   -9.0000
 2445699.000    -9.000   -9.0000
 2445700.000    -9.000   -9.0000
 2445701.000    -9.000   -9.0000
 2445702.000    -9.000   -9.0000
 2445703.000    -9.000   -9.0000
 2445704.000    -9.000   -9.0000
 2445705.000    -9.000   -9.0000
 2445706.000    -9.000   -9.0000
 2445707.000    -9.000   -9.0000
 2445708.000    -9.000   -9.0000
 2445709.000    -9.000   -9.0000
 2445710.000    -9.000   -9.0000
 2445711.000    -9.000   -9.0000
 2445712.000    -9.000   -9.0000
 2445713.000    -9.000   -9.0000
 2445714.000  1366.725    0.0701
 2445715.000    -9.000   -9.0000
 2445716.000  1366.830    0.0701
 2445717.000    -9.000   -9.0000
 2445718.000    -9.000   -9.0000
 2445719.000    -9.000   -9.0000
 2445720.000    -9.000   -9.0000
 2445721.000    -9.000   -9.0000
 2445722.000    -9.000   -9.0000
 2445723.000    -9.000   -9.0000
 2445724.000  1365.752    0.0704
 2445725.000  1365.824    0.0704
 2445726.000    -9.000   -9.0000
 2445727.000    -9.000   -9.0000
 2445728.000    -9.000   -9.0000
 2445729.000    -9.000   -9.0000
 2445730.000    -9.000   -9.0000
 2445731.000    -9.000   -9.0000
 2445732.000    -9.000   -9.0000
 2445733.000    -9.000   -9.0000
 2445734.000    -9.000   -9.0000
 2445735.000    -9.000   -9.0000
 2445736.000    -9.000   -9.0000
 2445737.000    -9.000   -9.0000
 2445738.000    -9.000   -9.0000
 2445739.000    -9.000   -9.0000
 2445740.000    -9.000   -9.0000
 2445741.000    -9.000   -9.0000
 2445742.000    -9.000   -9.0000
 2445743.000    -9.000   -9.0000
 2445744.000    -9.000   -9.0000
 2445745.000    -9.000   -9.0000
 2445746.000    -9.000   -9.0000
 2445747.000    -9.000   -9.0000
 2445748.000    -9.000   -9.0000
 2445749.000  1367.460    0.0709
 2445750.000    -9.000   -9.0000
 2445751.000  1367.186    0.0710
 2445752.000    -9.000   -9.0000
 2445753.000    -9.000   -9.0000
 2445754.000    -9.000   -9.0000
 2445755.000    -9.000   -9.0000
 2445756.000    -9.000   -9.0000
 2445757.000    -9.000   -9.0000
 2445758.000    -9.000   -9.0000
 2445759.000    -9.000   -9.0000
 2445760.000    -9.000   -9.0000
 2445761.000    -9.000   -9.0000
 2445762.000    -9.000   -9.0000
 2445763.000    -9.000   -9.0000
 2445764.000    -9.000   -9.0000
 2445765.000    -9.000   -9.0000
 2445766.000    -9.000   -9.0000
 2445767.000    -9.000   -9.0000
 2445768.000    -9.000   -9.0000
 2445769.000    -9.000   -9.0000
 2445770.000    -9.000   -9.0000
 2445771.000    -9.000   -9.0000
 2445772.000    -9.000   -9.0000
 2445773.000    -9.000   -9.0000
 2445774.000    -9.000   -9.0000
 2445775.000    -9.000   -9.0000
 2445776.000    -9.000   -9.0000
 2445777.000    -9.000   -9.0000
 2445778.000    -9.000   -9.0000
 2445779.000    -9.000   -9.0000
 2445780.000    -9.000   -9.0000
 2445781.000    -9.000   -9.0000
 2445782.000    -9.000   -9.0000
 2445783.000    -9.000   -9.0000
 2445784.000    -9.000   -9.0000
 2445785.000    -9.000   -9.0000
 2445786.000    -9.000   -9.0000
 2445787.000    -9.000   -9.0000
 2445788.000    -9.000   -9.0000
 2445789.000    -9.000   -9.0000
 2445790.000    -9.000   -9.0000
 2445791.000    -9.000   -9.0000
 2445792.000    -9.000   -9.0000
 2445793.000    -9.000   -9.0000
 2445794.000    -9.000   -9.0000
 2445795.000    -9.000   -9.0000
 2445796.000    -9.000   -9.0000
 2445797.000    -9.000   -9.0000
 2445798.000    -9.000   -9.0000
 2445799.000    -9.000   -9.0000
 2445800.000    -9.000   -9.0000
 2445801.000    -9.000   -9.0000
 2445802.000    -9.000   -9.0000
 2445803.000    -9.000   -9.0000
 2445804.000    -9.000   -9.0000
 2445805.000    -9.000   -9.0000
 2445806.000    -9.000   -9.0000
 2445807.000    -9.000   -9.0000
 2445808.000    -9.000   -9.0000
 2445809.000    -9.000   -9.0000
 2445810.000    -9.000   -9.0000
 2445811.000    -9.000   -9.0000
 2445812.000    -9.000   -9.0000
 2445813.000    -9.000   -9.0000
 2445814.000    -9.000   -9.0000
 2445815.000    -9.000   -9.0000
 2445816.000    -9.000   -9.0000
 2445817.000  1364.751    0.0714
 2445818.000    -9.000   -9.0000
 2445819.000    -9.000   -9.0000
 2445820.000    -9.000   -9.0000
 2445821.000    -9.000   -9.0000
 2445822.000  1366.099    0.0714
 2445823.000    -9.000   -9.0000
 2445824.000  1367.113    0.0714
 2445825.000  1367.362    0.0714
 2445826.000  1367.396    0.0714
 2445827.000  1367.377    0.0714
 2445828.000  1367.176    0.0714
 2445829.000  1366.840    0.0714
 2445830.000  1366.420    0.0714
 2445831.000  1366.048    0.0714
 2445832.000  1365.863    0.0714
 2445833.000  1365.950    0.0714
 2445834.000    -9.000   -9.0000
 2445835.000  1366.520    0.0713
 2445836.000    -9.000   -9.0000
 2445837.000  1367.391    0.0713
 2445838.000  1367.517    0.0713
 2445839.000  1367.663    0.0713
 2445840.000  1367.628    0.0713
 2445841.000  1367.590    0.0713
 2445842.000  1367.464    0.0713
 2445843.000  1367.306    0.0713
 2445844.000  1367.130    0.0713
 2445845.000  1367.014    0.0712
 2445846.000  1367.051    0.0712
 2445847.000  1367.245    0.0712
 2445848.000  1367.498    0.0712
 2445849.000  1367.643    0.0712
 2445850.000  1367.544    0.0712
 2445851.000  1367.406    0.0712
 2445852.000  1367.118    0.0712
 2445853.000  1367.096    0.0712
 2445854.000  1367.348    0.0711
 2445855.000  1367.449    0.0711
 2445856.000  1367.591    0.0711
 2445857.000  1367.642    0.0711
 2445858.000  1367.643    0.0711
 2445859.000  1367.558    0.0711
 2445860.000  1367.555    0.0711
 2445861.000  1367.571    0.0711
 2445862.000  1367.678    0.0710
 2445863.000  1367.715    0.0710
 2445864.000  1367.730    0.0710
 2445865.000  1367.620    0.0710
 2445866.000  1367.513    0.0710
 2445867.000  1367.355    0.0710
 2445868.000  1367.382    0.0710
 2445869.000  1367.425    0.0709
 2445870.000  1367.359    0.0709
 2445871.000  1367.175    0.0709
 2445872.000  1367.145    0.0709
 2445873.000  1367.248    0.0709
 2445874.000  1367.253    0.0709
 2445875.000  1367.204    0.0709
 2445876.000  1367.200    0.0708
 2445877.000    -9.000   -9.0000
 2445878.000    -9.000   -9.0000
 2445879.000  1367.099    0.0708
 2445880.000  1367.169    0.0708
 2445881.000  1367.280    0.0708
 2445882.000  1367.345    0.0707
 2445883.000  1367.378    0.0707
 2445884.000  1367.497    0.0707
 2445885.000  1367.435    0.0707
 2445886.000  1367.534    0.0707
 2445887.000  1367.583    0.0707
 2445888.000  1367.583    0.0706
 2445889.000  1367.559    0.0706
 2445890.000  1367.540    0.0706
 2445891.000  1367.507    0.0706
 2445892.000  1367.420    0.0706
 2445893.000  1367.389    0.0706
 2445894.000  1367.460    0.0705
 2445895.000  1367.554    0.0705
 2445896.000  1367.538    0.0705
 2445897.000  1367.525    0.0705
 2445898.000  1367.468    0.0705
 2445899.000  1367.432    0.0704
 2445900.000  1367.387    0.0704
 2445901.000  1367.377    0.0704
 2445902.000  1367.370    0.0704
 2445903.000  1367.308    0.0704
 2445904.000  1367.289    0.0704
 2445905.000  1367.274    0.0703
 2445906.000  1367.274    0.0703
 2445907.000  1367.301    0.0703
 2445908.000  1367.301    0.0703
 2445909.000  1367.290    0.0703
 2445910.000  1367.306    0.0702
 2445911.000  1367.345    0.0702
 2445912.000  1367.423    0.0702
 2445913.000  1367.476    0.0702
 2445914.000  1367.496    0.0702
 2445915.000  1367.538    0.0702
 2445916.000  1367.506    0.0701
 2445917.000  1367.536    0.0701
 2445918.000  1367.557    0.0701
 2445919.000  1367.591    0.0701
 2445920.000  1367.492    0.0701
 2445921.000  1367.403    0.0701
 2445922.000  1367.322    0.0700
 2445923.000  1367.309    0.0700
 2445924.000  1367.390    0.0700
 2445925.000  1367.459    0.0700
 2445926.000  1367.516    0.0700
 2445927.000  1367.483    0.0700
 2445928.000  1367.385    0.0699
 2445929.000  1367.287    0.0699
 2445930.000  1367.234    0.0699
 2445931.000  1367.181    0.0699
 2445932.000  1367.128    0.0699
 2445933.000  1367.113    0.0699
 2445934.000  1367.139    0.0699
 2445935.000  1367.153    0.0698
 2445936.000  1367.127    0.0698
 2445937.000  1367.144    0.0698
 2445938.000  1367.097    0.0698
 2445939.000  1367.156    0.0698
 2445940.000  1367.207    0.0698
 2445941.000  1367.166    0.0698
 2445942.000  1367.105    0.0697
 2445943.000    -9.000   -9.0000
 2445944.000    -9.000   -9.0000
 2445945.000    -9.000   -9.0000
 2445946.000    -9.000   -9.0000
 2445947.000    -9.000   -9.0000
 2445948.000    -9.000   -9.0000
 2445949.000    -9.000   -9.0000
 2445950.000  1367.522    0.0697
 2445951.000  1367.505    0.0697
 2445952.000  1367.499    0.0696
 2445953.000  1367.467    0.0696
 2445954.000  1367.549    0.0696
 2445955.000  1367.547    0.0696
 2445956.000  1367.300    0.0696
 2445957.000  1367.215    0.0696
 2445958.000  1367.135    0.0696
 2445959.000  1367.137    0.0696
 2445960.000  1367.144    0.0696
 2445961.000  1367.175    0.0696
 2445962.000  1367.193    0.0696
 2445963.000  1367.243    0.0696
 2445964.000  1367.190    0.0696
 2445965.000  1367.223    0.0696
 2445966.000  1367.202    0.0696
 2445967.000  1367.270    0.0696
 2445968.000  1367.290    0.0696
 2445969.000  1367.273    0.0696
 2445970.000  1367.307    0.0696
 2445971.000  1367.291    0.0696
 2445972.000  1367.293    0.0696
 2445973.000  1367.337    0.0696
 2445974.000  1367.336    0.0696
 2445975.000  1367.339    0.0696
 2445976.000  1367.363    0.0696
 2445977.000  1367.327    0.0696
 2445978.000  1367.359    0.0696
 2445979.000  1367.332    0.0696
 2445980.000  1367.315    0.0696
 2445981.000  1367.346    0.0696
 2445982.000  1367.303    0.0696
 2445983.000  1367.212    0.0696
 2445984.000  1367.152    0.0696
 2445985.000  1367.171    0.0696
 2445986.000  1367.140    0.0696
 2445987.000  1367.159    0.0696
 2445988.000  1367.163    0.0696
 2445989.000  1367.091    0.0697
 2445990.000  1367.050    0.0697
 2445991.000  1367.023    0.0697
 2445992.000  1367.100    0.0697
 2445993.000  1367.096    0.0697
 2445994.000  1367.101    0.0697
 2445995.000  1367.159    0.0697
 2445996.000  1367.189    0.0697
 2445997.000  1367.238    0.0698
 2445998.000  1367.256    0.0698
 2445999.000  1367.250    0.0698
 2446000.000  1367.216    0.0698
 2446001.000  1367.228    0.0698
 2446002.000  1367.202    0.0698
 2446003.000  1367.138    0.0699
 2446004.000  1367.162    0.0699
 2446005.000  1367.164    0.0699
 2446006.000  1367.144    0.0699
 2446007.000  1367.168    0.0699
 2446008.000  1367.185    0.0700
 2446009.000  1367.184    0.0700
 2446010.000  1367.241    0.0700
 2446011.000  1367.264    0.0700
 2446012.000  1367.238    0.0700
 2446013.000  1367.134    0.0701
 2446014.000  1367.161    0.0701
 2446015.000  1367.149    0.0701
 2446016.000  1367.181    0.0701
 2446017.000  1367.205    0.0702
 2446018.000  1366.826    0.0702
 2446019.000  1367.231    0.0702
 2446020.000    -9.000   -9.0000
 2446021.000  1367.255    0.0703
 2446022.000  1367.255    0.0703
 2446023.000  1367.288    0.0703
 2446024.000  1367.328    0.0704
 2446025.000  1367.264    0.0704
 2446026.000  1367.192    0.0704
 2446027.000  1367.156    0.0705
 2446028.000  1367.078    0.0705
 2446029.000  1367.018    0.0705
 2446030.000  1366.860    0.0706
 2446031.000  1366.755    0.0706
 2446032.000  1366.738    0.0707
 2446033.000  1366.882    0.0707
 2446034.000  1367.068    0.0707
 2446035.000  1367.199    0.0708
 2446036.000  1367.313    0.0708
 2446037.000  1367.366    0.0709
 2446038.000  1367.324    0.0709
 2446039.000  1367.227    0.0709
 2446040.000  1367.196    0.0710
 2446041.000  1367.210    0.0710
 2446042.000  1367.175    0.0711
 2446043.000  1367.186    0.0711
 2446044.000  1367.208    0.0712
 2446045.000  1367.212    0.0712
 2446046.000  1367.108    0.0713
 2446047.000  1367.069    0.0713
 2446048.000  1367.104    0.0714
 2446049.000  1367.123    0.0714
 2446050.000  1367.176    0.0715
 2446051.000  1367.075    0.0715
 2446052.000  1367.120    0.0716
 2446053.000  1367.163    0.0716
 2446054.000  1367.224    0.0717
 2446055.000  1367.241    0.0717
 2446056.000  1367.185    0.0718
 2446057.000  1367.186    0.0719
 2446058.000    -9.000   -9.0000
 2446059.000  1367.110    0.0720
 2446060.000  1367.129    0.0720
 2446061.000  1367.198    0.0721
 2446062.000  1367.183    0.0722
 2446063.000    -9.000   -9.0000
 2446064.000  1367.200    0.0723
 2446065.000    -9.000   -9.0000
 2446066.000  1367.233    0.0724
 2446067.000  1367.342    0.0725
 2446068.000  1367.404    0.0725
 2446069.000  1367.296    0.0726
 2446070.000  1367.365    0.0727
 2446071.000  1367.350    0.0727
 2446072.000    -9.000   -9.0000
 2446073.000  1367.313    0.0729
 2446074.000    -9.000   -9.0000
 2446075.000  1367.222    0.0730
 2446076.000  1367.157    0.0731
 2446077.000  1367.142    0.0732
 2446078.000  1367.153    0.0732
 2446079.000  1367.053    0.0733
 2446080.000  1366.991    0.0734
 2446081.000  1366.992    0.0735
 2446082.000  1366.956    0.0735
 2446083.000  1366.948    0.0736
 2446084.000  1367.048    0.0737
 2446085.000  1366.993    0.0738
 2446086.000  1366.729    0.0738
 2446087.000  1366.688    0.0739
 2446088.000  1366.839    0.0740
 2446089.000  1367.080    0.0741
 2446090.000  1367.143    0.0742
 2446091.000  1367.110    0.0742
 2446092.000  1367.066    0.0743
 2446093.000  1367.060    0.0744
 2446094.000  1367.085    0.0745
 2446095.000  1367.049    0.0746
 2446096.000  1367.059    0.0747
 2446097.000  1367.061    0.0747
 2446098.000  1367.042    0.0748
 2446099.000  1366.954    0.0749
 2446100.000  1367.080    0.0750
 2446101.000  1367.210    0.0751
 2446102.000  1367.169    0.0752
 2446103.000  1367.163    0.0753
 2446104.000  1367.139    0.0754
 2446105.000  1367.163    0.0754
 2446106.000  1367.248    0.0755
 2446107.000  1367.282    0.0756
 2446108.000  1367.238    0.0757
 2446109.000  1367.218    0.0758
 2446110.000  1367.178    0.0759
 2446111.000  1367.155    0.0760
 2446112.000  1367.150    0.0761
 2446113.000  1367.141    0.0762
 2446114.000  1367.151    0.0763
 2446115.000  1367.193    0.0764
 2446116.000  1367.189    0.0765
 2446117.000  1367.171    0.0766
 2446118.000  1367.125    0.0767
 2446119.000  1367.084    0.0768
 2446120.000  1367.086    0.0769
 2446121.000  1367.053    0.0770
 2446122.000  1367.018    0.0771
 2446123.000  1367.006    0.0772
 2446124.000  1367.005    0.0773
 2446125.000  1367.058    0.0774
 2446126.000  1367.085    0.0775
 2446127.000  1367.179    0.0776
 2446128.000  1367.035    0.0777
 2446129.000  1366.994    0.0778
 2446130.000  1367.001    0.0779
 2446131.000  1367.030    0.0780
 2446132.000  1366.999    0.0782
 2446133.000  1367.022    0.0783
 2446134.000  1367.044    0.0784
 2446135.000  1367.082    0.0785
 2446136.000  1367.022    0.0786
 2446137.000  1367.064    0.0787
 2446138.000  1367.070    0.0788
 2446139.000  1367.075    0.0789
 2446140.000  1367.036    0.0790
 2446141.000  1367.053    0.0792
 2446142.000  1367.041    0.0793
 2446143.000  1367.093    0.0794
 2446144.000  1367.110    0.0795
 2446145.000  1367.116    0.0796
 2446146.000  1367.142    0.0797
 2446147.000  1367.134    0.0799
 2446148.000  1367.136    0.0800
 2446149.000  1367.086    0.0801
 2446150.000  1366.976    0.0802
 2446151.000  1366.932    0.0803
 2446152.000  1366.896    0.0805
 2446153.000  1366.872    0.0806
 2446154.000  1366.914    0.0807
 2446155.000  1366.935    0.0808
 2446156.000  1367.009    0.0809
 2446157.000  1367.036    0.0811
 2446158.000  1367.110    0.0812
 2446159.000  1366.993    0.0813
 2446160.000  1366.965    0.0814
 2446161.000  1366.994    0.0815
 2446162.000  1367.048    0.0817
 2446163.000  1366.971    0.0818
 2446164.000  1366.996    0.0819
 2446165.000  1366.989    0.0820
 2446166.000  1367.011    0.0822
 2446167.000  1366.966    0.0823
 2446168.000  1366.963    0.0824
 2446169.000  1366.987    0.0825
 2446170.000  1366.990    0.0827
 2446171.000  1366.983    0.0828
 2446172.000  1367.010    0.0829
 2446173.000  1367.079    0.0830
 2446174.000  1367.030    0.0832
 2446175.000  1367.063    0.0833
 2446176.000  1367.096    0.0834
 2446177.000  1367.036    0.0835
 2446178.000  1366.789    0.0836
 2446179.000  1366.531    0.0838
 2446180.000  1366.347    0.0839
 2446181.000  1366.293    0.0840
 2446182.000  1366.303    0.0841
 2446183.000  1366.497    0.0843
 2446184.000  1366.755    0.0844
 2446185.000  1366.859    0.0845
 2446186.000  1366.964    0.0846
 2446187.000  1367.200    0.0848
 2446188.000  1367.203    0.0849
 2446189.000  1367.091    0.0850
 2446190.000  1367.109    0.0851
 2446191.000  1367.071    0.0853
 2446192.000  1367.009    0.0854
 2446193.000  1367.021    0.0855
 2446194.000  1366.914    0.0856
 2446195.000  1366.887    0.0858
 2446196.000  1366.801    0.0859
 2446197.000  1366.663    0.0860
 2446198.000  1366.623    0.0861
 2446199.000  1366.574    0.0863
 2446200.000  1366.597    0.0864
 2446201.000  1366.701    0.0865
 2446202.000  1366.887    0.0866
 2446203.000    -9.000   -9.0000
 2446204.000    -9.000   -9.0000
 2446205.000  1367.106    0.0870
 2446206.000  1366.975    0.0871
 2446207.000  1366.924    0.0872
 2446208.000  1366.953    0.0874
 2446209.000  1367.003    0.0875
 2446210.000  1367.045    0.0876
 2446211.000  1367.076    0.0877
 2446212.000  1367.105    0.0879
 2446213.000  1367.106    0.0880
 2446214.000  1367.040    0.0881
 2446215.000  1366.964    0.0882
 2446216.000  1366.950    0.0883
 2446217.000  1367.166    0.0885
 2446218.000  1367.010    0.0886
 2446219.000  1367.003    0.0887
 2446220.000  1367.031    0.0888
 2446221.000  1367.045    0.0889
 2446222.000  1367.042    0.0891
 2446223.000  1367.032    0.0892
 2446224.000  1366.937    0.0893
 2446225.000  1367.077    0.0894
 2446226.000  1366.882    0.0895
 2446227.000  1366.809    0.0896
 2446228.000  1366.832    0.0898
 2446229.000  1367.052    0.0899
 2446230.000  1367.153    0.0900
 2446231.000    -9.000   -9.0000
 2446232.000  1367.279    0.0902
 2446233.000  1367.291    0.0903
 2446234.000  1367.255    0.0905
 2446235.000  1367.176    0.0906
 2446236.000  1367.124    0.0907
 2446237.000  1367.090    0.0908
 2446238.000  1367.057    0.0909
 2446239.000  1367.054    0.0910
 2446240.000  1366.924    0.0912
 2446241.000  1366.963    0.0913
 2446242.000  1366.919    0.0914
 2446243.000  1366.933    0.0915
 2446244.000  1366.889    0.0916
 2446245.000  1366.914    0.0917
 2446246.000  1366.955    0.0918
 2446247.000  1367.067    0.0920
 2446248.000  1367.140    0.0921
 2446249.000  1367.204    0.0922
 2446250.000  1367.011    0.0923
 2446251.000  1367.022    0.0924
 2446252.000  1366.907    0.0925
 2446253.000  1366.721    0.0926
 2446254.000  1366.515    0.0927
 2446255.000  1366.544    0.0928
 2446256.000  1366.651    0.0930
 2446257.000  1366.796    0.0931
 2446258.000  1367.020    0.0932
 2446259.000  1367.076    0.0933
 2446260.000  1367.063    0.0934
 2446261.000  1367.018    0.0935
 2446262.000  1366.976    0.0936
 2446263.000  1366.986    0.0937
 2446264.000  1366.998    0.0938
 2446265.000  1366.991    0.0939
 2446266.000  1366.983    0.0940
 2446267.000  1367.036    0.0941
 2446268.000  1367.028    0.0942
 2446269.000  1366.982    0.0944
 2446270.000  1366.981    0.0945
 2446271.000  1366.966    0.0946
 2446272.000  1367.009    0.0947
 2446273.000  1367.066    0.0948
 2446274.000  1367.195    0.0949
 2446275.000  1367.230    0.0950
 2446276.000  1367.296    0.0951
 2446277.000  1367.257    0.0952
 2446278.000  1367.268    0.0953
 2446279.000  1367.200    0.0954
 2446280.000  1367.197    0.0955
 2446281.000  1367.255    0.0956
 2446282.000  1367.226    0.0957
 2446283.000  1367.252    0.0958
 2446284.000  1367.273    0.0959
 2446285.000  1367.256    0.0960
 2446286.000  1367.197    0.0961
 2446287.000  1367.051    0.0962
 2446288.000  1366.999    0.0963
 2446289.000  1366.943    0.0964
 2446290.000  1366.933    0.0964
 2446291.000  1366.912    0.0965
 2446292.000  1366.961    0.0966
 2446293.000  1366.981    0.0967
 2446294.000  1366.966    0.0968
 2446295.000  1366.940    0.0969
 2446296.000  1366.896    0.0970
 2446297.000  1366.925    0.0971
 2446298.000  1366.899    0.0972
 2446299.000  1366.984    0.0973
 2446300.000  1366.967    0.0974
 2446301.000  1367.055    0.0974
 2446302.000  1367.101    0.0975
 2446303.000  1367.132    0.0976
 2446304.000  1367.146    0.0977
 2446305.000  1367.159    0.0978
 2446306.000  1367.145    0.0979
 2446307.000  1367.156    0.0980
 2446308.000  1367.166    0.0980
 2446309.000  1367.145    0.0981
 2446310.000  1367.174    0.0982
 2446311.000  1367.362    0.0983
 2446312.000  1367.124    0.0984
 2446313.000  1367.066    0.0985
 2446314.000  1367.010    0.0985
 2446315.000  1367.040    0.0986
 2446316.000  1367.031    0.0987
 2446317.000  1366.985    0.0988
 2446318.000  1367.004    0.0988
 2446319.000  1367.024    0.0989
 2446320.000  1367.010    0.0990
 2446321.000  1366.998    0.0991
 2446322.000  1367.064    0.0991
 2446323.000  1367.026    0.0992
 2446324.000  1367.015    0.0993
 2446325.000  1367.005    0.0994
 2446326.000  1366.979    0.0994
 2446327.000  1366.962    0.0995
 2446328.000  1366.990    0.0996
 2446329.000  1367.008    0.0997
 2446330.000  1367.090    0.0997
 2446331.000  1367.091    0.0998
 2446332.000  1367.095    0.0999
 2446333.000    -9.000   -9.0000
 2446334.000  1367.046    0.1000
 2446335.000  1367.041    0.1001
 2446336.000  1366.935    0.1001
 2446337.000  1367.025    0.1002
 2446338.000  1367.003    0.1003
 2446339.000  1367.038    0.1003
 2446340.000  1367.052    0.1004
 2446341.000  1366.933    0.1004
 2446342.000  1366.958    0.1005
 2446343.000  1366.938    0.1006
 2446344.000  1366.887    0.1006
 2446345.000  1366.938    0.1007
 2446346.000  1366.971    0.1008
 2446347.000  1366.949    0.1008
 2446348.000  1366.921    0.1009
 2446349.000    -9.000   -9.0000
 2446350.000  1366.974    0.1010
 2446351.000  1366.972    0.1010
 2446352.000  1366.914    0.1011
 2446353.000  1366.954    0.1011
 2446354.000  1366.976    0.1012
 2446355.000  1367.096    0.1013
 2446356.000  1367.072    0.1013
 2446357.000  1367.037    0.1014
 2446358.000  1366.937    0.1014
 2446359.000  1366.824    0.1015
 2446360.000  1366.710    0.1015
 2446361.000  1366.480    0.1016
 2446362.000    -9.000   -9.0000
 2446363.000  1366.724    0.1017
 2446364.000  1367.018    0.1017
 2446365.000  1367.162    0.1018
 2446366.000  1367.158    0.1018
 2446367.000  1367.094    0.1018
 2446368.000  1367.020    0.1019
 2446369.000  1366.948    0.1019
 2446370.000  1366.950    0.1020
 2446371.000  1367.014    0.1020
 2446372.000  1367.080    0.1021
 2446373.000  1366.989    0.1021
 2446374.000  1366.977    0.1021
 2446375.000  1366.948    0.1022
 2446376.000  1366.910    0.1022
 2446377.000  1366.946    0.1023
 2446378.000  1366.971    0.1023
 2446379.000  1366.960    0.1023
 2446380.000  1367.008    0.1024
 2446381.000  1367.046    0.1024
 2446382.000  1367.088    0.1024
 2446383.000  1367.164    0.1025
 2446384.000  1367.094    0.1025
 2446385.000  1366.985    0.1025
 2446386.000    -9.000   -9.0000
 2446387.000  1367.013    0.1026
 2446388.000  1367.056    0.1026
 2446389.000  1367.112    0.1027
 2446390.000  1367.160    0.1027
 2446391.000  1367.233    0.1027
 2446392.000  1367.278    0.1027
 2446393.000    -9.000   -9.0000
 2446394.000  1367.156    0.1028
 2446395.000  1367.116    0.1028
 2446396.000    -9.000   -9.0000
 2446397.000    -9.000   -9.0000
 2446398.000    -9.000   -9.0000
 2446399.000    -9.000   -9.0000
 2446400.000    -9.000   -9.0000
 2446401.000    -9.000   -9.0000
 2446402.000    -9.000   -9.0000
 2446403.000  1366.790    0.1030
 2446404.000  1366.924    0.1030
 2446405.000  1366.969    0.1030
 2446406.000  1367.002    0.1030
 2446407.000  1367.026    0.1031
 2446408.000  1367.055    0.1031
 2446409.000  1367.157    0.1031
 2446410.000  1367.276    0.1031
 2446411.000  1367.247    0.1031
 2446412.000  1367.218    0.1031
 2446413.000  1367.205    0.1031
 2446414.000  1367.188    0.1032
 2446415.000  1367.135    0.1032
 2446416.000  1367.035    0.1032
 2446417.000  1367.054    0.1032
 2446418.000  1367.156    0.1032
 2446419.000  1367.234    0.1032
 2446420.000  1367.173    0.1032
 2446421.000  1367.129    0.1032
 2446422.000  1367.060    0.1032
 2446423.000  1367.029    0.1032
 2446424.000  1366.898    0.1032
 2446425.000  1366.922    0.1033
 2446426.000  1366.959    0.1033
 2446427.000  1367.008    0.1033
 2446428.000  1367.021    0.1033
 2446429.000  1367.015    0.1033
 2446430.000  1367.013    0.1033
 2446431.000  1367.003    0.1033
 2446432.000  1366.982    0.1033
 2446433.000  1367.012    0.1033
 2446434.000  1367.135    0.1033
 2446435.000  1367.137    0.1033
 2446436.000  1367.222    0.1033
 2446437.000  1367.286    0.1033
 2446438.000  1367.359    0.1033
 2446439.000  1367.458    0.1033
 2446440.000    -9.000   -9.0000
 2446441.000    -9.000   -9.0000
 2446442.000    -9.000   -9.0000
 2446443.000    -9.000   -9.0000
 2446444.000    -9.000   -9.0000
 2446445.000    -9.000   -9.0000
 2446446.000    -9.000   -9.0000
 2446447.000    -9.000   -9.0000
 2446448.000    -9.000   -9.0000
 2446449.000    -9.000   -9.0000
 2446450.000    -9.000   -9.0000
 2446451.000    -9.000   -9.0000
 2446452.000    -9.000   -9.0000
 2446453.000  1366.926    0.1031
 2446454.000  1366.925    0.1031
 2446455.000  1366.932    0.1031
 2446456.000  1366.970    0.1031
 2446457.000  1366.911    0.1031
 2446458.000  1366.915    0.1031
 2446459.000  1366.889    0.1030
 2446460.000  1366.867    0.1030
 2446461.000  1366.984    0.1030
 2446462.000  1367.085    0.1030
 2446463.000  1367.114    0.1030
 2446464.000  1366.985    0.1030
 2446465.000  1366.694    0.1029
 2446466.000  1366.639    0.1029
 2446467.000  1366.648    0.1029
 2446468.000  1366.736    0.1029
 2446469.000  1366.922    0.1028
 2446470.000  1367.014    0.1028
 2446471.000  1367.057    0.1028
 2446472.000  1366.977    0.1028
 2446473.000  1366.854    0.1028
 2446474.000  1366.831    0.1027
 2446475.000  1367.009    0.1027
 2446476.000  1367.069    0.1027
 2446477.000  1367.010    0.1027
 2446478.000  1367.026    0.1026
 2446479.000  1367.038    0.1026
 2446480.000  1367.029    0.1026
 2446481.000  1366.932    0.1025
 2446482.000  1367.008    0.1025
 2446483.000  1367.012    0.1025
 2446484.000  1367.056    0.1025
 2446485.000  1367.035    0.1024
 2446486.000  1367.030    0.1024
 2446487.000  1367.038    0.1024
 2446488.000  1367.049    0.1023
 2446489.000  1367.084    0.1023
 2446490.000  1367.137    0.1023
 2446491.000  1367.322    0.1022
 2446492.000  1367.418    0.1022
 2446493.000  1367.159    0.1022
 2446494.000  1367.060    0.1022
 2446495.000  1366.938    0.1021
 2446496.000  1366.891    0.1021
 2446497.000  1366.926    0.1021
 2446498.000  1367.015    0.1020
 2446499.000  1367.139    0.1020
 2446500.000  1367.181    0.1020
 2446501.000  1367.197    0.1019
 2446502.000  1367.104    0.1019
 2446503.000  1366.975    0.1019
 2446504.000    -9.000   -9.0000
 2446505.000  1366.902    0.1018
 2446506.000  1366.923    0.1018
 2446507.000  1366.907    0.1017
 2446508.000  1366.898    0.1017
 2446509.000  1366.918    0.1016
 2446510.000  1366.976    0.1016
 2446511.000  1366.992    0.1016
 2446512.000  1366.987    0.1015
 2446513.000  1366.993    0.1015
 2446514.000  1366.976    0.1015
 2446515.000  1367.016    0.1014
 2446516.000  1367.026    0.1014
 2446517.000  1367.047    0.1014
 2446518.000  1367.094    0.1013
 2446519.000  1367.167    0.1013
 2446520.000  1367.178    0.1012
 2446521.000  1367.156    0.1012
 2446522.000  1367.178    0.1012
 2446523.000  1367.117    0.1011
 2446524.000  1367.062    0.1011
 2446525.000  1367.107    0.1011
 2446526.000  1367.090    0.1010
 2446527.000  1367.038    0.1010
 2446528.000  1367.041    0.1009
 2446529.000  1367.050    0.1009
 2446530.000  1367.048    0.1009
 2446531.000  1366.931    0.1008
 2446532.000  1366.969    0.1008
 2446533.000  1366.933    0.1008
 2446534.000  1366.905    0.1007
 2446535.000  1367.027    0.1007
 2446536.000  1367.070    0.1006
 2446537.000  1367.125    0.1006
 2446538.000  1367.095    0.1006
 2446539.000  1367.040    0.1005
 2446540.000  1366.961    0.1005
 2446541.000  1366.935    0.1004
 2446542.000  1366.936    0.1004
 2446543.000  1366.979    0.1004
 2446544.000  1366.848    0.1003
 2446545.000    -9.000   -9.0000
 2446546.000    -9.000   -9.0000
 2446547.000    -9.000   -9.0000
 2446548.000    -9.000   -9.0000
 2446549.000    -9.000   -9.0000
 2446550.000    -9.000   -9.0000
 2446551.000    -9.000   -9.0000
 2446552.000  1367.057    0.1000
 2446553.000  1367.184    0.1000
 2446554.000  1367.365    0.0999
 2446555.000  1367.059    0.0999
 2446556.000  1367.046    0.0999
 2446557.000  1367.232    0.0998
 2446558.000  1366.933    0.0998
 2446559.000  1366.989    0.0997
 2446560.000  1366.945    0.0997
 2446561.000  1366.997    0.0997
 2446562.000  1367.087    0.0996
 2446563.000  1367.177    0.0996
 2446564.000  1366.997    0.0995
 2446565.000  1366.967    0.0995
 2446566.000  1367.002    0.0995
 2446567.000  1367.063    0.0994
 2446568.000  1367.024    0.0994
 2446569.000  1367.055    0.0993
 2446570.000  1367.113    0.0993
 2446571.000  1367.184    0.0992
 2446572.000  1367.244    0.0992
 2446573.000  1367.372    0.0992
 2446574.000  1367.222    0.0991
 2446575.000  1367.138    0.0991
 2446576.000  1367.099    0.0990
 2446577.000  1367.081    0.0990
 2446578.000  1367.055    0.0989
 2446579.000  1367.103    0.0989
 2446580.000  1367.079    0.0989
 2446581.000  1367.023    0.0988
 2446582.000  1366.955    0.0988
 2446583.000    -9.000   -9.0000
 2446584.000  1367.080    0.0987
 2446585.000  1367.029    0.0986
 2446586.000  1366.877    0.0986
 2446587.000  1366.849    0.0986
 2446588.000  1366.941    0.0985
 2446589.000  1367.095    0.0985
 2446590.000  1366.930    0.0984
 2446591.000  1367.102    0.0984
 2446592.000  1366.977    0.0983
 2446593.000  1366.967    0.0983
 2446594.000    -9.000   -9.0000
 2446595.000  1366.997    0.0982
 2446596.000  1367.144    0.0982
 2446597.000  1367.077    0.0981
 2446598.000  1367.202    0.0981
 2446599.000  1367.439    0.0980
 2446600.000  1367.141    0.0980
 2446601.000  1367.198    0.0979
 2446602.000  1367.159    0.0979
 2446603.000  1367.204    0.0978
 2446604.000  1367.123    0.0978
 2446605.000  1367.164    0.0978
 2446606.000  1367.095    0.0977
 2446607.000  1367.031    0.0977
 2446608.000  1366.949    0.0976
 2446609.000  1366.933    0.0976
 2446610.000  1366.923    0.0975
 2446611.000  1366.988    0.0975
 2446612.000  1367.138    0.0974
 2446613.000  1366.906    0.0974
 2446614.000  1367.072    0.0974
 2446615.000  1367.296    0.0973
 2446616.000  1367.234    0.0973
 2446617.000  1367.188    0.0972
 2446618.000  1366.883    0.0972
 2446619.000  1366.971    0.0971
 2446620.000  1366.903    0.0971
 2446621.000  1366.924    0.0970
 2446622.000  1366.845    0.0970
 2446623.000  1366.811    0.0969
 2446624.000  1366.958    0.0969
 2446625.000  1366.950    0.0969
 2446626.000  1366.969    0.0968
 2446627.000  1367.040    0.0968
 2446628.000  1367.157    0.0967
 2446629.000  1367.157    0.0967
 2446630.000  1367.067    0.0966
 2446631.000  1367.194    0.0966
 2446632.000  1367.030    0.0965
 2446633.000  1367.015    0.0965
 2446634.000  1366.991    0.0964
 2446635.000  1366.977    0.0964
 2446636.000  1366.949    0.0963
 2446637.000  1366.964    0.0963
 2446638.000  1366.971    0.0962
 2446639.000  1366.928    0.0962
 2446640.000  1366.921    0.0962
 2446641.000  1366.927    0.0961
 2446642.000  1366.906    0.0961
 2446643.000    -9.000   -9.0000
 2446644.000  1366.821    0.0960
 2446645.000  1366.847    0.0959
 2446646.000  1366.961    0.0959
 2446647.000  1366.885    0.0958
 2446648.000  1367.023    0.0958
 2446649.000  1366.958    0.0957
 2446650.000  1367.084    0.0957
 2446651.000  1367.033    0.0956
 2446652.000  1367.005    0.0956
 2446653.000  1366.998    0.0955
 2446654.000  1367.074    0.0955
 2446655.000  1367.051    0.0954
 2446656.000  1367.070    0.0954
 2446657.000  1367.092    0.0953
 2446658.000  1367.028    0.0953
 2446659.000  1366.907    0.0952
 2446660.000  1366.974    0.0951
 2446661.000  1366.955    0.0951
 2446662.000  1366.978    0.0950
 2446663.000  1366.942    0.0950
 2446664.000  1366.917    0.0949
 2446665.000  1366.936    0.0949
 2446666.000  1366.932    0.0948
 2446667.000  1367.097    0.0948
 2446668.000  1366.940    0.0947
 2446669.000  1367.034    0.0946
 2446670.000  1366.863    0.0946
 2446671.000  1366.827    0.0945
 2446672.000  1366.848    0.0945
 2446673.000  1366.971    0.0944
 2446674.000  1366.865    0.0943
 2446675.000  1366.907    0.0943
 2446676.000  1367.117    0.0942
 2446677.000  1366.893    0.0942
 2446678.000  1366.946    0.0941
 2446679.000  1366.949    0.0940
 2446680.000  1366.971    0.0940
 2446681.000  1367.010    0.0939
 2446682.000  1366.952    0.0938
 2446683.000  1366.965    0.0938
 2446684.000  1366.974    0.0937
 2446685.000  1366.974    0.0936
 2446686.000  1366.969    0.0936
 2446687.000  1366.982    0.0935
 2446688.000  1367.151    0.0934
 2446689.000  1366.997    0.0934
 2446690.000  1366.953    0.0933
 2446691.000  1366.968    0.0932
 2446692.000  1366.991    0.0932
 2446693.000  1366.954    0.0931
 2446694.000  1367.026    0.0930
 2446695.000  1367.005    0.0930
 2446696.000  1367.024    0.0929
 2446697.000  1367.023    0.0928
 2446698.000  1367.119    0.0927
 2446699.000  1367.070    0.0927
 2446700.000  1367.010    0.0926
 2446701.000  1367.016    0.0925
 2446702.000  1366.957    0.0924
 2446703.000  1366.968    0.0924
 2446704.000  1367.044    0.0923
 2446705.000  1367.164    0.0922
 2446706.000  1367.004    0.0921
 2446707.000  1367.072    0.0921
 2446708.000  1366.959    0.0920
 2446709.000  1367.343    0.0919
 2446710.000  1367.017    0.0918
 2446711.000  1367.184    0.0917
 2446712.000    -9.000   -9.0000
 2446713.000  1367.124    0.0916
 2446714.000  1367.042    0.0915
 2446715.000  1367.080    0.0914
 2446716.000  1367.063    0.0913
 2446717.000  1366.977    0.0912
 2446718.000  1366.934    0.0912
 2446719.000  1366.901    0.0911
 2446720.000  1367.086    0.0910
 2446721.000  1367.026    0.0909
 2446722.000  1367.023    0.0908
 2446723.000  1366.929    0.0907
 2446724.000  1366.887    0.0906
 2446725.000  1366.871    0.0905
 2446726.000  1366.837    0.0905
 2446727.000  1366.853    0.0904
 2446728.000  1366.802    0.0903
 2446729.000  1366.943    0.0902
 2446730.000  1367.080    0.0901
 2446731.000  1367.178    0.0900
 2446732.000  1367.171    0.0899
 2446733.000  1367.224    0.0898
 2446734.000  1367.145    0.0897
 2446735.000  1367.086    0.0896
 2446736.000  1366.895    0.0895
 2446737.000  1366.914    0.0894
 2446738.000  1366.944    0.0893
 2446739.000  1367.207    0.0892
 2446740.000  1367.020    0.0891
 2446741.000  1367.078    0.0890
 2446742.000  1367.128    0.0889
 2446743.000  1367.068    0.0888
 2446744.000  1367.026    0.0887
 2446745.000  1366.936    0.0886
 2446746.000  1366.952    0.0885
 2446747.000  1366.957    0.0884
 2446748.000    -9.000   -9.0000
 2446749.000  1367.017    0.0882
 2446750.000  1367.122    0.0881
 2446751.000  1367.230    0.0880
 2446752.000  1367.160    0.0879
 2446753.000  1367.190    0.0878
 2446754.000  1367.148    0.0877
 2446755.000  1367.165    0.0876
 2446756.000  1367.214    0.0875
 2446757.000  1367.198    0.0874
 2446758.000  1367.220    0.0873
 2446759.000  1367.302    0.0872
 2446760.000  1367.298    0.0871
 2446761.000  1367.270    0.0870
 2446762.000  1367.242    0.0869
 2446763.000  1367.267    0.0868
 2446764.000  1367.241    0.0867
 2446765.000  1367.261    0.0866
 2446766.000  1367.256    0.0865
 2446767.000  1367.288    0.0863
 2446768.000  1367.219    0.0862
 2446769.000  1367.214    0.0861
 2446770.000  1367.095    0.0860
 2446771.000  1367.181    0.0859
 2446772.000  1367.044    0.0858
 2446773.000  1367.040    0.0857
 2446774.000  1366.966    0.0856
 2446775.000  1366.959    0.0854
 2446776.000  1366.976    0.0853
 2446777.000  1366.993    0.0852
 2446778.000  1367.008    0.0851
 2446779.000  1367.109    0.0850
 2446780.000  1367.077    0.0849
 2446781.000  1367.145    0.0848
 2446782.000  1367.080    0.0846
 2446783.000  1367.045    0.0845
 2446784.000  1367.043    0.0844
 2446785.000  1367.081    0.0843
 2446786.000  1367.100    0.0842
 2446787.000  1367.018    0.0841
 2446788.000  1367.049    0.0839
 2446789.000  1367.119    0.0838
 2446790.000  1367.025    0.0837
 2446791.000  1367.003    0.0836
 2446792.000  1366.982    0.0835
 2446793.000  1367.005    0.0833
 2446794.000  1366.940    0.0832
 2446795.000  1366.956    0.0831
 2446796.000    -9.000   -9.0000
 2446797.000  1366.877    0.0828
 2446798.000  1367.085    0.0827
 2446799.000  1366.886    0.0826
 2446800.000  1366.939    0.0825
 2446801.000  1366.948    0.0824
 2446802.000  1367.024    0.0822
 2446803.000  1366.976    0.0821
 2446804.000  1366.898    0.0820
 2446805.000  1366.964    0.0818
 2446806.000  1366.945    0.0817
 2446807.000  1367.005    0.0816
 2446808.000  1367.020    0.0815
 2446809.000  1367.248    0.0813
 2446810.000  1367.069    0.0812
 2446811.000  1367.138    0.0811
 2446812.000  1367.194    0.0810
 2446813.000  1367.177    0.0808
 2446814.000  1367.173    0.0807
 2446815.000  1367.357    0.0806
 2446816.000  1367.225    0.0805
 2446817.000  1367.089    0.0803
 2446818.000  1367.045    0.0802
 2446819.000  1367.209    0.0801
 2446820.000  1367.023    0.0800
 2446821.000  1366.990    0.0798
 2446822.000  1366.957    0.0797
 2446823.000  1366.885    0.0796
 2446824.000  1366.870    0.0795
 2446825.000  1366.890    0.0794
 2446826.000  1366.853    0.0792
 2446827.000  1366.882    0.0791
 2446828.000  1366.921    0.0790
 2446829.000  1366.988    0.0789
 2446830.000  1366.894    0.0788
 2446831.000  1366.847    0.0786
 2446832.000  1366.985    0.0785
 2446833.000  1366.892    0.0784
 2446834.000  1366.861    0.0783
 2446835.000  1367.028    0.0782
 2446836.000  1367.027    0.0780
 2446837.000  1366.959    0.0779
 2446838.000  1366.972    0.0778
 2446839.000  1367.046    0.0777
 2446840.000  1366.973    0.0776
 2446841.000  1367.021    0.0775
 2446842.000  1367.065    0.0774
 2446843.000  1367.050    0.0772
 2446844.000  1367.084    0.0771
 2446845.000  1366.984    0.0770
 2446846.000  1367.003    0.0769
 2446847.000  1366.976    0.0768
 2446848.000  1367.000    0.0767
 2446849.000  1366.993    0.0766
 2446850.000  1366.927    0.0765
 2446851.000  1366.954    0.0764
 2446852.000  1366.894    0.0763
 2446853.000  1366.964    0.0762
 2446854.000  1367.030    0.0761
 2446855.000  1367.097    0.0760
 2446856.000  1366.946    0.0759
 2446857.000  1367.151    0.0758
 2446858.000  1366.947    0.0757
 2446859.000  1367.271    0.0756
 2446860.000  1366.942    0.0755
 2446861.000  1366.845    0.0754
 2446862.000  1366.833    0.0753
 2446863.000  1366.861    0.0752
 2446864.000  1366.853    0.0751
 2446865.000  1366.849    0.0750
 2446866.000  1366.837    0.0749
 2446867.000  1366.845    0.0748
 2446868.000  1366.842    0.0747
 2446869.000  1366.853    0.0746
 2446870.000  1366.902    0.0745
 2446871.000  1366.927    0.0744
 2446872.000  1366.904    0.0744
 2446873.000  1366.921    0.0743
 2446874.000  1366.941    0.0742
 2446875.000  1366.942    0.0741
 2446876.000  1367.116    0.0740
 2446877.000  1366.938    0.0740
 2446878.000  1366.938    0.0739
 2446879.000  1366.955    0.0738
 2446880.000  1366.969    0.0737
 2446881.000  1366.992    0.0736
 2446882.000  1367.029    0.0736
 2446883.000  1366.947    0.0735
 2446884.000  1366.943    0.0734
 2446885.000  1366.734    0.0734
 2446886.000  1366.842    0.0733
 2446887.000  1367.150    0.0732
 2446888.000  1366.829    0.0732
 2446889.000  1367.130    0.0731
 2446890.000  1366.728    0.0730
 2446891.000  1366.840    0.0730
 2446892.000  1366.771    0.0729
 2446893.000  1366.560    0.0729
 2446894.000  1367.146    0.0728
 2446895.000  1366.563    0.0727
 2446896.000  1367.586    0.0727
 2446897.000  1367.138    0.0726
 2446898.000  1366.565    0.0726
 2446899.000  1366.723    0.0725
 2446900.000  1367.213    0.0725
 2446901.000  1366.861    0.0724
 2446902.000  1366.950    0.0724
 2446903.000  1367.056    0.0723
 2446904.000  1367.158    0.0723
 2446905.000  1367.231    0.0722
 2446906.000  1367.098    0.0722
 2446907.000  1366.967    0.0721
 2446908.000  1367.043    0.0721
 2446909.000  1367.129    0.0720
 2446910.000  1367.001    0.0720
 2446911.000  1366.981    0.0720
 2446912.000  1367.001    0.0719
 2446913.000  1366.920    0.0719
 2446914.000  1366.876    0.0718
 2446915.000  1366.907    0.0718
 2446916.000  1366.968    0.0718
 2446917.000  1366.940    0.0717
 2446918.000  1367.018    0.0717
 2446919.000  1366.961    0.0716
 2446920.000  1367.111    0.0716
 2446921.000  1367.315    0.0716
 2446922.000  1367.169    0.0715
 2446923.000  1367.182    0.0715
 2446924.000  1367.179    0.0715
 2446925.000  1367.207    0.0715
 2446926.000  1367.270    0.0714
 2446927.000  1367.247    0.0714
 2446928.000  1367.311    0.0714
 2446929.000  1367.382    0.0713
 2446930.000  1367.300    0.0713
 2446931.000  1367.333    0.0713
 2446932.000  1367.299    0.0713
 2446933.000  1367.063    0.0713
 2446934.000  1366.996    0.0712
 2446935.000  1366.863    0.0712
 2446936.000  1366.717    0.0712
 2446937.000  1367.174    0.0712
 2446938.000  1366.544    0.0712
 2446939.000  1366.901    0.0712
 2446940.000  1366.976    0.0711
 2446941.000  1366.934    0.0711
 2446942.000  1367.051    0.0711
 2446943.000  1366.969    0.0711
 2446944.000  1366.817    0.0711
 2446945.000  1366.981    0.0711
 2446946.000  1366.836    0.0711
 2446947.000  1366.902    0.0711
 2446948.000  1367.013    0.0711
 2446949.000  1367.106    0.0711
 2446950.000  1367.076    0.0711
 2446951.000  1367.097    0.0711
 2446952.000  1367.092    0.0710
 2446953.000  1367.117    0.0710
 2446954.000  1367.146    0.0711
 2446955.000  1367.179    0.0711
 2446956.000  1367.148    0.0711
 2446957.000  1367.127    0.0711
 2446958.000  1367.146    0.0711
 2446959.000  1367.178    0.0711
 2446960.000  1367.258    0.0711
 2446961.000  1367.247    0.0711
 2446962.000  1367.300    0.0711
 2446963.000  1367.295    0.0711
 2446964.000  1367.137    0.0711
 2446965.000    -9.000   -9.0000
 2446966.000  1367.192    0.0711
 2446967.000  1367.206    0.0712
 2446968.000  1367.248    0.0712
 2446969.000  1367.130    0.0712
 2446970.000  1367.026    0.0712
 2446971.000  1367.004    0.0712
 2446972.000  1367.060    0.0713
 2446973.000  1367.079    0.0713
 2446974.000  1367.193    0.0713
 2446975.000  1367.190    0.0713
 2446976.000  1367.140    0.0714
 2446977.000    -9.000   -9.0000
 2446978.000  1367.145    0.0714
 2446979.000  1367.279    0.0714
 2446980.000  1367.102    0.0715
 2446981.000  1367.103    0.0715
 2446982.000  1367.118    0.0715
 2446983.000  1367.050    0.0715
 2446984.000  1367.041    0.0716
 2446985.000  1366.981    0.0716
 2446986.000  1367.005    0.0716
 2446987.000  1366.987    0.0717
 2446988.000  1366.969    0.0717
 2446989.000  1367.002    0.0718
 2446990.000  1367.014    0.0718
 2446991.000  1367.067    0.0718
 2446992.000  1367.072    0.0719
 2446993.000  1367.129    0.0719
 2446994.000  1367.145    0.0720
 2446995.000  1367.155    0.0720
 2446996.000  1367.275    0.0720
 2446997.000  1367.177    0.0721
 2446998.000  1367.179    0.0721
 2446999.000  1367.166    0.0722
 2447000.000  1367.083    0.0722
 2447001.000  1367.074    0.0723
 2447002.000  1367.149    0.0723
 2447003.000  1367.154    0.0724
 2447004.000  1367.137    0.0724
 2447005.000  1367.170    0.0725
 2447006.000  1367.308    0.0725
 2447007.000  1367.269    0.0726
 2447008.000  1367.209    0.0726
 2447009.000  1367.111    0.0727
 2447010.000  1367.074    0.0727
 2447011.000  1367.158    0.0728
 2447012.000  1367.083    0.0728
 2447013.000  1367.072    0.0729
 2447014.000  1367.022    0.0730
 2447015.000  1366.982    0.0730
 2447016.000  1367.193    0.0731
 2447017.000  1366.869    0.0731
 2447018.000  1367.117    0.0732
 2447019.000  1367.204    0.0733
 2447020.000  1367.122    0.0733
 2447021.000  1367.026    0.0734
 2447022.000  1366.998    0.0735
 2447023.000  1366.887    0.0735
 2447024.000  1366.837    0.0736
 2447025.000  1366.933    0.0737
 2447026.000  1366.959    0.0737
 2447027.000  1366.988    0.0738
 2447028.000  1367.111    0.0739
 2447029.000  1367.180    0.0739
 2447030.000  1367.196    0.0740
 2447031.000  1367.407    0.0741
 2447032.000  1367.308    0.0742
 2447033.000  1367.262    0.0742
 2447034.000  1367.152    0.0743
 2447035.000  1367.206    0.0744
 2447036.000  1367.158    0.0745
 2447037.000  1367.306    0.0745
 2447038.000  1367.170    0.0746
 2447039.000    -9.000   -9.0000
 2447040.000  1367.161    0.0748
 2447041.000  1367.215    0.0749
 2447042.000  1367.191    0.0749
 2447043.000  1367.196    0.0750
 2447044.000  1367.103    0.0751
 2447045.000  1367.157    0.0752
 2447046.000  1366.893    0.0753
 2447047.000  1366.781    0.0754
 2447048.000  1366.935    0.0754
 2447049.000  1367.131    0.0755
 2447050.000  1367.247    0.0756
 2447051.000    -9.000   -9.0000
 2447052.000  1367.320    0.0758
 2447053.000  1367.415    0.0759
 2447054.000  1367.280    0.0760
 2447055.000  1367.261    0.0761
 2447056.000  1367.353    0.0761
 2447057.000  1367.341    0.0762
 2447058.000  1367.333    0.0763
 2447059.000  1367.314    0.0764
 2447060.000  1367.238    0.0765
 2447061.000  1367.138    0.0766
 2447062.000  1367.149    0.0767
 2447063.000  1367.096    0.0768
 2447064.000  1367.102    0.0769
 2447065.000  1367.168    0.0770
 2447066.000  1367.107    0.0771
 2447067.000    -9.000   -9.0000
 2447068.000    -9.000   -9.0000
 2447069.000    -9.000   -9.0000
 2447070.000  1367.246    0.0775
 2447071.000    -9.000   -9.0000
 2447072.000    -9.000   -9.0000
 2447073.000    -9.000   -9.0000
 2447074.000    -9.000   -9.0000
 2447075.000  1367.132    0.0780
 2447076.000    -9.000   -9.0000
 2447077.000    -9.000   -9.0000
 2447078.000  1367.392    0.0783
 2447079.000  1367.366    0.0784
 2447080.000  1367.596    0.0785
 2447081.000  1367.258    0.0786
 2447082.000  1367.076    0.0787
 2447083.000  1366.892    0.0788
 2447084.000  1366.804    0.0789
 2447085.000  1366.917    0.0790
 2447086.000  1367.047    0.0791
 2447087.000  1367.237    0.0792
 2447088.000  1367.473    0.0793
 2447089.000  1367.435    0.0795
 2447090.000  1367.408    0.0796
 2447091.000  1367.273    0.0797
 2447092.000  1367.194    0.0798
 2447093.000  1367.246    0.0799
 2447094.000  1367.297    0.0800
 2447095.000  1367.357    0.0801
 2447096.000  1367.338    0.0802
 2447097.000  1367.243    0.0803
 2447098.000  1367.154    0.0805
 2447099.000  1367.137    0.0806
 2447100.000  1367.231    0.0807
 2447101.000  1367.306    0.0808
 2447102.000  1367.400    0.0809
 2447103.000  1367.561    0.0810
 2447104.000  1367.591    0.0812
 2447105.000  1367.713    0.0813
 2447106.000  1367.573    0.0814
 2447107.000  1367.405    0.0815
 2447108.000  1367.389    0.0816
 2447109.000  1367.432    0.0817
 2447110.000  1367.421    0.0819
 2447111.000    -9.000   -9.0000
 2447112.000    -9.000   -9.0000
 2447113.000  1367.330    0.0822
 2447114.000  1367.241    0.0823
 2447115.000  1367.090    0.0825
 2447116.000    -9.000   -9.0000
 2447117.000    -9.000   -9.0000
 2447118.000    -9.000   -9.0000
 2447119.000    -9.000   -9.0000
 2447120.000    -9.000   -9.0000
 2447121.000  1366.988    0.0832
 2447122.000  1367.167    0.0833
 2447123.000  1367.368    0.0834
 2447124.000  1367.411    0.0836
 2447125.000  1367.496    0.0837
 2447126.000  1367.574    0.0838
 2447127.000    -9.000   -9.0000
 2447128.000    -9.000   -9.0000
 2447129.000    -9.000   -9.0000
 2447130.000    -9.000   -9.0000
 2447131.000  1367.652    0.0844
 2447132.000  1367.695    0.0846
 2447133.000  1367.648    0.0847
 2447134.000  1367.632    0.0848
 2447135.000  1367.618    0.0849
 2447136.000  1367.568    0.0851
 2447137.000  1366.369    0.0852
 2447138.000  1366.370    0.0853
 2447139.000  1367.570    0.0855
 2447140.000  1367.595    0.0856
 2447141.000  1367.506    0.0857
 2447142.000  1367.483    0.0858
 2447143.000  1367.460    0.0860
 2447144.000  1367.547    0.0861
 2447145.000  1367.543    0.0862
 2447146.000  1367.465    0.0863
 2447147.000  1367.440    0.0865
 2447148.000  1367.387    0.0866
 2447149.000  1367.380    0.0867
 2447150.000  1367.435    0.0869
 2447151.000  1367.449    0.0870
 2447152.000  1367.459    0.0871
 2447153.000  1367.494    0.0872
 2447154.000  1367.448    0.0874
 2447155.000  1367.441    0.0875
 2447156.000  1367.438    0.0876
 2447157.000  1367.370    0.0878
 2447158.000  1367.363    0.0879
 2447159.000  1367.369    0.0880
 2447160.000  1367.392    0.0882
 2447161.000    -9.000   -9.0000
 2447162.000  1367.220    0.0884
 2447163.000  1367.227    0.0885
 2447164.000  1367.309    0.0887
 2447165.000  1367.524    0.0888
 2447166.000  1367.575    0.0889
 2447167.000  1367.608    0.0891
 2447168.000  1367.670    0.0892
 2447169.000  1367.342    0.0893
 2447170.000  1367.443    0.0894
 2447171.000  1367.383    0.0896
 2447172.000  1367.417    0.0897
 2447173.000  1367.488    0.0898
 2447174.000  1367.654    0.0900
 2447175.000  1367.782    0.0901
 2447176.000  1367.808    0.0902
 2447177.000  1367.493    0.0903
 2447178.000  1367.477    0.0905
 2447179.000  1367.438    0.0906
 2447180.000  1367.369    0.0907
 2447181.000  1367.167    0.0909
 2447182.000  1367.256    0.0910
 2447183.000  1367.349    0.0911
 2447184.000  1367.560    0.0912
 2447185.000  1367.670    0.0914
 2447186.000  1367.636    0.0915
 2447187.000  1367.566    0.0916
 2447188.000  1367.230    0.0917
 2447189.000  1367.351    0.0919
 2447190.000  1367.428    0.0920
 2447191.000  1367.460    0.0921
 2447192.000  1367.544    0.0922
 2447193.000  1367.355    0.0924
 2447194.000  1367.655    0.0925
 2447195.000  1367.619    0.0926
 2447196.000  1367.615    0.0928
 2447197.000  1367.584    0.0929
 2447198.000  1367.582    0.0930
 2447199.000  1367.535    0.0931
 2447200.000  1367.668    0.0932
 2447201.000  1367.747    0.0934
 2447202.000  1367.765    0.0935
 2447203.000  1367.773    0.0936
 2447204.000  1367.609    0.0937
 2447205.000  1367.511    0.0939
 2447206.000  1367.490    0.0940
 2447207.000  1367.364    0.0941
 2447208.000  1367.309    0.0942
 2447209.000  1367.207    0.0943
 2447210.000  1367.143    0.0945
 2447211.000  1367.066    0.0946
 2447212.000  1367.143    0.0947
 2447213.000  1367.202    0.0948
 2447214.000  1367.257    0.0949
 2447215.000  1367.368    0.0951
 2447216.000  1367.382    0.0952
 2447217.000  1367.444    0.0953
 2447218.000  1367.438    0.0954
 2447219.000  1367.298    0.0955
 2447220.000  1367.462    0.0957
 2447221.000    -9.000   -9.0000
 2447222.000  1367.348    0.0959
 2447223.000  1367.212    0.0960
 2447224.000  1367.233    0.0961
 2447225.000  1367.182    0.0963
 2447226.000  1367.318    0.0964
 2447227.000  1367.339    0.0965
 2447228.000  1367.432    0.0966
 2447229.000  1367.528    0.0967
 2447230.000  1367.535    0.0969
 2447231.000  1367.559    0.0970
 2447232.000  1367.475    0.0971
 2447233.000  1367.638    0.0972
 2447234.000  1367.549    0.0973
 2447235.000  1367.332    0.0975
 2447236.000  1367.174    0.0976
 2447237.000  1366.823    0.0977
 2447238.000  1366.781    0.0978
 2447239.000  1366.702    0.0979
 2447240.000  1366.778    0.0981
 2447241.000  1366.892    0.0982
 2447242.000  1367.180    0.0983
 2447243.000  1367.355    0.0984
 2447244.000  1367.293    0.0986
 2447245.000  1367.321    0.0987
 2447246.000  1367.309    0.0988
 2447247.000  1366.944    0.0989
 2447248.000  1367.321    0.0990
 2447249.000  1367.304    0.0992
 2447250.000  1367.182    0.0993
 2447251.000  1367.142    0.0994
 2447252.000  1367.154    0.0995
 2447253.000  1367.098    0.0996
 2447254.000  1367.246    0.0998
 2447255.000  1367.404    0.0999
 2447256.000  1367.484    0.1000
 2447257.000  1367.610    0.1001
 2447258.000  1367.330    0.1003
 2447259.000  1367.251    0.1004
 2447260.000  1367.224    0.1005
 2447261.000  1367.407    0.1006
 2447262.000  1367.526    0.1008
 2447263.000  1367.503    0.1009
 2447264.000  1367.537    0.1010
 2447265.000  1367.661    0.1011
 2447266.000  1367.318    0.1012
 2447267.000  1367.086    0.1014
 2447268.000  1366.872    0.1015
 2447269.000  1366.924    0.1016
 2447270.000  1367.048    0.1017
 2447271.000  1367.140    0.1019
 2447272.000  1367.492    0.1020
 2447273.000  1367.430    0.1021
 2447274.000  1367.690    0.1022
 2447275.000  1367.744    0.1024
 2447276.000  1367.683    0.1025
 2447277.000  1367.472    0.1026
 2447278.000  1367.429    0.1027
 2447279.000  1367.310    0.1029
 2447280.000  1367.243    0.1030
 2447281.000  1367.219    0.1031
 2447282.000    -9.000   -9.0000
 2447283.000  1367.264    0.1034
 2447284.000  1367.347    0.1035
 2447285.000  1367.421    0.1036
 2447286.000  1367.430    0.1038
 2447287.000  1367.553    0.1039
 2447288.000  1367.846    0.1040
 2447289.000  1367.626    0.1041
 2447290.000  1367.744    0.1043
 2447291.000  1367.674    0.1044
 2447292.000  1367.851    0.1045
 2447293.000  1367.817    0.1047
 2447294.000  1367.834    0.1048
 2447295.000  1367.842    0.1049
 2447296.000  1367.785    0.1050
 2447297.000  1367.756    0.1052
 2447298.000  1367.633    0.1053
 2447299.000  1367.589    0.1054
 2447300.000  1367.607    0.1056
 2447301.000  1367.645    0.1057
 2447302.000  1367.769    0.1058
 2447303.000  1367.710    0.1060
 2447304.000  1367.822    0.1061
 2447305.000  1367.776    0.1062
 2447306.000  1367.636    0.1064
 2447307.000  1367.406    0.1065
 2447308.000  1367.212    0.1066
 2447309.000  1367.172    0.1068
 2447310.000  1367.213    0.1069
 2447311.000  1367.281    0.1070
 2447312.000  1367.385    0.1071
 2447313.000  1367.503    0.1073
 2447314.000  1367.558    0.1074
 2447315.000  1367.594    0.1076
 2447316.000  1367.192    0.1077
 2447317.000  1367.099    0.1078
 2447318.000  1367.120    0.1080
 2447319.000  1367.295    0.1081
 2447320.000  1367.450    0.1082
 2447321.000  1367.437    0.1084
 2447322.000  1367.529    0.1085
 2447323.000  1367.743    0.1086
 2447324.000  1367.716    0.1088
 2447325.000  1367.490    0.1089
 2447326.000  1367.434    0.1090
 2447327.000  1367.325    0.1092
 2447328.000  1367.431    0.1093
 2447329.000  1367.517    0.1095
 2447330.000  1367.462    0.1096
 2447331.000  1367.311    0.1097
 2447332.000  1367.339    0.1099
 2447333.000  1367.182    0.1100
 2447334.000  1367.117    0.1102
 2447335.000  1367.067    0.1103
 2447336.000  1366.942    0.1104
 2447337.000  1366.946    0.1106
 2447338.000  1367.290    0.1107
 2447339.000  1367.633    0.1109
 2447340.000  1367.385    0.1110
 2447341.000  1366.818    0.1111
 2447342.000  1365.905    0.1113
 2447343.000  1365.349    0.1114
 2447344.000  1365.224    0.1116
 2447345.000    -9.000   -9.0000
 2447346.000  1365.351    0.1118
 2447347.000  1366.029    0.1120
 2447348.000  1366.961    0.1121
 2447349.000  1367.693    0.1123
 2447350.000  1367.836    0.1124
 2447351.000  1367.651    0.1126
 2447352.000  1367.182    0.1127
 2447353.000  1366.990    0.1129
 2447354.000  1366.915    0.1130
 2447355.000  1366.964    0.1132
 2447356.000  1367.160    0.1133
 2447357.000  1367.074    0.1134
 2447358.000  1366.983    0.1136
 2447359.000  1366.677    0.1137
 2447360.000  1366.551    0.1139
 2447361.000  1366.776    0.1140
 2447362.000  1366.965    0.1142
 2447363.000  1367.090    0.1143
 2447364.000  1367.321    0.1145
 2447365.000  1367.568    0.1146
 2447366.000  1367.741    0.1148
 2447367.000  1368.056    0.1150
 2447368.000  1367.972    0.1151
 2447369.000  1367.806    0.1153
 2447370.000  1367.512    0.1154
 2447371.000  1367.292    0.1156
 2447372.000  1367.180    0.1157
 2447373.000  1366.929    0.1159
 2447374.000  1366.739    0.1160
 2447375.000  1366.796    0.1162
 2447376.000  1367.224    0.1163
 2447377.000  1367.270    0.1165
 2447378.000  1367.529    0.1167
 2447379.000  1367.443    0.1168
 2447380.000  1367.423    0.1170
 2447381.000  1367.510    0.1171
 2447382.000  1367.408    0.1173
 2447383.000  1367.171    0.1174
 2447384.000  1366.820    0.1176
 2447385.000  1366.386    0.1178
 2447386.000  1366.228    0.1179
 2447387.000  1366.382    0.1181
 2447388.000  1366.725    0.1182
 2447389.000  1367.173    0.1184
 2447390.000  1367.226    0.1186
 2447391.000  1367.637    0.1187
 2447392.000  1367.763    0.1189
 2447393.000  1367.831    0.1190
 2447394.000  1367.835    0.1192
 2447395.000  1367.878    0.1194
 2447396.000  1367.793    0.1195
 2447397.000  1367.769    0.1197
 2447398.000  1367.786    0.1199
 2447399.000  1367.763    0.1200
 2447400.000  1367.639    0.1202
 2447401.000  1367.869    0.1204
 2447402.000  1367.997    0.1205
 2447403.000  1367.677    0.1207
 2447404.000  1367.273    0.1209
 2447405.000  1366.741    0.1210
 2447406.000  1366.297    0.1212
 2447407.000  1366.534    0.1214
 2447408.000  1367.122    0.1215
 2447409.000  1367.314    0.1217
 2447410.000  1367.787    0.1219
 2447411.000  1368.177    0.1220
 2447412.000  1368.106    0.1222
 2447413.000  1367.951    0.1224
 2447414.000  1367.952    0.1225
 2447415.000  1367.927    0.1227
 2447416.000  1367.821    0.1229
 2447417.000  1367.833    0.1231
 2447418.000  1367.862    0.1232
 2447419.000  1367.799    0.1234
 2447420.000  1367.731    0.1236
 2447421.000  1367.748    0.1237
 2447422.000  1367.750    0.1239
 2447423.000  1367.792    0.1241
 2447424.000  1367.765    0.1243
 2447425.000  1367.853    0.1244
 2447426.000  1367.905    0.1246
 2447427.000  1367.852    0.1248
 2447428.000  1367.789    0.1250
 2447429.000  1368.017    0.1251
 2447430.000  1368.133    0.1253
 2447431.000  1368.120    0.1255
 2447432.000  1368.130    0.1257
 2447433.000  1368.153    0.1259
 2447434.000  1368.104    0.1260
 2447435.000  1367.879    0.1262
 2447436.000  1367.824    0.1264
 2447437.000  1367.757    0.1266
 2447438.000  1367.884    0.1268
 2447439.000  1367.573    0.1269
 2447440.000  1367.466    0.1271
 2447441.000  1367.181    0.1273
 2447442.000  1366.913    0.1275
 2447443.000  1366.765    0.1277
 2447444.000  1366.835    0.1279
 2447445.000  1367.038    0.1280
 2447446.000  1367.360    0.1282
 2447447.000  1367.800    0.1284
 2447448.000  1368.013    0.1286
 2447449.000  1368.013    0.1288
 2447450.000  1368.015    0.1290
 2447451.000  1367.946    0.1292
 2447452.000  1368.116    0.1293
 2447453.000  1367.853    0.1295
 2447454.000  1367.870    0.1297
 2447455.000  1367.654    0.1299
 2447456.000  1367.583    0.1301
 2447457.000  1367.347    0.1303
 2447458.000  1367.151    0.1305
 2447459.000  1367.041    0.1306
 2447460.000  1367.144    0.1308
 2447461.000  1367.457    0.1310
 2447462.000  1367.805    0.1312
 2447463.000  1367.830    0.1314
 2447464.000  1368.259    0.1316
 2447465.000  1368.279    0.1318
 2447466.000  1367.970    0.1320
 2447467.000  1367.811    0.1322
 2447468.000  1367.561    0.1323
 2447469.000  1367.161    0.1325
 2447470.000  1366.727    0.1327
 2447471.000  1366.550    0.1329
 2447472.000  1366.696    0.1331
 2447473.000  1367.070    0.1333
 2447474.000  1367.182    0.1335
 2447475.000  1367.438    0.1337
 2447476.000  1367.647    0.1339
 2447477.000  1367.629    0.1341
 2447478.000  1367.806    0.1343
 2447479.000  1367.685    0.1345
 2447480.000  1367.462    0.1346
 2447481.000  1367.591    0.1348
 2447482.000  1367.560    0.1350
 2447483.000  1367.632    0.1352
 2447484.000  1367.670    0.1354
 2447485.000  1367.685    0.1356
 2447486.000  1367.827    0.1358
 2447487.000  1367.940    0.1360
 2447488.000  1367.858    0.1362
 2447489.000  1368.012    0.1364
 2447490.000  1368.087    0.1366
 2447491.000  1368.251    0.1368
 2447492.000  1368.150    0.1370
 2447493.000  1368.041    0.1372
 2447494.000  1367.980    0.1374
 2447495.000  1367.819    0.1376
 2447496.000  1367.792    0.1378
 2447497.000  1367.606    0.1380
 2447498.000  1367.564    0.1382
 2447499.000  1367.562    0.1384
 2447500.000  1367.805    0.1385
 2447501.000  1368.176    0.1387
 2447502.000  1368.307    0.1389
 2447503.000  1368.390    0.1391
 2447504.000  1368.462    0.1393
 2447505.000    -9.000   -9.0000
 2447506.000  1368.439    0.1397
 2447507.000  1368.265    0.1399
 2447508.000  1368.215    0.1401
 2447509.000  1367.886    0.1403
 2447510.000  1367.795    0.1405
 2447511.000  1367.476    0.1407
 2447512.000  1367.064    0.1409
 2447513.000  1366.827    0.1411
 2447514.000  1366.605    0.1413
 2447515.000  1366.415    0.1415
 2447516.000  1366.433    0.1417
 2447517.000  1366.540    0.1419
 2447518.000  1366.828    0.1421
 2447519.000  1366.969    0.1423
 2447520.000  1367.238    0.1425
 2447521.000  1367.392    0.1427
 2447522.000  1367.200    0.1429
 2447523.000  1366.793    0.1431
 2447524.000  1366.817    0.1433
 2447525.000  1367.012    0.1435
 2447526.000  1367.433    0.1437
 2447527.000  1367.653    0.1439
 2447528.000  1367.833    0.1441
 2447529.000  1368.023    0.1443
 2447530.000  1367.998    0.1445
 2447531.000  1367.932    0.1447
 2447532.000  1367.943    0.1449
 2447533.000  1367.968    0.1451
 2447534.000  1367.985    0.1453
 2447535.000  1367.771    0.1454
 2447536.000  1367.596    0.1456
 2447537.000  1367.581    0.1458
 2447538.000  1367.811    0.1460
 2447539.000  1367.797    0.1462
 2447540.000  1367.740    0.1464
 2447541.000  1367.477    0.1466
 2447542.000  1366.997    0.1468
 2447543.000  1366.633    0.1469
 2447544.000  1366.758    0.1471
 2447545.000  1367.269    0.1473
 2447546.000  1367.911    0.1475
 2447547.000  1368.318    0.1477
 2447548.000  1368.714    0.1479
 2447549.000  1368.734    0.1480
 2447550.000  1368.249    0.1482
 2447551.000    -9.000   -9.0000
 2447552.000  1367.217    0.1486
 2447553.000  1366.968    0.1487
 2447554.000  1367.287    0.1489
 2447555.000  1367.298    0.1491
 2447556.000  1367.380    0.1493
 2447557.000  1367.813    0.1494
 2447558.000  1368.134    0.1496
 2447559.000  1368.341    0.1498
 2447560.000  1368.289    0.1499
 2447561.000  1368.324    0.1501
 2447562.000  1368.485    0.1503
 2447563.000  1368.719    0.1504
 2447564.000  1368.829    0.1506
 2447565.000  1368.903    0.1508
 2447566.000  1368.692    0.1509
 2447567.000  1368.413    0.1511
 2447568.000  1367.950    0.1512
 2447569.000  1367.771    0.1514
 2447570.000  1367.705    0.1516
 2447571.000  1367.771    0.1517
 2447572.000  1367.586    0.1519
 2447573.000  1367.749    0.1520
 2447574.000  1368.125    0.1522
 2447575.000  1368.238    0.1523
 2447576.000  1368.610    0.1525
 2447577.000  1368.740    0.1526
 2447578.000  1368.455    0.1528
 2447579.000  1367.769    0.1529
 2447580.000  1367.402    0.1531
 2447581.000  1367.241    0.1532
 2447582.000  1367.288    0.1533
 2447583.000  1367.859    0.1535
 2447584.000    -9.000   -9.0000
 2447585.000  1368.279    0.1538
 2447586.000  1368.281    0.1539
 2447587.000  1368.103    0.1540
 2447588.000  1368.028    0.1542
 2447589.000  1367.744    0.1543
 2447590.000  1367.986    0.1544
 2447591.000  1368.182    0.1546
 2447592.000  1368.454    0.1547
 2447593.000  1368.548    0.1548
 2447594.000  1368.378    0.1549
 2447595.000  1367.988    0.1550
 2447596.000  1367.493    0.1552
 2447597.000  1367.088    0.1553
 2447598.000  1366.494    0.1554
 2447599.000  1366.506    0.1555
 2447600.000  1366.881    0.1556
 2447601.000  1367.382    0.1557
 2447602.000  1367.894    0.1559
 2447603.000  1368.384    0.1560
 2447604.000  1368.755    0.1561
 2447605.000  1368.690    0.1562
 2447606.000  1368.232    0.1563
 2447607.000  1367.910    0.1564
 2447608.000  1367.447    0.1565
 2447609.000  1367.631    0.1566
 2447610.000    -9.000   -9.0000
 2447611.000  1367.924    0.1568
 2447612.000  1368.029    0.1569
 2447613.000  1367.993    0.1570
 2447614.000  1367.848    0.1571
 2447615.000  1367.940    0.1572
 2447616.000  1368.005    0.1573
 2447617.000  1367.986    0.1574
 2447618.000  1367.937    0.1575
 2447619.000  1367.889    0.1576
 2447620.000  1367.559    0.1577
 2447621.000  1367.639    0.1578
 2447622.000  1367.761    0.1579
 2447623.000  1367.942    0.1580
 2447624.000  1368.191    0.1580
 2447625.000  1368.323    0.1581
 2447626.000  1368.787    0.1582
 2447627.000  1369.162    0.1583
 2447628.000  1369.330    0.1584
 2447629.000  1369.429    0.1585
 2447630.000  1369.330    0.1586
 2447631.000  1368.910    0.1586
 2447632.000  1368.338    0.1587
 2447633.000  1367.901    0.1588
 2447634.000  1367.559    0.1589
 2447635.000  1367.397    0.1590
 2447636.000  1367.365    0.1590
 2447637.000  1367.548    0.1591
 2447638.000  1367.582    0.1592
 2447639.000  1367.748    0.1592
 2447640.000  1367.648    0.1593
 2447641.000  1367.604    0.1594
 2447642.000  1367.547    0.1595
 2447643.000  1367.779    0.1595
 2447644.000  1367.666    0.1596
 2447645.000  1367.950    0.1597
 2447646.000  1367.976    0.1597
 2447647.000  1367.985    0.1598
 2447648.000  1367.953    0.1599
 2447649.000  1367.898    0.1599
 2447650.000  1367.921    0.1600
 2447651.000  1367.923    0.1600
 2447652.000  1368.036    0.1601
 2447653.000  1368.246    0.1602
 2447654.000  1368.543    0.1602
 2447655.000  1368.751    0.1603
 2447656.000  1368.943    0.1603
 2447657.000  1369.123    0.1604
 2447658.000  1369.109    0.1604
 2447659.000  1369.707    0.1605
 2447660.000  1369.038    0.1605
 2447661.000  1368.905    0.1606
 2447662.000  1368.709    0.1606
 2447663.000  1368.550    0.1607
 2447664.000  1368.397    0.1607
 2447665.000  1368.343    0.1608
 2447666.000  1368.253    0.1608
 2447667.000  1367.778    0.1609
 2447668.000  1367.287    0.1609
 2447669.000  1367.885    0.1609
 2447670.000  1367.678    0.1610
 2447671.000  1367.716    0.1610
 2447672.000  1367.646    0.1610
 2447673.000  1367.592    0.1611
 2447674.000  1367.635    0.1611
 2447675.000  1367.647    0.1612
 2447676.000  1367.726    0.1612
 2447677.000  1367.585    0.1612
 2447678.000  1367.540    0.1613
 2447679.000  1367.711    0.1613
 2447680.000  1367.822    0.1613
 2447681.000  1368.176    0.1613
 2447682.000  1368.317    0.1614
 2447683.000    -9.000   -9.0000
 2447684.000  1368.673    0.1614
 2447685.000  1368.626    0.1614
 2447686.000  1368.537    0.1615
 2447687.000  1368.546    0.1615
 2447688.000  1368.419    0.1615
 2447689.000  1367.836    0.1615
 2447690.000  1367.423    0.1616
 2447691.000  1366.651    0.1616
 2447692.000  1365.971    0.1616
 2447693.000  1365.609    0.1616
 2447694.000  1365.572    0.1616
 2447695.000  1366.246    0.1616
 2447696.000  1367.065    0.1617
 2447697.000  1367.904    0.1617
 2447698.000  1368.564    0.1617
 2447699.000  1368.623    0.1617
 2447700.000  1368.286    0.1617
 2447701.000  1367.793    0.1617
 2447702.000  1367.247    0.1617
 2447703.000  1367.052    0.1618
 2447704.000  1367.015    0.1618
 2447705.000  1366.942    0.1618
 2447706.000  1367.041    0.1618
 2447707.000  1367.321    0.1618
 2447708.000  1367.832    0.1618
 2447709.000  1368.470    0.1618
 2447710.000  1368.938    0.1618
 2447711.000  1369.014    0.1618
 2447712.000  1368.678    0.1618
 2447713.000  1368.605    0.1618
 2447714.000  1368.753    0.1618
 2447715.000  1368.762    0.1618
 2447716.000  1368.889    0.1618
 2447717.000  1368.930    0.1618
 2447718.000  1368.854    0.1618
 2447719.000  1368.823    0.1618
 2447720.000  1368.628    0.1618
 2447721.000  1368.506    0.1618
 2447722.000  1368.402    0.1618
