;The following data are for ERBS_corr
;The standard deviation was produced by comparing the  355day filtered TSI data
;  with the sunspot number also filtered with the same smoothing.
;The columns are as follows:  1: julian day, 2: TSI in Wm-2, 3: stddev in Wm-2
;The format is d12.3,f10.3,f10.4 and no or invalid data are given as -9.0  
;the next line contains the number of lines and the offset as i6,f10.3
  6860  1364.483
 2445998.112  1364.800    0.1146
 2445999.112  1365.399    0.1146
 2446000.112    -9.000   -9.0000
 2446001.112    -9.000   -9.0000
 2446002.112  1365.198    0.1146
 2446003.112    -9.000   -9.0000
 2446004.112    -9.000   -9.0000
 2446005.112  1365.997    0.1146
 2446006.112    -9.000   -9.0000
 2446007.112    -9.000   -9.0000
 2446008.112    -9.000   -9.0000
 2446009.112  1365.496    0.1145
 2446010.112    -9.000   -9.0000
 2446011.112    -9.000   -9.0000
 2446012.112    -9.000   -9.0000
 2446013.112    -9.000   -9.0000
 2446014.112    -9.000   -9.0000
 2446015.112    -9.000   -9.0000
 2446016.112  1365.395    0.1145
 2446017.112    -9.000   -9.0000
 2446018.112    -9.000   -9.0000
 2446019.112    -9.000   -9.0000
 2446020.112    -9.000   -9.0000
 2446021.112    -9.000   -9.0000
 2446022.112    -9.000   -9.0000
 2446023.112    -9.000   -9.0000
 2446024.112  1365.294    0.1145
 2446025.112    -9.000   -9.0000
 2446026.112    -9.000   -9.0000
 2446027.112    -9.000   -9.0000
 2446028.112    -9.000   -9.0000
 2446029.112    -9.000   -9.0000
 2446030.112  1364.993    0.1145
 2446031.112    -9.000   -9.0000
 2446032.112    -9.000   -9.0000
 2446033.112    -9.000   -9.0000
 2446034.112    -9.000   -9.0000
 2446035.112    -9.000   -9.0000
 2446036.112    -9.000   -9.0000
 2446037.112  1365.292    0.1145
 2446038.112    -9.000   -9.0000
 2446039.112    -9.000   -9.0000
 2446040.112    -9.000   -9.0000
 2446041.112    -9.000   -9.0000
 2446042.112    -9.000   -9.0000
 2446043.112    -9.000   -9.0000
 2446044.112  1365.391    0.1144
 2446045.112    -9.000   -9.0000
 2446046.112    -9.000   -9.0000
 2446047.112    -9.000   -9.0000
 2446048.112    -9.000   -9.0000
 2446049.112    -9.000   -9.0000
 2446050.112    -9.000   -9.0000
 2446051.112  1365.490    0.1144
 2446052.112    -9.000   -9.0000
 2446053.112    -9.000   -9.0000
 2446054.112    -9.000   -9.0000
 2446055.112    -9.000   -9.0000
 2446056.112    -9.000   -9.0000
 2446057.112    -9.000   -9.0000
 2446058.112    -9.000   -9.0000
 2446059.112    -9.000   -9.0000
 2446060.112    -9.000   -9.0000
 2446061.112    -9.000   -9.0000
 2446062.112  1364.889    0.1144
 2446063.112    -9.000   -9.0000
 2446064.112    -9.000   -9.0000
 2446065.112    -9.000   -9.0000
 2446066.112    -9.000   -9.0000
 2446067.112    -9.000   -9.0000
 2446068.112    -9.000   -9.0000
 2446069.112    -9.000   -9.0000
 2446070.112    -9.000   -9.0000
 2446071.112    -9.000   -9.0000
 2446072.112    -9.000   -9.0000
 2446073.112    -9.000   -9.0000
 2446074.112  1365.088    0.1143
 2446075.112    -9.000   -9.0000
 2446076.112    -9.000   -9.0000
 2446077.112    -9.000   -9.0000
 2446078.112    -9.000   -9.0000
 2446079.112    -9.000   -9.0000
 2446080.112    -9.000   -9.0000
 2446081.112    -9.000   -9.0000
 2446082.112    -9.000   -9.0000
 2446083.112    -9.000   -9.0000
 2446084.112    -9.000   -9.0000
 2446085.112    -9.000   -9.0000
 2446086.112    -9.000   -9.0000
 2446087.112    -9.000   -9.0000
 2446088.112  1365.087    0.1143
 2446089.112    -9.000   -9.0000
 2446090.112    -9.000   -9.0000
 2446091.112    -9.000   -9.0000
 2446092.112    -9.000   -9.0000
 2446093.112    -9.000   -9.0000
 2446094.112    -9.000   -9.0000
 2446095.112    -9.000   -9.0000
 2446096.112    -9.000   -9.0000
 2446097.112    -9.000   -9.0000
 2446098.112    -9.000   -9.0000
 2446099.112    -9.000   -9.0000
 2446100.112    -9.000   -9.0000
 2446101.112    -9.000   -9.0000
 2446102.112  1365.487    0.1142
 2446103.112    -9.000   -9.0000
 2446104.112    -9.000   -9.0000
 2446105.112    -9.000   -9.0000
 2446106.112    -9.000   -9.0000
 2446107.112    -9.000   -9.0000
 2446108.112    -9.000   -9.0000
 2446109.112    -9.000   -9.0000
 2446110.112    -9.000   -9.0000
 2446111.112    -9.000   -9.0000
 2446112.112    -9.000   -9.0000
 2446113.112    -9.000   -9.0000
 2446114.112    -9.000   -9.0000
 2446115.112    -9.000   -9.0000
 2446116.112  1364.786    0.1142
 2446117.112    -9.000   -9.0000
 2446118.112    -9.000   -9.0000
 2446119.112    -9.000   -9.0000
 2446120.112    -9.000   -9.0000
 2446121.112    -9.000   -9.0000
 2446122.112    -9.000   -9.0000
 2446123.112    -9.000   -9.0000
 2446124.112    -9.000   -9.0000
 2446125.112    -9.000   -9.0000
 2446126.112    -9.000   -9.0000
 2446127.112    -9.000   -9.0000
 2446128.112    -9.000   -9.0000
 2446129.112    -9.000   -9.0000
 2446130.112  1364.885    0.1141
 2446131.112    -9.000   -9.0000
 2446132.112    -9.000   -9.0000
 2446133.112    -9.000   -9.0000
 2446134.112    -9.000   -9.0000
 2446135.112    -9.000   -9.0000
 2446136.112    -9.000   -9.0000
 2446137.112    -9.000   -9.0000
 2446138.112    -9.000   -9.0000
 2446139.112    -9.000   -9.0000
 2446140.112    -9.000   -9.0000
 2446141.112    -9.000   -9.0000
 2446142.112    -9.000   -9.0000
 2446143.112    -9.000   -9.0000
 2446144.112  1364.884    0.1141
 2446145.112    -9.000   -9.0000
 2446146.112    -9.000   -9.0000
 2446147.112    -9.000   -9.0000
 2446148.112    -9.000   -9.0000
 2446149.112    -9.000   -9.0000
 2446150.112    -9.000   -9.0000
 2446151.112    -9.000   -9.0000
 2446152.112    -9.000   -9.0000
 2446153.112    -9.000   -9.0000
 2446154.112    -9.000   -9.0000
 2446155.112    -9.000   -9.0000
 2446156.112    -9.000   -9.0000
 2446157.112    -9.000   -9.0000
 2446158.112  1364.483    0.1140
 2446159.112    -9.000   -9.0000
 2446160.112    -9.000   -9.0000
 2446161.112    -9.000   -9.0000
 2446162.112    -9.000   -9.0000
 2446163.112    -9.000   -9.0000
 2446164.112    -9.000   -9.0000
 2446165.112    -9.000   -9.0000
 2446166.112    -9.000   -9.0000
 2446167.112    -9.000   -9.0000
 2446168.112    -9.000   -9.0000
 2446169.112    -9.000   -9.0000
 2446170.112    -9.000   -9.0000
 2446171.112    -9.000   -9.0000
 2446172.112  1364.882    0.1140
 2446173.112    -9.000   -9.0000
 2446174.112    -9.000   -9.0000
 2446175.112    -9.000   -9.0000
 2446176.112    -9.000   -9.0000
 2446177.112    -9.000   -9.0000
 2446178.112    -9.000   -9.0000
 2446179.112    -9.000   -9.0000
 2446180.112    -9.000   -9.0000
 2446181.112    -9.000   -9.0000
 2446182.112    -9.000   -9.0000
 2446183.112    -9.000   -9.0000
 2446184.112    -9.000   -9.0000
 2446185.112    -9.000   -9.0000
 2446186.112  1364.081    0.1139
 2446187.112    -9.000   -9.0000
 2446188.112    -9.000   -9.0000
 2446189.112    -9.000   -9.0000
 2446190.112    -9.000   -9.0000
 2446191.112    -9.000   -9.0000
 2446192.112    -9.000   -9.0000
 2446193.112  1364.180    0.1139
 2446194.112    -9.000   -9.0000
 2446195.112    -9.000   -9.0000
 2446196.112    -9.000   -9.0000
 2446197.112    -9.000   -9.0000
 2446198.112    -9.000   -9.0000
 2446199.112    -9.000   -9.0000
 2446200.112    -9.000   -9.0000
 2446201.112    -9.000   -9.0000
 2446202.112    -9.000   -9.0000
 2446203.112    -9.000   -9.0000
 2446204.112    -9.000   -9.0000
 2446205.112    -9.000   -9.0000
 2446206.112    -9.000   -9.0000
 2446207.112    -9.000   -9.0000
 2446208.112    -9.000   -9.0000
 2446209.112    -9.000   -9.0000
 2446210.112    -9.000   -9.0000
 2446211.112    -9.000   -9.0000
 2446212.112    -9.000   -9.0000
 2446213.112    -9.000   -9.0000
 2446214.112  1364.179    0.1138
 2446215.112    -9.000   -9.0000
 2446216.112    -9.000   -9.0000
 2446217.112    -9.000   -9.0000
 2446218.112    -9.000   -9.0000
 2446219.112    -9.000   -9.0000
 2446220.112    -9.000   -9.0000
 2446221.112    -9.000   -9.0000
 2446222.112    -9.000   -9.0000
 2446223.112    -9.000   -9.0000
 2446224.112    -9.000   -9.0000
 2446225.112    -9.000   -9.0000
 2446226.112    -9.000   -9.0000
 2446227.112    -9.000   -9.0000
 2446228.112    -9.000   -9.0000
 2446229.112    -9.000   -9.0000
 2446230.112    -9.000   -9.0000
 2446231.112    -9.000   -9.0000
 2446232.112    -9.000   -9.0000
 2446233.112    -9.000   -9.0000
 2446234.112  1364.778    0.1137
 2446235.112    -9.000   -9.0000
 2446236.112    -9.000   -9.0000
 2446237.112    -9.000   -9.0000
 2446238.112    -9.000   -9.0000
 2446239.112    -9.000   -9.0000
 2446240.112    -9.000   -9.0000
 2446241.112    -9.000   -9.0000
 2446242.112  1364.677    0.1137
 2446243.112    -9.000   -9.0000
 2446244.112    -9.000   -9.0000
 2446245.112    -9.000   -9.0000
 2446246.112    -9.000   -9.0000
 2446247.112    -9.000   -9.0000
 2446248.112    -9.000   -9.0000
 2446249.112    -9.000   -9.0000
 2446250.112    -9.000   -9.0000
 2446251.112    -9.000   -9.0000
 2446252.112    -9.000   -9.0000
 2446253.112    -9.000   -9.0000
 2446254.112    -9.000   -9.0000
 2446255.112    -9.000   -9.0000
 2446256.112  1363.676    0.1137
 2446257.112    -9.000   -9.0000
 2446258.112    -9.000   -9.0000
 2446259.112    -9.000   -9.0000
 2446260.112    -9.000   -9.0000
 2446261.112    -9.000   -9.0000
 2446262.112    -9.000   -9.0000
 2446263.112    -9.000   -9.0000
 2446264.112    -9.000   -9.0000
 2446265.112    -9.000   -9.0000
 2446266.112    -9.000   -9.0000
 2446267.112    -9.000   -9.0000
 2446268.112    -9.000   -9.0000
 2446269.112    -9.000   -9.0000
 2446270.112  1364.275    0.1136
 2446271.112    -9.000   -9.0000
 2446272.112    -9.000   -9.0000
 2446273.112    -9.000   -9.0000
 2446274.112    -9.000   -9.0000
 2446275.112    -9.000   -9.0000
 2446276.112    -9.000   -9.0000
 2446277.112    -9.000   -9.0000
 2446278.112    -9.000   -9.0000
 2446279.112    -9.000   -9.0000
 2446280.112    -9.000   -9.0000
 2446281.112    -9.000   -9.0000
 2446282.112    -9.000   -9.0000
 2446283.112    -9.000   -9.0000
 2446284.112  1365.074    0.1136
 2446285.112    -9.000   -9.0000
 2446286.112    -9.000   -9.0000
 2446287.112    -9.000   -9.0000
 2446288.112    -9.000   -9.0000
 2446289.112    -9.000   -9.0000
 2446290.112    -9.000   -9.0000
 2446291.112    -9.000   -9.0000
 2446292.112    -9.000   -9.0000
 2446293.112    -9.000   -9.0000
 2446294.112    -9.000   -9.0000
 2446295.112    -9.000   -9.0000
 2446296.112    -9.000   -9.0000
 2446297.112    -9.000   -9.0000
 2446298.112  1364.473    0.1135
 2446299.112    -9.000   -9.0000
 2446300.112    -9.000   -9.0000
 2446301.112    -9.000   -9.0000
 2446302.112    -9.000   -9.0000
 2446303.112    -9.000   -9.0000
 2446304.112    -9.000   -9.0000
 2446305.112    -9.000   -9.0000
 2446306.112    -9.000   -9.0000
 2446307.112    -9.000   -9.0000
 2446308.112    -9.000   -9.0000
 2446309.112    -9.000   -9.0000
 2446310.112    -9.000   -9.0000
 2446311.112    -9.000   -9.0000
 2446312.112  1364.472    0.1134
 2446313.112    -9.000   -9.0000
 2446314.112    -9.000   -9.0000
 2446315.112    -9.000   -9.0000
 2446316.112    -9.000   -9.0000
 2446317.112    -9.000   -9.0000
 2446318.112    -9.000   -9.0000
 2446319.112    -9.000   -9.0000
 2446320.112    -9.000   -9.0000
 2446321.112    -9.000   -9.0000
 2446322.112    -9.000   -9.0000
 2446323.112    -9.000   -9.0000
 2446324.112    -9.000   -9.0000
 2446325.112    -9.000   -9.0000
 2446326.112  1364.671    0.1134
 2446327.112    -9.000   -9.0000
 2446328.112    -9.000   -9.0000
 2446329.112    -9.000   -9.0000
 2446330.112    -9.000   -9.0000
 2446331.112    -9.000   -9.0000
 2446332.112    -9.000   -9.0000
 2446333.112    -9.000   -9.0000
 2446334.112    -9.000   -9.0000
 2446335.112    -9.000   -9.0000
 2446336.112    -9.000   -9.0000
 2446337.112    -9.000   -9.0000
 2446338.112    -9.000   -9.0000
 2446339.112    -9.000   -9.0000
 2446340.112  1364.571    0.1133
 2446341.112    -9.000   -9.0000
 2446342.112    -9.000   -9.0000
 2446343.112    -9.000   -9.0000
 2446344.112    -9.000   -9.0000
 2446345.112    -9.000   -9.0000
 2446346.112    -9.000   -9.0000
 2446347.112    -9.000   -9.0000
 2446348.112    -9.000   -9.0000
 2446349.112    -9.000   -9.0000
 2446350.112    -9.000   -9.0000
 2446351.112    -9.000   -9.0000
 2446352.112    -9.000   -9.0000
 2446353.112    -9.000   -9.0000
 2446354.112  1364.870    0.1133
 2446355.112    -9.000   -9.0000
 2446356.112    -9.000   -9.0000
 2446357.112    -9.000   -9.0000
 2446358.112  1365.269    0.1133
 2446359.112    -9.000   -9.0000
 2446360.112    -9.000   -9.0000
 2446361.112    -9.000   -9.0000
 2446362.112    -9.000   -9.0000
 2446363.112    -9.000   -9.0000
 2446364.112    -9.000   -9.0000
 2446365.112    -9.000   -9.0000
 2446366.112    -9.000   -9.0000
 2446367.112    -9.000   -9.0000
 2446368.112    -9.000   -9.0000
 2446369.112  1365.668    0.1132
 2446370.112    -9.000   -9.0000
 2446371.112    -9.000   -9.0000
 2446372.112    -9.000   -9.0000
 2446373.112    -9.000   -9.0000
 2446374.112    -9.000   -9.0000
 2446375.112    -9.000   -9.0000
 2446376.112    -9.000   -9.0000
 2446377.112    -9.000   -9.0000
 2446378.112    -9.000   -9.0000
 2446379.112    -9.000   -9.0000
 2446380.112    -9.000   -9.0000
 2446381.112    -9.000   -9.0000
 2446382.112  1365.067    0.1132
 2446383.112    -9.000   -9.0000
 2446384.112    -9.000   -9.0000
 2446385.112    -9.000   -9.0000
 2446386.112    -9.000   -9.0000
 2446387.112    -9.000   -9.0000
 2446388.112    -9.000   -9.0000
 2446389.112    -9.000   -9.0000
 2446390.112    -9.000   -9.0000
 2446391.112    -9.000   -9.0000
 2446392.112    -9.000   -9.0000
 2446393.112    -9.000   -9.0000
 2446394.112    -9.000   -9.0000
 2446395.112    -9.000   -9.0000
 2446396.112  1364.666    0.1131
 2446397.112    -9.000   -9.0000
 2446398.112    -9.000   -9.0000
 2446399.112    -9.000   -9.0000
 2446400.112    -9.000   -9.0000
 2446401.112    -9.000   -9.0000
 2446402.112    -9.000   -9.0000
 2446403.112    -9.000   -9.0000
 2446404.112    -9.000   -9.0000
 2446405.112    -9.000   -9.0000
 2446406.112    -9.000   -9.0000
 2446407.112    -9.000   -9.0000
 2446408.112    -9.000   -9.0000
 2446409.112    -9.000   -9.0000
 2446410.112    -9.000   -9.0000
 2446411.112    -9.000   -9.0000
 2446412.112    -9.000   -9.0000
 2446413.112    -9.000   -9.0000
 2446414.112    -9.000   -9.0000
 2446415.112    -9.000   -9.0000
 2446416.112    -9.000   -9.0000
 2446417.112  1364.565    0.1130
 2446418.112    -9.000   -9.0000
 2446419.112    -9.000   -9.0000
 2446420.112    -9.000   -9.0000
 2446421.112    -9.000   -9.0000
 2446422.112    -9.000   -9.0000
 2446423.112    -9.000   -9.0000
 2446424.112  1364.764    0.1130
 2446425.112    -9.000   -9.0000
 2446426.112    -9.000   -9.0000
 2446427.112    -9.000   -9.0000
 2446428.112    -9.000   -9.0000
 2446429.112    -9.000   -9.0000
 2446430.112    -9.000   -9.0000
 2446431.112    -9.000   -9.0000
 2446432.112    -9.000   -9.0000
 2446433.112    -9.000   -9.0000
 2446434.112    -9.000   -9.0000
 2446435.112    -9.000   -9.0000
 2446436.112    -9.000   -9.0000
 2446437.112    -9.000   -9.0000
 2446438.112  1365.063    0.1129
 2446439.112    -9.000   -9.0000
 2446440.112    -9.000   -9.0000
 2446441.112    -9.000   -9.0000
 2446442.112    -9.000   -9.0000
 2446443.112    -9.000   -9.0000
 2446444.112    -9.000   -9.0000
 2446445.112    -9.000   -9.0000
 2446446.112    -9.000   -9.0000
 2446447.112    -9.000   -9.0000
 2446448.112    -9.000   -9.0000
 2446449.112    -9.000   -9.0000
 2446450.112    -9.000   -9.0000
 2446451.112    -9.000   -9.0000
 2446452.112  1365.062    0.1129
 2446453.112    -9.000   -9.0000
 2446454.112    -9.000   -9.0000
 2446455.112    -9.000   -9.0000
 2446456.112    -9.000   -9.0000
 2446457.112    -9.000   -9.0000
 2446458.112    -9.000   -9.0000
 2446459.112    -9.000   -9.0000
 2446460.112    -9.000   -9.0000
 2446461.112    -9.000   -9.0000
 2446462.112    -9.000   -9.0000
 2446463.112    -9.000   -9.0000
 2446464.112    -9.000   -9.0000
 2446465.112    -9.000   -9.0000
 2446466.112  1364.161    0.1128
 2446467.112    -9.000   -9.0000
 2446468.112    -9.000   -9.0000
 2446469.112    -9.000   -9.0000
 2446470.112    -9.000   -9.0000
 2446471.112    -9.000   -9.0000
 2446472.112    -9.000   -9.0000
 2446473.112    -9.000   -9.0000
 2446474.112    -9.000   -9.0000
 2446475.112    -9.000   -9.0000
 2446476.112  1364.460    0.1128
 2446477.112    -9.000   -9.0000
 2446478.112    -9.000   -9.0000
 2446479.112    -9.000   -9.0000
 2446480.112    -9.000   -9.0000
 2446481.112    -9.000   -9.0000
 2446482.112    -9.000   -9.0000
 2446483.112    -9.000   -9.0000
 2446484.112    -9.000   -9.0000
 2446485.112    -9.000   -9.0000
 2446486.112    -9.000   -9.0000
 2446487.112  1364.760    0.1127
 2446488.112    -9.000   -9.0000
 2446489.112    -9.000   -9.0000
 2446490.112    -9.000   -9.0000
 2446491.112    -9.000   -9.0000
 2446492.112    -9.000   -9.0000
 2446493.112    -9.000   -9.0000
 2446494.112  1364.659    0.1127
 2446495.112    -9.000   -9.0000
 2446496.112    -9.000   -9.0000
 2446497.112    -9.000   -9.0000
 2446498.112    -9.000   -9.0000
 2446499.112    -9.000   -9.0000
 2446500.112    -9.000   -9.0000
 2446501.112    -9.000   -9.0000
 2446502.112    -9.000   -9.0000
 2446503.112    -9.000   -9.0000
 2446504.112    -9.000   -9.0000
 2446505.112    -9.000   -9.0000
 2446506.112    -9.000   -9.0000
 2446507.112    -9.000   -9.0000
 2446508.112  1364.358    0.1126
 2446509.112    -9.000   -9.0000
 2446510.112    -9.000   -9.0000
 2446511.112    -9.000   -9.0000
 2446512.112    -9.000   -9.0000
 2446513.112    -9.000   -9.0000
 2446514.112    -9.000   -9.0000
 2446515.112    -9.000   -9.0000
 2446516.112    -9.000   -9.0000
 2446517.112    -9.000   -9.0000
 2446518.112    -9.000   -9.0000
 2446519.112    -9.000   -9.0000
 2446520.112    -9.000   -9.0000
 2446521.112    -9.000   -9.0000
 2446522.112  1364.757    0.1126
 2446523.112    -9.000   -9.0000
 2446524.112    -9.000   -9.0000
 2446525.112    -9.000   -9.0000
 2446526.112    -9.000   -9.0000
 2446527.112    -9.000   -9.0000
 2446528.112    -9.000   -9.0000
 2446529.112    -9.000   -9.0000
 2446530.112    -9.000   -9.0000
 2446531.112    -9.000   -9.0000
 2446532.112    -9.000   -9.0000
 2446533.112    -9.000   -9.0000
 2446534.112    -9.000   -9.0000
 2446535.112    -9.000   -9.0000
 2446536.112  1364.156    0.1125
 2446537.112    -9.000   -9.0000
 2446538.112    -9.000   -9.0000
 2446539.112    -9.000   -9.0000
 2446540.112    -9.000   -9.0000
 2446541.112    -9.000   -9.0000
 2446542.112    -9.000   -9.0000
 2446543.112    -9.000   -9.0000
 2446544.112    -9.000   -9.0000
 2446545.112    -9.000   -9.0000
 2446546.112    -9.000   -9.0000
 2446547.112    -9.000   -9.0000
 2446548.112    -9.000   -9.0000
 2446549.112    -9.000   -9.0000
 2446550.112  1364.555    0.1124
 2446551.112    -9.000   -9.0000
 2446552.112    -9.000   -9.0000
 2446553.112    -9.000   -9.0000
 2446554.112    -9.000   -9.0000
 2446555.112    -9.000   -9.0000
 2446556.112    -9.000   -9.0000
 2446557.112    -9.000   -9.0000
 2446558.112    -9.000   -9.0000
 2446559.112    -9.000   -9.0000
 2446560.112    -9.000   -9.0000
 2446561.112    -9.000   -9.0000
 2446562.112    -9.000   -9.0000
 2446563.112    -9.000   -9.0000
 2446564.112  1364.654    0.1124
 2446565.112    -9.000   -9.0000
 2446566.112    -9.000   -9.0000
 2446567.112    -9.000   -9.0000
 2446568.112    -9.000   -9.0000
 2446569.112    -9.000   -9.0000
 2446570.112    -9.000   -9.0000
 2446571.112    -9.000   -9.0000
 2446572.112    -9.000   -9.0000
 2446573.112    -9.000   -9.0000
 2446574.112    -9.000   -9.0000
 2446575.112    -9.000   -9.0000
 2446576.112    -9.000   -9.0000
 2446577.112    -9.000   -9.0000
 2446578.112  1364.353    0.1123
 2446579.112    -9.000   -9.0000
 2446580.112    -9.000   -9.0000
 2446581.112    -9.000   -9.0000
 2446582.112    -9.000   -9.0000
 2446583.112    -9.000   -9.0000
 2446584.112    -9.000   -9.0000
 2446585.112  1364.352    0.1123
 2446586.112    -9.000   -9.0000
 2446587.112    -9.000   -9.0000
 2446588.112    -9.000   -9.0000
 2446589.112    -9.000   -9.0000
 2446590.112    -9.000   -9.0000
 2446591.112    -9.000   -9.0000
 2446592.112    -9.000   -9.0000
 2446593.112    -9.000   -9.0000
 2446594.112    -9.000   -9.0000
 2446595.112    -9.000   -9.0000
 2446596.112    -9.000   -9.0000
 2446597.112    -9.000   -9.0000
 2446598.112    -9.000   -9.0000
 2446599.112  1364.651    0.1122
 2446600.112    -9.000   -9.0000
 2446601.112    -9.000   -9.0000
 2446602.112    -9.000   -9.0000
 2446603.112    -9.000   -9.0000
 2446604.112    -9.000   -9.0000
 2446605.112    -9.000   -9.0000
 2446606.112  1364.250    0.1122
 2446607.112    -9.000   -9.0000
 2446608.112    -9.000   -9.0000
 2446609.112    -9.000   -9.0000
 2446610.112    -9.000   -9.0000
 2446611.112    -9.000   -9.0000
 2446612.112    -9.000   -9.0000
 2446613.112    -9.000   -9.0000
 2446614.112    -9.000   -9.0000
 2446615.112    -9.000   -9.0000
 2446616.112    -9.000   -9.0000
 2446617.112    -9.000   -9.0000
 2446618.112    -9.000   -9.0000
 2446619.112    -9.000   -9.0000
 2446620.112  1364.250    0.1121
 2446621.112    -9.000   -9.0000
 2446622.112    -9.000   -9.0000
 2446623.112    -9.000   -9.0000
 2446624.112    -9.000   -9.0000
 2446625.112    -9.000   -9.0000
 2446626.112    -9.000   -9.0000
 2446627.112    -9.000   -9.0000
 2446628.112    -9.000   -9.0000
 2446629.112    -9.000   -9.0000
 2446630.112    -9.000   -9.0000
 2446631.112    -9.000   -9.0000
 2446632.112    -9.000   -9.0000
 2446633.112    -9.000   -9.0000
 2446634.112  1365.249    0.1121
 2446635.112    -9.000   -9.0000
 2446636.112    -9.000   -9.0000
 2446637.112    -9.000   -9.0000
 2446638.112    -9.000   -9.0000
 2446639.112    -9.000   -9.0000
 2446640.112    -9.000   -9.0000
 2446641.112    -9.000   -9.0000
 2446642.112    -9.000   -9.0000
 2446643.112    -9.000   -9.0000
 2446644.112    -9.000   -9.0000
 2446645.112    -9.000   -9.0000
 2446646.112    -9.000   -9.0000
 2446647.112    -9.000   -9.0000
 2446648.112    -9.000   -9.0000
 2446649.112    -9.000   -9.0000
 2446650.112    -9.000   -9.0000
 2446651.112    -9.000   -9.0000
 2446652.112    -9.000   -9.0000
 2446653.112    -9.000   -9.0000
 2446654.112    -9.000   -9.0000
 2446655.112    -9.000   -9.0000
 2446656.112    -9.000   -9.0000
 2446657.112    -9.000   -9.0000
 2446658.112    -9.000   -9.0000
 2446659.112  1364.547    0.1119
 2446660.112    -9.000   -9.0000
 2446661.112    -9.000   -9.0000
 2446662.112    -9.000   -9.0000
 2446663.112    -9.000   -9.0000
 2446664.112    -9.000   -9.0000
 2446665.112    -9.000   -9.0000
 2446666.112    -9.000   -9.0000
 2446667.112    -9.000   -9.0000
 2446668.112    -9.000   -9.0000
 2446669.112    -9.000   -9.0000
 2446670.112  1364.346    0.1119
 2446671.112    -9.000   -9.0000
 2446672.112    -9.000   -9.0000
 2446673.112    -9.000   -9.0000
 2446674.112    -9.000   -9.0000
 2446675.112    -9.000   -9.0000
 2446676.112  1364.845    0.1119
 2446677.112    -9.000   -9.0000
 2446678.112    -9.000   -9.0000
 2446679.112    -9.000   -9.0000
 2446680.112    -9.000   -9.0000
 2446681.112    -9.000   -9.0000
 2446682.112    -9.000   -9.0000
 2446683.112    -9.000   -9.0000
 2446684.112    -9.000   -9.0000
 2446685.112    -9.000   -9.0000
 2446686.112    -9.000   -9.0000
 2446687.112    -9.000   -9.0000
 2446688.112    -9.000   -9.0000
 2446689.112    -9.000   -9.0000
 2446690.112  1364.644    0.1118
 2446691.112    -9.000   -9.0000
 2446692.112    -9.000   -9.0000
 2446693.112    -9.000   -9.0000
 2446694.112    -9.000   -9.0000
 2446695.112    -9.000   -9.0000
 2446696.112    -9.000   -9.0000
 2446697.112    -9.000   -9.0000
 2446698.112    -9.000   -9.0000
 2446699.112    -9.000   -9.0000
 2446700.112    -9.000   -9.0000
 2446701.112    -9.000   -9.0000
 2446702.112    -9.000   -9.0000
 2446703.112    -9.000   -9.0000
 2446704.112  1364.543    0.1117
 2446705.112    -9.000   -9.0000
 2446706.112    -9.000   -9.0000
 2446707.112    -9.000   -9.0000
 2446708.112    -9.000   -9.0000
 2446709.112    -9.000   -9.0000
 2446710.112    -9.000   -9.0000
 2446711.112    -9.000   -9.0000
 2446712.112    -9.000   -9.0000
 2446713.112    -9.000   -9.0000
 2446714.112    -9.000   -9.0000
 2446715.112    -9.000   -9.0000
 2446716.112    -9.000   -9.0000
 2446717.112    -9.000   -9.0000
 2446718.112  1364.542    0.1117
 2446719.112    -9.000   -9.0000
 2446720.112    -9.000   -9.0000
 2446721.112    -9.000   -9.0000
 2446722.112    -9.000   -9.0000
 2446723.112    -9.000   -9.0000
 2446724.112    -9.000   -9.0000
 2446725.112    -9.000   -9.0000
 2446726.112    -9.000   -9.0000
 2446727.112    -9.000   -9.0000
 2446728.112    -9.000   -9.0000
 2446729.112    -9.000   -9.0000
 2446730.112    -9.000   -9.0000
 2446731.112    -9.000   -9.0000
 2446732.112  1364.741    0.1116
 2446733.112    -9.000   -9.0000
 2446734.112    -9.000   -9.0000
 2446735.112    -9.000   -9.0000
 2446736.112    -9.000   -9.0000
 2446737.112    -9.000   -9.0000
 2446738.112    -9.000   -9.0000
 2446739.112    -9.000   -9.0000
 2446740.112    -9.000   -9.0000
 2446741.112    -9.000   -9.0000
 2446742.112    -9.000   -9.0000
 2446743.112    -9.000   -9.0000
 2446744.112    -9.000   -9.0000
 2446745.112    -9.000   -9.0000
 2446746.112  1364.640    0.1115
 2446747.112    -9.000   -9.0000
 2446748.112    -9.000   -9.0000
 2446749.112    -9.000   -9.0000
 2446750.112    -9.000   -9.0000
 2446751.112    -9.000   -9.0000
 2446752.112    -9.000   -9.0000
 2446753.112    -9.000   -9.0000
 2446754.112    -9.000   -9.0000
 2446755.112    -9.000   -9.0000
 2446756.112    -9.000   -9.0000
 2446757.112    -9.000   -9.0000
 2446758.112    -9.000   -9.0000
 2446759.112    -9.000   -9.0000
 2446760.112  1364.440    0.1114
 2446761.112    -9.000   -9.0000
 2446762.112    -9.000   -9.0000
 2446763.112    -9.000   -9.0000
 2446764.112    -9.000   -9.0000
 2446765.112    -9.000   -9.0000
 2446766.112    -9.000   -9.0000
 2446767.112    -9.000   -9.0000
 2446768.112  1364.739    0.1114
 2446769.112    -9.000   -9.0000
 2446770.112    -9.000   -9.0000
 2446771.112    -9.000   -9.0000
 2446772.112    -9.000   -9.0000
 2446773.112    -9.000   -9.0000
 2446774.112    -9.000   -9.0000
 2446775.112    -9.000   -9.0000
 2446776.112    -9.000   -9.0000
 2446777.112    -9.000   -9.0000
 2446778.112    -9.000   -9.0000
 2446779.112    -9.000   -9.0000
 2446780.112    -9.000   -9.0000
 2446781.112    -9.000   -9.0000
 2446782.112  1364.438    0.1113
 2446783.112    -9.000   -9.0000
 2446784.112    -9.000   -9.0000
 2446785.112    -9.000   -9.0000
 2446786.112    -9.000   -9.0000
 2446787.112    -9.000   -9.0000
 2446788.112  1364.437    0.1113
 2446789.112    -9.000   -9.0000
 2446790.112    -9.000   -9.0000
 2446791.112    -9.000   -9.0000
 2446792.112    -9.000   -9.0000
 2446793.112    -9.000   -9.0000
 2446794.112    -9.000   -9.0000
 2446795.112    -9.000   -9.0000
 2446796.112    -9.000   -9.0000
 2446797.112    -9.000   -9.0000
 2446798.112    -9.000   -9.0000
 2446799.112    -9.000   -9.0000
 2446800.112    -9.000   -9.0000
 2446801.112    -9.000   -9.0000
 2446802.112  1364.936    0.1112
 2446803.112    -9.000   -9.0000
 2446804.112    -9.000   -9.0000
 2446805.112    -9.000   -9.0000
 2446806.112    -9.000   -9.0000
 2446807.112    -9.000   -9.0000
 2446808.112    -9.000   -9.0000
 2446809.112    -9.000   -9.0000
 2446810.112    -9.000   -9.0000
 2446811.112    -9.000   -9.0000
 2446812.112    -9.000   -9.0000
 2446813.112    -9.000   -9.0000
 2446814.112    -9.000   -9.0000
 2446815.112    -9.000   -9.0000
 2446816.112  1365.835    0.1112
 2446817.112    -9.000   -9.0000
 2446818.112    -9.000   -9.0000
 2446819.112    -9.000   -9.0000
 2446820.112    -9.000   -9.0000
 2446821.112    -9.000   -9.0000
 2446822.112    -9.000   -9.0000
 2446823.112    -9.000   -9.0000
 2446824.112    -9.000   -9.0000
 2446825.112    -9.000   -9.0000
 2446826.112    -9.000   -9.0000
 2446827.112    -9.000   -9.0000
 2446828.112    -9.000   -9.0000
 2446829.112    -9.000   -9.0000
 2446830.112    -9.000   -9.0000
 2446831.112    -9.000   -9.0000
 2446832.112    -9.000   -9.0000
 2446833.112    -9.000   -9.0000
 2446834.112    -9.000   -9.0000
 2446835.112    -9.000   -9.0000
 2446836.112    -9.000   -9.0000
 2446837.112    -9.000   -9.0000
 2446838.112    -9.000   -9.0000
 2446839.112    -9.000   -9.0000
 2446840.112    -9.000   -9.0000
 2446841.112  1364.633    0.1110
 2446842.112    -9.000   -9.0000
 2446843.112    -9.000   -9.0000
 2446844.112    -9.000   -9.0000
 2446845.112    -9.000   -9.0000
 2446846.112    -9.000   -9.0000
 2446847.112    -9.000   -9.0000
 2446848.112    -9.000   -9.0000
 2446849.112    -9.000   -9.0000
 2446850.112    -9.000   -9.0000
 2446851.112    -9.000   -9.0000
 2446852.112  1364.633    0.1110
 2446853.112    -9.000   -9.0000
 2446854.112    -9.000   -9.0000
 2446855.112    -9.000   -9.0000
 2446856.112    -9.000   -9.0000
 2446857.112    -9.000   -9.0000
 2446858.112  1364.632    0.1110
 2446859.112    -9.000   -9.0000
 2446860.112    -9.000   -9.0000
 2446861.112    -9.000   -9.0000
 2446862.112    -9.000   -9.0000
 2446863.112    -9.000   -9.0000
 2446864.112    -9.000   -9.0000
 2446865.112    -9.000   -9.0000
 2446866.112    -9.000   -9.0000
 2446867.112    -9.000   -9.0000
 2446868.112    -9.000   -9.0000
 2446869.112    -9.000   -9.0000
 2446870.112    -9.000   -9.0000
 2446871.112    -9.000   -9.0000
 2446872.112  1364.931    0.1109
 2446873.112    -9.000   -9.0000
 2446874.112    -9.000   -9.0000
 2446875.112    -9.000   -9.0000
 2446876.112    -9.000   -9.0000
 2446877.112    -9.000   -9.0000
 2446878.112    -9.000   -9.0000
 2446879.112    -9.000   -9.0000
 2446880.112    -9.000   -9.0000
 2446881.112    -9.000   -9.0000
 2446882.112    -9.000   -9.0000
 2446883.112    -9.000   -9.0000
 2446884.112    -9.000   -9.0000
 2446885.112    -9.000   -9.0000
 2446886.112  1364.530    0.1108
 2446887.112    -9.000   -9.0000
 2446888.112    -9.000   -9.0000
 2446889.112    -9.000   -9.0000
 2446890.112    -9.000   -9.0000
 2446891.112    -9.000   -9.0000
 2446892.112    -9.000   -9.0000
 2446893.112    -9.000   -9.0000
 2446894.112    -9.000   -9.0000
 2446895.112    -9.000   -9.0000
 2446896.112    -9.000   -9.0000
 2446897.112    -9.000   -9.0000
 2446898.112    -9.000   -9.0000
 2446899.112    -9.000   -9.0000
 2446900.112    -9.000   -9.0000
 2446901.112    -9.000   -9.0000
 2446902.112    -9.000   -9.0000
 2446903.112    -9.000   -9.0000
 2446904.112    -9.000   -9.0000
 2446905.112    -9.000   -9.0000
 2446906.112    -9.000   -9.0000
 2446907.112    -9.000   -9.0000
 2446908.112    -9.000   -9.0000
 2446909.112    -9.000   -9.0000
 2446910.112    -9.000   -9.0000
 2446911.112    -9.000   -9.0000
 2446912.112    -9.000   -9.0000
 2446913.112    -9.000   -9.0000
 2446914.112  1364.528    0.1107
 2446915.112    -9.000   -9.0000
 2446916.112    -9.000   -9.0000
 2446917.112    -9.000   -9.0000
 2446918.112    -9.000   -9.0000
 2446919.112    -9.000   -9.0000
 2446920.112    -9.000   -9.0000
 2446921.112    -9.000   -9.0000
 2446922.112    -9.000   -9.0000
 2446923.112    -9.000   -9.0000
 2446924.112    -9.000   -9.0000
 2446925.112    -9.000   -9.0000
 2446926.112    -9.000   -9.0000
 2446927.112    -9.000   -9.0000
 2446928.112  1365.327    0.1106
 2446929.112    -9.000   -9.0000
 2446930.112    -9.000   -9.0000
 2446931.112    -9.000   -9.0000
 2446932.112    -9.000   -9.0000
 2446933.112    -9.000   -9.0000
 2446934.112    -9.000   -9.0000
 2446935.112    -9.000   -9.0000
 2446936.112    -9.000   -9.0000
 2446937.112    -9.000   -9.0000
 2446938.112    -9.000   -9.0000
 2446939.112    -9.000   -9.0000
 2446940.112    -9.000   -9.0000
 2446941.112    -9.000   -9.0000
 2446942.112  1364.827    0.1105
 2446943.112    -9.000   -9.0000
 2446944.112    -9.000   -9.0000
 2446945.112    -9.000   -9.0000
 2446946.112    -9.000   -9.0000
 2446947.112    -9.000   -9.0000
 2446948.112    -9.000   -9.0000
 2446949.112  1364.826    0.1105
 2446950.112    -9.000   -9.0000
 2446951.112    -9.000   -9.0000
 2446952.112    -9.000   -9.0000
 2446953.112    -9.000   -9.0000
 2446954.112    -9.000   -9.0000
 2446955.112    -9.000   -9.0000
 2446956.112    -9.000   -9.0000
 2446957.112    -9.000   -9.0000
 2446958.112    -9.000   -9.0000
 2446959.112    -9.000   -9.0000
 2446960.112    -9.000   -9.0000
 2446961.112    -9.000   -9.0000
 2446962.112    -9.000   -9.0000
 2446963.112    -9.000   -9.0000
 2446964.112  1364.825    0.1104
 2446965.112    -9.000   -9.0000
 2446966.112    -9.000   -9.0000
 2446967.112    -9.000   -9.0000
 2446968.112    -9.000   -9.0000
 2446969.112    -9.000   -9.0000
 2446970.112  1364.324    0.1104
 2446971.112    -9.000   -9.0000
 2446972.112    -9.000   -9.0000
 2446973.112    -9.000   -9.0000
 2446974.112    -9.000   -9.0000
 2446975.112    -9.000   -9.0000
 2446976.112    -9.000   -9.0000
 2446977.112    -9.000   -9.0000
 2446978.112    -9.000   -9.0000
 2446979.112    -9.000   -9.0000
 2446980.112    -9.000   -9.0000
 2446981.112    -9.000   -9.0000
 2446982.112    -9.000   -9.0000
 2446983.112  1365.223    0.1103
 2446984.112    -9.000   -9.0000
 2446985.112    -9.000   -9.0000
 2446986.112    -9.000   -9.0000
 2446987.112    -9.000   -9.0000
 2446988.112    -9.000   -9.0000
 2446989.112    -9.000   -9.0000
 2446990.112    -9.000   -9.0000
 2446991.112    -9.000   -9.0000
 2446992.112    -9.000   -9.0000
 2446993.112    -9.000   -9.0000
 2446994.112    -9.000   -9.0000
 2446995.112    -9.000   -9.0000
 2446996.112    -9.000   -9.0000
 2446997.112    -9.000   -9.0000
 2446998.112  1364.922    0.1102
 2446999.112    -9.000   -9.0000
 2447000.112    -9.000   -9.0000
 2447001.112    -9.000   -9.0000
 2447002.112    -9.000   -9.0000
 2447003.112    -9.000   -9.0000
 2447004.112    -9.000   -9.0000
 2447005.112    -9.000   -9.0000
 2447006.112    -9.000   -9.0000
 2447007.112    -9.000   -9.0000
 2447008.112    -9.000   -9.0000
 2447009.112    -9.000   -9.0000
 2447010.112    -9.000   -9.0000
 2447011.112  1364.821    0.1101
 2447012.112    -9.000   -9.0000
 2447013.112    -9.000   -9.0000
 2447014.112    -9.000   -9.0000
 2447015.112    -9.000   -9.0000
 2447016.112    -9.000   -9.0000
 2447017.112    -9.000   -9.0000
 2447018.112  1364.821    0.1101
 2447019.112    -9.000   -9.0000
 2447020.112    -9.000   -9.0000
 2447021.112    -9.000   -9.0000
 2447022.112    -9.000   -9.0000
 2447023.112    -9.000   -9.0000
 2447024.112    -9.000   -9.0000
 2447025.112    -9.000   -9.0000
 2447026.112    -9.000   -9.0000
 2447027.112    -9.000   -9.0000
 2447028.112    -9.000   -9.0000
 2447029.112    -9.000   -9.0000
 2447030.112    -9.000   -9.0000
 2447031.112    -9.000   -9.0000
 2447032.112    -9.000   -9.0000
 2447033.112    -9.000   -9.0000
 2447034.112  1365.020    0.1100
 2447035.112    -9.000   -9.0000
 2447036.112    -9.000   -9.0000
 2447037.112    -9.000   -9.0000
 2447038.112    -9.000   -9.0000
 2447039.112  1364.819    0.1100
 2447040.112    -9.000   -9.0000
 2447041.112    -9.000   -9.0000
 2447042.112    -9.000   -9.0000
 2447043.112    -9.000   -9.0000
 2447044.112    -9.000   -9.0000
 2447045.112    -9.000   -9.0000
 2447046.112  1364.818    0.1099
 2447047.112    -9.000   -9.0000
 2447048.112    -9.000   -9.0000
 2447049.112    -9.000   -9.0000
 2447050.112    -9.000   -9.0000
 2447051.112    -9.000   -9.0000
 2447052.112    -9.000   -9.0000
 2447053.112  1365.317    0.1099
 2447054.112    -9.000   -9.0000
 2447055.112    -9.000   -9.0000
 2447056.112    -9.000   -9.0000
 2447057.112    -9.000   -9.0000
 2447058.112    -9.000   -9.0000
 2447059.112    -9.000   -9.0000
 2447060.112    -9.000   -9.0000
 2447061.112    -9.000   -9.0000
 2447062.112    -9.000   -9.0000
 2447063.112    -9.000   -9.0000
 2447064.112    -9.000   -9.0000
 2447065.112    -9.000   -9.0000
 2447066.112    -9.000   -9.0000
 2447067.112  1364.516    0.1098
 2447068.112    -9.000   -9.0000
 2447069.112    -9.000   -9.0000
 2447070.112    -9.000   -9.0000
 2447071.112    -9.000   -9.0000
 2447072.112    -9.000   -9.0000
 2447073.112    -9.000   -9.0000
 2447074.112    -9.000   -9.0000
 2447075.112    -9.000   -9.0000
 2447076.112    -9.000   -9.0000
 2447077.112    -9.000   -9.0000
 2447078.112    -9.000   -9.0000
 2447079.112    -9.000   -9.0000
 2447080.112    -9.000   -9.0000
 2447081.112  1364.316    0.1098
 2447082.112    -9.000   -9.0000
 2447083.112    -9.000   -9.0000
 2447084.112    -9.000   -9.0000
 2447085.112    -9.000   -9.0000
 2447086.112    -9.000   -9.0000
 2447087.112    -9.000   -9.0000
 2447088.112    -9.000   -9.0000
 2447089.112    -9.000   -9.0000
 2447090.112    -9.000   -9.0000
 2447091.112    -9.000   -9.0000
 2447092.112    -9.000   -9.0000
 2447093.112    -9.000   -9.0000
 2447094.112    -9.000   -9.0000
 2447095.112  1364.815    0.1097
 2447096.112    -9.000   -9.0000
 2447097.112    -9.000   -9.0000
 2447098.112    -9.000   -9.0000
 2447099.112    -9.000   -9.0000
 2447100.112    -9.000   -9.0000
 2447101.112    -9.000   -9.0000
 2447102.112    -9.000   -9.0000
 2447103.112    -9.000   -9.0000
 2447104.112    -9.000   -9.0000
 2447105.112    -9.000   -9.0000
 2447106.112    -9.000   -9.0000
 2447107.112    -9.000   -9.0000
 2447108.112    -9.000   -9.0000
 2447109.112  1365.314    0.1096
 2447110.112    -9.000   -9.0000
 2447111.112    -9.000   -9.0000
 2447112.112    -9.000   -9.0000
 2447113.112    -9.000   -9.0000
 2447114.112    -9.000   -9.0000
 2447115.112    -9.000   -9.0000
 2447116.112    -9.000   -9.0000
 2447117.112    -9.000   -9.0000
 2447118.112    -9.000   -9.0000
 2447119.112    -9.000   -9.0000
 2447120.112    -9.000   -9.0000
 2447121.112    -9.000   -9.0000
 2447122.112    -9.000   -9.0000
 2447123.112  1365.213    0.1095
 2447124.112    -9.000   -9.0000
 2447125.112    -9.000   -9.0000
 2447126.112    -9.000   -9.0000
 2447127.112    -9.000   -9.0000
 2447128.112    -9.000   -9.0000
 2447129.112    -9.000   -9.0000
 2447130.112    -9.000   -9.0000
 2447131.112    -9.000   -9.0000
 2447132.112    -9.000   -9.0000
 2447133.112    -9.000   -9.0000
 2447134.112    -9.000   -9.0000
 2447135.112    -9.000   -9.0000
 2447136.112    -9.000   -9.0000
 2447137.112    -9.000   -9.0000
 2447138.112    -9.000   -9.0000
 2447139.112    -9.000   -9.0000
 2447140.112    -9.000   -9.0000
 2447141.112    -9.000   -9.0000
 2447142.112    -9.000   -9.0000
 2447143.112    -9.000   -9.0000
 2447144.112    -9.000   -9.0000
 2447145.112    -9.000   -9.0000
 2447146.112  1365.311    0.1094
 2447147.112    -9.000   -9.0000
 2447148.112    -9.000   -9.0000
 2447149.112    -9.000   -9.0000
 2447150.112    -9.000   -9.0000
 2447151.112  1365.711    0.1094
 2447152.112    -9.000   -9.0000
 2447153.112    -9.000   -9.0000
 2447154.112    -9.000   -9.0000
 2447155.112    -9.000   -9.0000
 2447156.112    -9.000   -9.0000
 2447157.112    -9.000   -9.0000
 2447158.112    -9.000   -9.0000
 2447159.112    -9.000   -9.0000
 2447160.112    -9.000   -9.0000
 2447161.112    -9.000   -9.0000
 2447162.112    -9.000   -9.0000
 2447163.112    -9.000   -9.0000
 2447164.112    -9.000   -9.0000
 2447165.112  1365.610    0.1093
 2447166.112    -9.000   -9.0000
 2447167.112    -9.000   -9.0000
 2447168.112    -9.000   -9.0000
 2447169.112    -9.000   -9.0000
 2447170.112    -9.000   -9.0000
 2447171.112    -9.000   -9.0000
 2447172.112    -9.000   -9.0000
 2447173.112    -9.000   -9.0000
 2447174.112    -9.000   -9.0000
 2447175.112    -9.000   -9.0000
 2447176.112    -9.000   -9.0000
 2447177.112    -9.000   -9.0000
 2447178.112    -9.000   -9.0000
 2447179.112  1364.509    0.1092
 2447180.112    -9.000   -9.0000
 2447181.112    -9.000   -9.0000
 2447182.112    -9.000   -9.0000
 2447183.112    -9.000   -9.0000
 2447184.112    -9.000   -9.0000
 2447185.112    -9.000   -9.0000
 2447186.112    -9.000   -9.0000
 2447187.112    -9.000   -9.0000
 2447188.112    -9.000   -9.0000
 2447189.112    -9.000   -9.0000
 2447190.112    -9.000   -9.0000
 2447191.112    -9.000   -9.0000
 2447192.112    -9.000   -9.0000
 2447193.112  1365.108    0.1091
 2447194.112    -9.000   -9.0000
 2447195.112    -9.000   -9.0000
 2447196.112    -9.000   -9.0000
 2447197.112    -9.000   -9.0000
 2447198.112    -9.000   -9.0000
 2447199.112    -9.000   -9.0000
 2447200.112    -9.000   -9.0000
 2447201.112    -9.000   -9.0000
 2447202.112    -9.000   -9.0000
 2447203.112    -9.000   -9.0000
 2447204.112  1364.807    0.1090
 2447205.112    -9.000   -9.0000
 2447206.112    -9.000   -9.0000
 2447207.112    -9.000   -9.0000
 2447208.112    -9.000   -9.0000
 2447209.112    -9.000   -9.0000
 2447210.112    -9.000   -9.0000
 2447211.112    -9.000   -9.0000
 2447212.112    -9.000   -9.0000
 2447213.112    -9.000   -9.0000
 2447214.112    -9.000   -9.0000
 2447215.112  1365.307    0.1090
 2447216.112    -9.000   -9.0000
 2447217.112    -9.000   -9.0000
 2447218.112    -9.000   -9.0000
 2447219.112    -9.000   -9.0000
 2447220.112    -9.000   -9.0000
 2447221.112    -9.000   -9.0000
 2447222.112    -9.000   -9.0000
 2447223.112  1364.906    0.1089
 2447224.112    -9.000   -9.0000
 2447225.112    -9.000   -9.0000
 2447226.112    -9.000   -9.0000
 2447227.112    -9.000   -9.0000
 2447228.112    -9.000   -9.0000
 2447229.112    -9.000   -9.0000
 2447230.112    -9.000   -9.0000
 2447231.112    -9.000   -9.0000
 2447232.112    -9.000   -9.0000
 2447233.112    -9.000   -9.0000
 2447234.112    -9.000   -9.0000
 2447235.112    -9.000   -9.0000
 2447236.112  1365.105    0.1089
 2447237.112    -9.000   -9.0000
 2447238.112    -9.000   -9.0000
 2447239.112    -9.000   -9.0000
 2447240.112    -9.000   -9.0000
 2447241.112    -9.000   -9.0000
 2447242.112    -9.000   -9.0000
 2447243.112    -9.000   -9.0000
 2447244.112    -9.000   -9.0000
 2447245.112    -9.000   -9.0000
 2447246.112    -9.000   -9.0000
 2447247.112    -9.000   -9.0000
 2447248.112    -9.000   -9.0000
 2447249.112    -9.000   -9.0000
 2447250.112  1364.904    0.1088
 2447251.112    -9.000   -9.0000
 2447252.112    -9.000   -9.0000
 2447253.112    -9.000   -9.0000
 2447254.112    -9.000   -9.0000
 2447255.112    -9.000   -9.0000
 2447256.112    -9.000   -9.0000
 2447257.112    -9.000   -9.0000
 2447258.112    -9.000   -9.0000
 2447259.112    -9.000   -9.0000
 2447260.112    -9.000   -9.0000
 2447261.112    -9.000   -9.0000
 2447262.112    -9.000   -9.0000
 2447263.112    -9.000   -9.0000
 2447264.112  1365.103    0.1087
 2447265.112    -9.000   -9.0000
 2447266.112    -9.000   -9.0000
 2447267.112    -9.000   -9.0000
 2447268.112    -9.000   -9.0000
 2447269.112    -9.000   -9.0000
 2447270.112    -9.000   -9.0000
 2447271.112    -9.000   -9.0000
 2447272.112    -9.000   -9.0000
 2447273.112    -9.000   -9.0000
 2447274.112    -9.000   -9.0000
 2447275.112    -9.000   -9.0000
 2447276.112    -9.000   -9.0000
 2447277.112    -9.000   -9.0000
 2447278.112  1365.002    0.1086
 2447279.112    -9.000   -9.0000
 2447280.112    -9.000   -9.0000
 2447281.112    -9.000   -9.0000
 2447282.112    -9.000   -9.0000
 2447283.112    -9.000   -9.0000
 2447284.112    -9.000   -9.0000
 2447285.112    -9.000   -9.0000
 2447286.112    -9.000   -9.0000
 2447287.112    -9.000   -9.0000
 2447288.112    -9.000   -9.0000
 2447289.112    -9.000   -9.0000
 2447290.112    -9.000   -9.0000
 2447291.112    -9.000   -9.0000
 2447292.112  1365.702    0.1085
 2447293.112    -9.000   -9.0000
 2447294.112    -9.000   -9.0000
 2447295.112    -9.000   -9.0000
 2447296.112    -9.000   -9.0000
 2447297.112    -9.000   -9.0000
 2447298.112    -9.000   -9.0000
 2447299.112    -9.000   -9.0000
 2447300.112    -9.000   -9.0000
 2447301.112    -9.000   -9.0000
 2447302.112    -9.000   -9.0000
 2447303.112    -9.000   -9.0000
 2447304.112    -9.000   -9.0000
 2447305.112    -9.000   -9.0000
 2447306.112  1364.701    0.1084
 2447307.112    -9.000   -9.0000
 2447308.112    -9.000   -9.0000
 2447309.112    -9.000   -9.0000
 2447310.112    -9.000   -9.0000
 2447311.112    -9.000   -9.0000
 2447312.112    -9.000   -9.0000
 2447313.112    -9.000   -9.0000
 2447314.112  1365.300    0.1084
 2447315.112    -9.000   -9.0000
 2447316.112    -9.000   -9.0000
 2447317.112    -9.000   -9.0000
 2447318.112    -9.000   -9.0000
 2447319.112    -9.000   -9.0000
 2447320.112    -9.000   -9.0000
 2447321.112    -9.000   -9.0000
 2447322.112    -9.000   -9.0000
 2447323.112    -9.000   -9.0000
 2447324.112    -9.000   -9.0000
 2447325.112    -9.000   -9.0000
 2447326.112    -9.000   -9.0000
 2447327.112    -9.000   -9.0000
 2447328.112    -9.000   -9.0000
 2447329.112  1365.699    0.1083
 2447330.112    -9.000   -9.0000
 2447331.112    -9.000   -9.0000
 2447332.112    -9.000   -9.0000
 2447333.112    -9.000   -9.0000
 2447334.112  1365.099    0.1083
 2447335.112    -9.000   -9.0000
 2447336.112    -9.000   -9.0000
 2447337.112    -9.000   -9.0000
 2447338.112    -9.000   -9.0000
 2447339.112    -9.000   -9.0000
 2447340.112    -9.000   -9.0000
 2447341.112    -9.000   -9.0000
 2447342.112    -9.000   -9.0000
 2447343.112    -9.000   -9.0000
 2447344.112    -9.000   -9.0000
 2447345.112    -9.000   -9.0000
 2447346.112    -9.000   -9.0000
 2447347.112    -9.000   -9.0000
 2447348.112  1365.598    0.1082
 2447349.112    -9.000   -9.0000
 2447350.112    -9.000   -9.0000
 2447351.112    -9.000   -9.0000
 2447352.112    -9.000   -9.0000
 2447353.112    -9.000   -9.0000
 2447354.112    -9.000   -9.0000
 2447355.112    -9.000   -9.0000
 2447356.112    -9.000   -9.0000
 2447357.112    -9.000   -9.0000
 2447358.112    -9.000   -9.0000
 2447359.112    -9.000   -9.0000
 2447360.112    -9.000   -9.0000
 2447361.112    -9.000   -9.0000
 2447362.112  1365.197    0.1081
 2447363.112    -9.000   -9.0000
 2447364.112    -9.000   -9.0000
 2447365.112    -9.000   -9.0000
 2447366.112    -9.000   -9.0000
 2447367.112    -9.000   -9.0000
 2447368.112    -9.000   -9.0000
 2447369.112    -9.000   -9.0000
 2447370.112    -9.000   -9.0000
 2447371.112    -9.000   -9.0000
 2447372.112    -9.000   -9.0000
 2447373.112    -9.000   -9.0000
 2447374.112    -9.000   -9.0000
 2447375.112    -9.000   -9.0000
 2447376.112  1365.296    0.1080
 2447377.112    -9.000   -9.0000
 2447378.112    -9.000   -9.0000
 2447379.112    -9.000   -9.0000
 2447380.112    -9.000   -9.0000
 2447381.112    -9.000   -9.0000
 2447382.112    -9.000   -9.0000
 2447383.112    -9.000   -9.0000
 2447384.112    -9.000   -9.0000
 2447385.112    -9.000   -9.0000
 2447386.112    -9.000   -9.0000
 2447387.112    -9.000   -9.0000
 2447388.112  1364.896    0.1079
 2447389.112    -9.000   -9.0000
 2447390.112    -9.000   -9.0000
 2447391.112    -9.000   -9.0000
 2447392.112    -9.000   -9.0000
 2447393.112    -9.000   -9.0000
 2447394.112    -9.000   -9.0000
 2447395.112    -9.000   -9.0000
 2447396.112    -9.000   -9.0000
 2447397.112    -9.000   -9.0000
 2447398.112    -9.000   -9.0000
 2447399.112  1365.595    0.1079
 2447400.112    -9.000   -9.0000
 2447401.112    -9.000   -9.0000
 2447402.112    -9.000   -9.0000
 2447403.112    -9.000   -9.0000
 2447404.112  1364.694    0.1078
 2447405.112    -9.000   -9.0000
 2447406.112    -9.000   -9.0000
 2447407.112    -9.000   -9.0000
 2447408.112    -9.000   -9.0000
 2447409.112    -9.000   -9.0000
 2447410.112    -9.000   -9.0000
 2447411.112    -9.000   -9.0000
 2447412.112    -9.000   -9.0000
 2447413.112    -9.000   -9.0000
 2447414.112    -9.000   -9.0000
 2447415.112    -9.000   -9.0000
 2447416.112    -9.000   -9.0000
 2447417.112    -9.000   -9.0000
 2447418.112  1365.793    0.1077
 2447419.112    -9.000   -9.0000
 2447420.112    -9.000   -9.0000
 2447421.112    -9.000   -9.0000
 2447422.112    -9.000   -9.0000
 2447423.112    -9.000   -9.0000
 2447424.112    -9.000   -9.0000
 2447425.112    -9.000   -9.0000
 2447426.112    -9.000   -9.0000
 2447427.112    -9.000   -9.0000
 2447428.112    -9.000   -9.0000
 2447429.112    -9.000   -9.0000
 2447430.112    -9.000   -9.0000
 2447431.112    -9.000   -9.0000
 2447432.112  1365.393    0.1077
 2447433.112    -9.000   -9.0000
 2447434.112    -9.000   -9.0000
 2447435.112    -9.000   -9.0000
 2447436.112    -9.000   -9.0000
 2447437.112    -9.000   -9.0000
 2447438.112    -9.000   -9.0000
 2447439.112    -9.000   -9.0000
 2447440.112    -9.000   -9.0000
 2447441.112    -9.000   -9.0000
 2447442.112    -9.000   -9.0000
 2447443.112    -9.000   -9.0000
 2447444.112    -9.000   -9.0000
 2447445.112    -9.000   -9.0000
 2447446.112  1365.392    0.1076
 2447447.112    -9.000   -9.0000
 2447448.112    -9.000   -9.0000
 2447449.112    -9.000   -9.0000
 2447450.112    -9.000   -9.0000
 2447451.112    -9.000   -9.0000
 2447452.112    -9.000   -9.0000
 2447453.112    -9.000   -9.0000
 2447454.112    -9.000   -9.0000
 2447455.112    -9.000   -9.0000
 2447456.112    -9.000   -9.0000
 2447457.112    -9.000   -9.0000
 2447458.112    -9.000   -9.0000
 2447459.112    -9.000   -9.0000
 2447460.112  1365.091    0.1075
 2447461.112    -9.000   -9.0000
 2447462.112    -9.000   -9.0000
 2447463.112    -9.000   -9.0000
 2447464.112    -9.000   -9.0000
 2447465.112    -9.000   -9.0000
 2447466.112    -9.000   -9.0000
 2447467.112    -9.000   -9.0000
 2447468.112    -9.000   -9.0000
 2447469.112    -9.000   -9.0000
 2447470.112    -9.000   -9.0000
 2447471.112    -9.000   -9.0000
 2447472.112    -9.000   -9.0000
 2447473.112    -9.000   -9.0000
 2447474.112  1365.090    0.1074
 2447475.112    -9.000   -9.0000
 2447476.112    -9.000   -9.0000
 2447477.112    -9.000   -9.0000
 2447478.112    -9.000   -9.0000
 2447479.112    -9.000   -9.0000
 2447480.112    -9.000   -9.0000
 2447481.112    -9.000   -9.0000
 2447482.112    -9.000   -9.0000
 2447483.112    -9.000   -9.0000
 2447484.112    -9.000   -9.0000
 2447485.112    -9.000   -9.0000
 2447486.112    -9.000   -9.0000
 2447487.112    -9.000   -9.0000
 2447488.112  1365.590    0.1073
 2447489.112    -9.000   -9.0000
 2447490.112    -9.000   -9.0000
 2447491.112    -9.000   -9.0000
 2447492.112    -9.000   -9.0000
 2447493.112    -9.000   -9.0000
 2447494.112    -9.000   -9.0000
 2447495.112    -9.000   -9.0000
 2447496.112    -9.000   -9.0000
 2447497.112  1365.289    0.1072
 2447498.112    -9.000   -9.0000
 2447499.112    -9.000   -9.0000
 2447500.112    -9.000   -9.0000
 2447501.112    -9.000   -9.0000
 2447502.112    -9.000   -9.0000
 2447503.112    -9.000   -9.0000
 2447504.112    -9.000   -9.0000
 2447505.112    -9.000   -9.0000
 2447506.112    -9.000   -9.0000
 2447507.112    -9.000   -9.0000
 2447508.112    -9.000   -9.0000
 2447509.112    -9.000   -9.0000
 2447510.112    -9.000   -9.0000
 2447511.112  1364.988    0.1071
 2447512.112    -9.000   -9.0000
 2447513.112    -9.000   -9.0000
 2447514.112    -9.000   -9.0000
 2447515.112    -9.000   -9.0000
 2447516.112  1364.387    0.1071
 2447517.112    -9.000   -9.0000
 2447518.112    -9.000   -9.0000
 2447519.112    -9.000   -9.0000
 2447520.112    -9.000   -9.0000
 2447521.112    -9.000   -9.0000
 2447522.112    -9.000   -9.0000
 2447523.112    -9.000   -9.0000
 2447524.112    -9.000   -9.0000
 2447525.112    -9.000   -9.0000
 2447526.112    -9.000   -9.0000
 2447527.112    -9.000   -9.0000
 2447528.112    -9.000   -9.0000
 2447529.112    -9.000   -9.0000
 2447530.112    -9.000   -9.0000
 2447531.112  1366.287    0.1070
 2447532.112    -9.000   -9.0000
 2447533.112    -9.000   -9.0000
 2447534.112    -9.000   -9.0000
 2447535.112    -9.000   -9.0000
 2447536.112    -9.000   -9.0000
 2447537.112    -9.000   -9.0000
 2447538.112    -9.000   -9.0000
 2447539.112    -9.000   -9.0000
 2447540.112    -9.000   -9.0000
 2447541.112    -9.000   -9.0000
 2447542.112    -9.000   -9.0000
 2447543.112    -9.000   -9.0000
 2447544.112  1365.886    0.1069
 2447545.112    -9.000   -9.0000
 2447546.112    -9.000   -9.0000
 2447547.112    -9.000   -9.0000
 2447548.112    -9.000   -9.0000
 2447549.112    -9.000   -9.0000
 2447550.112    -9.000   -9.0000
 2447551.112    -9.000   -9.0000
 2447552.112    -9.000   -9.0000
 2447553.112    -9.000   -9.0000
 2447554.112    -9.000   -9.0000
 2447555.112    -9.000   -9.0000
 2447556.112    -9.000   -9.0000
 2447557.112    -9.000   -9.0000
 2447558.112  1365.985    0.1068
 2447559.112    -9.000   -9.0000
 2447560.112    -9.000   -9.0000
 2447561.112    -9.000   -9.0000
 2447562.112    -9.000   -9.0000
 2447563.112    -9.000   -9.0000
 2447564.112    -9.000   -9.0000
 2447565.112    -9.000   -9.0000
 2447566.112    -9.000   -9.0000
 2447567.112    -9.000   -9.0000
 2447568.112    -9.000   -9.0000
 2447569.112  1365.485    0.1068
 2447570.112    -9.000   -9.0000
 2447571.112    -9.000   -9.0000
 2447572.112    -9.000   -9.0000
 2447573.112    -9.000   -9.0000
 2447574.112    -9.000   -9.0000
 2447575.112    -9.000   -9.0000
 2447576.112    -9.000   -9.0000
 2447577.112    -9.000   -9.0000
 2447578.112    -9.000   -9.0000
 2447579.112    -9.000   -9.0000
 2447580.112    -9.000   -9.0000
 2447581.112  1365.384    0.1067
 2447582.112    -9.000   -9.0000
 2447583.112    -9.000   -9.0000
 2447584.112    -9.000   -9.0000
 2447585.112    -9.000   -9.0000
 2447586.112  1365.683    0.1066
 2447587.112    -9.000   -9.0000
 2447588.112    -9.000   -9.0000
 2447589.112    -9.000   -9.0000
 2447590.112    -9.000   -9.0000
 2447591.112    -9.000   -9.0000
 2447592.112    -9.000   -9.0000
 2447593.112    -9.000   -9.0000
 2447594.112    -9.000   -9.0000
 2447595.112    -9.000   -9.0000
 2447596.112    -9.000   -9.0000
 2447597.112    -9.000   -9.0000
 2447598.112    -9.000   -9.0000
 2447599.112    -9.000   -9.0000
 2447600.112    -9.000   -9.0000
 2447601.112    -9.000   -9.0000
 2447602.112    -9.000   -9.0000
 2447603.112    -9.000   -9.0000
 2447604.112    -9.000   -9.0000
 2447605.112    -9.000   -9.0000
 2447606.112    -9.000   -9.0000
 2447607.112  1365.183    0.1065
 2447608.112    -9.000   -9.0000
 2447609.112    -9.000   -9.0000
 2447610.112    -9.000   -9.0000
 2447611.112    -9.000   -9.0000
 2447612.112    -9.000   -9.0000
 2447613.112    -9.000   -9.0000
 2447614.112  1365.782    0.1065
 2447615.112    -9.000   -9.0000
 2447616.112    -9.000   -9.0000
 2447617.112    -9.000   -9.0000
 2447618.112    -9.000   -9.0000
 2447619.112    -9.000   -9.0000
 2447620.112    -9.000   -9.0000
 2447621.112    -9.000   -9.0000
 2447622.112    -9.000   -9.0000
 2447623.112    -9.000   -9.0000
 2447624.112    -9.000   -9.0000
 2447625.112    -9.000   -9.0000
 2447626.112    -9.000   -9.0000
 2447627.112    -9.000   -9.0000
 2447628.112  1366.681    0.1064
 2447629.112    -9.000   -9.0000
 2447630.112    -9.000   -9.0000
 2447631.112    -9.000   -9.0000
 2447632.112    -9.000   -9.0000
 2447633.112    -9.000   -9.0000
 2447634.112    -9.000   -9.0000
 2447635.112    -9.000   -9.0000
 2447636.112    -9.000   -9.0000
 2447637.112    -9.000   -9.0000
 2447638.112    -9.000   -9.0000
 2447639.112    -9.000   -9.0000
 2447640.112    -9.000   -9.0000
 2447641.112    -9.000   -9.0000
 2447642.112  1365.780    0.1063
 2447643.112    -9.000   -9.0000
 2447644.112    -9.000   -9.0000
 2447645.112    -9.000   -9.0000
 2447646.112    -9.000   -9.0000
 2447647.112    -9.000   -9.0000
 2447648.112    -9.000   -9.0000
 2447649.112    -9.000   -9.0000
 2447650.112    -9.000   -9.0000
 2447651.112    -9.000   -9.0000
 2447652.112    -9.000   -9.0000
 2447653.112    -9.000   -9.0000
 2447654.112    -9.000   -9.0000
 2447655.112    -9.000   -9.0000
 2447656.112  1366.580    0.1062
 2447657.112    -9.000   -9.0000
 2447658.112    -9.000   -9.0000
 2447659.112    -9.000   -9.0000
 2447660.112    -9.000   -9.0000
 2447661.112    -9.000   -9.0000
 2447662.112    -9.000   -9.0000
 2447663.112    -9.000   -9.0000
 2447664.112    -9.000   -9.0000
 2447665.112    -9.000   -9.0000
 2447666.112    -9.000   -9.0000
 2447667.112    -9.000   -9.0000
 2447668.112    -9.000   -9.0000
 2447669.112    -9.000   -9.0000
 2447670.112  1365.779    0.1061
 2447671.112    -9.000   -9.0000
 2447672.112    -9.000   -9.0000
 2447673.112    -9.000   -9.0000
 2447674.112    -9.000   -9.0000
 2447675.112    -9.000   -9.0000
 2447676.112    -9.000   -9.0000
 2447677.112    -9.000   -9.0000
 2447678.112  1365.478    0.1060
 2447679.112    -9.000   -9.0000
 2447680.112    -9.000   -9.0000
 2447681.112    -9.000   -9.0000
 2447682.112    -9.000   -9.0000
 2447683.112    -9.000   -9.0000
 2447684.112    -9.000   -9.0000
 2447685.112    -9.000   -9.0000
 2447686.112    -9.000   -9.0000
 2447687.112    -9.000   -9.0000
 2447688.112    -9.000   -9.0000
 2447689.112    -9.000   -9.0000
 2447690.112    -9.000   -9.0000
 2447691.112    -9.000   -9.0000
 2447692.112    -9.000   -9.0000
 2447693.112  1363.178    0.1059
 2447694.112    -9.000   -9.0000
 2447695.112    -9.000   -9.0000
 2447696.112    -9.000   -9.0000
 2447697.112    -9.000   -9.0000
 2447698.112  1365.977    0.1059
 2447699.112    -9.000   -9.0000
 2447700.112    -9.000   -9.0000
 2447701.112    -9.000   -9.0000
 2447702.112    -9.000   -9.0000
 2447703.112    -9.000   -9.0000
 2447704.112    -9.000   -9.0000
 2447705.112    -9.000   -9.0000
 2447706.112    -9.000   -9.0000
 2447707.112    -9.000   -9.0000
 2447708.112    -9.000   -9.0000
 2447709.112    -9.000   -9.0000
 2447710.112    -9.000   -9.0000
 2447711.112    -9.000   -9.0000
 2447712.112  1365.776    0.1058
 2447713.112    -9.000   -9.0000
 2447714.112    -9.000   -9.0000
 2447715.112    -9.000   -9.0000
 2447716.112    -9.000   -9.0000
 2447717.112    -9.000   -9.0000
 2447718.112    -9.000   -9.0000
 2447719.112    -9.000   -9.0000
 2447720.112    -9.000   -9.0000
 2447721.112    -9.000   -9.0000
 2447722.112    -9.000   -9.0000
 2447723.112    -9.000   -9.0000
 2447724.112    -9.000   -9.0000
 2447725.112    -9.000   -9.0000
 2447726.112  1365.976    0.1057
 2447727.112    -9.000   -9.0000
 2447728.112    -9.000   -9.0000
 2447729.112    -9.000   -9.0000
 2447730.112    -9.000   -9.0000
 2447731.112    -9.000   -9.0000
 2447732.112    -9.000   -9.0000
 2447733.112    -9.000   -9.0000
 2447734.112    -9.000   -9.0000
 2447735.112    -9.000   -9.0000
 2447736.112    -9.000   -9.0000
 2447737.112    -9.000   -9.0000
 2447738.112    -9.000   -9.0000
 2447739.112    -9.000   -9.0000
 2447740.112  1365.375    0.1056
 2447741.112    -9.000   -9.0000
 2447742.112    -9.000   -9.0000
 2447743.112    -9.000   -9.0000
 2447744.112    -9.000   -9.0000
 2447745.112    -9.000   -9.0000
 2447746.112    -9.000   -9.0000
 2447747.112    -9.000   -9.0000
 2447748.112    -9.000   -9.0000
 2447749.112    -9.000   -9.0000
 2447750.112    -9.000   -9.0000
 2447751.112    -9.000   -9.0000
 2447752.112  1365.574    0.1055
 2447753.112    -9.000   -9.0000
 2447754.112    -9.000   -9.0000
 2447755.112    -9.000   -9.0000
 2447756.112    -9.000   -9.0000
 2447757.112    -9.000   -9.0000
 2447758.112    -9.000   -9.0000
 2447759.112    -9.000   -9.0000
 2447760.112    -9.000   -9.0000
 2447761.112    -9.000   -9.0000
 2447762.112    -9.000   -9.0000
 2447763.112  1366.473    0.1054
 2447764.112    -9.000   -9.0000
 2447765.112    -9.000   -9.0000
 2447766.112    -9.000   -9.0000
 2447767.112    -9.000   -9.0000
 2447768.112  1366.073    0.1054
 2447769.112    -9.000   -9.0000
 2447770.112    -9.000   -9.0000
 2447771.112    -9.000   -9.0000
 2447772.112    -9.000   -9.0000
 2447773.112    -9.000   -9.0000
 2447774.112    -9.000   -9.0000
 2447775.112    -9.000   -9.0000
 2447776.112    -9.000   -9.0000
 2447777.112    -9.000   -9.0000
 2447778.112    -9.000   -9.0000
 2447779.112    -9.000   -9.0000
 2447780.112    -9.000   -9.0000
 2447781.112    -9.000   -9.0000
 2447782.112  1365.772    0.1053
 2447783.112    -9.000   -9.0000
 2447784.112    -9.000   -9.0000
 2447785.112    -9.000   -9.0000
 2447786.112    -9.000   -9.0000
 2447787.112    -9.000   -9.0000
 2447788.112    -9.000   -9.0000
 2447789.112    -9.000   -9.0000
 2447790.112    -9.000   -9.0000
 2447791.112    -9.000   -9.0000
 2447792.112    -9.000   -9.0000
 2447793.112    -9.000   -9.0000
 2447794.112    -9.000   -9.0000
 2447795.112    -9.000   -9.0000
 2447796.112  1366.171    0.1052
 2447797.112    -9.000   -9.0000
 2447798.112    -9.000   -9.0000
 2447799.112    -9.000   -9.0000
 2447800.112    -9.000   -9.0000
 2447801.112    -9.000   -9.0000
 2447802.112    -9.000   -9.0000
 2447803.112    -9.000   -9.0000
 2447804.112    -9.000   -9.0000
 2447805.112    -9.000   -9.0000
 2447806.112    -9.000   -9.0000
 2447807.112    -9.000   -9.0000
 2447808.112    -9.000   -9.0000
 2447809.112    -9.000   -9.0000
 2447810.112  1366.871    0.1051
 2447811.112    -9.000   -9.0000
 2447812.112    -9.000   -9.0000
 2447813.112    -9.000   -9.0000
 2447814.112    -9.000   -9.0000
 2447815.112    -9.000   -9.0000
 2447816.112    -9.000   -9.0000
 2447817.112    -9.000   -9.0000
 2447818.112    -9.000   -9.0000
 2447819.112    -9.000   -9.0000
 2447820.112    -9.000   -9.0000
 2447821.112    -9.000   -9.0000
 2447822.112    -9.000   -9.0000
 2447823.112    -9.000   -9.0000
 2447824.112  1366.470    0.1050
 2447825.112    -9.000   -9.0000
 2447826.112    -9.000   -9.0000
 2447827.112    -9.000   -9.0000
 2447828.112    -9.000   -9.0000
 2447829.112    -9.000   -9.0000
 2447830.112    -9.000   -9.0000
 2447831.112    -9.000   -9.0000
 2447832.112    -9.000   -9.0000
 2447833.112    -9.000   -9.0000
 2447834.112    -9.000   -9.0000
 2447835.112    -9.000   -9.0000
 2447836.112    -9.000   -9.0000
 2447837.112    -9.000   -9.0000
 2447838.112  1366.369    0.1049
 2447839.112    -9.000   -9.0000
 2447840.112    -9.000   -9.0000
 2447841.112    -9.000   -9.0000
 2447842.112    -9.000   -9.0000
 2447843.112    -9.000   -9.0000
 2447844.112    -9.000   -9.0000
 2447845.112    -9.000   -9.0000
 2447846.112    -9.000   -9.0000
 2447847.112    -9.000   -9.0000
 2447848.112    -9.000   -9.0000
 2447849.112    -9.000   -9.0000
 2447850.112    -9.000   -9.0000
 2447851.112    -9.000   -9.0000
 2447852.112  1365.569    0.1048
 2447853.112    -9.000   -9.0000
 2447854.112    -9.000   -9.0000
 2447855.112    -9.000   -9.0000
 2447856.112    -9.000   -9.0000
 2447857.112    -9.000   -9.0000
 2447858.112    -9.000   -9.0000
 2447859.112    -9.000   -9.0000
 2447860.112  1365.368    0.1047
 2447861.112    -9.000   -9.0000
 2447862.112    -9.000   -9.0000
 2447863.112    -9.000   -9.0000
 2447864.112    -9.000   -9.0000
 2447865.112    -9.000   -9.0000
 2447866.112    -9.000   -9.0000
 2447867.112    -9.000   -9.0000
 2447868.112    -9.000   -9.0000
 2447869.112    -9.000   -9.0000
 2447870.112    -9.000   -9.0000
 2447871.112    -9.000   -9.0000
 2447872.112    -9.000   -9.0000
 2447873.112    -9.000   -9.0000
 2447874.112    -9.000   -9.0000
 2447875.112  1366.267    0.1046
 2447876.112    -9.000   -9.0000
 2447877.112    -9.000   -9.0000
 2447878.112    -9.000   -9.0000
 2447879.112    -9.000   -9.0000
 2447880.112  1365.767    0.1046
 2447881.112    -9.000   -9.0000
 2447882.112    -9.000   -9.0000
 2447883.112    -9.000   -9.0000
 2447884.112    -9.000   -9.0000
 2447885.112    -9.000   -9.0000
 2447886.112    -9.000   -9.0000
 2447887.112    -9.000   -9.0000
 2447888.112    -9.000   -9.0000
 2447889.112    -9.000   -9.0000
 2447890.112    -9.000   -9.0000
 2447891.112    -9.000   -9.0000
 2447892.112    -9.000   -9.0000
 2447893.112    -9.000   -9.0000
 2447894.112  1365.966    0.1045
 2447895.112    -9.000   -9.0000
 2447896.112    -9.000   -9.0000
 2447897.112    -9.000   -9.0000
 2447898.112    -9.000   -9.0000
 2447899.112    -9.000   -9.0000
 2447900.112    -9.000   -9.0000
 2447901.112    -9.000   -9.0000
 2447902.112    -9.000   -9.0000
 2447903.112    -9.000   -9.0000
 2447904.112    -9.000   -9.0000
 2447905.112    -9.000   -9.0000
 2447906.112    -9.000   -9.0000
 2447907.112    -9.000   -9.0000
 2447908.112  1365.865    0.1044
 2447909.112    -9.000   -9.0000
 2447910.112    -9.000   -9.0000
 2447911.112    -9.000   -9.0000
 2447912.112    -9.000   -9.0000
 2447913.112    -9.000   -9.0000
 2447914.112    -9.000   -9.0000
 2447915.112    -9.000   -9.0000
 2447916.112    -9.000   -9.0000
 2447917.112    -9.000   -9.0000
 2447918.112    -9.000   -9.0000
 2447919.112    -9.000   -9.0000
 2447920.112    -9.000   -9.0000
 2447921.112    -9.000   -9.0000
 2447922.112  1366.165    0.1043
 2447923.112    -9.000   -9.0000
 2447924.112    -9.000   -9.0000
 2447925.112    -9.000   -9.0000
 2447926.112    -9.000   -9.0000
 2447927.112    -9.000   -9.0000
 2447928.112    -9.000   -9.0000
 2447929.112    -9.000   -9.0000
 2447930.112    -9.000   -9.0000
 2447931.112    -9.000   -9.0000
 2447932.112    -9.000   -9.0000
 2447933.112  1365.464    0.1042
 2447934.112    -9.000   -9.0000
 2447935.112    -9.000   -9.0000
 2447936.112    -9.000   -9.0000
 2447937.112    -9.000   -9.0000
 2447938.112    -9.000   -9.0000
 2447939.112    -9.000   -9.0000
 2447940.112    -9.000   -9.0000
 2447941.112    -9.000   -9.0000
 2447942.112    -9.000   -9.0000
 2447943.112    -9.000   -9.0000
 2447944.112  1365.363    0.1041
 2447945.112    -9.000   -9.0000
 2447946.112    -9.000   -9.0000
 2447947.112    -9.000   -9.0000
 2447948.112    -9.000   -9.0000
 2447949.112    -9.000   -9.0000
 2447950.112  1365.563    0.1041
 2447951.112    -9.000   -9.0000
 2447952.112    -9.000   -9.0000
 2447953.112    -9.000   -9.0000
 2447954.112    -9.000   -9.0000
 2447955.112    -9.000   -9.0000
 2447956.112    -9.000   -9.0000
 2447957.112    -9.000   -9.0000
 2447958.112    -9.000   -9.0000
 2447959.112    -9.000   -9.0000
 2447960.112    -9.000   -9.0000
 2447961.112    -9.000   -9.0000
 2447962.112    -9.000   -9.0000
 2447963.112    -9.000   -9.0000
 2447964.112  1366.162    0.1040
 2447965.112    -9.000   -9.0000
 2447966.112    -9.000   -9.0000
 2447967.112    -9.000   -9.0000
 2447968.112    -9.000   -9.0000
 2447969.112    -9.000   -9.0000
 2447970.112    -9.000   -9.0000
 2447971.112    -9.000   -9.0000
 2447972.112    -9.000   -9.0000
 2447973.112    -9.000   -9.0000
 2447974.112    -9.000   -9.0000
 2447975.112    -9.000   -9.0000
 2447976.112    -9.000   -9.0000
 2447977.112    -9.000   -9.0000
 2447978.112  1366.261    0.1039
 2447979.112    -9.000   -9.0000
 2447980.112    -9.000   -9.0000
 2447981.112    -9.000   -9.0000
 2447982.112    -9.000   -9.0000
 2447983.112    -9.000   -9.0000
 2447984.112    -9.000   -9.0000
 2447985.112    -9.000   -9.0000
 2447986.112    -9.000   -9.0000
 2447987.112    -9.000   -9.0000
 2447988.112    -9.000   -9.0000
 2447989.112    -9.000   -9.0000
 2447990.112    -9.000   -9.0000
 2447991.112    -9.000   -9.0000
 2447992.112  1365.761    0.1038
 2447993.112    -9.000   -9.0000
 2447994.112    -9.000   -9.0000
 2447995.112    -9.000   -9.0000
 2447996.112    -9.000   -9.0000
 2447997.112    -9.000   -9.0000
 2447998.112    -9.000   -9.0000
 2447999.112    -9.000   -9.0000
 2448000.112    -9.000   -9.0000
 2448001.112    -9.000   -9.0000
 2448002.112    -9.000   -9.0000
 2448003.112    -9.000   -9.0000
 2448004.112    -9.000   -9.0000
 2448005.112    -9.000   -9.0000
 2448006.112  1366.160    0.1036
 2448007.112    -9.000   -9.0000
 2448008.112    -9.000   -9.0000
 2448009.112    -9.000   -9.0000
 2448010.112    -9.000   -9.0000
 2448011.112    -9.000   -9.0000
 2448012.112    -9.000   -9.0000
 2448013.112    -9.000   -9.0000
 2448014.112    -9.000   -9.0000
 2448015.112    -9.000   -9.0000
 2448016.112    -9.000   -9.0000
 2448017.112    -9.000   -9.0000
 2448018.112    -9.000   -9.0000
 2448019.112    -9.000   -9.0000
 2448020.112  1365.759    0.1035
 2448021.112    -9.000   -9.0000
 2448022.112    -9.000   -9.0000
 2448023.112    -9.000   -9.0000
 2448024.112    -9.000   -9.0000
 2448025.112    -9.000   -9.0000
 2448026.112    -9.000   -9.0000
 2448027.112    -9.000   -9.0000
 2448028.112    -9.000   -9.0000
 2448029.112    -9.000   -9.0000
 2448030.112    -9.000   -9.0000
 2448031.112    -9.000   -9.0000
 2448032.112    -9.000   -9.0000
 2448033.112    -9.000   -9.0000
 2448034.112    -9.000   -9.0000
 2448035.112  1366.259    0.1034
 2448036.112    -9.000   -9.0000
 2448037.112    -9.000   -9.0000
 2448038.112    -9.000   -9.0000
 2448039.112    -9.000   -9.0000
 2448040.112    -9.000   -9.0000
 2448041.112  1365.458    0.1034
 2448042.112    -9.000   -9.0000
 2448043.112    -9.000   -9.0000
 2448044.112    -9.000   -9.0000
 2448045.112    -9.000   -9.0000
 2448046.112    -9.000   -9.0000
 2448047.112    -9.000   -9.0000
 2448048.112    -9.000   -9.0000
 2448049.112    -9.000   -9.0000
 2448050.112    -9.000   -9.0000
 2448051.112    -9.000   -9.0000
 2448052.112    -9.000   -9.0000
 2448053.112    -9.000   -9.0000
 2448054.112    -9.000   -9.0000
 2448055.112    -9.000   -9.0000
 2448056.112  1366.457    0.1033
 2448057.112    -9.000   -9.0000
 2448058.112    -9.000   -9.0000
 2448059.112    -9.000   -9.0000
 2448060.112    -9.000   -9.0000
 2448061.112    -9.000   -9.0000
 2448062.112  1366.056    0.1032
 2448063.112    -9.000   -9.0000
 2448064.112    -9.000   -9.0000
 2448065.112    -9.000   -9.0000
 2448066.112    -9.000   -9.0000
 2448067.112    -9.000   -9.0000
 2448068.112    -9.000   -9.0000
 2448069.112    -9.000   -9.0000
 2448070.112    -9.000   -9.0000
 2448071.112    -9.000   -9.0000
 2448072.112    -9.000   -9.0000
 2448073.112    -9.000   -9.0000
 2448074.112    -9.000   -9.0000
 2448075.112    -9.000   -9.0000
 2448076.112  1364.356    0.1031
 2448077.112    -9.000   -9.0000
 2448078.112    -9.000   -9.0000
 2448079.112    -9.000   -9.0000
 2448080.112    -9.000   -9.0000
 2448081.112    -9.000   -9.0000
 2448082.112    -9.000   -9.0000
 2448083.112    -9.000   -9.0000
 2448084.112    -9.000   -9.0000
 2448085.112    -9.000   -9.0000
 2448086.112    -9.000   -9.0000
 2448087.112    -9.000   -9.0000
 2448088.112    -9.000   -9.0000
 2448089.112    -9.000   -9.0000
 2448090.112  1366.455    0.1030
 2448091.112    -9.000   -9.0000
 2448092.112    -9.000   -9.0000
 2448093.112    -9.000   -9.0000
 2448094.112    -9.000   -9.0000
 2448095.112    -9.000   -9.0000
 2448096.112    -9.000   -9.0000
 2448097.112    -9.000   -9.0000
 2448098.112    -9.000   -9.0000
 2448099.112    -9.000   -9.0000
 2448100.112    -9.000   -9.0000
 2448101.112    -9.000   -9.0000
 2448102.112    -9.000   -9.0000
 2448103.112    -9.000   -9.0000
 2448104.112  1365.855    0.1029
 2448105.112    -9.000   -9.0000
 2448106.112    -9.000   -9.0000
 2448107.112    -9.000   -9.0000
 2448108.112    -9.000   -9.0000
 2448109.112    -9.000   -9.0000
 2448110.112    -9.000   -9.0000
 2448111.112    -9.000   -9.0000
 2448112.112    -9.000   -9.0000
 2448113.112    -9.000   -9.0000
 2448114.112  1366.554    0.1028
 2448115.112    -9.000   -9.0000
 2448116.112    -9.000   -9.0000
 2448117.112    -9.000   -9.0000
 2448118.112    -9.000   -9.0000
 2448119.112    -9.000   -9.0000
 2448120.112    -9.000   -9.0000
 2448121.112    -9.000   -9.0000
 2448122.112    -9.000   -9.0000
 2448123.112    -9.000   -9.0000
 2448124.112    -9.000   -9.0000
 2448125.112    -9.000   -9.0000
 2448126.112  1364.253    0.1027
 2448127.112    -9.000   -9.0000
 2448128.112    -9.000   -9.0000
 2448129.112    -9.000   -9.0000
 2448130.112    -9.000   -9.0000
 2448131.112    -9.000   -9.0000
 2448132.112  1366.353    0.1027
 2448133.112    -9.000   -9.0000
 2448134.112    -9.000   -9.0000
 2448135.112    -9.000   -9.0000
 2448136.112    -9.000   -9.0000
 2448137.112    -9.000   -9.0000
 2448138.112    -9.000   -9.0000
 2448139.112    -9.000   -9.0000
 2448140.112    -9.000   -9.0000
 2448141.112    -9.000   -9.0000
 2448142.112    -9.000   -9.0000
 2448143.112    -9.000   -9.0000
 2448144.112    -9.000   -9.0000
 2448145.112    -9.000   -9.0000
 2448146.112  1365.852    0.1026
 2448147.112    -9.000   -9.0000
 2448148.112    -9.000   -9.0000
 2448149.112    -9.000   -9.0000
 2448150.112    -9.000   -9.0000
 2448151.112    -9.000   -9.0000
 2448152.112    -9.000   -9.0000
 2448153.112    -9.000   -9.0000
 2448154.112    -9.000   -9.0000
 2448155.112    -9.000   -9.0000
 2448156.112    -9.000   -9.0000
 2448157.112    -9.000   -9.0000
 2448158.112    -9.000   -9.0000
 2448159.112    -9.000   -9.0000
 2448160.112  1365.651    0.1025
 2448161.112    -9.000   -9.0000
 2448162.112    -9.000   -9.0000
 2448163.112    -9.000   -9.0000
 2448164.112    -9.000   -9.0000
 2448165.112    -9.000   -9.0000
 2448166.112    -9.000   -9.0000
 2448167.112    -9.000   -9.0000
 2448168.112    -9.000   -9.0000
 2448169.112    -9.000   -9.0000
 2448170.112    -9.000   -9.0000
 2448171.112    -9.000   -9.0000
 2448172.112    -9.000   -9.0000
 2448173.112    -9.000   -9.0000
 2448174.112  1364.851    0.1023
 2448175.112    -9.000   -9.0000
 2448176.112    -9.000   -9.0000
 2448177.112    -9.000   -9.0000
 2448178.112    -9.000   -9.0000
 2448179.112    -9.000   -9.0000
 2448180.112    -9.000   -9.0000
 2448181.112    -9.000   -9.0000
 2448182.112    -9.000   -9.0000
 2448183.112    -9.000   -9.0000
 2448184.112    -9.000   -9.0000
 2448185.112    -9.000   -9.0000
 2448186.112    -9.000   -9.0000
 2448187.112    -9.000   -9.0000
 2448188.112  1365.550    0.1022
 2448189.112    -9.000   -9.0000
 2448190.112    -9.000   -9.0000
 2448191.112    -9.000   -9.0000
 2448192.112    -9.000   -9.0000
 2448193.112    -9.000   -9.0000
 2448194.112    -9.000   -9.0000
 2448195.112    -9.000   -9.0000
 2448196.112    -9.000   -9.0000
 2448197.112    -9.000   -9.0000
 2448198.112    -9.000   -9.0000
 2448199.112    -9.000   -9.0000
 2448200.112    -9.000   -9.0000
 2448201.112    -9.000   -9.0000
 2448202.112  1365.949    0.1021
 2448203.112    -9.000   -9.0000
 2448204.112    -9.000   -9.0000
 2448205.112    -9.000   -9.0000
 2448206.112    -9.000   -9.0000
 2448207.112    -9.000   -9.0000
 2448208.112    -9.000   -9.0000
 2448209.112    -9.000   -9.0000
 2448210.112    -9.000   -9.0000
 2448211.112    -9.000   -9.0000
 2448212.112    -9.000   -9.0000
 2448213.112    -9.000   -9.0000
 2448214.112    -9.000   -9.0000
 2448215.112    -9.000   -9.0000
 2448216.112  1363.348    0.1020
 2448217.112    -9.000   -9.0000
 2448218.112    -9.000   -9.0000
 2448219.112    -9.000   -9.0000
 2448220.112    -9.000   -9.0000
 2448221.112    -9.000   -9.0000
 2448222.112    -9.000   -9.0000
 2448223.112  1365.248    0.1019
 2448224.112    -9.000   -9.0000
 2448225.112    -9.000   -9.0000
 2448226.112    -9.000   -9.0000
 2448227.112    -9.000   -9.0000
 2448228.112    -9.000   -9.0000
 2448229.112    -9.000   -9.0000
 2448230.112    -9.000   -9.0000
 2448231.112    -9.000   -9.0000
 2448232.112    -9.000   -9.0000
 2448233.112    -9.000   -9.0000
 2448234.112    -9.000   -9.0000
 2448235.112    -9.000   -9.0000
 2448236.112    -9.000   -9.0000
 2448237.112    -9.000   -9.0000
 2448238.112  1365.747    0.1018
 2448239.112    -9.000   -9.0000
 2448240.112    -9.000   -9.0000
 2448241.112    -9.000   -9.0000
 2448242.112    -9.000   -9.0000
 2448243.112    -9.000   -9.0000
 2448244.112  1364.246    0.1018
 2448245.112    -9.000   -9.0000
 2448246.112    -9.000   -9.0000
 2448247.112    -9.000   -9.0000
 2448248.112    -9.000   -9.0000
 2448249.112    -9.000   -9.0000
 2448250.112    -9.000   -9.0000
 2448251.112    -9.000   -9.0000
 2448252.112    -9.000   -9.0000
 2448253.112    -9.000   -9.0000
 2448254.112    -9.000   -9.0000
 2448255.112    -9.000   -9.0000
 2448256.112    -9.000   -9.0000
 2448257.112    -9.000   -9.0000
 2448258.112  1366.146    0.1017
 2448259.112    -9.000   -9.0000
 2448260.112    -9.000   -9.0000
 2448261.112    -9.000   -9.0000
 2448262.112    -9.000   -9.0000
 2448263.112    -9.000   -9.0000
 2448264.112    -9.000   -9.0000
 2448265.112    -9.000   -9.0000
 2448266.112    -9.000   -9.0000
 2448267.112    -9.000   -9.0000
 2448268.112    -9.000   -9.0000
 2448269.112    -9.000   -9.0000
 2448270.112    -9.000   -9.0000
 2448271.112    -9.000   -9.0000
 2448272.112  1364.645    0.1016
 2448273.112    -9.000   -9.0000
 2448274.112    -9.000   -9.0000
 2448275.112    -9.000   -9.0000
 2448276.112    -9.000   -9.0000
 2448277.112    -9.000   -9.0000
 2448278.112    -9.000   -9.0000
 2448279.112    -9.000   -9.0000
 2448280.112    -9.000   -9.0000
 2448281.112    -9.000   -9.0000
 2448282.112    -9.000   -9.0000
 2448283.112    -9.000   -9.0000
 2448284.112    -9.000   -9.0000
 2448285.112    -9.000   -9.0000
 2448286.112  1362.944    0.1014
 2448287.112    -9.000   -9.0000
 2448288.112    -9.000   -9.0000
 2448289.112    -9.000   -9.0000
 2448290.112    -9.000   -9.0000
 2448291.112    -9.000   -9.0000
 2448292.112    -9.000   -9.0000
 2448293.112    -9.000   -9.0000
 2448294.112    -9.000   -9.0000
 2448295.112    -9.000   -9.0000
 2448296.112  1365.444    0.1014
 2448297.112    -9.000   -9.0000
 2448298.112    -9.000   -9.0000
 2448299.112    -9.000   -9.0000
 2448300.112    -9.000   -9.0000
 2448301.112    -9.000   -9.0000
 2448302.112    -9.000   -9.0000
 2448303.112    -9.000   -9.0000
 2448304.112    -9.000   -9.0000
 2448305.112    -9.000   -9.0000
 2448306.112    -9.000   -9.0000
 2448307.112  1365.643    0.1013
 2448308.112    -9.000   -9.0000
 2448309.112    -9.000   -9.0000
 2448310.112    -9.000   -9.0000
 2448311.112    -9.000   -9.0000
 2448312.112    -9.000   -9.0000
 2448313.112    -9.000   -9.0000
 2448314.112  1365.443    0.1012
 2448315.112    -9.000   -9.0000
 2448316.112    -9.000   -9.0000
 2448317.112    -9.000   -9.0000
 2448318.112    -9.000   -9.0000
 2448319.112    -9.000   -9.0000
 2448320.112    -9.000   -9.0000
 2448321.112    -9.000   -9.0000
 2448322.112    -9.000   -9.0000
 2448323.112    -9.000   -9.0000
 2448324.112    -9.000   -9.0000
 2448325.112    -9.000   -9.0000
 2448326.112    -9.000   -9.0000
 2448327.112    -9.000   -9.0000
 2448328.112  1365.542    0.1011
 2448329.112    -9.000   -9.0000
 2448330.112    -9.000   -9.0000
 2448331.112    -9.000   -9.0000
 2448332.112    -9.000   -9.0000
 2448333.112    -9.000   -9.0000
 2448334.112    -9.000   -9.0000
 2448335.112    -9.000   -9.0000
 2448336.112    -9.000   -9.0000
 2448337.112    -9.000   -9.0000
 2448338.112    -9.000   -9.0000
 2448339.112    -9.000   -9.0000
 2448340.112    -9.000   -9.0000
 2448341.112    -9.000   -9.0000
 2448342.112  1364.841    0.1010
 2448343.112    -9.000   -9.0000
 2448344.112    -9.000   -9.0000
 2448345.112    -9.000   -9.0000
 2448346.112    -9.000   -9.0000
 2448347.112    -9.000   -9.0000
 2448348.112    -9.000   -9.0000
 2448349.112    -9.000   -9.0000
 2448350.112    -9.000   -9.0000
 2448351.112    -9.000   -9.0000
 2448352.112    -9.000   -9.0000
 2448353.112    -9.000   -9.0000
 2448354.112    -9.000   -9.0000
 2448355.112    -9.000   -9.0000
 2448356.112  1367.440    0.1009
 2448357.112    -9.000   -9.0000
 2448358.112    -9.000   -9.0000
 2448359.112    -9.000   -9.0000
 2448360.112    -9.000   -9.0000
 2448361.112    -9.000   -9.0000
 2448362.112    -9.000   -9.0000
 2448363.112    -9.000   -9.0000
 2448364.112    -9.000   -9.0000
 2448365.112    -9.000   -9.0000
 2448366.112    -9.000   -9.0000
 2448367.112    -9.000   -9.0000
 2448368.112    -9.000   -9.0000
 2448369.112    -9.000   -9.0000
 2448370.112  1366.140    0.1007
 2448371.112    -9.000   -9.0000
 2448372.112    -9.000   -9.0000
 2448373.112    -9.000   -9.0000
 2448374.112    -9.000   -9.0000
 2448375.112    -9.000   -9.0000
 2448376.112    -9.000   -9.0000
 2448377.112    -9.000   -9.0000
 2448378.112    -9.000   -9.0000
 2448379.112    -9.000   -9.0000
 2448380.112    -9.000   -9.0000
 2448381.112    -9.000   -9.0000
 2448382.112    -9.000   -9.0000
 2448383.112    -9.000   -9.0000
 2448384.112  1364.839    0.1006
 2448385.112    -9.000   -9.0000
 2448386.112    -9.000   -9.0000
 2448387.112    -9.000   -9.0000
 2448388.112    -9.000   -9.0000
 2448389.112    -9.000   -9.0000
 2448390.112    -9.000   -9.0000
 2448391.112    -9.000   -9.0000
 2448392.112    -9.000   -9.0000
 2448393.112    -9.000   -9.0000
 2448394.112    -9.000   -9.0000
 2448395.112    -9.000   -9.0000
 2448396.112    -9.000   -9.0000
 2448397.112    -9.000   -9.0000
 2448398.112  1365.438    0.1005
 2448399.112    -9.000   -9.0000
 2448400.112    -9.000   -9.0000
 2448401.112    -9.000   -9.0000
 2448402.112    -9.000   -9.0000
 2448403.112    -9.000   -9.0000
 2448404.112  1364.338    0.1005
 2448405.112    -9.000   -9.0000
 2448406.112    -9.000   -9.0000
 2448407.112    -9.000   -9.0000
 2448408.112    -9.000   -9.0000
 2448409.112    -9.000   -9.0000
 2448410.112    -9.000   -9.0000
 2448411.112    -9.000   -9.0000
 2448412.112    -9.000   -9.0000
 2448413.112    -9.000   -9.0000
 2448414.112    -9.000   -9.0000
 2448415.112    -9.000   -9.0000
 2448416.112    -9.000   -9.0000
 2448417.112    -9.000   -9.0000
 2448418.112    -9.000   -9.0000
 2448419.112  1364.637    0.1003
 2448420.112    -9.000   -9.0000
 2448421.112    -9.000   -9.0000
 2448422.112    -9.000   -9.0000
 2448423.112    -9.000   -9.0000
 2448424.112    -9.000   -9.0000
 2448425.112    -9.000   -9.0000
 2448426.112  1365.536    0.1003
 2448427.112    -9.000   -9.0000
 2448428.112    -9.000   -9.0000
 2448429.112    -9.000   -9.0000
 2448430.112    -9.000   -9.0000
 2448431.112    -9.000   -9.0000
 2448432.112    -9.000   -9.0000
 2448433.112    -9.000   -9.0000
 2448434.112    -9.000   -9.0000
 2448435.112    -9.000   -9.0000
 2448436.112    -9.000   -9.0000
 2448437.112    -9.000   -9.0000
 2448438.112    -9.000   -9.0000
 2448439.112    -9.000   -9.0000
 2448440.112  1366.736    0.1002
 2448441.112    -9.000   -9.0000
 2448442.112    -9.000   -9.0000
 2448443.112    -9.000   -9.0000
 2448444.112    -9.000   -9.0000
 2448445.112    -9.000   -9.0000
 2448446.112    -9.000   -9.0000
 2448447.112    -9.000   -9.0000
 2448448.112    -9.000   -9.0000
 2448449.112    -9.000   -9.0000
 2448450.112    -9.000   -9.0000
 2448451.112    -9.000   -9.0000
 2448452.112    -9.000   -9.0000
 2448453.112  1366.135    0.1000
 2448454.112    -9.000   -9.0000
 2448455.112    -9.000   -9.0000
 2448456.112    -9.000   -9.0000
 2448457.112    -9.000   -9.0000
 2448458.112    -9.000   -9.0000
 2448459.112    -9.000   -9.0000
 2448460.112    -9.000   -9.0000
 2448461.112    -9.000   -9.0000
 2448462.112    -9.000   -9.0000
 2448463.112    -9.000   -9.0000
 2448464.112    -9.000   -9.0000
 2448465.112    -9.000   -9.0000
 2448466.112    -9.000   -9.0000
 2448467.112    -9.000   -9.0000
 2448468.112  1366.735    0.0999
 2448469.112    -9.000   -9.0000
 2448470.112    -9.000   -9.0000
 2448471.112    -9.000   -9.0000
 2448472.112    -9.000   -9.0000
 2448473.112    -9.000   -9.0000
 2448474.112    -9.000   -9.0000
 2448475.112    -9.000   -9.0000
 2448476.112  1366.334    0.0998
 2448477.112    -9.000   -9.0000
 2448478.112    -9.000   -9.0000
 2448479.112    -9.000   -9.0000
 2448480.112    -9.000   -9.0000
 2448481.112    -9.000   -9.0000
 2448482.112    -9.000   -9.0000
 2448483.112    -9.000   -9.0000
 2448484.112    -9.000   -9.0000
 2448485.112    -9.000   -9.0000
 2448486.112    -9.000   -9.0000
 2448487.112    -9.000   -9.0000
 2448488.112  1364.333    0.0997
 2448489.112    -9.000   -9.0000
 2448490.112    -9.000   -9.0000
 2448491.112    -9.000   -9.0000
 2448492.112    -9.000   -9.0000
 2448493.112    -9.000   -9.0000
 2448494.112    -9.000   -9.0000
 2448495.112  1366.033    0.0997
 2448496.112    -9.000   -9.0000
 2448497.112    -9.000   -9.0000
 2448498.112    -9.000   -9.0000
 2448499.112    -9.000   -9.0000
 2448500.112    -9.000   -9.0000
 2448501.112    -9.000   -9.0000
 2448502.112    -9.000   -9.0000
 2448503.112    -9.000   -9.0000
 2448504.112    -9.000   -9.0000
 2448505.112    -9.000   -9.0000
 2448506.112    -9.000   -9.0000
 2448507.112    -9.000   -9.0000
 2448508.112    -9.000   -9.0000
 2448509.112  1365.632    0.0996
 2448510.112    -9.000   -9.0000
 2448511.112    -9.000   -9.0000
 2448512.112    -9.000   -9.0000
 2448513.112    -9.000   -9.0000
 2448514.112    -9.000   -9.0000
 2448515.112    -9.000   -9.0000
 2448516.112    -9.000   -9.0000
 2448517.112    -9.000   -9.0000
 2448518.112    -9.000   -9.0000
 2448519.112    -9.000   -9.0000
 2448520.112    -9.000   -9.0000
 2448521.112    -9.000   -9.0000
 2448522.112    -9.000   -9.0000
 2448523.112  1365.731    0.0994
 2448524.112    -9.000   -9.0000
 2448525.112    -9.000   -9.0000
 2448526.112    -9.000   -9.0000
 2448527.112    -9.000   -9.0000
 2448528.112    -9.000   -9.0000
 2448529.112    -9.000   -9.0000
 2448530.112    -9.000   -9.0000
 2448531.112    -9.000   -9.0000
 2448532.112    -9.000   -9.0000
 2448533.112    -9.000   -9.0000
 2448534.112    -9.000   -9.0000
 2448535.112    -9.000   -9.0000
 2448536.112    -9.000   -9.0000
 2448537.112  1366.331    0.0993
 2448538.112    -9.000   -9.0000
 2448539.112    -9.000   -9.0000
 2448540.112    -9.000   -9.0000
 2448541.112    -9.000   -9.0000
 2448542.112    -9.000   -9.0000
 2448543.112    -9.000   -9.0000
 2448544.112    -9.000   -9.0000
 2448545.112    -9.000   -9.0000
 2448546.112    -9.000   -9.0000
 2448547.112    -9.000   -9.0000
 2448548.112    -9.000   -9.0000
 2448549.112    -9.000   -9.0000
 2448550.112    -9.000   -9.0000
 2448551.112  1365.230    0.0992
 2448552.112    -9.000   -9.0000
 2448553.112    -9.000   -9.0000
 2448554.112    -9.000   -9.0000
 2448555.112    -9.000   -9.0000
 2448556.112    -9.000   -9.0000
 2448557.112    -9.000   -9.0000
 2448558.112    -9.000   -9.0000
 2448559.112    -9.000   -9.0000
 2448560.112    -9.000   -9.0000
 2448561.112    -9.000   -9.0000
 2448562.112    -9.000   -9.0000
 2448563.112    -9.000   -9.0000
 2448564.112    -9.000   -9.0000
 2448565.112  1365.729    0.0991
 2448566.112    -9.000   -9.0000
 2448567.112    -9.000   -9.0000
 2448568.112    -9.000   -9.0000
 2448569.112    -9.000   -9.0000
 2448570.112    -9.000   -9.0000
 2448571.112    -9.000   -9.0000
 2448572.112    -9.000   -9.0000
 2448573.112    -9.000   -9.0000
 2448574.112    -9.000   -9.0000
 2448575.112    -9.000   -9.0000
 2448576.112    -9.000   -9.0000
 2448577.112    -9.000   -9.0000
 2448578.112    -9.000   -9.0000
 2448579.112  1366.129    0.0989
 2448580.112    -9.000   -9.0000
 2448581.112    -9.000   -9.0000
 2448582.112    -9.000   -9.0000
 2448583.112    -9.000   -9.0000
 2448584.112    -9.000   -9.0000
 2448585.112  1365.428    0.0989
 2448586.112    -9.000   -9.0000
 2448587.112    -9.000   -9.0000
 2448588.112    -9.000   -9.0000
 2448589.112    -9.000   -9.0000
 2448590.112    -9.000   -9.0000
 2448591.112    -9.000   -9.0000
 2448592.112    -9.000   -9.0000
 2448593.112    -9.000   -9.0000
 2448594.112    -9.000   -9.0000
 2448595.112    -9.000   -9.0000
 2448596.112    -9.000   -9.0000
 2448597.112    -9.000   -9.0000
 2448598.112    -9.000   -9.0000
 2448599.112  1364.228    0.0988
 2448600.112    -9.000   -9.0000
 2448601.112    -9.000   -9.0000
 2448602.112    -9.000   -9.0000
 2448603.112    -9.000   -9.0000
 2448604.112    -9.000   -9.0000
 2448605.112    -9.000   -9.0000
 2448606.112    -9.000   -9.0000
 2448607.112  1365.927    0.0987
 2448608.112    -9.000   -9.0000
 2448609.112    -9.000   -9.0000
 2448610.112    -9.000   -9.0000
 2448611.112    -9.000   -9.0000
 2448612.112    -9.000   -9.0000
 2448613.112    -9.000   -9.0000
 2448614.112    -9.000   -9.0000
 2448615.112    -9.000   -9.0000
 2448616.112    -9.000   -9.0000
 2448617.112    -9.000   -9.0000
 2448618.112    -9.000   -9.0000
 2448619.112    -9.000   -9.0000
 2448620.112    -9.000   -9.0000
 2448621.112  1365.326    0.0986
 2448622.112    -9.000   -9.0000
 2448623.112    -9.000   -9.0000
 2448624.112    -9.000   -9.0000
 2448625.112    -9.000   -9.0000
 2448626.112    -9.000   -9.0000
 2448627.112    -9.000   -9.0000
 2448628.112    -9.000   -9.0000
 2448629.112    -9.000   -9.0000
 2448630.112    -9.000   -9.0000
 2448631.112    -9.000   -9.0000
 2448632.112    -9.000   -9.0000
 2448633.112    -9.000   -9.0000
 2448634.112    -9.000   -9.0000
 2448635.112  1366.026    0.0984
 2448636.112    -9.000   -9.0000
 2448637.112    -9.000   -9.0000
 2448638.112    -9.000   -9.0000
 2448639.112    -9.000   -9.0000
 2448640.112    -9.000   -9.0000
 2448641.112    -9.000   -9.0000
 2448642.112    -9.000   -9.0000
 2448643.112    -9.000   -9.0000
 2448644.112    -9.000   -9.0000
 2448645.112    -9.000   -9.0000
 2448646.112    -9.000   -9.0000
 2448647.112    -9.000   -9.0000
 2448648.112    -9.000   -9.0000
 2448649.112  1364.525    0.0983
 2448650.112    -9.000   -9.0000
 2448651.112    -9.000   -9.0000
 2448652.112    -9.000   -9.0000
 2448653.112    -9.000   -9.0000
 2448654.112    -9.000   -9.0000
 2448655.112    -9.000   -9.0000
 2448656.112    -9.000   -9.0000
 2448657.112  1365.524    0.0983
 2448658.112    -9.000   -9.0000
 2448659.112    -9.000   -9.0000
 2448660.112    -9.000   -9.0000
 2448661.112    -9.000   -9.0000
 2448662.112    -9.000   -9.0000
 2448663.112    -9.000   -9.0000
 2448664.112    -9.000   -9.0000
 2448665.112    -9.000   -9.0000
 2448666.112    -9.000   -9.0000
 2448667.112    -9.000   -9.0000
 2448668.112    -9.000   -9.0000
 2448669.112  1365.724    0.0981
 2448670.112    -9.000   -9.0000
 2448671.112    -9.000   -9.0000
 2448672.112    -9.000   -9.0000
 2448673.112    -9.000   -9.0000
 2448674.112    -9.000   -9.0000
 2448675.112    -9.000   -9.0000
 2448676.112    -9.000   -9.0000
 2448677.112  1364.923    0.0981
 2448678.112    -9.000   -9.0000
 2448679.112    -9.000   -9.0000
 2448680.112    -9.000   -9.0000
 2448681.112    -9.000   -9.0000
 2448682.112    -9.000   -9.0000
 2448683.112    -9.000   -9.0000
 2448684.112    -9.000   -9.0000
 2448685.112    -9.000   -9.0000
 2448686.112    -9.000   -9.0000
 2448687.112    -9.000   -9.0000
 2448688.112    -9.000   -9.0000
 2448689.112    -9.000   -9.0000
 2448690.112    -9.000   -9.0000
 2448691.112    -9.000   -9.0000
 2448692.112  1365.922    0.0979
 2448693.112    -9.000   -9.0000
 2448694.112    -9.000   -9.0000
 2448695.112    -9.000   -9.0000
 2448696.112    -9.000   -9.0000
 2448697.112    -9.000   -9.0000
 2448698.112    -9.000   -9.0000
 2448699.112    -9.000   -9.0000
 2448700.112    -9.000   -9.0000
 2448701.112    -9.000   -9.0000
 2448702.112    -9.000   -9.0000
 2448703.112    -9.000   -9.0000
 2448704.112  1366.122    0.0978
 2448705.112  1366.121    0.0978
 2448706.112  1365.921    0.0978
 2448707.112  1365.520    0.0978
 2448708.112  1365.119    0.0978
 2448709.112  1364.719    0.0978
 2448710.112  1364.218    0.0978
 2448711.112  1363.717    0.0978
 2448712.112  1364.517    0.0978
 2448713.112  1365.016    0.0977
 2448714.112  1365.815    0.0977
 2448715.112    -9.000   -9.0000
 2448716.112    -9.000   -9.0000
 2448717.112    -9.000   -9.0000
 2448718.112    -9.000   -9.0000
 2448719.112    -9.000   -9.0000
 2448720.112  1365.515    0.0977
 2448721.112    -9.000   -9.0000
 2448722.112    -9.000   -9.0000
 2448723.112    -9.000   -9.0000
 2448724.112    -9.000   -9.0000
 2448725.112    -9.000   -9.0000
 2448726.112    -9.000   -9.0000
 2448727.112    -9.000   -9.0000
 2448728.112    -9.000   -9.0000
 2448729.112    -9.000   -9.0000
 2448730.112    -9.000   -9.0000
 2448731.112    -9.000   -9.0000
 2448732.112    -9.000   -9.0000
 2448733.112    -9.000   -9.0000
 2448734.112  1365.314    0.0976
 2448735.112    -9.000   -9.0000
 2448736.112    -9.000   -9.0000
 2448737.112    -9.000   -9.0000
 2448738.112    -9.000   -9.0000
 2448739.112    -9.000   -9.0000
 2448740.112    -9.000   -9.0000
 2448741.112    -9.000   -9.0000
 2448742.112    -9.000   -9.0000
 2448743.112    -9.000   -9.0000
 2448744.112    -9.000   -9.0000
 2448745.112    -9.000   -9.0000
 2448746.112    -9.000   -9.0000
 2448747.112    -9.000   -9.0000
 2448748.112  1365.413    0.0974
 2448749.112    -9.000   -9.0000
 2448750.112    -9.000   -9.0000
 2448751.112    -9.000   -9.0000
 2448752.112    -9.000   -9.0000
 2448753.112    -9.000   -9.0000
 2448754.112    -9.000   -9.0000
 2448755.112    -9.000   -9.0000
 2448756.112    -9.000   -9.0000
 2448757.112    -9.000   -9.0000
 2448758.112    -9.000   -9.0000
 2448759.112    -9.000   -9.0000
 2448760.112    -9.000   -9.0000
 2448761.112    -9.000   -9.0000
 2448762.112  1366.313    0.0973
 2448763.112    -9.000   -9.0000
 2448764.112    -9.000   -9.0000
 2448765.112    -9.000   -9.0000
 2448766.112  1365.112    0.0973
 2448767.112    -9.000   -9.0000
 2448768.112    -9.000   -9.0000
 2448769.112    -9.000   -9.0000
 2448770.112    -9.000   -9.0000
 2448771.112    -9.000   -9.0000
 2448772.112    -9.000   -9.0000
 2448773.112    -9.000   -9.0000
 2448774.112    -9.000   -9.0000
 2448775.112    -9.000   -9.0000
 2448776.112    -9.000   -9.0000
 2448777.112    -9.000   -9.0000
 2448778.112    -9.000   -9.0000
 2448779.112    -9.000   -9.0000
 2448780.112    -9.000   -9.0000
 2448781.112  1365.011    0.0971
 2448782.112    -9.000   -9.0000
 2448783.112    -9.000   -9.0000
 2448784.112    -9.000   -9.0000
 2448785.112    -9.000   -9.0000
 2448786.112    -9.000   -9.0000
 2448787.112    -9.000   -9.0000
 2448788.112    -9.000   -9.0000
 2448789.112    -9.000   -9.0000
 2448790.112  1365.311    0.0970
 2448791.112    -9.000   -9.0000
 2448792.112    -9.000   -9.0000
 2448793.112    -9.000   -9.0000
 2448794.112    -9.000   -9.0000
 2448795.112    -9.000   -9.0000
 2448796.112    -9.000   -9.0000
 2448797.112    -9.000   -9.0000
 2448798.112    -9.000   -9.0000
 2448799.112    -9.000   -9.0000
 2448800.112    -9.000   -9.0000
 2448801.112    -9.000   -9.0000
 2448802.112    -9.000   -9.0000
 2448803.112    -9.000   -9.0000
 2448804.112  1365.510    0.0969
 2448805.112    -9.000   -9.0000
 2448806.112    -9.000   -9.0000
 2448807.112    -9.000   -9.0000
 2448808.112    -9.000   -9.0000
 2448809.112    -9.000   -9.0000
 2448810.112    -9.000   -9.0000
 2448811.112    -9.000   -9.0000
 2448812.112    -9.000   -9.0000
 2448813.112    -9.000   -9.0000
 2448814.112    -9.000   -9.0000
 2448815.112    -9.000   -9.0000
 2448816.112    -9.000   -9.0000
 2448817.112    -9.000   -9.0000
 2448818.112  1365.710    0.0968
 2448819.112    -9.000   -9.0000
 2448820.112    -9.000   -9.0000
 2448821.112    -9.000   -9.0000
 2448822.112    -9.000   -9.0000
 2448823.112    -9.000   -9.0000
 2448824.112    -9.000   -9.0000
 2448825.112    -9.000   -9.0000
 2448826.112    -9.000   -9.0000
 2448827.112    -9.000   -9.0000
 2448828.112    -9.000   -9.0000
 2448829.112    -9.000   -9.0000
 2448830.112    -9.000   -9.0000
 2448831.112    -9.000   -9.0000
 2448832.112    -9.000   -9.0000
 2448833.112    -9.000   -9.0000
 2448834.112    -9.000   -9.0000
 2448835.112    -9.000   -9.0000
 2448836.112    -9.000   -9.0000
 2448837.112    -9.000   -9.0000
 2448838.112    -9.000   -9.0000
 2448839.112  1365.409    0.0966
 2448840.112    -9.000   -9.0000
 2448841.112    -9.000   -9.0000
 2448842.112    -9.000   -9.0000
 2448843.112    -9.000   -9.0000
 2448844.112    -9.000   -9.0000
 2448845.112    -9.000   -9.0000
 2448846.112    -9.000   -9.0000
 2448847.112    -9.000   -9.0000
 2448848.112    -9.000   -9.0000
 2448849.112    -9.000   -9.0000
 2448850.112    -9.000   -9.0000
 2448851.112    -9.000   -9.0000
 2448852.112  1364.108    0.0965
 2448853.112    -9.000   -9.0000
 2448854.112    -9.000   -9.0000
 2448855.112    -9.000   -9.0000
 2448856.112    -9.000   -9.0000
 2448857.112    -9.000   -9.0000
 2448858.112    -9.000   -9.0000
 2448859.112    -9.000   -9.0000
 2448860.112  1365.108    0.0964
 2448861.112    -9.000   -9.0000
 2448862.112    -9.000   -9.0000
 2448863.112    -9.000   -9.0000
 2448864.112    -9.000   -9.0000
 2448865.112    -9.000   -9.0000
 2448866.112    -9.000   -9.0000
 2448867.112    -9.000   -9.0000
 2448868.112    -9.000   -9.0000
 2448869.112    -9.000   -9.0000
 2448870.112    -9.000   -9.0000
 2448871.112    -9.000   -9.0000
 2448872.112    -9.000   -9.0000
 2448873.112    -9.000   -9.0000
 2448874.112    -9.000   -9.0000
 2448875.112    -9.000   -9.0000
 2448876.112    -9.000   -9.0000
 2448877.112  1366.007    0.0962
 2448878.112    -9.000   -9.0000
 2448879.112    -9.000   -9.0000
 2448880.112    -9.000   -9.0000
 2448881.112    -9.000   -9.0000
 2448882.112    -9.000   -9.0000
 2448883.112    -9.000   -9.0000
 2448884.112    -9.000   -9.0000
 2448885.112    -9.000   -9.0000
 2448886.112    -9.000   -9.0000
 2448887.112    -9.000   -9.0000
 2448888.112    -9.000   -9.0000
 2448889.112    -9.000   -9.0000
 2448890.112    -9.000   -9.0000
 2448891.112    -9.000   -9.0000
 2448892.112    -9.000   -9.0000
 2448893.112    -9.000   -9.0000
 2448894.112    -9.000   -9.0000
 2448895.112    -9.000   -9.0000
 2448896.112    -9.000   -9.0000
 2448897.112    -9.000   -9.0000
 2448898.112    -9.000   -9.0000
 2448899.112    -9.000   -9.0000
 2448900.112    -9.000   -9.0000
 2448901.112    -9.000   -9.0000
 2448902.112  1365.106    0.0960
 2448903.112    -9.000   -9.0000
 2448904.112    -9.000   -9.0000
 2448905.112    -9.000   -9.0000
 2448906.112    -9.000   -9.0000
 2448907.112    -9.000   -9.0000
 2448908.112    -9.000   -9.0000
 2448909.112    -9.000   -9.0000
 2448910.112    -9.000   -9.0000
 2448911.112    -9.000   -9.0000
 2448912.112    -9.000   -9.0000
 2448913.112    -9.000   -9.0000
 2448914.112    -9.000   -9.0000
 2448915.112    -9.000   -9.0000
 2448916.112  1364.305    0.0959
 2448917.112    -9.000   -9.0000
 2448918.112    -9.000   -9.0000
 2448919.112    -9.000   -9.0000
 2448920.112    -9.000   -9.0000
 2448921.112    -9.000   -9.0000
 2448922.112    -9.000   -9.0000
 2448923.112    -9.000   -9.0000
 2448924.112    -9.000   -9.0000
 2448925.112    -9.000   -9.0000
 2448926.112    -9.000   -9.0000
 2448927.112    -9.000   -9.0000
 2448928.112    -9.000   -9.0000
 2448929.112    -9.000   -9.0000
 2448930.112  1365.304    0.0957
 2448931.112    -9.000   -9.0000
 2448932.112    -9.000   -9.0000
 2448933.112    -9.000   -9.0000
 2448934.112    -9.000   -9.0000
 2448935.112    -9.000   -9.0000
 2448936.112    -9.000   -9.0000
 2448937.112    -9.000   -9.0000
 2448938.112    -9.000   -9.0000
 2448939.112    -9.000   -9.0000
 2448940.112    -9.000   -9.0000
 2448941.112    -9.000   -9.0000
 2448942.112    -9.000   -9.0000
 2448943.112    -9.000   -9.0000
 2448944.112  1365.504    0.0956
 2448945.112    -9.000   -9.0000
 2448946.112    -9.000   -9.0000
 2448947.112    -9.000   -9.0000
 2448948.112  1365.003    0.0955
 2448949.112    -9.000   -9.0000
 2448950.112    -9.000   -9.0000
 2448951.112    -9.000   -9.0000
 2448952.112    -9.000   -9.0000
 2448953.112    -9.000   -9.0000
 2448954.112    -9.000   -9.0000
 2448955.112    -9.000   -9.0000
 2448956.112    -9.000   -9.0000
 2448957.112    -9.000   -9.0000
 2448958.112    -9.000   -9.0000
 2448959.112    -9.000   -9.0000
 2448960.112    -9.000   -9.0000
 2448961.112    -9.000   -9.0000
 2448962.112  1365.102    0.0954
 2448963.112    -9.000   -9.0000
 2448964.112    -9.000   -9.0000
 2448965.112    -9.000   -9.0000
 2448966.112    -9.000   -9.0000
 2448967.112    -9.000   -9.0000
 2448968.112    -9.000   -9.0000
 2448969.112    -9.000   -9.0000
 2448970.112    -9.000   -9.0000
 2448971.112    -9.000   -9.0000
 2448972.112  1365.602    0.0953
 2448973.112    -9.000   -9.0000
 2448974.112    -9.000   -9.0000
 2448975.112    -9.000   -9.0000
 2448976.112    -9.000   -9.0000
 2448977.112    -9.000   -9.0000
 2448978.112    -9.000   -9.0000
 2448979.112    -9.000   -9.0000
 2448980.112    -9.000   -9.0000
 2448981.112    -9.000   -9.0000
 2448982.112    -9.000   -9.0000
 2448983.112    -9.000   -9.0000
 2448984.112    -9.000   -9.0000
 2448985.112    -9.000   -9.0000
 2448986.112  1365.901    0.0952
 2448987.112    -9.000   -9.0000
 2448988.112    -9.000   -9.0000
 2448989.112    -9.000   -9.0000
 2448990.112    -9.000   -9.0000
 2448991.112    -9.000   -9.0000
 2448992.112    -9.000   -9.0000
 2448993.112    -9.000   -9.0000
 2448994.112    -9.000   -9.0000
 2448995.112    -9.000   -9.0000
 2448996.112    -9.000   -9.0000
 2448997.112    -9.000   -9.0000
 2448998.112    -9.000   -9.0000
 2448999.112    -9.000   -9.0000
 2449000.112  1365.100    0.0950
 2449001.112    -9.000   -9.0000
 2449002.112    -9.000   -9.0000
 2449003.112  1365.600    0.0950
 2449004.112  1365.499    0.0950
 2449005.112  1365.798    0.0950
 2449006.112  1365.598    0.0950
 2449007.112  1365.697    0.0950
 2449008.112  1365.697    0.0950
 2449009.112  1365.396    0.0950
 2449010.112  1365.695    0.0949
 2449011.112  1365.895    0.0949
 2449012.112  1365.394    0.0949
 2449013.112  1365.093    0.0949
 2449014.112  1364.993    0.0949
 2449015.112  1365.392    0.0949
 2449016.112  1365.591    0.0949
 2449017.112  1365.191    0.0949
 2449018.112    -9.000   -9.0000
 2449019.112  1365.090    0.0949
 2449020.112    -9.000   -9.0000
 2449021.112    -9.000   -9.0000
 2449022.112    -9.000   -9.0000
 2449023.112    -9.000   -9.0000
 2449024.112    -9.000   -9.0000
 2449025.112    -9.000   -9.0000
 2449026.112    -9.000   -9.0000
 2449027.112    -9.000   -9.0000
 2449028.112    -9.000   -9.0000
 2449029.112    -9.000   -9.0000
 2449030.112    -9.000   -9.0000
 2449031.112    -9.000   -9.0000
 2449032.112  1365.189    0.0947
 2449033.112    -9.000   -9.0000
 2449034.112    -9.000   -9.0000
 2449035.112    -9.000   -9.0000
 2449036.112    -9.000   -9.0000
 2449037.112    -9.000   -9.0000
 2449038.112    -9.000   -9.0000
 2449039.112    -9.000   -9.0000
 2449040.112    -9.000   -9.0000
 2449041.112    -9.000   -9.0000
 2449042.112  1364.889    0.0946
 2449043.112    -9.000   -9.0000
 2449044.112    -9.000   -9.0000
 2449045.112    -9.000   -9.0000
 2449046.112    -9.000   -9.0000
 2449047.112    -9.000   -9.0000
 2449048.112    -9.000   -9.0000
 2449049.112    -9.000   -9.0000
 2449050.112    -9.000   -9.0000
 2449051.112    -9.000   -9.0000
 2449052.112    -9.000   -9.0000
 2449053.112    -9.000   -9.0000
 2449054.112    -9.000   -9.0000
 2449055.112    -9.000   -9.0000
 2449056.112  1364.688    0.0945
 2449057.112    -9.000   -9.0000
 2449058.112    -9.000   -9.0000
 2449059.112    -9.000   -9.0000
 2449060.112    -9.000   -9.0000
 2449061.112    -9.000   -9.0000
 2449062.112    -9.000   -9.0000
 2449063.112    -9.000   -9.0000
 2449064.112    -9.000   -9.0000
 2449065.112    -9.000   -9.0000
 2449066.112    -9.000   -9.0000
 2449067.112    -9.000   -9.0000
 2449068.112    -9.000   -9.0000
 2449069.112    -9.000   -9.0000
 2449070.112  1365.488    0.0944
 2449071.112    -9.000   -9.0000
 2449072.112    -9.000   -9.0000
 2449073.112    -9.000   -9.0000
 2449074.112    -9.000   -9.0000
 2449075.112    -9.000   -9.0000
 2449076.112    -9.000   -9.0000
 2449077.112    -9.000   -9.0000
 2449078.112    -9.000   -9.0000
 2449079.112    -9.000   -9.0000
 2449080.112    -9.000   -9.0000
 2449081.112    -9.000   -9.0000
 2449082.112    -9.000   -9.0000
 2449083.112  1365.487    0.0942
 2449084.112  1364.886    0.0942
 2449085.112  1365.386    0.0942
 2449086.112  1365.485    0.0942
 2449087.112  1365.484    0.0942
 2449088.112  1365.584    0.0942
 2449089.112  1365.583    0.0942
 2449090.112  1365.482    0.0942
 2449091.112  1365.482    0.0942
 2449092.112  1365.281    0.0941
 2449093.112  1365.381    0.0941
 2449094.112  1365.280    0.0941
 2449095.112  1365.079    0.0941
 2449096.112  1365.179    0.0941
 2449097.112  1364.978    0.0941
 2449098.112  1364.877    0.0941
 2449099.112  1364.877    0.0941
 2449100.112    -9.000   -9.0000
 2449101.112    -9.000   -9.0000
 2449102.112    -9.000   -9.0000
 2449103.112    -9.000   -9.0000
 2449104.112    -9.000   -9.0000
 2449105.112    -9.000   -9.0000
 2449106.112    -9.000   -9.0000
 2449107.112    -9.000   -9.0000
 2449108.112    -9.000   -9.0000
 2449109.112    -9.000   -9.0000
 2449110.112    -9.000   -9.0000
 2449111.112    -9.000   -9.0000
 2449112.112  1365.976    0.0939
 2449113.112    -9.000   -9.0000
 2449114.112    -9.000   -9.0000
 2449115.112    -9.000   -9.0000
 2449116.112    -9.000   -9.0000
 2449117.112    -9.000   -9.0000
 2449118.112    -9.000   -9.0000
 2449119.112    -9.000   -9.0000
 2449120.112    -9.000   -9.0000
 2449121.112    -9.000   -9.0000
 2449122.112    -9.000   -9.0000
 2449123.112    -9.000   -9.0000
 2449124.112    -9.000   -9.0000
 2449125.112    -9.000   -9.0000
 2449126.112  1365.175    0.0938
 2449127.112    -9.000   -9.0000
 2449128.112  1365.275    0.0938
 2449129.112    -9.000   -9.0000
 2449130.112    -9.000   -9.0000
 2449131.112    -9.000   -9.0000
 2449132.112    -9.000   -9.0000
 2449133.112    -9.000   -9.0000
 2449134.112    -9.000   -9.0000
 2449135.112    -9.000   -9.0000
 2449136.112    -9.000   -9.0000
 2449137.112    -9.000   -9.0000
 2449138.112    -9.000   -9.0000
 2449139.112    -9.000   -9.0000
 2449140.112    -9.000   -9.0000
 2449141.112    -9.000   -9.0000
 2449142.112    -9.000   -9.0000
 2449143.112  1364.974    0.0936
 2449144.112    -9.000   -9.0000
 2449145.112    -9.000   -9.0000
 2449146.112    -9.000   -9.0000
 2449147.112    -9.000   -9.0000
 2449148.112    -9.000   -9.0000
 2449149.112    -9.000   -9.0000
 2449150.112    -9.000   -9.0000
 2449151.112    -9.000   -9.0000
 2449152.112    -9.000   -9.0000
 2449153.112    -9.000   -9.0000
 2449154.112  1365.074    0.0935
 2449155.112    -9.000   -9.0000
 2449156.112    -9.000   -9.0000
 2449157.112    -9.000   -9.0000
 2449158.112    -9.000   -9.0000
 2449159.112    -9.000   -9.0000
 2449160.112    -9.000   -9.0000
 2449161.112    -9.000   -9.0000
 2449162.112    -9.000   -9.0000
 2449163.112    -9.000   -9.0000
 2449164.112    -9.000   -9.0000
 2449165.112    -9.000   -9.0000
 2449166.112    -9.000   -9.0000
 2449167.112    -9.000   -9.0000
 2449168.112  1365.873    0.0934
 2449169.112    -9.000   -9.0000
 2449170.112    -9.000   -9.0000
 2449171.112    -9.000   -9.0000
 2449172.112    -9.000   -9.0000
 2449173.112    -9.000   -9.0000
 2449174.112    -9.000   -9.0000
 2449175.112    -9.000   -9.0000
 2449176.112    -9.000   -9.0000
 2449177.112    -9.000   -9.0000
 2449178.112    -9.000   -9.0000
 2449179.112    -9.000   -9.0000
 2449180.112    -9.000   -9.0000
 2449181.112    -9.000   -9.0000
 2449182.112  1365.172    0.0932
 2449183.112    -9.000   -9.0000
 2449184.112  1365.372    0.0932
 2449185.112  1365.871    0.0932
 2449186.112    -9.000   -9.0000
 2449187.112    -9.000   -9.0000
 2449188.112    -9.000   -9.0000
 2449189.112    -9.000   -9.0000
 2449190.112    -9.000   -9.0000
 2449191.112    -9.000   -9.0000
 2449192.112    -9.000   -9.0000
 2449193.112    -9.000   -9.0000
 2449194.112    -9.000   -9.0000
 2449195.112    -9.000   -9.0000
 2449196.112    -9.000   -9.0000
 2449197.112    -9.000   -9.0000
 2449198.112    -9.000   -9.0000
 2449199.112    -9.000   -9.0000
 2449200.112    -9.000   -9.0000
 2449201.112    -9.000   -9.0000
 2449202.112    -9.000   -9.0000
 2449203.112    -9.000   -9.0000
 2449204.112    -9.000   -9.0000
 2449205.112    -9.000   -9.0000
 2449206.112    -9.000   -9.0000
 2449207.112    -9.000   -9.0000
 2449208.112    -9.000   -9.0000
 2449209.112    -9.000   -9.0000
 2449210.112    -9.000   -9.0000
 2449211.112    -9.000   -9.0000
 2449212.112    -9.000   -9.0000
 2449213.112    -9.000   -9.0000
 2449214.112    -9.000   -9.0000
 2449215.112    -9.000   -9.0000
 2449216.112    -9.000   -9.0000
 2449217.112    -9.000   -9.0000
 2449218.112    -9.000   -9.0000
 2449219.112    -9.000   -9.0000
 2449220.112    -9.000   -9.0000
 2449221.112    -9.000   -9.0000
 2449222.112    -9.000   -9.0000
 2449223.112    -9.000   -9.0000
 2449224.112    -9.000   -9.0000
 2449225.112    -9.000   -9.0000
 2449226.112    -9.000   -9.0000
 2449227.112    -9.000   -9.0000
 2449228.112    -9.000   -9.0000
 2449229.112    -9.000   -9.0000
 2449230.112    -9.000   -9.0000
 2449231.112    -9.000   -9.0000
 2449232.112    -9.000   -9.0000
 2449233.112    -9.000   -9.0000
 2449234.112    -9.000   -9.0000
 2449235.112    -9.000   -9.0000
 2449236.112    -9.000   -9.0000
 2449237.112    -9.000   -9.0000
 2449238.112    -9.000   -9.0000
 2449239.112    -9.000   -9.0000
 2449240.112    -9.000   -9.0000
 2449241.112    -9.000   -9.0000
 2449242.112    -9.000   -9.0000
 2449243.112    -9.000   -9.0000
 2449244.112    -9.000   -9.0000
 2449245.112    -9.000   -9.0000
 2449246.112    -9.000   -9.0000
 2449247.112    -9.000   -9.0000
 2449248.112    -9.000   -9.0000
 2449249.112    -9.000   -9.0000
 2449250.112    -9.000   -9.0000
 2449251.112    -9.000   -9.0000
 2449252.112    -9.000   -9.0000
 2449253.112    -9.000   -9.0000
 2449254.112    -9.000   -9.0000
 2449255.112    -9.000   -9.0000
 2449256.112    -9.000   -9.0000
 2449257.112    -9.000   -9.0000
 2449258.112    -9.000   -9.0000
 2449259.112    -9.000   -9.0000
 2449260.112    -9.000   -9.0000
 2449261.112    -9.000   -9.0000
 2449262.112    -9.000   -9.0000
 2449263.112    -9.000   -9.0000
 2449264.112    -9.000   -9.0000
 2449265.112    -9.000   -9.0000
 2449266.112    -9.000   -9.0000
 2449267.112    -9.000   -9.0000
 2449268.112    -9.000   -9.0000
 2449269.112    -9.000   -9.0000
 2449270.112    -9.000   -9.0000
 2449271.112    -9.000   -9.0000
 2449272.112    -9.000   -9.0000
 2449273.112    -9.000   -9.0000
 2449274.112    -9.000   -9.0000
 2449275.112    -9.000   -9.0000
 2449276.112    -9.000   -9.0000
 2449277.112    -9.000   -9.0000
 2449278.112    -9.000   -9.0000
 2449279.112    -9.000   -9.0000
 2449280.112    -9.000   -9.0000
 2449281.112    -9.000   -9.0000
 2449282.112    -9.000   -9.0000
 2449283.112    -9.000   -9.0000
 2449284.112    -9.000   -9.0000
 2449285.112    -9.000   -9.0000
 2449286.112    -9.000   -9.0000
 2449287.112    -9.000   -9.0000
 2449288.112    -9.000   -9.0000
 2449289.112    -9.000   -9.0000
 2449290.112    -9.000   -9.0000
 2449291.112    -9.000   -9.0000
 2449292.112    -9.000   -9.0000
 2449293.112    -9.000   -9.0000
 2449294.112    -9.000   -9.0000
 2449295.112    -9.000   -9.0000
 2449296.112    -9.000   -9.0000
 2449297.112    -9.000   -9.0000
 2449298.112    -9.000   -9.0000
 2449299.112    -9.000   -9.0000
 2449300.112    -9.000   -9.0000
 2449301.112    -9.000   -9.0000
 2449302.112    -9.000   -9.0000
 2449303.112    -9.000   -9.0000
 2449304.112    -9.000   -9.0000
 2449305.112    -9.000   -9.0000
 2449306.112    -9.000   -9.0000
 2449307.112    -9.000   -9.0000
 2449308.112    -9.000   -9.0000
 2449309.112    -9.000   -9.0000
 2449310.112    -9.000   -9.0000
 2449311.112    -9.000   -9.0000
 2449312.112    -9.000   -9.0000
 2449313.112  1365.165    0.0919
 2449314.112  1365.164    0.0919
 2449315.112  1365.164    0.0919
 2449316.112  1365.063    0.0919
 2449317.112  1365.062    0.0919
 2449318.112  1365.162    0.0918
 2449319.112  1365.361    0.0918
 2449320.112  1365.660    0.0918
 2449321.112  1365.660    0.0918
 2449322.112  1364.759    0.0918
 2449323.112  1364.958    0.0918
 2449324.112  1364.758    0.0918
 2449325.112  1365.057    0.0918
 2449326.112  1364.957    0.0918
 2449327.112  1364.756    0.0918
 2449328.112    -9.000   -9.0000
 2449329.112  1365.056    0.0917
 2449330.112    -9.000   -9.0000
 2449331.112    -9.000   -9.0000
 2449332.112    -9.000   -9.0000
 2449333.112    -9.000   -9.0000
 2449334.112  1364.655    0.0917
 2449335.112    -9.000   -9.0000
 2449336.112    -9.000   -9.0000
 2449337.112    -9.000   -9.0000
 2449338.112    -9.000   -9.0000
 2449339.112    -9.000   -9.0000
 2449340.112    -9.000   -9.0000
 2449341.112  1365.554    0.0916
 2449342.112    -9.000   -9.0000
 2449343.112  1365.554    0.0916
 2449344.112    -9.000   -9.0000
 2449345.112    -9.000   -9.0000
 2449346.112    -9.000   -9.0000
 2449347.112    -9.000   -9.0000
 2449348.112    -9.000   -9.0000
 2449349.112    -9.000   -9.0000
 2449350.112    -9.000   -9.0000
 2449351.112    -9.000   -9.0000
 2449352.112    -9.000   -9.0000
 2449353.112    -9.000   -9.0000
 2449354.112    -9.000   -9.0000
 2449355.112    -9.000   -9.0000
 2449356.112    -9.000   -9.0000
 2449357.112  1364.953    0.0914
 2449358.112    -9.000   -9.0000
 2449359.112    -9.000   -9.0000
 2449360.112    -9.000   -9.0000
 2449361.112    -9.000   -9.0000
 2449362.112    -9.000   -9.0000
 2449363.112  1365.252    0.0914
 2449364.112    -9.000   -9.0000
 2449365.112    -9.000   -9.0000
 2449366.112    -9.000   -9.0000
 2449367.112    -9.000   -9.0000
 2449368.112    -9.000   -9.0000
 2449369.112    -9.000   -9.0000
 2449370.112    -9.000   -9.0000
 2449371.112    -9.000   -9.0000
 2449372.112  1364.952    0.0913
 2449373.112    -9.000   -9.0000
 2449374.112    -9.000   -9.0000
 2449375.112    -9.000   -9.0000
 2449376.112    -9.000   -9.0000
 2449377.112    -9.000   -9.0000
 2449378.112    -9.000   -9.0000
 2449379.112    -9.000   -9.0000
 2449380.112    -9.000   -9.0000
 2449381.112    -9.000   -9.0000
 2449382.112    -9.000   -9.0000
 2449383.112    -9.000   -9.0000
 2449384.112    -9.000   -9.0000
 2449385.112    -9.000   -9.0000
 2449386.112    -9.000   -9.0000
 2449387.112    -9.000   -9.0000
 2449388.112    -9.000   -9.0000
 2449389.112    -9.000   -9.0000
 2449390.112    -9.000   -9.0000
 2449391.112    -9.000   -9.0000
 2449392.112    -9.000   -9.0000
 2449393.112    -9.000   -9.0000
 2449394.112  1364.251    0.0911
 2449395.112    -9.000   -9.0000
 2449396.112    -9.000   -9.0000
 2449397.112    -9.000   -9.0000
 2449398.112    -9.000   -9.0000
 2449399.112    -9.000   -9.0000
 2449400.112    -9.000   -9.0000
 2449401.112    -9.000   -9.0000
 2449402.112    -9.000   -9.0000
 2449403.112    -9.000   -9.0000
 2449404.112  1365.151    0.0909
 2449405.112    -9.000   -9.0000
 2449406.112    -9.000   -9.0000
 2449407.112    -9.000   -9.0000
 2449408.112    -9.000   -9.0000
 2449409.112    -9.000   -9.0000
 2449410.112  1365.850    0.0909
 2449411.112    -9.000   -9.0000
 2449412.112    -9.000   -9.0000
 2449413.112    -9.000   -9.0000
 2449414.112    -9.000   -9.0000
 2449415.112    -9.000   -9.0000
 2449416.112    -9.000   -9.0000
 2449417.112    -9.000   -9.0000
 2449418.112    -9.000   -9.0000
 2449419.112    -9.000   -9.0000
 2449420.112    -9.000   -9.0000
 2449421.112    -9.000   -9.0000
 2449422.112    -9.000   -9.0000
 2449423.112    -9.000   -9.0000
 2449424.112    -9.000   -9.0000
 2449425.112    -9.000   -9.0000
 2449426.112    -9.000   -9.0000
 2449427.112    -9.000   -9.0000
 2449428.112  1364.749    0.0907
 2449429.112    -9.000   -9.0000
 2449430.112    -9.000   -9.0000
 2449431.112    -9.000   -9.0000
 2449432.112    -9.000   -9.0000
 2449433.112    -9.000   -9.0000
 2449434.112    -9.000   -9.0000
 2449435.112    -9.000   -9.0000
 2449436.112    -9.000   -9.0000
 2449437.112    -9.000   -9.0000
 2449438.112    -9.000   -9.0000
 2449439.112    -9.000   -9.0000
 2449440.112    -9.000   -9.0000
 2449441.112    -9.000   -9.0000
 2449442.112    -9.000   -9.0000
 2449443.112    -9.000   -9.0000
 2449444.112    -9.000   -9.0000
 2449445.112    -9.000   -9.0000
 2449446.112  1364.349    0.0905
 2449447.112    -9.000   -9.0000
 2449448.112    -9.000   -9.0000
 2449449.112    -9.000   -9.0000
 2449450.112    -9.000   -9.0000
 2449451.112    -9.000   -9.0000
 2449452.112    -9.000   -9.0000
 2449453.112    -9.000   -9.0000
 2449454.112    -9.000   -9.0000
 2449455.112  1364.448    0.0904
 2449456.112    -9.000   -9.0000
 2449457.112    -9.000   -9.0000
 2449458.112    -9.000   -9.0000
 2449459.112    -9.000   -9.0000
 2449460.112    -9.000   -9.0000
 2449461.112    -9.000   -9.0000
 2449462.112    -9.000   -9.0000
 2449463.112    -9.000   -9.0000
 2449464.112    -9.000   -9.0000
 2449465.112    -9.000   -9.0000
 2449466.112    -9.000   -9.0000
 2449467.112    -9.000   -9.0000
 2449468.112    -9.000   -9.0000
 2449469.112  1364.748    0.0903
 2449470.112    -9.000   -9.0000
 2449471.112    -9.000   -9.0000
 2449472.112    -9.000   -9.0000
 2449473.112  1364.147    0.0902
 2449474.112    -9.000   -9.0000
 2449475.112    -9.000   -9.0000
 2449476.112    -9.000   -9.0000
 2449477.112    -9.000   -9.0000
 2449478.112    -9.000   -9.0000
 2449479.112    -9.000   -9.0000
 2449480.112  1364.646    0.0901
 2449481.112    -9.000   -9.0000
 2449482.112    -9.000   -9.0000
 2449483.112  1365.046    0.0901
 2449484.112    -9.000   -9.0000
 2449485.112    -9.000   -9.0000
 2449486.112    -9.000   -9.0000
 2449487.112    -9.000   -9.0000
 2449488.112    -9.000   -9.0000
 2449489.112    -9.000   -9.0000
 2449490.112  1364.945    0.0900
 2449491.112    -9.000   -9.0000
 2449492.112    -9.000   -9.0000
 2449493.112    -9.000   -9.0000
 2449494.112    -9.000   -9.0000
 2449495.112    -9.000   -9.0000
 2449496.112    -9.000   -9.0000
 2449497.112    -9.000   -9.0000
 2449498.112    -9.000   -9.0000
 2449499.112    -9.000   -9.0000
 2449500.112    -9.000   -9.0000
 2449501.112    -9.000   -9.0000
 2449502.112    -9.000   -9.0000
 2449503.112    -9.000   -9.0000
 2449504.112  1364.444    0.0899
 2449505.112    -9.000   -9.0000
 2449506.112    -9.000   -9.0000
 2449507.112    -9.000   -9.0000
 2449508.112    -9.000   -9.0000
 2449509.112    -9.000   -9.0000
 2449510.112    -9.000   -9.0000
 2449511.112  1364.244    0.0898
 2449512.112    -9.000   -9.0000
 2449513.112    -9.000   -9.0000
 2449514.112    -9.000   -9.0000
 2449515.112    -9.000   -9.0000
 2449516.112    -9.000   -9.0000
 2449517.112    -9.000   -9.0000
 2449518.112    -9.000   -9.0000
 2449519.112    -9.000   -9.0000
 2449520.112  1365.443    0.0897
 2449521.112    -9.000   -9.0000
 2449522.112    -9.000   -9.0000
 2449523.112    -9.000   -9.0000
 2449524.112    -9.000   -9.0000
 2449525.112  1364.543    0.0897
 2449526.112    -9.000   -9.0000
 2449527.112    -9.000   -9.0000
 2449528.112    -9.000   -9.0000
 2449529.112    -9.000   -9.0000
 2449530.112    -9.000   -9.0000
 2449531.112    -9.000   -9.0000
 2449532.112    -9.000   -9.0000
 2449533.112    -9.000   -9.0000
 2449534.112    -9.000   -9.0000
 2449535.112    -9.000   -9.0000
 2449536.112    -9.000   -9.0000
 2449537.112    -9.000   -9.0000
 2449538.112    -9.000   -9.0000
 2449539.112    -9.000   -9.0000
 2449540.112    -9.000   -9.0000
 2449541.112    -9.000   -9.0000
 2449542.112    -9.000   -9.0000
 2449543.112    -9.000   -9.0000
 2449544.112    -9.000   -9.0000
 2449545.112    -9.000   -9.0000
 2449546.112    -9.000   -9.0000
 2449547.112    -9.000   -9.0000
 2449548.112    -9.000   -9.0000
 2449549.112    -9.000   -9.0000
 2449550.112    -9.000   -9.0000
 2449551.112    -9.000   -9.0000
 2449552.112    -9.000   -9.0000
 2449553.112  1364.542    0.0893
 2449554.112    -9.000   -9.0000
 2449555.112    -9.000   -9.0000
 2449556.112    -9.000   -9.0000
 2449557.112    -9.000   -9.0000
 2449558.112    -9.000   -9.0000
 2449559.112    -9.000   -9.0000
 2449560.112    -9.000   -9.0000
 2449561.112    -9.000   -9.0000
 2449562.112    -9.000   -9.0000
 2449563.112    -9.000   -9.0000
 2449564.112    -9.000   -9.0000
 2449565.112    -9.000   -9.0000
 2449566.112    -9.000   -9.0000
 2449567.112    -9.000   -9.0000
 2449568.112    -9.000   -9.0000
 2449569.112    -9.000   -9.0000
 2449570.112    -9.000   -9.0000
 2449571.112    -9.000   -9.0000
 2449572.112    -9.000   -9.0000
 2449573.112    -9.000   -9.0000
 2449574.112  1364.241    0.0891
 2449575.112    -9.000   -9.0000
 2449576.112    -9.000   -9.0000
 2449577.112    -9.000   -9.0000
 2449578.112    -9.000   -9.0000
 2449579.112    -9.000   -9.0000
 2449580.112    -9.000   -9.0000
 2449581.112  1364.740    0.0890
 2449582.112    -9.000   -9.0000
 2449583.112    -9.000   -9.0000
 2449584.112    -9.000   -9.0000
 2449585.112    -9.000   -9.0000
 2449586.112    -9.000   -9.0000
 2449587.112    -9.000   -9.0000
 2449588.112    -9.000   -9.0000
 2449589.112    -9.000   -9.0000
 2449590.112  1364.740    0.0889
 2449591.112    -9.000   -9.0000
 2449592.112    -9.000   -9.0000
 2449593.112    -9.000   -9.0000
 2449594.112    -9.000   -9.0000
 2449595.112    -9.000   -9.0000
 2449596.112    -9.000   -9.0000
 2449597.112    -9.000   -9.0000
 2449598.112    -9.000   -9.0000
 2449599.112    -9.000   -9.0000
 2449600.112    -9.000   -9.0000
 2449601.112    -9.000   -9.0000
 2449602.112    -9.000   -9.0000
 2449603.112    -9.000   -9.0000
 2449604.112    -9.000   -9.0000
 2449605.112    -9.000   -9.0000
 2449606.112    -9.000   -9.0000
 2449607.112    -9.000   -9.0000
 2449608.112    -9.000   -9.0000
 2449609.112  1365.039    0.0887
 2449610.112    -9.000   -9.0000
 2449611.112    -9.000   -9.0000
 2449612.112    -9.000   -9.0000
 2449613.112    -9.000   -9.0000
 2449614.112    -9.000   -9.0000
 2449615.112    -9.000   -9.0000
 2449616.112    -9.000   -9.0000
 2449617.112    -9.000   -9.0000
 2449618.112    -9.000   -9.0000
 2449619.112    -9.000   -9.0000
 2449620.112    -9.000   -9.0000
 2449621.112  1364.338    0.0886
 2449622.112    -9.000   -9.0000
 2449623.112    -9.000   -9.0000
 2449624.112    -9.000   -9.0000
 2449625.112    -9.000   -9.0000
 2449626.112  1365.538    0.0885
 2449627.112    -9.000   -9.0000
 2449628.112    -9.000   -9.0000
 2449629.112    -9.000   -9.0000
 2449630.112    -9.000   -9.0000
 2449631.112    -9.000   -9.0000
 2449632.112    -9.000   -9.0000
 2449633.112    -9.000   -9.0000
 2449634.112    -9.000   -9.0000
 2449635.112    -9.000   -9.0000
 2449636.112    -9.000   -9.0000
 2449637.112  1364.937    0.0884
 2449638.112    -9.000   -9.0000
 2449639.112    -9.000   -9.0000
 2449640.112    -9.000   -9.0000
 2449641.112    -9.000   -9.0000
 2449642.112    -9.000   -9.0000
 2449643.112    -9.000   -9.0000
 2449644.112    -9.000   -9.0000
 2449645.112    -9.000   -9.0000
 2449646.112    -9.000   -9.0000
 2449647.112    -9.000   -9.0000
 2449648.112    -9.000   -9.0000
 2449649.112    -9.000   -9.0000
 2449650.112    -9.000   -9.0000
 2449651.112  1364.737    0.0883
 2449652.112    -9.000   -9.0000
 2449653.112    -9.000   -9.0000
 2449654.112    -9.000   -9.0000
 2449655.112    -9.000   -9.0000
 2449656.112    -9.000   -9.0000
 2449657.112    -9.000   -9.0000
 2449658.112    -9.000   -9.0000
 2449659.112    -9.000   -9.0000
 2449660.112  1365.436    0.0882
 2449661.112  1365.135    0.0882
 2449662.112  1365.635    0.0881
 2449663.112  1364.934    0.0881
 2449664.112  1364.534    0.0881
 2449665.112  1365.033    0.0881
 2449666.112  1365.232    0.0881
 2449667.112  1364.932    0.0881
 2449668.112  1364.931    0.0881
 2449669.112  1365.031    0.0881
 2449670.112    -9.000   -9.0000
 2449671.112    -9.000   -9.0000
 2449672.112  1364.830    0.0880
 2449673.112    -9.000   -9.0000
 2449674.112    -9.000   -9.0000
 2449675.112    -9.000   -9.0000
 2449676.112    -9.000   -9.0000
 2449677.112    -9.000   -9.0000
 2449678.112    -9.000   -9.0000
 2449679.112    -9.000   -9.0000
 2449680.112    -9.000   -9.0000
 2449681.112    -9.000   -9.0000
 2449682.112    -9.000   -9.0000
 2449683.112    -9.000   -9.0000
 2449684.112    -9.000   -9.0000
 2449685.112  1364.730    0.0879
 2449686.112    -9.000   -9.0000
 2449687.112    -9.000   -9.0000
 2449688.112    -9.000   -9.0000
 2449689.112    -9.000   -9.0000
 2449690.112    -9.000   -9.0000
 2449691.112    -9.000   -9.0000
 2449692.112    -9.000   -9.0000
 2449693.112  1364.329    0.0878
 2449694.112    -9.000   -9.0000
 2449695.112    -9.000   -9.0000
 2449696.112    -9.000   -9.0000
 2449697.112  1364.828    0.0878
 2449698.112    -9.000   -9.0000
 2449699.112    -9.000   -9.0000
 2449700.112    -9.000   -9.0000
 2449701.112    -9.000   -9.0000
 2449702.112  1364.528    0.0877
 2449703.112    -9.000   -9.0000
 2449704.112    -9.000   -9.0000
 2449705.112    -9.000   -9.0000
 2449706.112    -9.000   -9.0000
 2449707.112  1364.827    0.0876
 2449708.112    -9.000   -9.0000
 2449709.112    -9.000   -9.0000
 2449710.112    -9.000   -9.0000
 2449711.112    -9.000   -9.0000
 2449712.112    -9.000   -9.0000
 2449713.112    -9.000   -9.0000
 2449714.112    -9.000   -9.0000
 2449715.112    -9.000   -9.0000
 2449716.112    -9.000   -9.0000
 2449717.112    -9.000   -9.0000
 2449718.112    -9.000   -9.0000
 2449719.112    -9.000   -9.0000
 2449720.112    -9.000   -9.0000
 2449721.112  1365.427    0.0875
 2449722.112    -9.000   -9.0000
 2449723.112    -9.000   -9.0000
 2449724.112    -9.000   -9.0000
 2449725.112    -9.000   -9.0000
 2449726.112  1365.026    0.0874
 2449727.112    -9.000   -9.0000
 2449728.112    -9.000   -9.0000
 2449729.112    -9.000   -9.0000
 2449730.112    -9.000   -9.0000
 2449731.112  1364.825    0.0874
 2449732.112    -9.000   -9.0000
 2449733.112    -9.000   -9.0000
 2449734.112    -9.000   -9.0000
 2449735.112  1363.925    0.0873
 2449736.112    -9.000   -9.0000
 2449737.112    -9.000   -9.0000
 2449738.112    -9.000   -9.0000
 2449739.112    -9.000   -9.0000
 2449740.112    -9.000   -9.0000
 2449741.112    -9.000   -9.0000
 2449742.112  1364.624    0.0873
 2449743.112    -9.000   -9.0000
 2449744.112    -9.000   -9.0000
 2449745.112    -9.000   -9.0000
 2449746.112    -9.000   -9.0000
 2449747.112    -9.000   -9.0000
 2449748.112    -9.000   -9.0000
 2449749.112    -9.000   -9.0000
 2449750.112    -9.000   -9.0000
 2449751.112    -9.000   -9.0000
 2449752.112    -9.000   -9.0000
 2449753.112    -9.000   -9.0000
 2449754.112    -9.000   -9.0000
 2449755.112    -9.000   -9.0000
 2449756.112  1363.724    0.0871
 2449757.112    -9.000   -9.0000
 2449758.112    -9.000   -9.0000
 2449759.112    -9.000   -9.0000
 2449760.112    -9.000   -9.0000
 2449761.112    -9.000   -9.0000
 2449762.112    -9.000   -9.0000
 2449763.112    -9.000   -9.0000
 2449764.112    -9.000   -9.0000
 2449765.112    -9.000   -9.0000
 2449766.112  1364.323    0.0870
 2449767.112    -9.000   -9.0000
 2449768.112    -9.000   -9.0000
 2449769.112    -9.000   -9.0000
 2449770.112    -9.000   -9.0000
 2449771.112  1364.523    0.0869
 2449772.112    -9.000   -9.0000
 2449773.112    -9.000   -9.0000
 2449774.112    -9.000   -9.0000
 2449775.112    -9.000   -9.0000
 2449776.112    -9.000   -9.0000
 2449777.112    -9.000   -9.0000
 2449778.112    -9.000   -9.0000
 2449779.112    -9.000   -9.0000
 2449780.112    -9.000   -9.0000
 2449781.112    -9.000   -9.0000
 2449782.112    -9.000   -9.0000
 2449783.112    -9.000   -9.0000
 2449784.112    -9.000   -9.0000
 2449785.112    -9.000   -9.0000
 2449786.112    -9.000   -9.0000
 2449787.112    -9.000   -9.0000
 2449788.112    -9.000   -9.0000
 2449789.112    -9.000   -9.0000
 2449790.112    -9.000   -9.0000
 2449791.112  1364.822    0.0867
 2449792.112    -9.000   -9.0000
 2449793.112    -9.000   -9.0000
 2449794.112    -9.000   -9.0000
 2449795.112    -9.000   -9.0000
 2449796.112    -9.000   -9.0000
 2449797.112    -9.000   -9.0000
 2449798.112    -9.000   -9.0000
 2449799.112    -9.000   -9.0000
 2449800.112    -9.000   -9.0000
 2449801.112    -9.000   -9.0000
 2449802.112    -9.000   -9.0000
 2449803.112    -9.000   -9.0000
 2449804.112    -9.000   -9.0000
 2449805.112    -9.000   -9.0000
 2449806.112  1365.121    0.0865
 2449807.112    -9.000   -9.0000
 2449808.112    -9.000   -9.0000
 2449809.112    -9.000   -9.0000
 2449810.112    -9.000   -9.0000
 2449811.112    -9.000   -9.0000
 2449812.112    -9.000   -9.0000
 2449813.112    -9.000   -9.0000
 2449814.112    -9.000   -9.0000
 2449815.112    -9.000   -9.0000
 2449816.112    -9.000   -9.0000
 2449817.112    -9.000   -9.0000
 2449818.112    -9.000   -9.0000
 2449819.112  1364.721    0.0864
 2449820.112    -9.000   -9.0000
 2449821.112    -9.000   -9.0000
 2449822.112    -9.000   -9.0000
 2449823.112    -9.000   -9.0000
 2449824.112    -9.000   -9.0000
 2449825.112    -9.000   -9.0000
 2449826.112    -9.000   -9.0000
 2449827.112    -9.000   -9.0000
 2449828.112    -9.000   -9.0000
 2449829.112    -9.000   -9.0000
 2449830.112    -9.000   -9.0000
 2449831.112    -9.000   -9.0000
 2449832.112    -9.000   -9.0000
 2449833.112  1365.120    0.0862
 2449834.112    -9.000   -9.0000
 2449835.112    -9.000   -9.0000
 2449836.112  1364.320    0.0862
 2449837.112    -9.000   -9.0000
 2449838.112    -9.000   -9.0000
 2449839.112    -9.000   -9.0000
 2449840.112  1365.219    0.0861
 2449841.112    -9.000   -9.0000
 2449842.112    -9.000   -9.0000
 2449843.112    -9.000   -9.0000
 2449844.112    -9.000   -9.0000
 2449845.112    -9.000   -9.0000
 2449846.112    -9.000   -9.0000
 2449847.112  1364.718    0.0861
 2449848.112    -9.000   -9.0000
 2449849.112    -9.000   -9.0000
 2449850.112    -9.000   -9.0000
 2449851.112    -9.000   -9.0000
 2449852.112  1364.618    0.0860
 2449853.112    -9.000   -9.0000
 2449854.112    -9.000   -9.0000
 2449855.112    -9.000   -9.0000
 2449856.112    -9.000   -9.0000
 2449857.112    -9.000   -9.0000
 2449858.112    -9.000   -9.0000
 2449859.112    -9.000   -9.0000
 2449860.112    -9.000   -9.0000
 2449861.112    -9.000   -9.0000
 2449862.112    -9.000   -9.0000
 2449863.112    -9.000   -9.0000
 2449864.112    -9.000   -9.0000
 2449865.112    -9.000   -9.0000
 2449866.112    -9.000   -9.0000
 2449867.112    -9.000   -9.0000
 2449868.112    -9.000   -9.0000
 2449869.112    -9.000   -9.0000
 2449870.112    -9.000   -9.0000
 2449871.112    -9.000   -9.0000
 2449872.112    -9.000   -9.0000
 2449873.112    -9.000   -9.0000
 2449874.112    -9.000   -9.0000
 2449875.112  1365.017    0.0857
 2449876.112    -9.000   -9.0000
 2449877.112  1365.016    0.0857
 2449878.112    -9.000   -9.0000
 2449879.112    -9.000   -9.0000
 2449880.112    -9.000   -9.0000
 2449881.112  1365.016    0.0857
 2449882.112    -9.000   -9.0000
 2449883.112    -9.000   -9.0000
 2449884.112    -9.000   -9.0000
 2449885.112    -9.000   -9.0000
 2449886.112    -9.000   -9.0000
 2449887.112    -9.000   -9.0000
 2449888.112    -9.000   -9.0000
 2449889.112  1364.415    0.0856
 2449890.112    -9.000   -9.0000
 2449891.112    -9.000   -9.0000
 2449892.112    -9.000   -9.0000
 2449893.112    -9.000   -9.0000
 2449894.112    -9.000   -9.0000
 2449895.112    -9.000   -9.0000
 2449896.112    -9.000   -9.0000
 2449897.112    -9.000   -9.0000
 2449898.112    -9.000   -9.0000
 2449899.112    -9.000   -9.0000
 2449900.112    -9.000   -9.0000
 2449901.112    -9.000   -9.0000
 2449902.112    -9.000   -9.0000
 2449903.112  1364.114    0.0854
 2449904.112    -9.000   -9.0000
 2449905.112    -9.000   -9.0000
 2449906.112  1364.414    0.0854
 2449907.112    -9.000   -9.0000
 2449908.112    -9.000   -9.0000
 2449909.112  1364.613    0.0853
 2449910.112    -9.000   -9.0000
 2449911.112    -9.000   -9.0000
 2449912.112    -9.000   -9.0000
 2449913.112    -9.000   -9.0000
 2449914.112    -9.000   -9.0000
 2449915.112    -9.000   -9.0000
 2449916.112  1364.513    0.0853
 2449917.112    -9.000   -9.0000
 2449918.112    -9.000   -9.0000
 2449919.112    -9.000   -9.0000
 2449920.112    -9.000   -9.0000
 2449921.112    -9.000   -9.0000
 2449922.112    -9.000   -9.0000
 2449923.112    -9.000   -9.0000
 2449924.112    -9.000   -9.0000
 2449925.112    -9.000   -9.0000
 2449926.112    -9.000   -9.0000
 2449927.112    -9.000   -9.0000
 2449928.112    -9.000   -9.0000
 2449929.112    -9.000   -9.0000
 2449930.112    -9.000   -9.0000
 2449931.112    -9.000   -9.0000
 2449932.112    -9.000   -9.0000
 2449933.112    -9.000   -9.0000
 2449934.112    -9.000   -9.0000
 2449935.112  1364.912    0.0850
 2449936.112    -9.000   -9.0000
 2449937.112    -9.000   -9.0000
 2449938.112    -9.000   -9.0000
 2449939.112    -9.000   -9.0000
 2449940.112    -9.000   -9.0000
 2449941.112    -9.000   -9.0000
 2449942.112    -9.000   -9.0000
 2449943.112    -9.000   -9.0000
 2449944.112  1365.512    0.0849
 2449945.112    -9.000   -9.0000
 2449946.112    -9.000   -9.0000
 2449947.112    -9.000   -9.0000
 2449948.112  1364.711    0.0849
 2449949.112    -9.000   -9.0000
 2449950.112    -9.000   -9.0000
 2449951.112  1364.810    0.0848
 2449952.112    -9.000   -9.0000
 2449953.112    -9.000   -9.0000
 2449954.112    -9.000   -9.0000
 2449955.112    -9.000   -9.0000
 2449956.112    -9.000   -9.0000
 2449957.112    -9.000   -9.0000
 2449958.112  1364.810    0.0848
 2449959.112    -9.000   -9.0000
 2449960.112    -9.000   -9.0000
 2449961.112    -9.000   -9.0000
 2449962.112    -9.000   -9.0000
 2449963.112    -9.000   -9.0000
 2449964.112    -9.000   -9.0000
 2449965.112    -9.000   -9.0000
 2449966.112    -9.000   -9.0000
 2449967.112    -9.000   -9.0000
 2449968.112    -9.000   -9.0000
 2449969.112    -9.000   -9.0000
 2449970.112    -9.000   -9.0000
 2449971.112    -9.000   -9.0000
 2449972.112  1364.609    0.0846
 2449973.112    -9.000   -9.0000
 2449974.112    -9.000   -9.0000
 2449975.112    -9.000   -9.0000
 2449976.112    -9.000   -9.0000
 2449977.112    -9.000   -9.0000
 2449978.112    -9.000   -9.0000
 2449979.112    -9.000   -9.0000
 2449980.112    -9.000   -9.0000
 2449981.112    -9.000   -9.0000
 2449982.112  1364.709    0.0845
 2449983.112    -9.000   -9.0000
 2449984.112    -9.000   -9.0000
 2449985.112    -9.000   -9.0000
 2449986.112  1364.508    0.0844
 2449987.112    -9.000   -9.0000
 2449988.112    -9.000   -9.0000
 2449989.112    -9.000   -9.0000
 2449990.112    -9.000   -9.0000
 2449991.112    -9.000   -9.0000
 2449992.112    -9.000   -9.0000
 2449993.112    -9.000   -9.0000
 2449994.112    -9.000   -9.0000
 2449995.112    -9.000   -9.0000
 2449996.112    -9.000   -9.0000
 2449997.112    -9.000   -9.0000
 2449998.112    -9.000   -9.0000
 2449999.112    -9.000   -9.0000
 2450000.112  1363.908    0.0843
 2450001.112    -9.000   -9.0000
 2450002.112    -9.000   -9.0000
 2450003.112    -9.000   -9.0000
 2450004.112    -9.000   -9.0000
 2450005.112    -9.000   -9.0000
 2450006.112    -9.000   -9.0000
 2450007.112    -9.000   -9.0000
 2450008.112    -9.000   -9.0000
 2450009.112    -9.000   -9.0000
 2450010.112    -9.000   -9.0000
 2450011.112    -9.000   -9.0000
 2450012.112    -9.000   -9.0000
 2450013.112    -9.000   -9.0000
 2450014.112  1365.507    0.0841
 2450015.112    -9.000   -9.0000
 2450016.112    -9.000   -9.0000
 2450017.112  1365.606    0.0841
 2450018.112    -9.000   -9.0000
 2450019.112    -9.000   -9.0000
 2450020.112  1364.906    0.0840
 2450021.112    -9.000   -9.0000
 2450022.112    -9.000   -9.0000
 2450023.112    -9.000   -9.0000
 2450024.112    -9.000   -9.0000
 2450025.112    -9.000   -9.0000
 2450026.112    -9.000   -9.0000
 2450027.112    -9.000   -9.0000
 2450028.112    -9.000   -9.0000
 2450029.112    -9.000   -9.0000
 2450030.112    -9.000   -9.0000
 2450031.112    -9.000   -9.0000
 2450032.112  1364.505    0.0839
 2450033.112    -9.000   -9.0000
 2450034.112    -9.000   -9.0000
 2450035.112    -9.000   -9.0000
 2450036.112    -9.000   -9.0000
 2450037.112    -9.000   -9.0000
 2450038.112    -9.000   -9.0000
 2450039.112    -9.000   -9.0000
 2450040.112    -9.000   -9.0000
 2450041.112    -9.000   -9.0000
 2450042.112    -9.000   -9.0000
 2450043.112    -9.000   -9.0000
 2450044.112    -9.000   -9.0000
 2450045.112    -9.000   -9.0000
 2450046.112    -9.000   -9.0000
 2450047.112    -9.000   -9.0000
 2450048.112    -9.000   -9.0000
 2450049.112    -9.000   -9.0000
 2450050.112    -9.000   -9.0000
 2450051.112    -9.000   -9.0000
 2450052.112    -9.000   -9.0000
 2450053.112    -9.000   -9.0000
 2450054.112    -9.000   -9.0000
 2450055.112    -9.000   -9.0000
 2450056.112    -9.000   -9.0000
 2450057.112  1364.904    0.0836
 2450058.112    -9.000   -9.0000
 2450059.112    -9.000   -9.0000
 2450060.112    -9.000   -9.0000
 2450061.112    -9.000   -9.0000
 2450062.112  1364.304    0.0835
 2450063.112    -9.000   -9.0000
 2450064.112    -9.000   -9.0000
 2450065.112    -9.000   -9.0000
 2450066.112    -9.000   -9.0000
 2450067.112    -9.000   -9.0000
 2450068.112    -9.000   -9.0000
 2450069.112    -9.000   -9.0000
 2450070.112  1364.503    0.0834
 2450071.112    -9.000   -9.0000
 2450072.112    -9.000   -9.0000
 2450073.112    -9.000   -9.0000
 2450074.112    -9.000   -9.0000
 2450075.112    -9.000   -9.0000
 2450076.112    -9.000   -9.0000
 2450077.112    -9.000   -9.0000
 2450078.112    -9.000   -9.0000
 2450079.112    -9.000   -9.0000
 2450080.112    -9.000   -9.0000
 2450081.112    -9.000   -9.0000
 2450082.112    -9.000   -9.0000
 2450083.112    -9.000   -9.0000
 2450084.112  1364.602    0.0833
 2450085.112    -9.000   -9.0000
 2450086.112    -9.000   -9.0000
 2450087.112  1364.872    0.0832
 2450088.112    -9.000   -9.0000
 2450089.112    -9.000   -9.0000
 2450090.112    -9.000   -9.0000
 2450091.112    -9.000   -9.0000
 2450092.112    -9.000   -9.0000
 2450093.112  1364.281    0.0832
 2450094.112    -9.000   -9.0000
 2450095.112    -9.000   -9.0000
 2450096.112    -9.000   -9.0000
 2450097.112    -9.000   -9.0000
 2450098.112    -9.000   -9.0000
 2450099.112    -9.000   -9.0000
 2450100.112    -9.000   -9.0000
 2450101.112    -9.000   -9.0000
 2450102.112    -9.000   -9.0000
 2450103.112    -9.000   -9.0000
 2450104.112    -9.000   -9.0000
 2450105.112    -9.000   -9.0000
 2450106.112    -9.000   -9.0000
 2450107.112    -9.000   -9.0000
 2450108.112    -9.000   -9.0000
 2450109.112    -9.000   -9.0000
 2450110.112    -9.000   -9.0000
 2450111.112    -9.000   -9.0000
 2450112.112    -9.000   -9.0000
 2450113.112    -9.000   -9.0000
 2450114.112    -9.000   -9.0000
 2450115.112    -9.000   -9.0000
 2450116.112  1365.180    0.0829
 2450117.112    -9.000   -9.0000
 2450118.112    -9.000   -9.0000
 2450119.112    -9.000   -9.0000
 2450120.112    -9.000   -9.0000
 2450121.112    -9.000   -9.0000
 2450122.112    -9.000   -9.0000
 2450123.112    -9.000   -9.0000
 2450124.112    -9.000   -9.0000
 2450125.112    -9.000   -9.0000
 2450126.112    -9.000   -9.0000
 2450127.112  1365.210    0.0827
 2450128.112    -9.000   -9.0000
 2450129.112    -9.000   -9.0000
 2450130.112    -9.000   -9.0000
 2450131.112    -9.000   -9.0000
 2450132.112    -9.000   -9.0000
 2450133.112  1365.059    0.0827
 2450134.112    -9.000   -9.0000
 2450135.112    -9.000   -9.0000
 2450136.112    -9.000   -9.0000
 2450137.112    -9.000   -9.0000
 2450138.112    -9.000   -9.0000
 2450139.112    -9.000   -9.0000
 2450140.112    -9.000   -9.0000
 2450141.112    -9.000   -9.0000
 2450142.112    -9.000   -9.0000
 2450143.112    -9.000   -9.0000
 2450144.112    -9.000   -9.0000
 2450145.112    -9.000   -9.0000
 2450146.112    -9.000   -9.0000
 2450147.112    -9.000   -9.0000
 2450148.112    -9.000   -9.0000
 2450149.112    -9.000   -9.0000
 2450150.112    -9.000   -9.0000
 2450151.112    -9.000   -9.0000
 2450152.112    -9.000   -9.0000
 2450153.112    -9.000   -9.0000
 2450154.112    -9.000   -9.0000
 2450155.112    -9.000   -9.0000
 2450156.112    -9.000   -9.0000
 2450157.112    -9.000   -9.0000
 2450158.112    -9.000   -9.0000
 2450159.112    -9.000   -9.0000
 2450160.112    -9.000   -9.0000
 2450161.112    -9.000   -9.0000
 2450162.112    -9.000   -9.0000
 2450163.112  1365.567    0.0823
 2450164.112    -9.000   -9.0000
 2450165.112    -9.000   -9.0000
 2450166.112    -9.000   -9.0000
 2450167.112    -9.000   -9.0000
 2450168.112    -9.000   -9.0000
 2450169.112  1364.437    0.0822
 2450170.112    -9.000   -9.0000
 2450171.112    -9.000   -9.0000
 2450172.112    -9.000   -9.0000
 2450173.112    -9.000   -9.0000
 2450174.112    -9.000   -9.0000
 2450175.112    -9.000   -9.0000
 2450176.112    -9.000   -9.0000
 2450177.112    -9.000   -9.0000
 2450178.112    -9.000   -9.0000
 2450179.112    -9.000   -9.0000
 2450180.112    -9.000   -9.0000
 2450181.112    -9.000   -9.0000
 2450182.112    -9.000   -9.0000
 2450183.112  1364.766    0.0821
 2450184.112    -9.000   -9.0000
 2450185.112    -9.000   -9.0000
 2450186.112    -9.000   -9.0000
 2450187.112    -9.000   -9.0000
 2450188.112    -9.000   -9.0000
 2450189.112    -9.000   -9.0000
 2450190.112    -9.000   -9.0000
 2450191.112    -9.000   -9.0000
 2450192.112    -9.000   -9.0000
 2450193.112    -9.000   -9.0000
 2450194.112    -9.000   -9.0000
 2450195.112    -9.000   -9.0000
 2450196.112    -9.000   -9.0000
 2450197.112  1364.776    0.0819
 2450198.112    -9.000   -9.0000
 2450199.112    -9.000   -9.0000
 2450200.112    -9.000   -9.0000
 2450201.112    -9.000   -9.0000
 2450202.112    -9.000   -9.0000
 2450203.112  1365.015    0.0818
 2450204.112    -9.000   -9.0000
 2450205.112    -9.000   -9.0000
 2450206.112    -9.000   -9.0000
 2450207.112    -9.000   -9.0000
 2450208.112    -9.000   -9.0000
 2450209.112    -9.000   -9.0000
 2450210.112    -9.000   -9.0000
 2450211.112  1364.735    0.0817
 2450212.112    -9.000   -9.0000
 2450213.112  1364.164    0.0817
 2450214.112    -9.000   -9.0000
 2450215.112    -9.000   -9.0000
 2450216.112    -9.000   -9.0000
 2450217.112    -9.000   -9.0000
 2450218.112    -9.000   -9.0000
 2450219.112    -9.000   -9.0000
 2450220.112    -9.000   -9.0000
 2450221.112    -9.000   -9.0000
 2450222.112    -9.000   -9.0000
 2450223.112    -9.000   -9.0000
 2450224.112    -9.000   -9.0000
 2450225.112    -9.000   -9.0000
 2450226.112  1364.184    0.0815
 2450227.112  1364.413    0.0815
 2450228.112    -9.000   -9.0000
 2450229.112    -9.000   -9.0000
 2450230.112    -9.000   -9.0000
 2450231.112    -9.000   -9.0000
 2450232.112    -9.000   -9.0000
 2450233.112    -9.000   -9.0000
 2450234.112    -9.000   -9.0000
 2450235.112    -9.000   -9.0000
 2450236.112    -9.000   -9.0000
 2450237.112    -9.000   -9.0000
 2450238.112    -9.000   -9.0000
 2450239.112  1365.172    0.0814
 2450240.112    -9.000   -9.0000
 2450241.112    -9.000   -9.0000
 2450242.112    -9.000   -9.0000
 2450243.112  1364.512    0.0813
 2450244.112    -9.000   -9.0000
 2450245.112    -9.000   -9.0000
 2450246.112    -9.000   -9.0000
 2450247.112    -9.000   -9.0000
 2450248.112    -9.000   -9.0000
 2450249.112    -9.000   -9.0000
 2450250.112    -9.000   -9.0000
 2450251.112    -9.000   -9.0000
 2450252.112    -9.000   -9.0000
 2450253.112  1364.371    0.0812
 2450254.112    -9.000   -9.0000
 2450255.112    -9.000   -9.0000
 2450256.112    -9.000   -9.0000
 2450257.112    -9.000   -9.0000
 2450258.112    -9.000   -9.0000
 2450259.112    -9.000   -9.0000
 2450260.112    -9.000   -9.0000
 2450261.112    -9.000   -9.0000
 2450262.112    -9.000   -9.0000
 2450263.112    -9.000   -9.0000
 2450264.112    -9.000   -9.0000
 2450265.112    -9.000   -9.0000
 2450266.112    -9.000   -9.0000
 2450267.112    -9.000   -9.0000
 2450268.112  1364.371    0.0810
 2450269.112    -9.000   -9.0000
 2450270.112    -9.000   -9.0000
 2450271.112    -9.000   -9.0000
 2450272.112  1364.050    0.0810
 2450273.112    -9.000   -9.0000
 2450274.112    -9.000   -9.0000
 2450275.112    -9.000   -9.0000
 2450276.112    -9.000   -9.0000
 2450277.112    -9.000   -9.0000
 2450278.112    -9.000   -9.0000
 2450279.112    -9.000   -9.0000
 2450280.112    -9.000   -9.0000
 2450281.112  1364.530    0.0809
 2450282.112    -9.000   -9.0000
 2450283.112    -9.000   -9.0000
 2450284.112    -9.000   -9.0000
 2450285.112  1364.319    0.0808
 2450286.112    -9.000   -9.0000
 2450287.112    -9.000   -9.0000
 2450288.112    -9.000   -9.0000
 2450289.112    -9.000   -9.0000
 2450290.112    -9.000   -9.0000
 2450291.112    -9.000   -9.0000
 2450292.112    -9.000   -9.0000
 2450293.112    -9.000   -9.0000
 2450294.112    -9.000   -9.0000
 2450295.112    -9.000   -9.0000
 2450296.112    -9.000   -9.0000
 2450297.112    -9.000   -9.0000
 2450298.112  1364.249    0.0806
 2450299.112    -9.000   -9.0000
 2450300.112    -9.000   -9.0000
 2450301.112    -9.000   -9.0000
 2450302.112    -9.000   -9.0000
 2450303.112    -9.000   -9.0000
 2450304.112    -9.000   -9.0000
 2450305.112    -9.000   -9.0000
 2450306.112    -9.000   -9.0000
 2450307.112    -9.000   -9.0000
 2450308.112    -9.000   -9.0000
 2450309.112  1365.008    0.0805
 2450310.112    -9.000   -9.0000
 2450311.112    -9.000   -9.0000
 2450312.112    -9.000   -9.0000
 2450313.112    -9.000   -9.0000
 2450314.112    -9.000   -9.0000
 2450315.112    -9.000   -9.0000
 2450316.112    -9.000   -9.0000
 2450317.112    -9.000   -9.0000
 2450318.112    -9.000   -9.0000
 2450319.112    -9.000   -9.0000
 2450320.112    -9.000   -9.0000
 2450321.112    -9.000   -9.0000
 2450322.112    -9.000   -9.0000
 2450323.112  1364.267    0.0803
 2450324.112    -9.000   -9.0000
 2450325.112    -9.000   -9.0000
 2450326.112    -9.000   -9.0000
 2450327.112    -9.000   -9.0000
 2450328.112    -9.000   -9.0000
 2450329.112    -9.000   -9.0000
 2450330.112    -9.000   -9.0000
 2450331.112    -9.000   -9.0000
 2450332.112    -9.000   -9.0000
 2450333.112    -9.000   -9.0000
 2450334.112    -9.000   -9.0000
 2450335.112    -9.000   -9.0000
 2450336.112    -9.000   -9.0000
 2450337.112  1364.637    0.0802
 2450338.112    -9.000   -9.0000
 2450339.112    -9.000   -9.0000
 2450340.112    -9.000   -9.0000
 2450341.112    -9.000   -9.0000
 2450342.112    -9.000   -9.0000
 2450343.112    -9.000   -9.0000
 2450344.112  1364.086    0.0801
 2450345.112    -9.000   -9.0000
 2450346.112    -9.000   -9.0000
 2450347.112    -9.000   -9.0000
 2450348.112  1364.506    0.0800
 2450349.112    -9.000   -9.0000
 2450350.112    -9.000   -9.0000
 2450351.112  1364.685    0.0800
 2450352.112    -9.000   -9.0000
 2450353.112    -9.000   -9.0000
 2450354.112    -9.000   -9.0000
 2450355.112    -9.000   -9.0000
 2450356.112    -9.000   -9.0000
 2450357.112    -9.000   -9.0000
 2450358.112    -9.000   -9.0000
 2450359.112    -9.000   -9.0000
 2450360.112    -9.000   -9.0000
 2450361.112    -9.000   -9.0000
 2450362.112    -9.000   -9.0000
 2450363.112    -9.000   -9.0000
 2450364.112    -9.000   -9.0000
 2450365.112    -9.000   -9.0000
 2450366.112  1364.495    0.0798
 2450367.112    -9.000   -9.0000
 2450368.112    -9.000   -9.0000
 2450369.112    -9.000   -9.0000
 2450370.112    -9.000   -9.0000
 2450371.112    -9.000   -9.0000
 2450372.112    -9.000   -9.0000
 2450373.112    -9.000   -9.0000
 2450374.112    -9.000   -9.0000
 2450375.112    -9.000   -9.0000
 2450376.112    -9.000   -9.0000
 2450377.112    -9.000   -9.0000
 2450378.112    -9.000   -9.0000
 2450379.112    -9.000   -9.0000
 2450380.112  1365.654    0.0796
 2450381.112  1365.974    0.0796
 2450382.112    -9.000   -9.0000
 2450383.112    -9.000   -9.0000
 2450384.112    -9.000   -9.0000
 2450385.112  1364.893    0.0795
 2450386.112    -9.000   -9.0000
 2450387.112    -9.000   -9.0000
 2450388.112    -9.000   -9.0000
 2450389.112    -9.000   -9.0000
 2450390.112    -9.000   -9.0000
 2450391.112    -9.000   -9.0000
 2450392.112    -9.000   -9.0000
 2450393.112    -9.000   -9.0000
 2450394.112  1364.543    0.0794
 2450395.112  1364.582    0.0794
 2450396.112    -9.000   -9.0000
 2450397.112    -9.000   -9.0000
 2450398.112    -9.000   -9.0000
 2450399.112    -9.000   -9.0000
 2450400.112    -9.000   -9.0000
 2450401.112    -9.000   -9.0000
 2450402.112    -9.000   -9.0000
 2450403.112    -9.000   -9.0000
 2450404.112    -9.000   -9.0000
 2450405.112    -9.000   -9.0000
 2450406.112    -9.000   -9.0000
 2450407.112  1364.702    0.0793
 2450408.112    -9.000   -9.0000
 2450409.112    -9.000   -9.0000
 2450410.112    -9.000   -9.0000
 2450411.112    -9.000   -9.0000
 2450412.112    -9.000   -9.0000
 2450413.112    -9.000   -9.0000
 2450414.112    -9.000   -9.0000
 2450415.112    -9.000   -9.0000
 2450416.112    -9.000   -9.0000
 2450417.112    -9.000   -9.0000
 2450418.112    -9.000   -9.0000
 2450419.112    -9.000   -9.0000
 2450420.112    -9.000   -9.0000
 2450421.112  1364.451    0.0791
 2450422.112    -9.000   -9.0000
 2450423.112    -9.000   -9.0000
 2450424.112  1364.951    0.0791
 2450425.112    -9.000   -9.0000
 2450426.112    -9.000   -9.0000
 2450427.112    -9.000   -9.0000
 2450428.112    -9.000   -9.0000
 2450429.112    -9.000   -9.0000
 2450430.112    -9.000   -9.0000
 2450431.112    -9.000   -9.0000
 2450432.112    -9.000   -9.0000
 2450433.112    -9.000   -9.0000
 2450434.112    -9.000   -9.0000
 2450435.112  1364.410    0.0789
 2450436.112    -9.000   -9.0000
 2450437.112    -9.000   -9.0000
 2450438.112    -9.000   -9.0000
 2450439.112    -9.000   -9.0000
 2450440.112    -9.000   -9.0000
 2450441.112    -9.000   -9.0000
 2450442.112    -9.000   -9.0000
 2450443.112    -9.000   -9.0000
 2450444.112    -9.000   -9.0000
 2450445.112    -9.000   -9.0000
 2450446.112    -9.000   -9.0000
 2450447.112    -9.000   -9.0000
 2450448.112    -9.000   -9.0000
 2450449.112  1364.769    0.0787
 2450450.112    -9.000   -9.0000
 2450451.112    -9.000   -9.0000
 2450452.112  1364.909    0.0787
 2450453.112    -9.000   -9.0000
 2450454.112    -9.000   -9.0000
 2450455.112    -9.000   -9.0000
 2450456.112    -9.000   -9.0000
 2450457.112    -9.000   -9.0000
 2450458.112    -9.000   -9.0000
 2450459.112    -9.000   -9.0000
 2450460.112    -9.000   -9.0000
 2450461.112    -9.000   -9.0000
 2450462.112    -9.000   -9.0000
 2450463.112  1364.328    0.0786
 2450464.112    -9.000   -9.0000
 2450465.112  1364.798    0.0785
 2450466.112    -9.000   -9.0000
 2450467.112    -9.000   -9.0000
 2450468.112    -9.000   -9.0000
 2450469.112    -9.000   -9.0000
 2450470.112    -9.000   -9.0000
 2450471.112    -9.000   -9.0000
 2450472.112    -9.000   -9.0000
 2450473.112    -9.000   -9.0000
 2450474.112    -9.000   -9.0000
 2450475.112    -9.000   -9.0000
 2450476.112    -9.000   -9.0000
 2450477.112    -9.000   -9.0000
 2450478.112  1364.577    0.0784
 2450479.112    -9.000   -9.0000
 2450480.112    -9.000   -9.0000
 2450481.112    -9.000   -9.0000
 2450482.112    -9.000   -9.0000
 2450483.112    -9.000   -9.0000
 2450484.112    -9.000   -9.0000
 2450485.112    -9.000   -9.0000
 2450486.112    -9.000   -9.0000
 2450487.112    -9.000   -9.0000
 2450488.112    -9.000   -9.0000
 2450489.112    -9.000   -9.0000
 2450490.112    -9.000   -9.0000
 2450491.112  1364.117    0.0782
 2450492.112    -9.000   -9.0000
 2450493.112  1365.356    0.0782
 2450494.112    -9.000   -9.0000
 2450495.112    -9.000   -9.0000
 2450496.112    -9.000   -9.0000
 2450497.112    -9.000   -9.0000
 2450498.112    -9.000   -9.0000
 2450499.112    -9.000   -9.0000
 2450500.112    -9.000   -9.0000
 2450501.112    -9.000   -9.0000
 2450502.112    -9.000   -9.0000
 2450503.112    -9.000   -9.0000
 2450504.112    -9.000   -9.0000
 2450505.112  1364.796    0.0780
 2450506.112    -9.000   -9.0000
 2450507.112    -9.000   -9.0000
 2450508.112    -9.000   -9.0000
 2450509.112    -9.000   -9.0000
 2450510.112    -9.000   -9.0000
 2450511.112    -9.000   -9.0000
 2450512.112    -9.000   -9.0000
 2450513.112    -9.000   -9.0000
 2450514.112    -9.000   -9.0000
 2450515.112    -9.000   -9.0000
 2450516.112    -9.000   -9.0000
 2450517.112    -9.000   -9.0000
 2450518.112    -9.000   -9.0000
 2450519.112  1365.375    0.0778
 2450520.112    -9.000   -9.0000
 2450521.112    -9.000   -9.0000
 2450522.112    -9.000   -9.0000
 2450523.112    -9.000   -9.0000
 2450524.112    -9.000   -9.0000
 2450525.112  1364.905    0.0778
 2450526.112    -9.000   -9.0000
 2450527.112  1364.334    0.0777
 2450528.112    -9.000   -9.0000
 2450529.112    -9.000   -9.0000
 2450530.112    -9.000   -9.0000
 2450531.112    -9.000   -9.0000
 2450532.112    -9.000   -9.0000
 2450533.112  1364.384    0.0776
 2450534.112    -9.000   -9.0000
 2450535.112    -9.000   -9.0000
 2450536.112    -9.000   -9.0000
 2450537.112    -9.000   -9.0000
 2450538.112    -9.000   -9.0000
 2450539.112    -9.000   -9.0000
 2450540.112    -9.000   -9.0000
 2450541.112    -9.000   -9.0000
 2450542.112    -9.000   -9.0000
 2450543.112    -9.000   -9.0000
 2450544.112    -9.000   -9.0000
 2450545.112    -9.000   -9.0000
 2450546.112    -9.000   -9.0000
 2450547.112  1364.693    0.0775
 2450548.112    -9.000   -9.0000
 2450549.112    -9.000   -9.0000
 2450550.112    -9.000   -9.0000
 2450551.112    -9.000   -9.0000
 2450552.112    -9.000   -9.0000
 2450553.112    -9.000   -9.0000
 2450554.112    -9.000   -9.0000
 2450555.112    -9.000   -9.0000
 2450556.112    -9.000   -9.0000
 2450557.112    -9.000   -9.0000
 2450558.112    -9.000   -9.0000
 2450559.112    -9.000   -9.0000
 2450560.112  1364.133    0.0773
 2450561.112    -9.000   -9.0000
 2450562.112  1364.772    0.0773
 2450563.112    -9.000   -9.0000
 2450564.112    -9.000   -9.0000
 2450565.112    -9.000   -9.0000
 2450566.112    -9.000   -9.0000
 2450567.112    -9.000   -9.0000
 2450568.112    -9.000   -9.0000
 2450569.112    -9.000   -9.0000
 2450570.112    -9.000   -9.0000
 2450571.112    -9.000   -9.0000
 2450572.112    -9.000   -9.0000
 2450573.112    -9.000   -9.0000
 2450574.112    -9.000   -9.0000
 2450575.112  1365.062    0.0771
 2450576.112    -9.000   -9.0000
 2450577.112    -9.000   -9.0000
 2450578.112    -9.000   -9.0000
 2450579.112    -9.000   -9.0000
 2450580.112    -9.000   -9.0000
 2450581.112    -9.000   -9.0000
 2450582.112    -9.000   -9.0000
 2450583.112    -9.000   -9.0000
 2450584.112    -9.000   -9.0000
 2450585.112    -9.000   -9.0000
 2450586.112    -9.000   -9.0000
 2450587.112  1364.381    0.0769
 2450588.112    -9.000   -9.0000
 2450589.112  1364.571    0.0769
 2450590.112    -9.000   -9.0000
 2450591.112    -9.000   -9.0000
 2450592.112    -9.000   -9.0000
 2450593.112    -9.000   -9.0000
 2450594.112    -9.000   -9.0000
 2450595.112    -9.000   -9.0000
 2450596.112    -9.000   -9.0000
 2450597.112    -9.000   -9.0000
 2450598.112    -9.000   -9.0000
 2450599.112    -9.000   -9.0000
 2450600.112    -9.000   -9.0000
 2450601.112  1364.430    0.0768
 2450602.112    -9.000   -9.0000
 2450603.112    -9.000   -9.0000
 2450604.112  1364.350    0.0767
 2450605.112    -9.000   -9.0000
 2450606.112    -9.000   -9.0000
 2450607.112    -9.000   -9.0000
 2450608.112    -9.000   -9.0000
 2450609.112    -9.000   -9.0000
 2450610.112    -9.000   -9.0000
 2450611.112    -9.000   -9.0000
 2450612.112    -9.000   -9.0000
 2450613.112    -9.000   -9.0000
 2450614.112    -9.000   -9.0000
 2450615.112    -9.000   -9.0000
 2450616.112    -9.000   -9.0000
 2450617.112  1364.669    0.0765
 2450618.112    -9.000   -9.0000
 2450619.112    -9.000   -9.0000
 2450620.112    -9.000   -9.0000
 2450621.112    -9.000   -9.0000
 2450622.112    -9.000   -9.0000
 2450623.112    -9.000   -9.0000
 2450624.112    -9.000   -9.0000
 2450625.112    -9.000   -9.0000
 2450626.112    -9.000   -9.0000
 2450627.112    -9.000   -9.0000
 2450628.112    -9.000   -9.0000
 2450629.112    -9.000   -9.0000
 2450630.112    -9.000   -9.0000
 2450631.112  1364.758    0.0764
 2450632.112    -9.000   -9.0000
 2450633.112  1365.408    0.0763
 2450634.112    -9.000   -9.0000
 2450635.112    -9.000   -9.0000
 2450636.112    -9.000   -9.0000
 2450637.112    -9.000   -9.0000
 2450638.112    -9.000   -9.0000
 2450639.112    -9.000   -9.0000
 2450640.112    -9.000   -9.0000
 2450641.112    -9.000   -9.0000
 2450642.112    -9.000   -9.0000
 2450643.112    -9.000   -9.0000
 2450644.112    -9.000   -9.0000
 2450645.112  1364.757    0.0762
 2450646.112    -9.000   -9.0000
 2450647.112    -9.000   -9.0000
 2450648.112    -9.000   -9.0000
 2450649.112    -9.000   -9.0000
 2450650.112    -9.000   -9.0000
 2450651.112    -9.000   -9.0000
 2450652.112    -9.000   -9.0000
 2450653.112    -9.000   -9.0000
 2450654.112    -9.000   -9.0000
 2450655.112    -9.000   -9.0000
 2450656.112    -9.000   -9.0000
 2450657.112    -9.000   -9.0000
 2450658.112    -9.000   -9.0000
 2450659.112  1364.747    0.0760
 2450660.112    -9.000   -9.0000
 2450661.112    -9.000   -9.0000
 2450662.112    -9.000   -9.0000
 2450663.112    -9.000   -9.0000
 2450664.112    -9.000   -9.0000
 2450665.112    -9.000   -9.0000
 2450666.112    -9.000   -9.0000
 2450667.112    -9.000   -9.0000
 2450668.112  1365.026    0.0759
 2450669.112    -9.000   -9.0000
 2450670.112  1364.836    0.0758
 2450671.112  1364.845    0.0758
 2450672.112  1364.625    0.0758
 2450673.112  1365.424    0.0758
 2450674.112  1365.084    0.0758
 2450675.112    -9.000   -9.0000
 2450676.112  1365.023    0.0758
 2450677.112  1364.963    0.0758
 2450678.112  1365.312    0.0757
 2450679.112  1365.002    0.0757
 2450680.112  1364.941    0.0757
 2450681.112  1364.901    0.0757
 2450682.112  1364.930    0.0757
 2450683.112  1364.870    0.0757
 2450684.112  1364.789    0.0757
 2450685.112    -9.000   -9.0000
 2450686.112    -9.000   -9.0000
 2450687.112  1364.929    0.0756
 2450688.112    -9.000   -9.0000
 2450689.112    -9.000   -9.0000
 2450690.112    -9.000   -9.0000
 2450691.112    -9.000   -9.0000
 2450692.112    -9.000   -9.0000
 2450693.112    -9.000   -9.0000
 2450694.112    -9.000   -9.0000
 2450695.112    -9.000   -9.0000
 2450696.112    -9.000   -9.0000
 2450697.112    -9.000   -9.0000
 2450698.112    -9.000   -9.0000
 2450699.112    -9.000   -9.0000
 2450700.112    -9.000   -9.0000
 2450701.112  1363.478    0.0754
 2450702.112    -9.000   -9.0000
 2450703.112    -9.000   -9.0000
 2450704.112    -9.000   -9.0000
 2450705.112  1364.558    0.0754
 2450706.112    -9.000   -9.0000
 2450707.112    -9.000   -9.0000
 2450708.112  1364.537    0.0753
 2450709.112    -9.000   -9.0000
 2450710.112    -9.000   -9.0000
 2450711.112    -9.000   -9.0000
 2450712.112    -9.000   -9.0000
 2450713.112    -9.000   -9.0000
 2450714.112    -9.000   -9.0000
 2450715.112  1364.777    0.0752
 2450716.112  1365.036    0.0752
 2450717.112    -9.000   -9.0000
 2450718.112    -9.000   -9.0000
 2450719.112    -9.000   -9.0000
 2450720.112    -9.000   -9.0000
 2450721.112    -9.000   -9.0000
 2450722.112    -9.000   -9.0000
 2450723.112    -9.000   -9.0000
 2450724.112    -9.000   -9.0000
 2450725.112    -9.000   -9.0000
 2450726.112    -9.000   -9.0000
 2450727.112    -9.000   -9.0000
 2450728.112    -9.000   -9.0000
 2450729.112  1364.966    0.0751
 2450730.112    -9.000   -9.0000
 2450731.112    -9.000   -9.0000
 2450732.112    -9.000   -9.0000
 2450733.112    -9.000   -9.0000
 2450734.112    -9.000   -9.0000
 2450735.112    -9.000   -9.0000
 2450736.112    -9.000   -9.0000
 2450737.112    -9.000   -9.0000
 2450738.112    -9.000   -9.0000
 2450739.112    -9.000   -9.0000
 2450740.112    -9.000   -9.0000
 2450741.112    -9.000   -9.0000
 2450742.112  1365.315    0.0749
 2450743.112    -9.000   -9.0000
 2450744.112  1364.935    0.0749
 2450745.112    -9.000   -9.0000
 2450746.112    -9.000   -9.0000
 2450747.112    -9.000   -9.0000
 2450748.112    -9.000   -9.0000
 2450749.112    -9.000   -9.0000
 2450750.112    -9.000   -9.0000
 2450751.112    -9.000   -9.0000
 2450752.112  1364.704    0.0748
 2450753.112    -9.000   -9.0000
 2450754.112    -9.000   -9.0000
 2450755.112    -9.000   -9.0000
 2450756.112  1364.284    0.0747
 2450757.112    -9.000   -9.0000
 2450758.112    -9.000   -9.0000
 2450759.112    -9.000   -9.0000
 2450760.112    -9.000   -9.0000
 2450761.112    -9.000   -9.0000
 2450762.112    -9.000   -9.0000
 2450763.112    -9.000   -9.0000
 2450764.112    -9.000   -9.0000
 2450765.112    -9.000   -9.0000
 2450766.112    -9.000   -9.0000
 2450767.112    -9.000   -9.0000
 2450768.112    -9.000   -9.0000
 2450769.112  1364.833    0.0745
 2450770.112    -9.000   -9.0000
 2450771.112    -9.000   -9.0000
 2450772.112  1364.623    0.0745
 2450773.112    -9.000   -9.0000
 2450774.112    -9.000   -9.0000
 2450775.112    -9.000   -9.0000
 2450776.112    -9.000   -9.0000
 2450777.112    -9.000   -9.0000
 2450778.112    -9.000   -9.0000
 2450779.112    -9.000   -9.0000
 2450780.112    -9.000   -9.0000
 2450781.112    -9.000   -9.0000
 2450782.112  1364.732    0.0743
 2450783.112    -9.000   -9.0000
 2450784.112  1365.182    0.0743
 2450785.112  1364.761    0.0743
 2450786.112    -9.000   -9.0000
 2450787.112    -9.000   -9.0000
 2450788.112    -9.000   -9.0000
 2450789.112    -9.000   -9.0000
 2450790.112    -9.000   -9.0000
 2450791.112    -9.000   -9.0000
 2450792.112    -9.000   -9.0000
 2450793.112    -9.000   -9.0000
 2450794.112    -9.000   -9.0000
 2450795.112    -9.000   -9.0000
 2450796.112    -9.000   -9.0000
 2450797.112    -9.000   -9.0000
 2450798.112    -9.000   -9.0000
 2450799.112  1364.961    0.0741
 2450800.112    -9.000   -9.0000
 2450801.112    -9.000   -9.0000
 2450802.112    -9.000   -9.0000
 2450803.112    -9.000   -9.0000
 2450804.112    -9.000   -9.0000
 2450805.112    -9.000   -9.0000
 2450806.112    -9.000   -9.0000
 2450807.112    -9.000   -9.0000
 2450808.112    -9.000   -9.0000
 2450809.112    -9.000   -9.0000
 2450810.112    -9.000   -9.0000
 2450811.112  1365.090    0.0740
 2450812.112    -9.000   -9.0000
 2450813.112  1364.970    0.0739
 2450814.112    -9.000   -9.0000
 2450815.112    -9.000   -9.0000
 2450816.112    -9.000   -9.0000
 2450817.112    -9.000   -9.0000
 2450818.112    -9.000   -9.0000
 2450819.112    -9.000   -9.0000
 2450820.112    -9.000   -9.0000
 2450821.112    -9.000   -9.0000
 2450822.112    -9.000   -9.0000
 2450823.112    -9.000   -9.0000
 2450824.112    -9.000   -9.0000
 2450825.112    -9.000   -9.0000
 2450826.112  1364.769    0.0738
 2450827.112    -9.000   -9.0000
 2450828.112    -9.000   -9.0000
 2450829.112    -9.000   -9.0000
 2450830.112    -9.000   -9.0000
 2450831.112    -9.000   -9.0000
 2450832.112    -9.000   -9.0000
 2450833.112    -9.000   -9.0000
 2450834.112    -9.000   -9.0000
 2450835.112    -9.000   -9.0000
 2450836.112    -9.000   -9.0000
 2450837.112    -9.000   -9.0000
 2450838.112    -9.000   -9.0000
 2450839.112  1364.739    0.0736
 2450840.112    -9.000   -9.0000
 2450841.112  1364.799    0.0735
 2450842.112    -9.000   -9.0000
 2450843.112    -9.000   -9.0000
 2450844.112  1365.008    0.0735
 2450845.112    -9.000   -9.0000
 2450846.112    -9.000   -9.0000
 2450847.112    -9.000   -9.0000
 2450848.112    -9.000   -9.0000
 2450849.112    -9.000   -9.0000
 2450850.112    -9.000   -9.0000
 2450851.112    -9.000   -9.0000
 2450852.112  1364.968    0.0734
 2450853.112    -9.000   -9.0000
 2450854.112  1364.777    0.0734
 2450855.112    -9.000   -9.0000
 2450856.112    -9.000   -9.0000
 2450857.112    -9.000   -9.0000
 2450858.112    -9.000   -9.0000
 2450859.112    -9.000   -9.0000
 2450860.112    -9.000   -9.0000
 2450861.112    -9.000   -9.0000
 2450862.112    -9.000   -9.0000
 2450863.112    -9.000   -9.0000
 2450864.112    -9.000   -9.0000
 2450865.112    -9.000   -9.0000
 2450866.112    -9.000   -9.0000
 2450867.112    -9.000   -9.0000
 2450868.112    -9.000   -9.0000
 2450869.112  1364.527    0.0732
 2450870.112    -9.000   -9.0000
 2450871.112    -9.000   -9.0000
 2450872.112    -9.000   -9.0000
 2450873.112    -9.000   -9.0000
 2450874.112    -9.000   -9.0000
 2450875.112    -9.000   -9.0000
 2450876.112    -9.000   -9.0000
 2450877.112    -9.000   -9.0000
 2450878.112    -9.000   -9.0000
 2450879.112    -9.000   -9.0000
 2450880.112    -9.000   -9.0000
 2450881.112    -9.000   -9.0000
 2450882.112    -9.000   -9.0000
 2450883.112    -9.000   -9.0000
 2450884.112    -9.000   -9.0000
 2450885.112    -9.000   -9.0000
 2450886.112    -9.000   -9.0000
 2450887.112    -9.000   -9.0000
 2450888.112    -9.000   -9.0000
 2450889.112    -9.000   -9.0000
 2450890.112    -9.000   -9.0000
 2450891.112    -9.000   -9.0000
 2450892.112    -9.000   -9.0000
 2450893.112    -9.000   -9.0000
 2450894.112    -9.000   -9.0000
 2450895.112    -9.000   -9.0000
 2450896.112    -9.000   -9.0000
 2450897.112    -9.000   -9.0000
 2450898.112    -9.000   -9.0000
 2450899.112    -9.000   -9.0000
 2450900.112    -9.000   -9.0000
 2450901.112    -9.000   -9.0000
 2450902.112    -9.000   -9.0000
 2450903.112    -9.000   -9.0000
 2450904.112    -9.000   -9.0000
 2450905.112    -9.000   -9.0000
 2450906.112    -9.000   -9.0000
 2450907.112    -9.000   -9.0000
 2450908.112    -9.000   -9.0000
 2450909.112    -9.000   -9.0000
 2450910.112    -9.000   -9.0000
 2450911.112    -9.000   -9.0000
 2450912.112    -9.000   -9.0000
 2450913.112    -9.000   -9.0000
 2450914.112    -9.000   -9.0000
 2450915.112    -9.000   -9.0000
 2450916.112    -9.000   -9.0000
 2450917.112    -9.000   -9.0000
 2450918.112    -9.000   -9.0000
 2450919.112    -9.000   -9.0000
 2450920.112  1365.134    0.0725
 2450921.112    -9.000   -9.0000
 2450922.112    -9.000   -9.0000
 2450923.112    -9.000   -9.0000
 2450924.112  1365.864    0.0724
 2450925.112    -9.000   -9.0000
 2450926.112    -9.000   -9.0000
 2450927.112    -9.000   -9.0000
 2450928.112    -9.000   -9.0000
 2450929.112    -9.000   -9.0000
 2450930.112    -9.000   -9.0000
 2450931.112    -9.000   -9.0000
 2450932.112    -9.000   -9.0000
 2450933.112    -9.000   -9.0000
 2450934.112    -9.000   -9.0000
 2450935.112    -9.000   -9.0000
 2450936.112  1364.253    0.0722
 2450937.112    -9.000   -9.0000
 2450938.112    -9.000   -9.0000
 2450939.112    -9.000   -9.0000
 2450940.112    -9.000   -9.0000
 2450941.112    -9.000   -9.0000
 2450942.112    -9.000   -9.0000
 2450943.112    -9.000   -9.0000
 2450944.112    -9.000   -9.0000
 2450945.112    -9.000   -9.0000
 2450946.112    -9.000   -9.0000
 2450947.112    -9.000   -9.0000
 2450948.112    -9.000   -9.0000
 2450949.112    -9.000   -9.0000
 2450950.112    -9.000   -9.0000
 2450951.112    -9.000   -9.0000
 2450952.112    -9.000   -9.0000
 2450953.112    -9.000   -9.0000
 2450954.112    -9.000   -9.0000
 2450955.112    -9.000   -9.0000
 2450956.112    -9.000   -9.0000
 2450957.112    -9.000   -9.0000
 2450958.112    -9.000   -9.0000
 2450959.112    -9.000   -9.0000
 2450960.112    -9.000   -9.0000
 2450961.112  1364.692    0.0719
 2450962.112    -9.000   -9.0000
 2450963.112    -9.000   -9.0000
 2450964.112    -9.000   -9.0000
 2450965.112  1365.312    0.0718
 2450966.112    -9.000   -9.0000
 2450967.112    -9.000   -9.0000
 2450968.112    -9.000   -9.0000
 2450969.112    -9.000   -9.0000
 2450970.112    -9.000   -9.0000
 2450971.112    -9.000   -9.0000
 2450972.112    -9.000   -9.0000
 2450973.112    -9.000   -9.0000
 2450974.112    -9.000   -9.0000
 2450975.112    -9.000   -9.0000
 2450976.112    -9.000   -9.0000
 2450977.112    -9.000   -9.0000
 2450978.112    -9.000   -9.0000
 2450979.112    -9.000   -9.0000
 2450980.112    -9.000   -9.0000
 2450981.112  1364.901    0.0716
 2450982.112    -9.000   -9.0000
 2450983.112    -9.000   -9.0000
 2450984.112    -9.000   -9.0000
 2450985.112    -9.000   -9.0000
 2450986.112    -9.000   -9.0000
 2450987.112    -9.000   -9.0000
 2450988.112    -9.000   -9.0000
 2450989.112    -9.000   -9.0000
 2450990.112    -9.000   -9.0000
 2450991.112  1364.551    0.0715
 2450992.112    -9.000   -9.0000
 2450993.112    -9.000   -9.0000
 2450994.112  1365.261    0.0714
 2450995.112    -9.000   -9.0000
 2450996.112    -9.000   -9.0000
 2450997.112    -9.000   -9.0000
 2450998.112    -9.000   -9.0000
 2450999.112    -9.000   -9.0000
 2451000.112    -9.000   -9.0000
 2451001.112    -9.000   -9.0000
 2451002.112    -9.000   -9.0000
 2451003.112    -9.000   -9.0000
 2451004.112    -9.000   -9.0000
 2451005.112    -9.000   -9.0000
 2451006.112    -9.000   -9.0000
 2451007.112  1365.310    0.0713
 2451008.112    -9.000   -9.0000
 2451009.112    -9.000   -9.0000
 2451010.112    -9.000   -9.0000
 2451011.112    -9.000   -9.0000
 2451012.112    -9.000   -9.0000
 2451013.112    -9.000   -9.0000
 2451014.112    -9.000   -9.0000
 2451015.112    -9.000   -9.0000
 2451016.112    -9.000   -9.0000
 2451017.112    -9.000   -9.0000
 2451018.112    -9.000   -9.0000
 2451019.112    -9.000   -9.0000
 2451020.112    -9.000   -9.0000
 2451021.112  1364.680    0.0711
 2451022.112    -9.000   -9.0000
 2451023.112    -9.000   -9.0000
 2451024.112    -9.000   -9.0000
 2451025.112  1365.209    0.0710
 2451026.112    -9.000   -9.0000
 2451027.112    -9.000   -9.0000
 2451028.112    -9.000   -9.0000
 2451029.112    -9.000   -9.0000
 2451030.112    -9.000   -9.0000
 2451031.112    -9.000   -9.0000
 2451032.112  1366.019    0.0709
 2451033.112    -9.000   -9.0000
 2451034.112    -9.000   -9.0000
 2451035.112    -9.000   -9.0000
 2451036.112  1364.598    0.0708
 2451037.112    -9.000   -9.0000
 2451038.112    -9.000   -9.0000
 2451039.112    -9.000   -9.0000
 2451040.112    -9.000   -9.0000
 2451041.112    -9.000   -9.0000
 2451042.112    -9.000   -9.0000
 2451043.112    -9.000   -9.0000
 2451044.112    -9.000   -9.0000
 2451045.112    -9.000   -9.0000
 2451046.112    -9.000   -9.0000
 2451047.112    -9.000   -9.0000
 2451048.112    -9.000   -9.0000
 2451049.112    -9.000   -9.0000
 2451050.112    -9.000   -9.0000
 2451051.112  1365.188    0.0706
 2451052.112    -9.000   -9.0000
 2451053.112    -9.000   -9.0000
 2451054.112    -9.000   -9.0000
 2451055.112    -9.000   -9.0000
 2451056.112  1364.687    0.0706
 2451057.112    -9.000   -9.0000
 2451058.112    -9.000   -9.0000
 2451059.112    -9.000   -9.0000
 2451060.112    -9.000   -9.0000
 2451061.112    -9.000   -9.0000
 2451062.112    -9.000   -9.0000
 2451063.112    -9.000   -9.0000
 2451064.112    -9.000   -9.0000
 2451065.112    -9.000   -9.0000
 2451066.112  1364.747    0.0704
 2451067.112    -9.000   -9.0000
 2451068.112    -9.000   -9.0000
 2451069.112  1365.236    0.0704
 2451070.112    -9.000   -9.0000
 2451071.112    -9.000   -9.0000
 2451072.112    -9.000   -9.0000
 2451073.112    -9.000   -9.0000
 2451074.112    -9.000   -9.0000
 2451075.112    -9.000   -9.0000
 2451076.112    -9.000   -9.0000
 2451077.112    -9.000   -9.0000
 2451078.112    -9.000   -9.0000
 2451079.112  1364.746    0.0702
 2451080.112    -9.000   -9.0000
 2451081.112    -9.000   -9.0000
 2451082.112    -9.000   -9.0000
 2451083.112    -9.000   -9.0000
 2451084.112    -9.000   -9.0000
 2451085.112    -9.000   -9.0000
 2451086.112  1365.456    0.0701
 2451087.112    -9.000   -9.0000
 2451088.112    -9.000   -9.0000
 2451089.112    -9.000   -9.0000
 2451090.112    -9.000   -9.0000
 2451091.112    -9.000   -9.0000
 2451092.112    -9.000   -9.0000
 2451093.112  1365.235    0.0700
 2451094.112    -9.000   -9.0000
 2451095.112    -9.000   -9.0000
 2451096.112    -9.000   -9.0000
 2451097.112    -9.000   -9.0000
 2451098.112    -9.000   -9.0000
 2451099.112    -9.000   -9.0000
 2451100.112    -9.000   -9.0000
 2451101.112    -9.000   -9.0000
 2451102.112  1364.595    0.0699
 2451103.112    -9.000   -9.0000
 2451104.112    -9.000   -9.0000
 2451105.112    -9.000   -9.0000
 2451106.112    -9.000   -9.0000
 2451107.112    -9.000   -9.0000
 2451108.112    -9.000   -9.0000
 2451109.112    -9.000   -9.0000
 2451110.112    -9.000   -9.0000
 2451111.112    -9.000   -9.0000
 2451112.112    -9.000   -9.0000
 2451113.112    -9.000   -9.0000
 2451114.112    -9.000   -9.0000
 2451115.112  1364.974    0.0697
 2451116.112    -9.000   -9.0000
 2451117.112  1365.634    0.0697
 2451118.112    -9.000   -9.0000
 2451119.112  1365.503    0.0697
 2451120.112  1365.763    0.0697
 2451121.112  1365.642    0.0696
 2451122.112  1365.422    0.0696
 2451123.112  1365.362    0.0696
 2451124.112  1365.491    0.0696
 2451125.112  1365.511    0.0696
 2451126.112  1365.660    0.0696
 2451127.112  1365.660    0.0696
 2451128.112  1365.409    0.0695
 2451129.112  1365.319    0.0695
 2451130.112    -9.000   -9.0000
 2451131.112    -9.000   -9.0000
 2451132.112    -9.000   -9.0000
 2451133.112    -9.000   -9.0000
 2451134.112  1364.729    0.0695
 2451135.112    -9.000   -9.0000
 2451136.112  1365.178    0.0694
 2451137.112    -9.000   -9.0000
 2451138.112    -9.000   -9.0000
 2451139.112    -9.000   -9.0000
 2451140.112    -9.000   -9.0000
 2451141.112    -9.000   -9.0000
 2451142.112  1365.388    0.0693
 2451143.112    -9.000   -9.0000
 2451144.112    -9.000   -9.0000
 2451145.112    -9.000   -9.0000
 2451146.112    -9.000   -9.0000
 2451147.112    -9.000   -9.0000
 2451148.112    -9.000   -9.0000
 2451149.112  1365.697    0.0692
 2451150.112    -9.000   -9.0000
 2451151.112    -9.000   -9.0000
 2451152.112    -9.000   -9.0000
 2451153.112    -9.000   -9.0000
 2451154.112    -9.000   -9.0000
 2451155.112    -9.000   -9.0000
 2451156.112    -9.000   -9.0000
 2451157.112    -9.000   -9.0000
 2451158.112    -9.000   -9.0000
 2451159.112    -9.000   -9.0000
 2451160.112    -9.000   -9.0000
 2451161.112    -9.000   -9.0000
 2451162.112    -9.000   -9.0000
 2451163.112    -9.000   -9.0000
 2451164.112    -9.000   -9.0000
 2451165.112    -9.000   -9.0000
 2451166.112    -9.000   -9.0000
 2451167.112    -9.000   -9.0000
 2451168.112    -9.000   -9.0000
 2451169.112    -9.000   -9.0000
 2451170.112    -9.000   -9.0000
 2451171.112    -9.000   -9.0000
 2451172.112    -9.000   -9.0000
 2451173.112    -9.000   -9.0000
 2451174.112    -9.000   -9.0000
 2451175.112    -9.000   -9.0000
 2451176.112    -9.000   -9.0000
 2451177.112    -9.000   -9.0000
 2451178.112    -9.000   -9.0000
 2451179.112    -9.000   -9.0000
 2451180.112    -9.000   -9.0000
 2451181.112    -9.000   -9.0000
 2451182.112    -9.000   -9.0000
 2451183.112    -9.000   -9.0000
 2451184.112  1365.786    0.0687
 2451185.112    -9.000   -9.0000
 2451186.112    -9.000   -9.0000
 2451187.112    -9.000   -9.0000
 2451188.112    -9.000   -9.0000
 2451189.112  1365.465    0.0687
 2451190.112    -9.000   -9.0000
 2451191.112  1365.685    0.0686
 2451192.112    -9.000   -9.0000
 2451193.112    -9.000   -9.0000
 2451194.112    -9.000   -9.0000
 2451195.112    -9.000   -9.0000
 2451196.112    -9.000   -9.0000
 2451197.112    -9.000   -9.0000
 2451198.112    -9.000   -9.0000
 2451199.112    -9.000   -9.0000
 2451200.112    -9.000   -9.0000
 2451201.112    -9.000   -9.0000
 2451202.112    -9.000   -9.0000
 2451203.112    -9.000   -9.0000
 2451204.112    -9.000   -9.0000
 2451205.112    -9.000   -9.0000
 2451206.112    -9.000   -9.0000
 2451207.112    -9.000   -9.0000
 2451208.112    -9.000   -9.0000
 2451209.112    -9.000   -9.0000
 2451210.112    -9.000   -9.0000
 2451211.112    -9.000   -9.0000
 2451212.112    -9.000   -9.0000
 2451213.112    -9.000   -9.0000
 2451214.112    -9.000   -9.0000
 2451215.112  1366.014    0.0683
 2451216.112    -9.000   -9.0000
 2451217.112    -9.000   -9.0000
 2451218.112    -9.000   -9.0000
 2451219.112  1365.694    0.0682
 2451220.112    -9.000   -9.0000
 2451221.112    -9.000   -9.0000
 2451222.112    -9.000   -9.0000
 2451223.112    -9.000   -9.0000
 2451224.112    -9.000   -9.0000
 2451225.112    -9.000   -9.0000
 2451226.112    -9.000   -9.0000
 2451227.112    -9.000   -9.0000
 2451228.112    -9.000   -9.0000
 2451229.112    -9.000   -9.0000
 2451230.112    -9.000   -9.0000
 2451231.112    -9.000   -9.0000
 2451232.112    -9.000   -9.0000
 2451233.112  1365.953    0.0680
 2451234.112    -9.000   -9.0000
 2451235.112    -9.000   -9.0000
 2451236.112    -9.000   -9.0000
 2451237.112  1365.243    0.0680
 2451238.112    -9.000   -9.0000
 2451239.112    -9.000   -9.0000
 2451240.112    -9.000   -9.0000
 2451241.112    -9.000   -9.0000
 2451242.112    -9.000   -9.0000
 2451243.112    -9.000   -9.0000
 2451244.112    -9.000   -9.0000
 2451245.112    -9.000   -9.0000
 2451246.112    -9.000   -9.0000
 2451247.112  1365.502    0.0678
 2451248.112  1365.152    0.0678
 2451249.112    -9.000   -9.0000
 2451250.112    -9.000   -9.0000
 2451251.112    -9.000   -9.0000
 2451252.112    -9.000   -9.0000
 2451253.112    -9.000   -9.0000
 2451254.112    -9.000   -9.0000
 2451255.112    -9.000   -9.0000
 2451256.112    -9.000   -9.0000
 2451257.112    -9.000   -9.0000
 2451258.112    -9.000   -9.0000
 2451259.112    -9.000   -9.0000
 2451260.112    -9.000   -9.0000
 2451261.112  1365.432    0.0676
 2451262.112    -9.000   -9.0000
 2451263.112    -9.000   -9.0000
 2451264.112    -9.000   -9.0000
 2451265.112    -9.000   -9.0000
 2451266.112    -9.000   -9.0000
 2451267.112    -9.000   -9.0000
 2451268.112  1365.191    0.0675
 2451269.112    -9.000   -9.0000
 2451270.112    -9.000   -9.0000
 2451271.112    -9.000   -9.0000
 2451272.112    -9.000   -9.0000
 2451273.112    -9.000   -9.0000
 2451274.112    -9.000   -9.0000
 2451275.112  1365.171    0.0674
 2451276.112    -9.000   -9.0000
 2451277.112    -9.000   -9.0000
 2451278.112    -9.000   -9.0000
 2451279.112    -9.000   -9.0000
 2451280.112    -9.000   -9.0000
 2451281.112    -9.000   -9.0000
 2451282.112    -9.000   -9.0000
 2451283.112    -9.000   -9.0000
 2451284.112    -9.000   -9.0000
 2451285.112    -9.000   -9.0000
 2451286.112    -9.000   -9.0000
 2451287.112    -9.000   -9.0000
 2451288.112    -9.000   -9.0000
 2451289.112  1365.190    0.0672
 2451290.112    -9.000   -9.0000
 2451291.112    -9.000   -9.0000
 2451292.112    -9.000   -9.0000
 2451293.112    -9.000   -9.0000
 2451294.112    -9.000   -9.0000
 2451295.112    -9.000   -9.0000
 2451296.112    -9.000   -9.0000
 2451297.112  1364.340    0.0671
 2451298.112    -9.000   -9.0000
 2451299.112    -9.000   -9.0000
 2451300.112    -9.000   -9.0000
 2451301.112    -9.000   -9.0000
 2451302.112    -9.000   -9.0000
 2451303.112    -9.000   -9.0000
 2451304.112    -9.000   -9.0000
 2451305.112    -9.000   -9.0000
 2451306.112    -9.000   -9.0000
 2451307.112    -9.000   -9.0000
 2451308.112    -9.000   -9.0000
 2451309.112  1365.359    0.0669
 2451310.112    -9.000   -9.0000
 2451311.112    -9.000   -9.0000
 2451312.112    -9.000   -9.0000
 2451313.112    -9.000   -9.0000
 2451314.112    -9.000   -9.0000
 2451315.112    -9.000   -9.0000
 2451316.112    -9.000   -9.0000
 2451317.112  1364.679    0.0668
 2451318.112    -9.000   -9.0000
 2451319.112    -9.000   -9.0000
 2451320.112    -9.000   -9.0000
 2451321.112    -9.000   -9.0000
 2451322.112    -9.000   -9.0000
 2451323.112    -9.000   -9.0000
 2451324.112    -9.000   -9.0000
 2451325.112    -9.000   -9.0000
 2451326.112    -9.000   -9.0000
 2451327.112    -9.000   -9.0000
 2451328.112    -9.000   -9.0000
 2451329.112  1364.569    0.0666
 2451330.112    -9.000   -9.0000
 2451331.112  1364.958    0.0666
 2451332.112    -9.000   -9.0000
 2451333.112    -9.000   -9.0000
 2451334.112    -9.000   -9.0000
 2451335.112    -9.000   -9.0000
 2451336.112    -9.000   -9.0000
 2451337.112    -9.000   -9.0000
 2451338.112    -9.000   -9.0000
 2451339.112    -9.000   -9.0000
 2451340.112    -9.000   -9.0000
 2451341.112    -9.000   -9.0000
 2451342.112    -9.000   -9.0000
 2451343.112    -9.000   -9.0000
 2451344.112    -9.000   -9.0000
 2451345.112  1364.798    0.0664
 2451346.112    -9.000   -9.0000
 2451347.112    -9.000   -9.0000
 2451348.112    -9.000   -9.0000
 2451349.112    -9.000   -9.0000
 2451350.112    -9.000   -9.0000
 2451351.112    -9.000   -9.0000
 2451352.112    -9.000   -9.0000
 2451353.112    -9.000   -9.0000
 2451354.112    -9.000   -9.0000
 2451355.112    -9.000   -9.0000
 2451356.112    -9.000   -9.0000
 2451357.112    -9.000   -9.0000
 2451358.112    -9.000   -9.0000
 2451359.112  1365.977    0.0662
 2451360.112    -9.000   -9.0000
 2451361.112    -9.000   -9.0000
 2451362.112    -9.000   -9.0000
 2451363.112    -9.000   -9.0000
 2451364.112    -9.000   -9.0000
 2451365.112    -9.000   -9.0000
 2451366.112    -9.000   -9.0000
 2451367.112  1365.477    0.0661
 2451368.112    -9.000   -9.0000
 2451369.112    -9.000   -9.0000
 2451370.112    -9.000   -9.0000
 2451371.112    -9.000   -9.0000
 2451372.112    -9.000   -9.0000
 2451373.112    -9.000   -9.0000
 2451374.112    -9.000   -9.0000
 2451375.112    -9.000   -9.0000
 2451376.112    -9.000   -9.0000
 2451377.112    -9.000   -9.0000
 2451378.112    -9.000   -9.0000
 2451379.112    -9.000   -9.0000
 2451380.112    -9.000   -9.0000
 2451381.112    -9.000   -9.0000
 2451382.112  1364.586    0.0659
 2451383.112    -9.000   -9.0000
 2451384.112    -9.000   -9.0000
 2451385.112    -9.000   -9.0000
 2451386.112    -9.000   -9.0000
 2451387.112  1365.736    0.0658
 2451388.112    -9.000   -9.0000
 2451389.112    -9.000   -9.0000
 2451390.112  1365.436    0.0657
 2451391.112    -9.000   -9.0000
 2451392.112    -9.000   -9.0000
 2451393.112    -9.000   -9.0000
 2451394.112    -9.000   -9.0000
 2451395.112    -9.000   -9.0000
 2451396.112    -9.000   -9.0000
 2451397.112    -9.000   -9.0000
 2451398.112    -9.000   -9.0000
 2451399.112    -9.000   -9.0000
 2451400.112  1365.035    0.0656
 2451401.112    -9.000   -9.0000
 2451402.112    -9.000   -9.0000
 2451403.112    -9.000   -9.0000
 2451404.112    -9.000   -9.0000
 2451405.112    -9.000   -9.0000
 2451406.112    -9.000   -9.0000
 2451407.112    -9.000   -9.0000
 2451408.112    -9.000   -9.0000
 2451409.112    -9.000   -9.0000
 2451410.112    -9.000   -9.0000
 2451411.112    -9.000   -9.0000
 2451412.112    -9.000   -9.0000
 2451413.112    -9.000   -9.0000
 2451414.112  1365.515    0.0654
 2451415.112    -9.000   -9.0000
 2451416.112    -9.000   -9.0000
 2451417.112    -9.000   -9.0000
 2451418.112    -9.000   -9.0000
 2451419.112    -9.000   -9.0000
 2451420.112  1365.224    0.0653
 2451421.112    -9.000   -9.0000
 2451422.112    -9.000   -9.0000
 2451423.112    -9.000   -9.0000
 2451424.112    -9.000   -9.0000
 2451425.112    -9.000   -9.0000
 2451426.112    -9.000   -9.0000
 2451427.112    -9.000   -9.0000
 2451428.112  1366.484    0.0652
 2451429.112    -9.000   -9.0000
 2451430.112    -9.000   -9.0000
 2451431.112    -9.000   -9.0000
 2451432.112    -9.000   -9.0000
 2451433.112    -9.000   -9.0000
 2451434.112    -9.000   -9.0000
 2451435.112    -9.000   -9.0000
 2451436.112    -9.000   -9.0000
 2451437.112    -9.000   -9.0000
 2451438.112    -9.000   -9.0000
 2451439.112    -9.000   -9.0000
 2451440.112    -9.000   -9.0000
 2451441.112    -9.000   -9.0000
 2451442.112  1365.744    0.0650
 2451443.112    -9.000   -9.0000
 2451444.112    -9.000   -9.0000
 2451445.112    -9.000   -9.0000
 2451446.112    -9.000   -9.0000
 2451447.112    -9.000   -9.0000
 2451448.112    -9.000   -9.0000
 2451449.112    -9.000   -9.0000
 2451450.112  1365.213    0.0648
 2451451.112    -9.000   -9.0000
 2451452.112    -9.000   -9.0000
 2451453.112    -9.000   -9.0000
 2451454.112    -9.000   -9.0000
 2451455.112    -9.000   -9.0000
 2451456.112    -9.000   -9.0000
 2451457.112    -9.000   -9.0000
 2451458.112    -9.000   -9.0000
 2451459.112    -9.000   -9.0000
 2451460.112    -9.000   -9.0000
 2451461.112    -9.000   -9.0000
 2451462.112    -9.000   -9.0000
 2451463.112    -9.000   -9.0000
 2451464.112    -9.000   -9.0000
 2451465.112    -9.000   -9.0000
 2451466.112    -9.000   -9.0000
 2451467.112    -9.000   -9.0000
 2451468.112    -9.000   -9.0000
 2451469.112    -9.000   -9.0000
 2451470.112    -9.000   -9.0000
 2451471.112    -9.000   -9.0000
 2451472.112    -9.000   -9.0000
 2451473.112    -9.000   -9.0000
 2451474.112    -9.000   -9.0000
 2451475.112    -9.000   -9.0000
 2451476.112    -9.000   -9.0000
 2451477.112    -9.000   -9.0000
 2451478.112    -9.000   -9.0000
 2451479.112    -9.000   -9.0000
 2451480.112    -9.000   -9.0000
 2451481.112    -9.000   -9.0000
 2451482.112    -9.000   -9.0000
 2451483.112    -9.000   -9.0000
 2451484.112    -9.000   -9.0000
 2451485.112    -9.000   -9.0000
 2451486.112    -9.000   -9.0000
 2451487.112    -9.000   -9.0000
 2451488.112    -9.000   -9.0000
 2451489.112    -9.000   -9.0000
 2451490.112    -9.000   -9.0000
 2451491.112    -9.000   -9.0000
 2451492.112    -9.000   -9.0000
 2451493.112    -9.000   -9.0000
 2451494.112    -9.000   -9.0000
 2451495.112    -9.000   -9.0000
 2451496.112    -9.000   -9.0000
 2451497.112    -9.000   -9.0000
 2451498.112    -9.000   -9.0000
 2451499.112    -9.000   -9.0000
 2451500.112    -9.000   -9.0000
 2451501.112    -9.000   -9.0000
 2451502.112    -9.000   -9.0000
 2451503.112    -9.000   -9.0000
 2451504.112    -9.000   -9.0000
 2451505.112    -9.000   -9.0000
 2451506.112    -9.000   -9.0000
 2451507.112    -9.000   -9.0000
 2451508.112    -9.000   -9.0000
 2451509.112    -9.000   -9.0000
 2451510.112    -9.000   -9.0000
 2451511.112    -9.000   -9.0000
 2451512.112    -9.000   -9.0000
 2451513.112    -9.000   -9.0000
 2451514.112    -9.000   -9.0000
 2451515.112    -9.000   -9.0000
 2451516.112    -9.000   -9.0000
 2451517.112    -9.000   -9.0000
 2451518.112    -9.000   -9.0000
 2451519.112    -9.000   -9.0000
 2451520.112    -9.000   -9.0000
 2451521.112    -9.000   -9.0000
 2451522.112    -9.000   -9.0000
 2451523.112    -9.000   -9.0000
 2451524.112    -9.000   -9.0000
 2451525.112    -9.000   -9.0000
 2451526.112    -9.000   -9.0000
 2451527.112    -9.000   -9.0000
 2451528.112    -9.000   -9.0000
 2451529.112    -9.000   -9.0000
 2451530.112    -9.000   -9.0000
 2451531.112    -9.000   -9.0000
 2451532.112    -9.000   -9.0000
 2451533.112  1365.271    0.0636
 2451534.112    -9.000   -9.0000
 2451535.112    -9.000   -9.0000
 2451536.112    -9.000   -9.0000
 2451537.112    -9.000   -9.0000
 2451538.112    -9.000   -9.0000
 2451539.112    -9.000   -9.0000
 2451540.112  1365.570    0.0635
 2451541.112    -9.000   -9.0000
 2451542.112    -9.000   -9.0000
 2451543.112    -9.000   -9.0000
 2451544.112    -9.000   -9.0000
 2451545.112    -9.000   -9.0000
 2451546.112    -9.000   -9.0000
 2451547.112  1365.690    0.0634
 2451548.112    -9.000   -9.0000
 2451549.112    -9.000   -9.0000
 2451550.112    -9.000   -9.0000
 2451551.112    -9.000   -9.0000
 2451552.112    -9.000   -9.0000
 2451553.112    -9.000   -9.0000
 2451554.112    -9.000   -9.0000
 2451555.112    -9.000   -9.0000
 2451556.112    -9.000   -9.0000
 2451557.112    -9.000   -9.0000
 2451558.112    -9.000   -9.0000
 2451559.112    -9.000   -9.0000
 2451560.112    -9.000   -9.0000
 2451561.112  1365.250    0.0632
 2451562.112    -9.000   -9.0000
 2451563.112    -9.000   -9.0000
 2451564.112    -9.000   -9.0000
 2451565.112    -9.000   -9.0000
 2451566.112    -9.000   -9.0000
 2451567.112    -9.000   -9.0000
 2451568.112  1364.979    0.0631
 2451569.112    -9.000   -9.0000
 2451570.112    -9.000   -9.0000
 2451571.112    -9.000   -9.0000
 2451572.112    -9.000   -9.0000
 2451573.112    -9.000   -9.0000
 2451574.112    -9.000   -9.0000
 2451575.112  1365.799    0.0630
 2451576.112    -9.000   -9.0000
 2451577.112    -9.000   -9.0000
 2451578.112    -9.000   -9.0000
 2451579.112    -9.000   -9.0000
 2451580.112    -9.000   -9.0000
 2451581.112    -9.000   -9.0000
 2451582.112    -9.000   -9.0000
 2451583.112    -9.000   -9.0000
 2451584.112    -9.000   -9.0000
 2451585.112    -9.000   -9.0000
 2451586.112    -9.000   -9.0000
 2451587.112    -9.000   -9.0000
 2451588.112    -9.000   -9.0000
 2451589.112  1365.608    0.0627
 2451590.112    -9.000   -9.0000
 2451591.112    -9.000   -9.0000
 2451592.112    -9.000   -9.0000
 2451593.112    -9.000   -9.0000
 2451594.112    -9.000   -9.0000
 2451595.112    -9.000   -9.0000
 2451596.112    -9.000   -9.0000
 2451597.112    -9.000   -9.0000
 2451598.112  1365.168    0.0626
 2451599.112    -9.000   -9.0000
 2451600.112    -9.000   -9.0000
 2451601.112    -9.000   -9.0000
 2451602.112    -9.000   -9.0000
 2451603.112    -9.000   -9.0000
 2451604.112  1364.478    0.0625
 2451605.112    -9.000   -9.0000
 2451606.112    -9.000   -9.0000
 2451607.112    -9.000   -9.0000
 2451608.112    -9.000   -9.0000
 2451609.112    -9.000   -9.0000
 2451610.112    -9.000   -9.0000
 2451611.112  1365.147    0.0624
 2451612.112    -9.000   -9.0000
 2451613.112    -9.000   -9.0000
 2451614.112    -9.000   -9.0000
 2451615.112    -9.000   -9.0000
 2451616.112    -9.000   -9.0000
 2451617.112    -9.000   -9.0000
 2451618.112  1364.867    0.0623
 2451619.112    -9.000   -9.0000
 2451620.112    -9.000   -9.0000
 2451621.112    -9.000   -9.0000
 2451622.112    -9.000   -9.0000
 2451623.112    -9.000   -9.0000
 2451624.112    -9.000   -9.0000
 2451625.112  1364.906    0.0622
 2451626.112    -9.000   -9.0000
 2451627.112    -9.000   -9.0000
 2451628.112    -9.000   -9.0000
 2451629.112    -9.000   -9.0000
 2451630.112    -9.000   -9.0000
 2451631.112    -9.000   -9.0000
 2451632.112  1365.436    0.0621
 2451633.112    -9.000   -9.0000
 2451634.112    -9.000   -9.0000
 2451635.112    -9.000   -9.0000
 2451636.112    -9.000   -9.0000
 2451637.112    -9.000   -9.0000
 2451638.112    -9.000   -9.0000
 2451639.112  1365.726    0.0620
 2451640.112    -9.000   -9.0000
 2451641.112    -9.000   -9.0000
 2451642.112    -9.000   -9.0000
 2451643.112    -9.000   -9.0000
 2451644.112    -9.000   -9.0000
 2451645.112    -9.000   -9.0000
 2451646.112  1365.805    0.0619
 2451647.112    -9.000   -9.0000
 2451648.112    -9.000   -9.0000
 2451649.112    -9.000   -9.0000
 2451650.112    -9.000   -9.0000
 2451651.112    -9.000   -9.0000
 2451652.112    -9.000   -9.0000
 2451653.112    -9.000   -9.0000
 2451654.112  1366.125    0.0617
 2451655.112    -9.000   -9.0000
 2451656.112    -9.000   -9.0000
 2451657.112    -9.000   -9.0000
 2451658.112    -9.000   -9.0000
 2451659.112    -9.000   -9.0000
 2451660.112  1364.145    0.0617
 2451661.112    -9.000   -9.0000
 2451662.112    -9.000   -9.0000
 2451663.112    -9.000   -9.0000
 2451664.112    -9.000   -9.0000
 2451665.112    -9.000   -9.0000
 2451666.112    -9.000   -9.0000
 2451667.112  1366.244    0.0615
 2451668.112    -9.000   -9.0000
 2451669.112    -9.000   -9.0000
 2451670.112    -9.000   -9.0000
 2451671.112    -9.000   -9.0000
 2451672.112    -9.000   -9.0000
 2451673.112    -9.000   -9.0000
 2451674.112  1365.124    0.0614
 2451675.112    -9.000   -9.0000
 2451676.112    -9.000   -9.0000
 2451677.112    -9.000   -9.0000
 2451678.112    -9.000   -9.0000
 2451679.112    -9.000   -9.0000
 2451680.112    -9.000   -9.0000
 2451681.112    -9.000   -9.0000
 2451682.112  1364.033    0.0613
 2451683.112    -9.000   -9.0000
 2451684.112    -9.000   -9.0000
 2451685.112    -9.000   -9.0000
 2451686.112    -9.000   -9.0000
 2451687.112    -9.000   -9.0000
 2451688.112  1364.783    0.0612
 2451689.112    -9.000   -9.0000
 2451690.112    -9.000   -9.0000
 2451691.112    -9.000   -9.0000
 2451692.112    -9.000   -9.0000
 2451693.112    -9.000   -9.0000
 2451694.112    -9.000   -9.0000
 2451695.112  1365.003    0.0611
 2451696.112    -9.000   -9.0000
 2451697.112    -9.000   -9.0000
 2451698.112    -9.000   -9.0000
 2451699.112    -9.000   -9.0000
 2451700.112    -9.000   -9.0000
 2451701.112    -9.000   -9.0000
 2451702.112  1365.382    0.0610
 2451703.112    -9.000   -9.0000
 2451704.112    -9.000   -9.0000
 2451705.112    -9.000   -9.0000
 2451706.112    -9.000   -9.0000
 2451707.112    -9.000   -9.0000
 2451708.112    -9.000   -9.0000
 2451709.112  1366.332    0.0609
 2451710.112    -9.000   -9.0000
 2451711.112    -9.000   -9.0000
 2451712.112    -9.000   -9.0000
 2451713.112    -9.000   -9.0000
 2451714.112    -9.000   -9.0000
 2451715.112    -9.000   -9.0000
 2451716.112    -9.000   -9.0000
 2451717.112  1365.481    0.0608
 2451718.112    -9.000   -9.0000
 2451719.112    -9.000   -9.0000
 2451720.112    -9.000   -9.0000
 2451721.112    -9.000   -9.0000
 2451722.112    -9.000   -9.0000
 2451723.112  1364.491    0.0607
 2451724.112    -9.000   -9.0000
 2451725.112    -9.000   -9.0000
 2451726.112    -9.000   -9.0000
 2451727.112    -9.000   -9.0000
 2451728.112    -9.000   -9.0000
 2451729.112    -9.000   -9.0000
 2451730.112  1365.301    0.0606
 2451731.112    -9.000   -9.0000
 2451732.112    -9.000   -9.0000
 2451733.112    -9.000   -9.0000
 2451734.112    -9.000   -9.0000
 2451735.112    -9.000   -9.0000
 2451736.112    -9.000   -9.0000
 2451737.112    -9.000   -9.0000
 2451738.112    -9.000   -9.0000
 2451739.112    -9.000   -9.0000
 2451740.112    -9.000   -9.0000
 2451741.112    -9.000   -9.0000
 2451742.112    -9.000   -9.0000
 2451743.112    -9.000   -9.0000
 2451744.112    -9.000   -9.0000
 2451745.112  1364.550    0.0603
 2451746.112    -9.000   -9.0000
 2451747.112    -9.000   -9.0000
 2451748.112    -9.000   -9.0000
 2451749.112    -9.000   -9.0000
 2451750.112    -9.000   -9.0000
 2451751.112  1365.440    0.0602
 2451752.112    -9.000   -9.0000
 2451753.112    -9.000   -9.0000
 2451754.112    -9.000   -9.0000
 2451755.112    -9.000   -9.0000
 2451756.112    -9.000   -9.0000
 2451757.112    -9.000   -9.0000
 2451758.112  1365.680    0.0601
 2451759.112    -9.000   -9.0000
 2451760.112    -9.000   -9.0000
 2451761.112    -9.000   -9.0000
 2451762.112    -9.000   -9.0000
 2451763.112    -9.000   -9.0000
 2451764.112    -9.000   -9.0000
 2451765.112  1365.339    0.0600
 2451766.112    -9.000   -9.0000
 2451767.112    -9.000   -9.0000
 2451768.112    -9.000   -9.0000
 2451769.112    -9.000   -9.0000
 2451770.112    -9.000   -9.0000
 2451771.112    -9.000   -9.0000
 2451772.112  1365.469    0.0599
 2451773.112    -9.000   -9.0000
 2451774.112    -9.000   -9.0000
 2451775.112    -9.000   -9.0000
 2451776.112    -9.000   -9.0000
 2451777.112    -9.000   -9.0000
 2451778.112    -9.000   -9.0000
 2451779.112  1365.678    0.0598
 2451780.112    -9.000   -9.0000
 2451781.112    -9.000   -9.0000
 2451782.112    -9.000   -9.0000
 2451783.112    -9.000   -9.0000
 2451784.112    -9.000   -9.0000
 2451785.112    -9.000   -9.0000
 2451786.112  1365.878    0.0597
 2451787.112    -9.000   -9.0000
 2451788.112    -9.000   -9.0000
 2451789.112    -9.000   -9.0000
 2451790.112    -9.000   -9.0000
 2451791.112    -9.000   -9.0000
 2451792.112    -9.000   -9.0000
 2451793.112    -9.000   -9.0000
 2451794.112    -9.000   -9.0000
 2451795.112    -9.000   -9.0000
 2451796.112    -9.000   -9.0000
 2451797.112    -9.000   -9.0000
 2451798.112    -9.000   -9.0000
 2451799.112    -9.000   -9.0000
 2451800.112    -9.000   -9.0000
 2451801.112    -9.000   -9.0000
 2451802.112    -9.000   -9.0000
 2451803.112    -9.000   -9.0000
 2451804.112    -9.000   -9.0000
 2451805.112    -9.000   -9.0000
 2451806.112    -9.000   -9.0000
 2451807.112  1363.878    0.0594
 2451808.112    -9.000   -9.0000
 2451809.112    -9.000   -9.0000
 2451810.112    -9.000   -9.0000
 2451811.112    -9.000   -9.0000
 2451812.112    -9.000   -9.0000
 2451813.112    -9.000   -9.0000
 2451814.112  1366.037    0.0593
 2451815.112    -9.000   -9.0000
 2451816.112    -9.000   -9.0000
 2451817.112    -9.000   -9.0000
 2451818.112    -9.000   -9.0000
 2451819.112    -9.000   -9.0000
 2451820.112    -9.000   -9.0000
 2451821.112  1365.747    0.0592
 2451822.112    -9.000   -9.0000
 2451823.112    -9.000   -9.0000
 2451824.112    -9.000   -9.0000
 2451825.112    -9.000   -9.0000
 2451826.112    -9.000   -9.0000
 2451827.112    -9.000   -9.0000
 2451828.112  1365.397    0.0590
 2451829.112    -9.000   -9.0000
 2451830.112    -9.000   -9.0000
 2451831.112    -9.000   -9.0000
 2451832.112    -9.000   -9.0000
 2451833.112    -9.000   -9.0000
 2451834.112    -9.000   -9.0000
 2451835.112  1365.836    0.0589
 2451836.112    -9.000   -9.0000
 2451837.112    -9.000   -9.0000
 2451838.112    -9.000   -9.0000
 2451839.112    -9.000   -9.0000
 2451840.112    -9.000   -9.0000
 2451841.112    -9.000   -9.0000
 2451842.112    -9.000   -9.0000
 2451843.112    -9.000   -9.0000
 2451844.112    -9.000   -9.0000
 2451845.112    -9.000   -9.0000
 2451846.112    -9.000   -9.0000
 2451847.112    -9.000   -9.0000
 2451848.112    -9.000   -9.0000
 2451849.112    -9.000   -9.0000
 2451850.112    -9.000   -9.0000
 2451851.112    -9.000   -9.0000
 2451852.112    -9.000   -9.0000
 2451853.112    -9.000   -9.0000
 2451854.112    -9.000   -9.0000
 2451855.112    -9.000   -9.0000
 2451856.112    -9.000   -9.0000
 2451857.112  1365.536    0.0586
 2451858.112    -9.000   -9.0000
 2451859.112    -9.000   -9.0000
 2451860.112    -9.000   -9.0000
 2451861.112    -9.000   -9.0000
 2451862.112    -9.000   -9.0000
 2451863.112  1365.595    0.0585
 2451864.112    -9.000   -9.0000
 2451865.112    -9.000   -9.0000
 2451866.112    -9.000   -9.0000
 2451867.112    -9.000   -9.0000
 2451868.112    -9.000   -9.0000
 2451869.112    -9.000   -9.0000
 2451870.112    -9.000   -9.0000
 2451871.112    -9.000   -9.0000
 2451872.112    -9.000   -9.0000
 2451873.112    -9.000   -9.0000
 2451874.112    -9.000   -9.0000
 2451875.112    -9.000   -9.0000
 2451876.112    -9.000   -9.0000
 2451877.112  1365.395    0.0583
 2451878.112    -9.000   -9.0000
 2451879.112    -9.000   -9.0000
 2451880.112    -9.000   -9.0000
 2451881.112    -9.000   -9.0000
 2451882.112    -9.000   -9.0000
 2451883.112    -9.000   -9.0000
 2451884.112  1365.995    0.0582
 2451885.112    -9.000   -9.0000
 2451886.112    -9.000   -9.0000
 2451887.112    -9.000   -9.0000
 2451888.112    -9.000   -9.0000
 2451889.112    -9.000   -9.0000
 2451890.112    -9.000   -9.0000
 2451891.112    -9.000   -9.0000
 2451892.112    -9.000   -9.0000
 2451893.112    -9.000   -9.0000
 2451894.112    -9.000   -9.0000
 2451895.112    -9.000   -9.0000
 2451896.112    -9.000   -9.0000
 2451897.112    -9.000   -9.0000
 2451898.112    -9.000   -9.0000
 2451899.112    -9.000   -9.0000
 2451900.112    -9.000   -9.0000
 2451901.112    -9.000   -9.0000
 2451902.112    -9.000   -9.0000
 2451903.112    -9.000   -9.0000
 2451904.112    -9.000   -9.0000
 2451905.112  1365.394    0.0578
 2451906.112    -9.000   -9.0000
 2451907.112    -9.000   -9.0000
 2451908.112    -9.000   -9.0000
 2451909.112    -9.000   -9.0000
 2451910.112    -9.000   -9.0000
 2451911.112    -9.000   -9.0000
 2451912.112    -9.000   -9.0000
 2451913.112    -9.000   -9.0000
 2451914.112    -9.000   -9.0000
 2451915.112    -9.000   -9.0000
 2451916.112    -9.000   -9.0000
 2451917.112    -9.000   -9.0000
 2451918.112    -9.000   -9.0000
 2451919.112    -9.000   -9.0000
 2451920.112    -9.000   -9.0000
 2451921.112    -9.000   -9.0000
 2451922.112    -9.000   -9.0000
 2451923.112    -9.000   -9.0000
 2451924.112    -9.000   -9.0000
 2451925.112    -9.000   -9.0000
 2451926.112  1365.504    0.0575
 2451927.112    -9.000   -9.0000
 2451928.112    -9.000   -9.0000
 2451929.112    -9.000   -9.0000
 2451930.112    -9.000   -9.0000
 2451931.112    -9.000   -9.0000
 2451932.112    -9.000   -9.0000
 2451933.112  1366.134    0.0574
 2451934.112    -9.000   -9.0000
 2451935.112    -9.000   -9.0000
 2451936.112    -9.000   -9.0000
 2451937.112    -9.000   -9.0000
 2451938.112    -9.000   -9.0000
 2451939.112    -9.000   -9.0000
 2451940.112  1366.883    0.0573
 2451941.112    -9.000   -9.0000
 2451942.112    -9.000   -9.0000
 2451943.112    -9.000   -9.0000
 2451944.112    -9.000   -9.0000
 2451945.112    -9.000   -9.0000
 2451946.112    -9.000   -9.0000
 2451947.112  1365.203    0.0572
 2451948.112    -9.000   -9.0000
 2451949.112    -9.000   -9.0000
 2451950.112    -9.000   -9.0000
 2451951.112    -9.000   -9.0000
 2451952.112    -9.000   -9.0000
 2451953.112    -9.000   -9.0000
 2451954.112  1366.192    0.0570
 2451955.112    -9.000   -9.0000
 2451956.112    -9.000   -9.0000
 2451957.112    -9.000   -9.0000
 2451958.112    -9.000   -9.0000
 2451959.112    -9.000   -9.0000
 2451960.112    -9.000   -9.0000
 2451961.112    -9.000   -9.0000
 2451962.112  1366.272    0.0569
 2451963.112    -9.000   -9.0000
 2451964.112    -9.000   -9.0000
 2451965.112    -9.000   -9.0000
 2451966.112    -9.000   -9.0000
 2451967.112    -9.000   -9.0000
 2451968.112  1365.952    0.0568
 2451969.112    -9.000   -9.0000
 2451970.112    -9.000   -9.0000
 2451971.112    -9.000   -9.0000
 2451972.112    -9.000   -9.0000
 2451973.112    -9.000   -9.0000
 2451974.112    -9.000   -9.0000
 2451975.112    -9.000   -9.0000
 2451976.112  1365.271    0.0567
 2451977.112    -9.000   -9.0000
 2451978.112    -9.000   -9.0000
 2451979.112    -9.000   -9.0000
 2451980.112    -9.000   -9.0000
 2451981.112    -9.000   -9.0000
 2451982.112    -9.000   -9.0000
 2451983.112  1365.311    0.0566
 2451984.112    -9.000   -9.0000
 2451985.112    -9.000   -9.0000
 2451986.112    -9.000   -9.0000
 2451987.112    -9.000   -9.0000
 2451988.112    -9.000   -9.0000
 2451989.112    -9.000   -9.0000
 2451990.112  1365.630    0.0565
 2451991.112    -9.000   -9.0000
 2451992.112    -9.000   -9.0000
 2451993.112    -9.000   -9.0000
 2451994.112    -9.000   -9.0000
 2451995.112    -9.000   -9.0000
 2451996.112    -9.000   -9.0000
 2451997.112    -9.000   -9.0000
 2451998.112    -9.000   -9.0000
 2451999.112    -9.000   -9.0000
 2452000.112    -9.000   -9.0000
 2452001.112    -9.000   -9.0000
 2452002.112    -9.000   -9.0000
 2452003.112    -9.000   -9.0000
 2452004.112  1366.270    0.0562
 2452005.112    -9.000   -9.0000
 2452006.112    -9.000   -9.0000
 2452007.112    -9.000   -9.0000
 2452008.112    -9.000   -9.0000
 2452009.112    -9.000   -9.0000
 2452010.112    -9.000   -9.0000
 2452011.112  1365.360    0.0561
 2452012.112    -9.000   -9.0000
 2452013.112    -9.000   -9.0000
 2452014.112    -9.000   -9.0000
 2452015.112    -9.000   -9.0000
 2452016.112    -9.000   -9.0000
 2452017.112    -9.000   -9.0000
 2452018.112    -9.000   -9.0000
 2452019.112    -9.000   -9.0000
 2452020.112    -9.000   -9.0000
 2452021.112    -9.000   -9.0000
 2452022.112    -9.000   -9.0000
 2452023.112    -9.000   -9.0000
 2452024.112    -9.000   -9.0000
 2452025.112  1365.189    0.0559
 2452026.112    -9.000   -9.0000
 2452027.112    -9.000   -9.0000
 2452028.112    -9.000   -9.0000
 2452029.112    -9.000   -9.0000
 2452030.112    -9.000   -9.0000
 2452031.112    -9.000   -9.0000
 2452032.112  1365.199    0.0558
 2452033.112    -9.000   -9.0000
 2452034.112    -9.000   -9.0000
 2452035.112    -9.000   -9.0000
 2452036.112    -9.000   -9.0000
 2452037.112    -9.000   -9.0000
 2452038.112    -9.000   -9.0000
 2452039.112  1366.158    0.0557
 2452040.112    -9.000   -9.0000
 2452041.112    -9.000   -9.0000
 2452042.112    -9.000   -9.0000
 2452043.112    -9.000   -9.0000
 2452044.112    -9.000   -9.0000
 2452045.112    -9.000   -9.0000
 2452046.112  1366.518    0.0556
 2452047.112    -9.000   -9.0000
 2452048.112    -9.000   -9.0000
 2452049.112    -9.000   -9.0000
 2452050.112    -9.000   -9.0000
 2452051.112    -9.000   -9.0000
 2452052.112    -9.000   -9.0000
 2452053.112  1365.268    0.0554
 2452054.112    -9.000   -9.0000
 2452055.112    -9.000   -9.0000
 2452056.112    -9.000   -9.0000
 2452057.112    -9.000   -9.0000
 2452058.112    -9.000   -9.0000
 2452059.112    -9.000   -9.0000
 2452060.112  1365.827    0.0553
 2452061.112    -9.000   -9.0000
 2452062.112    -9.000   -9.0000
 2452063.112    -9.000   -9.0000
 2452064.112    -9.000   -9.0000
 2452065.112    -9.000   -9.0000
 2452066.112    -9.000   -9.0000
 2452067.112  1365.567    0.0552
 2452068.112    -9.000   -9.0000
 2452069.112    -9.000   -9.0000
 2452070.112    -9.000   -9.0000
 2452071.112    -9.000   -9.0000
 2452072.112    -9.000   -9.0000
 2452073.112    -9.000   -9.0000
 2452074.112  1366.027    0.0551
 2452075.112    -9.000   -9.0000
 2452076.112    -9.000   -9.0000
 2452077.112    -9.000   -9.0000
 2452078.112    -9.000   -9.0000
 2452079.112    -9.000   -9.0000
 2452080.112    -9.000   -9.0000
 2452081.112  1365.146    0.0550
 2452082.112    -9.000   -9.0000
 2452083.112    -9.000   -9.0000
 2452084.112    -9.000   -9.0000
 2452085.112    -9.000   -9.0000
 2452086.112    -9.000   -9.0000
 2452087.112    -9.000   -9.0000
 2452088.112  1365.786    0.0549
 2452089.112    -9.000   -9.0000
 2452090.112    -9.000   -9.0000
 2452091.112    -9.000   -9.0000
 2452092.112    -9.000   -9.0000
 2452093.112    -9.000   -9.0000
 2452094.112    -9.000   -9.0000
 2452095.112    -9.000   -9.0000
 2452096.112    -9.000   -9.0000
 2452097.112    -9.000   -9.0000
 2452098.112    -9.000   -9.0000
 2452099.112    -9.000   -9.0000
 2452100.112    -9.000   -9.0000
 2452101.112    -9.000   -9.0000
 2452102.112    -9.000   -9.0000
 2452103.112    -9.000   -9.0000
 2452104.112    -9.000   -9.0000
 2452105.112    -9.000   -9.0000
 2452106.112    -9.000   -9.0000
 2452107.112    -9.000   -9.0000
 2452108.112    -9.000   -9.0000
 2452109.112  1364.816    0.0545
 2452110.112    -9.000   -9.0000
 2452111.112    -9.000   -9.0000
 2452112.112    -9.000   -9.0000
 2452113.112    -9.000   -9.0000
 2452114.112    -9.000   -9.0000
 2452115.112    -9.000   -9.0000
 2452116.112  1365.555    0.0544
 2452117.112    -9.000   -9.0000
 2452118.112    -9.000   -9.0000
 2452119.112    -9.000   -9.0000
 2452120.112    -9.000   -9.0000
 2452121.112    -9.000   -9.0000
 2452122.112    -9.000   -9.0000
 2452123.112  1365.595    0.0543
 2452124.112    -9.000   -9.0000
 2452125.112    -9.000   -9.0000
 2452126.112    -9.000   -9.0000
 2452127.112    -9.000   -9.0000
 2452128.112    -9.000   -9.0000
 2452129.112    -9.000   -9.0000
 2452130.112  1365.144    0.0542
 2452131.112    -9.000   -9.0000
 2452132.112    -9.000   -9.0000
 2452133.112    -9.000   -9.0000
 2452134.112    -9.000   -9.0000
 2452135.112    -9.000   -9.0000
 2452136.112    -9.000   -9.0000
 2452137.112  1365.484    0.0541
 2452138.112    -9.000   -9.0000
 2452139.112    -9.000   -9.0000
 2452140.112    -9.000   -9.0000
 2452141.112    -9.000   -9.0000
 2452142.112    -9.000   -9.0000
 2452143.112    -9.000   -9.0000
 2452144.112  1365.584    0.0540
 2452145.112    -9.000   -9.0000
 2452146.112    -9.000   -9.0000
 2452147.112    -9.000   -9.0000
 2452148.112    -9.000   -9.0000
 2452149.112    -9.000   -9.0000
 2452150.112    -9.000   -9.0000
 2452151.112  1366.043    0.0538
 2452152.112    -9.000   -9.0000
 2452153.112    -9.000   -9.0000
 2452154.112    -9.000   -9.0000
 2452155.112    -9.000   -9.0000
 2452156.112    -9.000   -9.0000
 2452157.112    -9.000   -9.0000
 2452158.112  1365.013    0.0537
 2452159.112    -9.000   -9.0000
 2452160.112    -9.000   -9.0000
 2452161.112    -9.000   -9.0000
 2452162.112    -9.000   -9.0000
 2452163.112    -9.000   -9.0000
 2452164.112    -9.000   -9.0000
 2452165.112  1364.343    0.0536
 2452166.112    -9.000   -9.0000
 2452167.112    -9.000   -9.0000
 2452168.112    -9.000   -9.0000
 2452169.112    -9.000   -9.0000
 2452170.112    -9.000   -9.0000
 2452171.112    -9.000   -9.0000
 2452172.112  1365.512    0.0535
 2452173.112    -9.000   -9.0000
 2452174.112    -9.000   -9.0000
 2452175.112    -9.000   -9.0000
 2452176.112    -9.000   -9.0000
 2452177.112    -9.000   -9.0000
 2452178.112    -9.000   -9.0000
 2452179.112  1364.412    0.0534
 2452180.112    -9.000   -9.0000
 2452181.112    -9.000   -9.0000
 2452182.112    -9.000   -9.0000
 2452183.112    -9.000   -9.0000
 2452184.112    -9.000   -9.0000
 2452185.112    -9.000   -9.0000
 2452186.112  1366.031    0.0533
 2452187.112    -9.000   -9.0000
 2452188.112    -9.000   -9.0000
 2452189.112    -9.000   -9.0000
 2452190.112    -9.000   -9.0000
 2452191.112    -9.000   -9.0000
 2452192.112    -9.000   -9.0000
 2452193.112  1365.981    0.0531
 2452194.112    -9.000   -9.0000
 2452195.112    -9.000   -9.0000
 2452196.112    -9.000   -9.0000
 2452197.112    -9.000   -9.0000
 2452198.112    -9.000   -9.0000
 2452199.112    -9.000   -9.0000
 2452200.112  1364.691    0.0530
 2452201.112    -9.000   -9.0000
 2452202.112    -9.000   -9.0000
 2452203.112    -9.000   -9.0000
 2452204.112    -9.000   -9.0000
 2452205.112    -9.000   -9.0000
 2452206.112    -9.000   -9.0000
 2452207.112    -9.000   -9.0000
 2452208.112    -9.000   -9.0000
 2452209.112    -9.000   -9.0000
 2452210.112    -9.000   -9.0000
 2452211.112    -9.000   -9.0000
 2452212.112    -9.000   -9.0000
 2452213.112    -9.000   -9.0000
 2452214.112  1364.390    0.0528
 2452215.112    -9.000   -9.0000
 2452216.112    -9.000   -9.0000
 2452217.112    -9.000   -9.0000
 2452218.112    -9.000   -9.0000
 2452219.112    -9.000   -9.0000
 2452220.112    -9.000   -9.0000
 2452221.112    -9.000   -9.0000
 2452222.112    -9.000   -9.0000
 2452223.112    -9.000   -9.0000
 2452224.112    -9.000   -9.0000
 2452225.112    -9.000   -9.0000
 2452226.112    -9.000   -9.0000
 2452227.112    -9.000   -9.0000
 2452228.112  1365.800    0.0526
 2452229.112    -9.000   -9.0000
 2452230.112    -9.000   -9.0000
 2452231.112    -9.000   -9.0000
 2452232.112    -9.000   -9.0000
 2452233.112    -9.000   -9.0000
 2452234.112    -9.000   -9.0000
 2452235.112  1365.660    0.0525
 2452236.112    -9.000   -9.0000
 2452237.112    -9.000   -9.0000
 2452238.112    -9.000   -9.0000
 2452239.112    -9.000   -9.0000
 2452240.112    -9.000   -9.0000
 2452241.112    -9.000   -9.0000
 2452242.112  1365.479    0.0523
 2452243.112    -9.000   -9.0000
 2452244.112    -9.000   -9.0000
 2452245.112    -9.000   -9.0000
 2452246.112    -9.000   -9.0000
 2452247.112    -9.000   -9.0000
 2452248.112    -9.000   -9.0000
 2452249.112    -9.000   -9.0000
 2452250.112    -9.000   -9.0000
 2452251.112    -9.000   -9.0000
 2452252.112    -9.000   -9.0000
 2452253.112    -9.000   -9.0000
 2452254.112    -9.000   -9.0000
 2452255.112    -9.000   -9.0000
 2452256.112    -9.000   -9.0000
 2452257.112    -9.000   -9.0000
 2452258.112    -9.000   -9.0000
 2452259.112  1366.759    0.0521
 2452260.112    -9.000   -9.0000
 2452261.112    -9.000   -9.0000
 2452262.112    -9.000   -9.0000
 2452263.112  1366.579    0.0520
 2452264.112    -9.000   -9.0000
 2452265.112    -9.000   -9.0000
 2452266.112    -9.000   -9.0000
 2452267.112    -9.000   -9.0000
 2452268.112    -9.000   -9.0000
 2452269.112    -9.000   -9.0000
 2452270.112    -9.000   -9.0000
 2452271.112    -9.000   -9.0000
 2452272.112    -9.000   -9.0000
 2452273.112    -9.000   -9.0000
 2452274.112    -9.000   -9.0000
 2452275.112    -9.000   -9.0000
 2452276.112    -9.000   -9.0000
 2452277.112    -9.000   -9.0000
 2452278.112    -9.000   -9.0000
 2452279.112    -9.000   -9.0000
 2452280.112    -9.000   -9.0000
 2452281.112    -9.000   -9.0000
 2452282.112    -9.000   -9.0000
 2452283.112    -9.000   -9.0000
 2452284.112  1365.898    0.0516
 2452285.112    -9.000   -9.0000
 2452286.112    -9.000   -9.0000
 2452287.112    -9.000   -9.0000
 2452288.112    -9.000   -9.0000
 2452289.112    -9.000   -9.0000
 2452290.112    -9.000   -9.0000
 2452291.112    -9.000   -9.0000
 2452292.112    -9.000   -9.0000
 2452293.112    -9.000   -9.0000
 2452294.112    -9.000   -9.0000
 2452295.112    -9.000   -9.0000
 2452296.112    -9.000   -9.0000
 2452297.112    -9.000   -9.0000
 2452298.112    -9.000   -9.0000
 2452299.112    -9.000   -9.0000
 2452300.112    -9.000   -9.0000
 2452301.112    -9.000   -9.0000
 2452302.112    -9.000   -9.0000
 2452303.112    -9.000   -9.0000
 2452304.112    -9.000   -9.0000
 2452305.112  1366.148    0.0513
 2452306.112    -9.000   -9.0000
 2452307.112    -9.000   -9.0000
 2452308.112    -9.000   -9.0000
 2452309.112    -9.000   -9.0000
 2452310.112    -9.000   -9.0000
 2452311.112    -9.000   -9.0000
 2452312.112  1366.338    0.0512
 2452313.112    -9.000   -9.0000
 2452314.112    -9.000   -9.0000
 2452315.112    -9.000   -9.0000
 2452316.112    -9.000   -9.0000
 2452317.112    -9.000   -9.0000
 2452318.112    -9.000   -9.0000
 2452319.112  1365.887    0.0510
 2452320.112    -9.000   -9.0000
 2452321.112    -9.000   -9.0000
 2452322.112    -9.000   -9.0000
 2452323.112    -9.000   -9.0000
 2452324.112    -9.000   -9.0000
 2452325.112    -9.000   -9.0000
 2452326.112  1367.157    0.0509
 2452327.112    -9.000   -9.0000
 2452328.112    -9.000   -9.0000
 2452329.112    -9.000   -9.0000
 2452330.112    -9.000   -9.0000
 2452331.112    -9.000   -9.0000
 2452332.112    -9.000   -9.0000
 2452333.112  1366.267    0.0508
 2452334.112    -9.000   -9.0000
 2452335.112    -9.000   -9.0000
 2452336.112    -9.000   -9.0000
 2452337.112    -9.000   -9.0000
 2452338.112    -9.000   -9.0000
 2452339.112    -9.000   -9.0000
 2452340.112  1366.016    0.0507
 2452341.112    -9.000   -9.0000
 2452342.112    -9.000   -9.0000
 2452343.112    -9.000   -9.0000
 2452344.112    -9.000   -9.0000
 2452345.112    -9.000   -9.0000
 2452346.112    -9.000   -9.0000
 2452347.112  1365.526    0.0506
 2452348.112    -9.000   -9.0000
 2452349.112    -9.000   -9.0000
 2452350.112    -9.000   -9.0000
 2452351.112    -9.000   -9.0000
 2452352.112    -9.000   -9.0000
 2452353.112    -9.000   -9.0000
 2452354.112  1365.986    0.0505
 2452355.112    -9.000   -9.0000
 2452356.112    -9.000   -9.0000
 2452357.112    -9.000   -9.0000
 2452358.112    -9.000   -9.0000
 2452359.112    -9.000   -9.0000
 2452360.112    -9.000   -9.0000
 2452361.112  1365.975    0.0503
 2452362.112    -9.000   -9.0000
 2452363.112    -9.000   -9.0000
 2452364.112    -9.000   -9.0000
 2452365.112    -9.000   -9.0000
 2452366.112    -9.000   -9.0000
 2452367.112    -9.000   -9.0000
 2452368.112  1365.175    0.0502
 2452369.112    -9.000   -9.0000
 2452370.112    -9.000   -9.0000
 2452371.112    -9.000   -9.0000
 2452372.112    -9.000   -9.0000
 2452373.112    -9.000   -9.0000
 2452374.112    -9.000   -9.0000
 2452375.112  1365.574    0.0501
 2452376.112    -9.000   -9.0000
 2452377.112    -9.000   -9.0000
 2452378.112    -9.000   -9.0000
 2452379.112    -9.000   -9.0000
 2452380.112    -9.000   -9.0000
 2452381.112    -9.000   -9.0000
 2452382.112  1365.674    0.0500
 2452383.112    -9.000   -9.0000
 2452384.112    -9.000   -9.0000
 2452385.112    -9.000   -9.0000
 2452386.112    -9.000   -9.0000
 2452387.112    -9.000   -9.0000
 2452388.112    -9.000   -9.0000
 2452389.112  1365.274    0.0499
 2452390.112    -9.000   -9.0000
 2452391.112    -9.000   -9.0000
 2452392.112    -9.000   -9.0000
 2452393.112    -9.000   -9.0000
 2452394.112    -9.000   -9.0000
 2452395.112    -9.000   -9.0000
 2452396.112  1365.873    0.0497
 2452397.112    -9.000   -9.0000
 2452398.112    -9.000   -9.0000
 2452399.112    -9.000   -9.0000
 2452400.112    -9.000   -9.0000
 2452401.112    -9.000   -9.0000
 2452402.112    -9.000   -9.0000
 2452403.112  1365.273    0.0496
 2452404.112    -9.000   -9.0000
 2452405.112    -9.000   -9.0000
 2452406.112    -9.000   -9.0000
 2452407.112    -9.000   -9.0000
 2452408.112    -9.000   -9.0000
 2452409.112    -9.000   -9.0000
 2452410.112  1365.673    0.0495
 2452411.112    -9.000   -9.0000
 2452412.112    -9.000   -9.0000
 2452413.112    -9.000   -9.0000
 2452414.112    -9.000   -9.0000
 2452415.112    -9.000   -9.0000
 2452416.112    -9.000   -9.0000
 2452417.112  1365.472    0.0494
 2452418.112    -9.000   -9.0000
 2452419.112    -9.000   -9.0000
 2452420.112    -9.000   -9.0000
 2452421.112    -9.000   -9.0000
 2452422.112    -9.000   -9.0000
 2452423.112    -9.000   -9.0000
 2452424.112  1366.172    0.0493
 2452425.112    -9.000   -9.0000
 2452426.112    -9.000   -9.0000
 2452427.112    -9.000   -9.0000
 2452428.112    -9.000   -9.0000
 2452429.112    -9.000   -9.0000
 2452430.112    -9.000   -9.0000
 2452431.112  1365.372    0.0492
 2452432.112    -9.000   -9.0000
 2452433.112    -9.000   -9.0000
 2452434.112    -9.000   -9.0000
 2452435.112    -9.000   -9.0000
 2452436.112    -9.000   -9.0000
 2452437.112    -9.000   -9.0000
 2452438.112  1365.171    0.0490
 2452439.112    -9.000   -9.0000
 2452440.112    -9.000   -9.0000
 2452441.112    -9.000   -9.0000
 2452442.112    -9.000   -9.0000
 2452443.112    -9.000   -9.0000
 2452444.112    -9.000   -9.0000
 2452445.112  1365.771    0.0489
 2452446.112    -9.000   -9.0000
 2452447.112    -9.000   -9.0000
 2452448.112    -9.000   -9.0000
 2452449.112    -9.000   -9.0000
 2452450.112    -9.000   -9.0000
 2452451.112    -9.000   -9.0000
 2452452.112    -9.000   -9.0000
 2452453.112    -9.000   -9.0000
 2452454.112    -9.000   -9.0000
 2452455.112    -9.000   -9.0000
 2452456.112    -9.000   -9.0000
 2452457.112    -9.000   -9.0000
 2452458.112    -9.000   -9.0000
 2452459.112    -9.000   -9.0000
 2452460.112    -9.000   -9.0000
 2452461.112    -9.000   -9.0000
 2452462.112    -9.000   -9.0000
 2452463.112    -9.000   -9.0000
 2452464.112    -9.000   -9.0000
 2452465.112    -9.000   -9.0000
 2452466.112  1365.771    0.0486
 2452467.112    -9.000   -9.0000
 2452468.112    -9.000   -9.0000
 2452469.112    -9.000   -9.0000
 2452470.112    -9.000   -9.0000
 2452471.112  1364.470    0.0485
 2452472.112  1364.870    0.0485
 2452473.112  1364.470    0.0484
 2452474.112    -9.000   -9.0000
 2452475.112  1364.169    0.0484
 2452476.112    -9.000   -9.0000
 2452477.112    -9.000   -9.0000
 2452478.112    -9.000   -9.0000
 2452479.112    -9.000   -9.0000
 2452480.112    -9.000   -9.0000
 2452481.112    -9.000   -9.0000
 2452482.112    -9.000   -9.0000
 2452483.112    -9.000   -9.0000
 2452484.112    -9.000   -9.0000
 2452485.112    -9.000   -9.0000
 2452486.112    -9.000   -9.0000
 2452487.112    -9.000   -9.0000
 2452488.112    -9.000   -9.0000
 2452489.112    -9.000   -9.0000
 2452490.112    -9.000   -9.0000
 2452491.112    -9.000   -9.0000
 2452492.112    -9.000   -9.0000
 2452493.112    -9.000   -9.0000
 2452494.112    -9.000   -9.0000
 2452495.112    -9.000   -9.0000
 2452496.112    -9.000   -9.0000
 2452497.112    -9.000   -9.0000
 2452498.112    -9.000   -9.0000
 2452499.112    -9.000   -9.0000
 2452500.112    -9.000   -9.0000
 2452501.112    -9.000   -9.0000
 2452502.112    -9.000   -9.0000
 2452503.112    -9.000   -9.0000
 2452504.112    -9.000   -9.0000
 2452505.112    -9.000   -9.0000
 2452506.112    -9.000   -9.0000
 2452507.112    -9.000   -9.0000
 2452508.112    -9.000   -9.0000
 2452509.112    -9.000   -9.0000
 2452510.112    -9.000   -9.0000
 2452511.112    -9.000   -9.0000
 2452512.112    -9.000   -9.0000
 2452513.112  1365.968    0.0478
 2452514.112    -9.000   -9.0000
 2452515.112    -9.000   -9.0000
 2452516.112    -9.000   -9.0000
 2452517.112  1364.768    0.0477
 2452518.112    -9.000   -9.0000
 2452519.112    -9.000   -9.0000
 2452520.112  1364.768    0.0476
 2452521.112    -9.000   -9.0000
 2452522.112  1364.967    0.0476
 2452523.112    -9.000   -9.0000
 2452524.112    -9.000   -9.0000
 2452525.112    -9.000   -9.0000
 2452526.112    -9.000   -9.0000
 2452527.112    -9.000   -9.0000
 2452528.112    -9.000   -9.0000
 2452529.112    -9.000   -9.0000
 2452530.112    -9.000   -9.0000
 2452531.112  1364.567    0.0474
 2452532.112    -9.000   -9.0000
 2452533.112    -9.000   -9.0000
 2452534.112    -9.000   -9.0000
 2452535.112    -9.000   -9.0000
 2452536.112  1365.467    0.0474
 2452537.112    -9.000   -9.0000
 2452538.112  1365.566    0.0473
 2452539.112    -9.000   -9.0000
 2452540.112    -9.000   -9.0000
 2452541.112  1365.766    0.0473
 2452542.112    -9.000   -9.0000
 2452543.112  1365.566    0.0472
 2452544.112    -9.000   -9.0000
 2452545.112    -9.000   -9.0000
 2452546.112    -9.000   -9.0000
 2452547.112    -9.000   -9.0000
 2452548.112  1365.965    0.0471
 2452549.112    -9.000   -9.0000
 2452550.112  1366.165    0.0471
 2452551.112    -9.000   -9.0000
 2452552.112  1365.365    0.0471
 2452553.112    -9.000   -9.0000
 2452554.112    -9.000   -9.0000
 2452555.112  1365.464    0.0470
 2452556.112    -9.000   -9.0000
 2452557.112    -9.000   -9.0000
 2452558.112    -9.000   -9.0000
 2452559.112    -9.000   -9.0000
 2452560.112    -9.000   -9.0000
 2452561.112    -9.000   -9.0000
 2452562.112    -9.000   -9.0000
 2452563.112    -9.000   -9.0000
 2452564.112    -9.000   -9.0000
 2452565.112    -9.000   -9.0000
 2452566.112    -9.000   -9.0000
 2452567.112    -9.000   -9.0000
 2452568.112    -9.000   -9.0000
 2452569.112    -9.000   -9.0000
 2452570.112    -9.000   -9.0000
 2452571.112    -9.000   -9.0000
 2452572.112    -9.000   -9.0000
 2452573.112    -9.000   -9.0000
 2452574.112    -9.000   -9.0000
 2452575.112    -9.000   -9.0000
 2452576.112    -9.000   -9.0000
 2452577.112    -9.000   -9.0000
 2452578.112    -9.000   -9.0000
 2452579.112    -9.000   -9.0000
 2452580.112  1366.264    0.0466
 2452581.112    -9.000   -9.0000
 2452582.112    -9.000   -9.0000
 2452583.112    -9.000   -9.0000
 2452584.112    -9.000   -9.0000
 2452585.112    -9.000   -9.0000
 2452586.112    -9.000   -9.0000
 2452587.112    -9.000   -9.0000
 2452588.112    -9.000   -9.0000
 2452589.112    -9.000   -9.0000
 2452590.112    -9.000   -9.0000
 2452591.112    -9.000   -9.0000
 2452592.112  1364.864    0.0464
 2452593.112    -9.000   -9.0000
 2452594.112  1365.263    0.0463
 2452595.112    -9.000   -9.0000
 2452596.112    -9.000   -9.0000
 2452597.112  1365.263    0.0463
 2452598.112    -9.000   -9.0000
 2452599.112    -9.000   -9.0000
 2452600.112    -9.000   -9.0000
 2452601.112    -9.000   -9.0000
 2452602.112    -9.000   -9.0000
 2452603.112    -9.000   -9.0000
 2452604.112    -9.000   -9.0000
 2452605.112    -9.000   -9.0000
 2452606.112    -9.000   -9.0000
 2452607.112    -9.000   -9.0000
 2452608.112    -9.000   -9.0000
 2452609.112    -9.000   -9.0000
 2452610.112    -9.000   -9.0000
 2452611.112    -9.000   -9.0000
 2452612.112    -9.000   -9.0000
 2452613.112    -9.000   -9.0000
 2452614.112    -9.000   -9.0000
 2452615.112    -9.000   -9.0000
 2452616.112    -9.000   -9.0000
 2452617.112    -9.000   -9.0000
 2452618.112    -9.000   -9.0000
 2452619.112    -9.000   -9.0000
 2452620.112    -9.000   -9.0000
 2452621.112    -9.000   -9.0000
 2452622.112    -9.000   -9.0000
 2452623.112    -9.000   -9.0000
 2452624.112    -9.000   -9.0000
 2452625.112    -9.000   -9.0000
 2452626.112    -9.000   -9.0000
 2452627.112  1364.863    0.0458
 2452628.112    -9.000   -9.0000
 2452629.112    -9.000   -9.0000
 2452630.112    -9.000   -9.0000
 2452631.112    -9.000   -9.0000
 2452632.112    -9.000   -9.0000
 2452633.112    -9.000   -9.0000
 2452634.112    -9.000   -9.0000
 2452635.112    -9.000   -9.0000
 2452636.112    -9.000   -9.0000
 2452637.112    -9.000   -9.0000
 2452638.112    -9.000   -9.0000
 2452639.112    -9.000   -9.0000
 2452640.112    -9.000   -9.0000
 2452641.112    -9.000   -9.0000
 2452642.112    -9.000   -9.0000
 2452643.112    -9.000   -9.0000
 2452644.112    -9.000   -9.0000
 2452645.112    -9.000   -9.0000
 2452646.112    -9.000   -9.0000
 2452647.112    -9.000   -9.0000
 2452648.112  1365.462    0.0454
 2452649.112    -9.000   -9.0000
 2452650.112    -9.000   -9.0000
 2452651.112    -9.000   -9.0000
 2452652.112    -9.000   -9.0000
 2452653.112    -9.000   -9.0000
 2452654.112    -9.000   -9.0000
 2452655.112  1366.562    0.0453
 2452656.112    -9.000   -9.0000
 2452657.112    -9.000   -9.0000
 2452658.112    -9.000   -9.0000
 2452659.112    -9.000   -9.0000
 2452660.112    -9.000   -9.0000
 2452661.112    -9.000   -9.0000
 2452662.112  1365.961    0.0452
 2452663.112    -9.000   -9.0000
 2452664.112    -9.000   -9.0000
 2452665.112    -9.000   -9.0000
 2452666.112    -9.000   -9.0000
 2452667.112    -9.000   -9.0000
 2452668.112    -9.000   -9.0000
 2452669.112  1365.861    0.0450
 2452670.112    -9.000   -9.0000
 2452671.112    -9.000   -9.0000
 2452672.112    -9.000   -9.0000
 2452673.112    -9.000   -9.0000
 2452674.112    -9.000   -9.0000
 2452675.112    -9.000   -9.0000
 2452676.112  1365.961    0.0449
 2452677.112    -9.000   -9.0000
 2452678.112    -9.000   -9.0000
 2452679.112    -9.000   -9.0000
 2452680.112    -9.000   -9.0000
 2452681.112    -9.000   -9.0000
 2452682.112    -9.000   -9.0000
 2452683.112  1365.860    0.0448
 2452684.112    -9.000   -9.0000
 2452685.112    -9.000   -9.0000
 2452686.112    -9.000   -9.0000
 2452687.112    -9.000   -9.0000
 2452688.112    -9.000   -9.0000
 2452689.112    -9.000   -9.0000
 2452690.112  1365.260    0.0447
 2452691.112    -9.000   -9.0000
 2452692.112    -9.000   -9.0000
 2452693.112    -9.000   -9.0000
 2452694.112    -9.000   -9.0000
 2452695.112    -9.000   -9.0000
 2452696.112    -9.000   -9.0000
 2452697.112  1365.060    0.0445
 2452698.112    -9.000   -9.0000
 2452699.112    -9.000   -9.0000
 2452700.112    -9.000   -9.0000
 2452701.112    -9.000   -9.0000
 2452702.112    -9.000   -9.0000
 2452703.112    -9.000   -9.0000
 2452704.112    -9.000   -9.0000
 2452705.112    -9.000   -9.0000
 2452706.112    -9.000   -9.0000
 2452707.112    -9.000   -9.0000
 2452708.112    -9.000   -9.0000
 2452709.112    -9.000   -9.0000
 2452710.112    -9.000   -9.0000
 2452711.112  1364.459    0.0443
 2452712.112    -9.000   -9.0000
 2452713.112    -9.000   -9.0000
 2452714.112    -9.000   -9.0000
 2452715.112    -9.000   -9.0000
 2452716.112    -9.000   -9.0000
 2452717.112    -9.000   -9.0000
 2452718.112  1365.359    0.0442
 2452719.112    -9.000   -9.0000
 2452720.112    -9.000   -9.0000
 2452721.112    -9.000   -9.0000
 2452722.112    -9.000   -9.0000
 2452723.112    -9.000   -9.0000
 2452724.112    -9.000   -9.0000
 2452725.112  1365.859    0.0441
 2452726.112    -9.000   -9.0000
 2452727.112    -9.000   -9.0000
 2452728.112    -9.000   -9.0000
 2452729.112    -9.000   -9.0000
 2452730.112    -9.000   -9.0000
 2452731.112    -9.000   -9.0000
 2452732.112  1365.158    0.0439
 2452733.112    -9.000   -9.0000
 2452734.112    -9.000   -9.0000
 2452735.112    -9.000   -9.0000
 2452736.112    -9.000   -9.0000
 2452737.112    -9.000   -9.0000
 2452738.112    -9.000   -9.0000
 2452739.112    -9.000   -9.0000
 2452740.112    -9.000   -9.0000
 2452741.112    -9.000   -9.0000
 2452742.112    -9.000   -9.0000
 2452743.112    -9.000   -9.0000
 2452744.112    -9.000   -9.0000
 2452745.112    -9.000   -9.0000
 2452746.112  1365.058    0.0437
 2452747.112    -9.000   -9.0000
 2452748.112    -9.000   -9.0000
 2452749.112    -9.000   -9.0000
 2452750.112    -9.000   -9.0000
 2452751.112    -9.000   -9.0000
 2452752.112    -9.000   -9.0000
 2452753.112  1365.558    0.0436
 2452754.112    -9.000   -9.0000
 2452755.112    -9.000   -9.0000
 2452756.112    -9.000   -9.0000
 2452757.112    -9.000   -9.0000
 2452758.112    -9.000   -9.0000
 2452759.112    -9.000   -9.0000
 2452760.112    -9.000   -9.0000
 2452761.112    -9.000   -9.0000
 2452762.112    -9.000   -9.0000
 2452763.112    -9.000   -9.0000
 2452764.112    -9.000   -9.0000
 2452765.112    -9.000   -9.0000
 2452766.112    -9.000   -9.0000
 2452767.112  1365.057    0.0433
 2452768.112    -9.000   -9.0000
 2452769.112    -9.000   -9.0000
 2452770.112    -9.000   -9.0000
 2452771.112    -9.000   -9.0000
 2452772.112    -9.000   -9.0000
 2452773.112    -9.000   -9.0000
 2452774.112  1364.857    0.0432
 2452775.112    -9.000   -9.0000
 2452776.112    -9.000   -9.0000
 2452777.112    -9.000   -9.0000
 2452778.112    -9.000   -9.0000
 2452779.112    -9.000   -9.0000
 2452780.112    -9.000   -9.0000
 2452781.112  1365.556    0.0431
 2452782.112    -9.000   -9.0000
 2452783.112    -9.000   -9.0000
 2452784.112    -9.000   -9.0000
 2452785.112    -9.000   -9.0000
 2452786.112    -9.000   -9.0000
 2452787.112    -9.000   -9.0000
 2452788.112    -9.000   -9.0000
 2452789.112    -9.000   -9.0000
 2452790.112    -9.000   -9.0000
 2452791.112    -9.000   -9.0000
 2452792.112    -9.000   -9.0000
 2452793.112    -9.000   -9.0000
 2452794.112    -9.000   -9.0000
 2452795.112  1364.956    0.0428
 2452796.112    -9.000   -9.0000
 2452797.112    -9.000   -9.0000
 2452798.112    -9.000   -9.0000
 2452799.112    -9.000   -9.0000
 2452800.112    -9.000   -9.0000
 2452801.112    -9.000   -9.0000
 2452802.112  1363.956    0.0427
 2452803.112    -9.000   -9.0000
 2452804.112    -9.000   -9.0000
 2452805.112    -9.000   -9.0000
 2452806.112    -9.000   -9.0000
 2452807.112    -9.000   -9.0000
 2452808.112    -9.000   -9.0000
 2452809.112    -9.000   -9.0000
 2452810.112    -9.000   -9.0000
 2452811.112    -9.000   -9.0000
 2452812.112    -9.000   -9.0000
 2452813.112    -9.000   -9.0000
 2452814.112    -9.000   -9.0000
 2452815.112    -9.000   -9.0000
 2452816.112    -9.000   -9.0000
 2452817.112    -9.000   -9.0000
 2452818.112    -9.000   -9.0000
 2452819.112    -9.000   -9.0000
 2452820.112    -9.000   -9.0000
 2452821.112    -9.000   -9.0000
 2452822.112    -9.000   -9.0000
 2452823.112  1364.355    0.0423
 2452824.112    -9.000   -9.0000
 2452825.112    -9.000   -9.0000
 2452826.112    -9.000   -9.0000
 2452827.112    -9.000   -9.0000
 2452828.112    -9.000   -9.0000
 2452829.112    -9.000   -9.0000
 2452830.112    -9.000   -9.0000
 2452831.112    -9.000   -9.0000
 2452832.112    -9.000   -9.0000
 2452833.112    -9.000   -9.0000
 2452834.112    -9.000   -9.0000
 2452835.112    -9.000   -9.0000
 2452836.112    -9.000   -9.0000
 2452837.112  1366.155    0.0421
 2452838.112    -9.000   -9.0000
 2452839.112    -9.000   -9.0000
 2452840.112    -9.000   -9.0000
 2452841.112    -9.000   -9.0000
 2452842.112    -9.000   -9.0000
 2452843.112    -9.000   -9.0000
 2452844.112  1365.455    0.0419
 2452845.112    -9.000   -9.0000
 2452846.112    -9.000   -9.0000
 2452847.112    -9.000   -9.0000
 2452848.112    -9.000   -9.0000
 2452849.112    -9.000   -9.0000
 2452850.112    -9.000   -9.0000
 2452851.112  1365.554    0.0418
 2452852.112    -9.000   -9.0000
 2452853.112    -9.000   -9.0000
 2452854.112    -9.000   -9.0000
 2452855.112    -9.000   -9.0000
 2452856.112    -9.000   -9.0000
 2452857.112    -9.000   -9.0000
