;The following data are for HF_corr
;The standard deviation was produced by comparing the  355day filtered TSI data
;  with the sunspot number also filtered with the same smoothing.
;The columns are as follows:  1: julian day, 2: TSI in Wm-2, 3: stddev in Wm-2
;The format is d12.3,f10.3,f10.4 and no or invalid data are given as -9.0  
;the next line contains the number of lines and the offset as i6,f10.3
  5184  1371.020
 2443829.000    -9.000   -9.0000
 2443830.000  1371.562    0.0290
 2443831.000  1371.440    0.0290
 2443832.000    -9.000   -9.0000
 2443833.000  1372.127    0.0292
 2443834.000  1372.228    0.0292
 2443835.000  1372.210    0.0293
 2443836.000    -9.000   -9.0000
 2443837.000  1372.015    0.0294
 2443838.000  1372.387    0.0294
 2443839.000  1372.558    0.0295
 2443840.000    -9.000   -9.0000
 2443841.000  1371.949    0.0296
 2443842.000  1372.188    0.0297
 2443843.000  1372.306    0.0297
 2443844.000    -9.000   -9.0000
 2443845.000  1371.826    0.0298
 2443846.000  1371.867    0.0299
 2443847.000  1371.820    0.0299
 2443848.000    -9.000   -9.0000
 2443849.000  1371.957    0.0300
 2443850.000  1372.432    0.0301
 2443851.000  1372.408    0.0301
 2443852.000    -9.000   -9.0000
 2443853.000  1370.425    0.0303
 2443854.000  1370.373    0.0303
 2443855.000  1370.322    0.0304
 2443856.000    -9.000   -9.0000
 2443857.000  1370.233    0.0305
 2443858.000  1371.195    0.0305
 2443859.000  1371.747    0.0306
 2443860.000    -9.000   -9.0000
 2443861.000  1371.271    0.0307
 2443862.000  1371.677    0.0307
 2443863.000  1371.824    0.0308
 2443864.000    -9.000   -9.0000
 2443865.000  1371.255    0.0309
 2443866.000  1371.905    0.0310
 2443867.000  1372.124    0.0310
 2443868.000    -9.000   -9.0000
 2443869.000  1371.990    0.0311
 2443870.000  1372.357    0.0312
 2443871.000  1372.394    0.0312
 2443872.000    -9.000   -9.0000
 2443873.000  1371.388    0.0313
 2443874.000  1371.564    0.0314
 2443875.000  1371.720    0.0315
 2443876.000    -9.000   -9.0000
 2443877.000  1371.443    0.0316
 2443878.000  1372.319    0.0316
 2443879.000  1372.397    0.0317
 2443880.000    -9.000   -9.0000
 2443881.000  1372.125    0.0318
 2443882.000  1372.424    0.0318
 2443883.000  1372.144    0.0319
 2443884.000    -9.000   -9.0000
 2443885.000  1371.646    0.0320
 2443886.000  1372.497    0.0320
 2443887.000  1372.479    0.0321
 2443888.000    -9.000   -9.0000
 2443889.000  1371.875    0.0322
 2443890.000  1372.258    0.0323
 2443891.000  1372.473    0.0323
 2443892.000    -9.000   -9.0000
 2443893.000  1371.564    0.0324
 2443894.000  1372.078    0.0325
 2443895.000  1371.763    0.0325
 2443896.000    -9.000   -9.0000
 2443897.000  1371.192    0.0326
 2443898.000    -9.000   -9.0000
 2443899.000  1371.619    0.0327
 2443900.000    -9.000   -9.0000
 2443901.000  1371.729    0.0329
 2443902.000    -9.000   -9.0000
 2443903.000  1372.361    0.0330
 2443904.000    -9.000   -9.0000
 2443905.000  1372.813    0.0331
 2443906.000    -9.000   -9.0000
 2443907.000  1372.296    0.0332
 2443908.000    -9.000   -9.0000
 2443909.000  1372.000    0.0333
 2443910.000    -9.000   -9.0000
 2443911.000  1372.133    0.0334
 2443912.000    -9.000   -9.0000
 2443913.000  1372.346    0.0335
 2443914.000  1372.623    0.0335
 2443915.000  1372.292    0.0336
 2443916.000    -9.000   -9.0000
 2443917.000  1371.869    0.0337
 2443918.000  1372.687    0.0338
 2443919.000  1372.606    0.0338
 2443920.000    -9.000   -9.0000
 2443921.000  1371.586    0.0339
 2443922.000  1371.825    0.0340
 2443923.000  1371.275    0.0340
 2443924.000    -9.000   -9.0000
 2443925.000  1370.873    0.0341
 2443926.000  1371.822    0.0342
 2443927.000  1372.341    0.0342
 2443928.000    -9.000   -9.0000
 2443929.000  1372.182    0.0343
 2443930.000    -9.000   -9.0000
 2443931.000  1372.434    0.0345
 2443932.000    -9.000   -9.0000
 2443933.000  1372.285    0.0346
 2443934.000  1372.746    0.0346
 2443935.000  1372.846    0.0347
 2443936.000    -9.000   -9.0000
 2443937.000  1372.458    0.0348
 2443938.000  1373.098    0.0348
 2443939.000  1373.029    0.0349
 2443940.000    -9.000   -9.0000
 2443941.000  1372.212    0.0350
 2443942.000  1372.623    0.0350
 2443943.000  1372.795    0.0351
 2443944.000    -9.000   -9.0000
 2443945.000  1372.728    0.0352
 2443946.000  1373.309    0.0352
 2443947.000  1373.221    0.0353
 2443948.000    -9.000   -9.0000
 2443949.000  1372.615    0.0354
 2443950.000  1372.836    0.0355
 2443951.000  1372.778    0.0355
 2443952.000    -9.000   -9.0000
 2443953.000  1372.343    0.0356
 2443954.000  1372.555    0.0357
 2443955.000  1372.617    0.0357
 2443956.000    -9.000   -9.0000
 2443957.000  1372.373    0.0358
 2443958.000  1372.725    0.0359
 2443959.000  1372.657    0.0359
 2443960.000    -9.000   -9.0000
 2443961.000  1372.603    0.0360
 2443962.000  1373.055    0.0361
 2443963.000  1372.957    0.0361
 2443964.000    -9.000   -9.0000
 2443965.000  1372.143    0.0362
 2443966.000    -9.000   -9.0000
 2443967.000  1371.999    0.0364
 2443968.000    -9.000   -9.0000
 2443969.000  1372.165    0.0365
 2443970.000    -9.000   -9.0000
 2443971.000  1372.821    0.0366
 2443972.000    -9.000   -9.0000
 2443973.000  1372.678    0.0367
 2443974.000    -9.000   -9.0000
 2443975.000  1372.265    0.0368
 2443976.000    -9.000   -9.0000
 2443977.000    -9.000   -9.0000
 2443978.000  1372.185    0.0369
 2443979.000  1372.208    0.0370
 2443980.000  1372.202    0.0370
 2443981.000  1372.275    0.0371
 2443982.000  1372.468    0.0371
 2443983.000  1372.742    0.0372
 2443984.000    -9.000   -9.0000
 2443985.000    -9.000   -9.0000
 2443986.000  1372.793    0.0373
 2443987.000  1372.527    0.0374
 2443988.000    -9.000   -9.0000
 2443989.000  1372.454    0.0375
 2443990.000  1372.388    0.0376
 2443991.000  1372.252    0.0376
 2443992.000  1372.315    0.0377
 2443993.000  1372.259    0.0377
 2443994.000    -9.000   -9.0000
 2443995.000  1371.617    0.0378
 2443996.000    -9.000   -9.0000
 2443997.000  1372.283    0.0379
 2443998.000  1372.587    0.0380
 2443999.000  1372.860    0.0380
 2444000.000    -9.000   -9.0000
 2444001.000  1372.718    0.0381
 2444002.000  1372.732    0.0382
 2444003.000  1372.426    0.0382
 2444004.000    -9.000   -9.0000
 2444005.000  1371.804    0.0383
 2444006.000    -9.000   -9.0000
 2444007.000  1371.881    0.0384
 2444008.000  1372.225    0.0385
 2444009.000  1372.248    0.0385
 2444010.000    -9.000   -9.0000
 2444011.000  1372.376    0.0386
 2444012.000    -9.000   -9.0000
 2444013.000  1372.663    0.0387
 2444014.000  1372.797    0.0388
 2444015.000  1372.741    0.0388
 2444016.000    -9.000   -9.0000
 2444017.000  1372.399    0.0389
 2444018.000  1372.783    0.0390
 2444019.000  1372.957    0.0390
 2444020.000    -9.000   -9.0000
 2444021.000  1372.714    0.0391
 2444022.000  1372.958    0.0392
 2444023.000  1372.902    0.0393
 2444024.000    -9.000   -9.0000
 2444025.000  1372.620    0.0394
 2444026.000  1372.504    0.0394
 2444027.000  1371.749    0.0395
 2444028.000    -9.000   -9.0000
 2444029.000  1371.574    0.0396
 2444030.000  1371.518    0.0396
 2444031.000  1371.582    0.0397
 2444032.000    -9.000   -9.0000
 2444033.000  1371.679    0.0398
 2444034.000  1371.643    0.0398
 2444035.000  1371.307    0.0399
 2444036.000    -9.000   -9.0000
 2444037.000  1371.275    0.0400
 2444038.000  1371.699    0.0400
 2444039.000  1372.043    0.0401
 2444040.000    -9.000   -9.0000
 2444041.000  1372.150    0.0402
 2444042.000  1372.354    0.0402
 2444043.000  1372.528    0.0403
 2444044.000    -9.000   -9.0000
 2444045.000  1372.475    0.0404
 2444046.000  1372.679    0.0404
 2444047.000  1372.833    0.0405
 2444048.000    -9.000   -9.0000
 2444049.000  1372.511    0.0406
 2444050.000  1372.695    0.0406
 2444051.000  1372.908    0.0407
 2444052.000    -9.000   -9.0000
 2444053.000  1372.806    0.0408
 2444054.000  1372.830    0.0408
 2444055.000  1372.904    0.0409
 2444056.000    -9.000   -9.0000
 2444057.000  1372.162    0.0410
 2444058.000  1372.196    0.0410
 2444059.000  1372.179    0.0411
 2444060.000    -9.000   -9.0000
 2444061.000  1372.127    0.0412
 2444062.000  1372.301    0.0412
 2444063.000  1372.475    0.0413
 2444064.000    -9.000   -9.0000
 2444065.000  1372.312    0.0414
 2444066.000  1372.536    0.0414
 2444067.000  1372.700    0.0415
 2444068.000    -9.000   -9.0000
 2444069.000  1372.779    0.0416
 2444070.000  1372.763    0.0416
 2444071.000  1372.667    0.0417
 2444072.000    -9.000   -9.0000
 2444073.000  1372.514    0.0418
 2444074.000  1372.518    0.0418
 2444075.000  1372.422    0.0419
 2444076.000    -9.000   -9.0000
 2444077.000  1372.269    0.0420
 2444078.000  1372.562    0.0420
 2444079.000  1372.666    0.0421
 2444080.000    -9.000   -9.0000
 2444081.000  1372.533    0.0422
 2444082.000  1372.947    0.0422
 2444083.000  1372.911    0.0423
 2444084.000    -9.000   -9.0000
 2444085.000  1372.758    0.0424
 2444086.000  1372.901    0.0424
 2444087.000  1372.895    0.0425
 2444088.000    -9.000   -9.0000
 2444089.000  1372.632    0.0426
 2444090.000  1372.606    0.0426
 2444091.000  1372.730    0.0427
 2444092.000    -9.000   -9.0000
 2444093.000  1372.507    0.0428
 2444094.000  1372.491    0.0428
 2444095.000  1372.614    0.0429
 2444096.000    -9.000   -9.0000
 2444097.000  1371.852    0.0430
 2444098.000  1371.895    0.0430
 2444099.000  1372.009    0.0431
 2444100.000    -9.000   -9.0000
 2444101.000  1371.706    0.0432
 2444102.000  1371.489    0.0432
 2444103.000  1371.453    0.0433
 2444104.000    -9.000   -9.0000
 2444105.000  1371.010    0.0434
 2444106.000  1371.074    0.0434
 2444107.000  1370.777    0.0435
 2444108.000    -9.000   -9.0000
 2444109.000  1370.625    0.0436
 2444110.000  1371.258    0.0436
 2444111.000  1370.981    0.0437
 2444112.000    -9.000   -9.0000
 2444113.000  1370.788    0.0438
 2444114.000  1371.351    0.0438
 2444115.000  1372.484    0.0439
 2444116.000    -9.000   -9.0000
 2444117.000  1372.261    0.0440
 2444118.000  1371.975    0.0440
 2444119.000  1371.358    0.0441
 2444120.000    -9.000   -9.0000
 2444121.000  1370.796    0.0442
 2444122.000  1370.789    0.0442
 2444123.000  1370.792    0.0443
 2444124.000    -9.000   -9.0000
 2444125.000  1371.688    0.0444
 2444126.000  1372.561    0.0444
 2444127.000  1372.514    0.0445
 2444128.000    -9.000   -9.0000
 2444129.000  1372.441    0.0446
 2444130.000  1372.424    0.0446
 2444131.000  1372.398    0.0447
 2444132.000    -9.000   -9.0000
 2444133.000  1372.434    0.0448
 2444134.000  1372.687    0.0448
 2444135.000  1372.701    0.0449
 2444136.000    -9.000   -9.0000
 2444137.000  1372.228    0.0450
 2444138.000  1372.111    0.0450
 2444139.000  1372.024    0.0451
 2444140.000    -9.000   -9.0000
 2444141.000  1371.991    0.0452
 2444142.000  1372.294    0.0452
 2444143.000  1372.237    0.0452
 2444144.000    -9.000   -9.0000
 2444145.000  1371.454    0.0453
 2444146.000  1371.158    0.0454
 2444147.000  1371.411    0.0454
 2444148.000    -9.000   -9.0000
 2444149.000  1372.107    0.0455
 2444150.000  1372.180    0.0456
 2444151.000  1372.543    0.0456
 2444152.000    -9.000   -9.0000
 2444153.000  1371.929    0.0457
 2444154.000  1371.712    0.0458
 2444155.000  1371.635    0.0458
 2444156.000    -9.000   -9.0000
 2444157.000  1371.592    0.0459
 2444158.000  1371.755    0.0460
 2444159.000  1372.078    0.0460
 2444160.000    -9.000   -9.0000
 2444161.000  1372.324    0.0461
 2444162.000  1372.547    0.0462
 2444163.000  1372.270    0.0462
 2444164.000    -9.000   -9.0000
 2444165.000  1371.757    0.0463
 2444166.000  1372.149    0.0464
 2444167.000  1372.312    0.0464
 2444168.000    -9.000   -9.0000
 2444169.000  1372.599    0.0465
 2444170.000  1372.911    0.0466
 2444171.000  1372.784    0.0466
 2444172.000    -9.000   -9.0000
 2444173.000  1372.401    0.0467
 2444174.000  1372.144    0.0468
 2444175.000  1372.287    0.0468
 2444176.000    -9.000   -9.0000
 2444177.000  1372.183    0.0469
 2444178.000  1372.006    0.0469
 2444179.000  1372.438    0.0470
 2444180.000    -9.000   -9.0000
 2444181.000  1372.024    0.0471
 2444182.000  1372.307    0.0471
 2444183.000  1372.370    0.0472
 2444184.000    -9.000   -9.0000
 2444185.000  1371.167    0.0473
 2444186.000  1370.620    0.0473
 2444187.000  1370.823    0.0474
 2444188.000    -9.000   -9.0000
 2444189.000  1371.169    0.0475
 2444190.000  1371.491    0.0475
 2444191.000  1371.844    0.0476
 2444192.000    -9.000   -9.0000
 2444193.000  1372.500    0.0477
 2444194.000  1373.002    0.0477
 2444195.000  1373.065    0.0478
 2444196.000    -9.000   -9.0000
 2444197.000  1372.781    0.0479
 2444198.000  1372.884    0.0479
 2444199.000  1372.877    0.0479
 2444200.000    -9.000   -9.0000
 2444201.000  1372.282    0.0480
 2444202.000  1372.195    0.0481
 2444203.000  1372.577    0.0481
 2444204.000    -9.000   -9.0000
 2444205.000  1372.783    0.0482
 2444206.000  1372.805    0.0483
 2444207.000  1372.858    0.0483
 2444208.000    -9.000   -9.0000
 2444209.000  1372.453    0.0484
 2444210.000  1372.516    0.0485
 2444211.000  1372.348    0.0485
 2444212.000    -9.000   -9.0000
 2444213.000  1372.154    0.0486
 2444214.000    -9.000   -9.0000
 2444215.000  1372.789    0.0487
 2444216.000    -9.000   -9.0000
 2444217.000  1372.755    0.0488
 2444218.000  1372.997    0.0489
 2444219.000  1372.980    0.0489
 2444220.000    -9.000   -9.0000
 2444221.000  1373.055    0.0490
 2444222.000  1373.048    0.0490
 2444223.000  1373.061    0.0491
 2444224.000    -9.000   -9.0000
 2444225.000  1372.616    0.0492
 2444226.000    -9.000   -9.0000
 2444227.000  1372.701    0.0493
 2444228.000    -9.000   -9.0000
 2444229.000  1372.186    0.0494
 2444230.000  1372.219    0.0494
 2444231.000  1372.171    0.0495
 2444232.000    -9.000   -9.0000
 2444233.000  1372.216    0.0496
 2444234.000  1372.688    0.0496
 2444235.000  1372.730    0.0497
 2444236.000    -9.000   -9.0000
 2444237.000  1372.455    0.0497
 2444238.000  1372.667    0.0498
 2444239.000  1372.850    0.0498
 2444240.000    -9.000   -9.0000
 2444241.000  1372.445    0.0499
 2444242.000  1372.437    0.0500
 2444243.000  1372.500    0.0500
 2444244.000    -9.000   -9.0000
 2444245.000  1372.255    0.0501
 2444246.000  1371.968    0.0502
 2444247.000  1371.910    0.0502
 2444248.000    -9.000   -9.0000
 2444249.000  1371.895    0.0503
 2444250.000  1372.287    0.0504
 2444251.000  1372.610    0.0504
 2444252.000    -9.000   -9.0000
 2444253.000  1372.814    0.0505
 2444254.000  1372.967    0.0505
 2444255.000  1372.759    0.0506
 2444256.000    -9.000   -9.0000
 2444257.000  1372.294    0.0507
 2444258.000  1372.416    0.0507
 2444259.000  1372.398    0.0508
 2444260.000    -9.000   -9.0000
 2444261.000  1371.883    0.0509
 2444262.000  1371.945    0.0509
 2444263.000  1372.457    0.0510
 2444264.000    -9.000   -9.0000
 2444265.000  1372.471    0.0510
 2444266.000  1372.693    0.0511
 2444267.000  1372.835    0.0511
 2444268.000    -9.000   -9.0000
 2444269.000  1372.430    0.0512
 2444270.000  1372.212    0.0513
 2444271.000  1371.975    0.0513
 2444272.000    -9.000   -9.0000
 2444273.000  1371.279    0.0514
 2444274.000  1371.482    0.0515
 2444275.000  1371.754    0.0515
 2444276.000    -9.000   -9.0000
 2444277.000  1371.518    0.0516
 2444278.000  1371.590    0.0516
 2444279.000  1371.812    0.0517
 2444280.000    -9.000   -9.0000
 2444281.000  1371.817    0.0518
 2444282.000  1372.029    0.0518
 2444283.000  1372.111    0.0519
 2444284.000    -9.000   -9.0000
 2444285.000  1371.775    0.0520
 2444286.000  1371.647    0.0520
 2444287.000  1371.869    0.0521
 2444288.000    -9.000   -9.0000
 2444289.000  1372.013    0.0522
 2444290.000  1372.215    0.0522
 2444291.000  1372.717    0.0522
 2444292.000    -9.000   -9.0000
 2444293.000  1372.141    0.0523
 2444294.000  1372.303    0.0524
 2444295.000  1372.355    0.0524
 2444296.000    -9.000   -9.0000
 2444297.000  1372.529    0.0525
 2444298.000  1372.961    0.0526
 2444299.000  1372.973    0.0526
 2444300.000    -9.000   -9.0000
 2444301.000  1372.627    0.0527
 2444302.000  1372.909    0.0527
 2444303.000  1372.881    0.0528
 2444304.000    -9.000   -9.0000
 2444305.000  1372.575    0.0529
 2444306.000  1372.667    0.0529
 2444307.000  1372.699    0.0530
 2444308.000    -9.000   -9.0000
 2444309.000  1372.612    0.0531
 2444310.000  1372.804    0.0531
 2444311.000  1372.886    0.0532
 2444312.000    -9.000   -9.0000
 2444313.000  1372.580    0.0532
 2444314.000  1372.722    0.0533
 2444315.000  1372.903    0.0533
 2444316.000    -9.000   -9.0000
 2444317.000  1372.897    0.0534
 2444318.000  1372.829    0.0535
 2444319.000  1372.801    0.0535
 2444320.000    -9.000   -9.0000
 2444321.000  1372.595    0.0536
 2444322.000  1372.736    0.0537
 2444323.000  1372.908    0.0537
 2444324.000    -9.000   -9.0000
 2444325.000  1373.102    0.0538
 2444326.000  1372.964    0.0538
 2444327.000  1372.926    0.0539
 2444328.000    -9.000   -9.0000
 2444329.000  1372.270    0.0540
 2444330.000  1372.501    0.0540
 2444331.000  1372.683    0.0541
 2444332.000    -9.000   -9.0000
 2444333.000  1372.647    0.0542
 2444334.000    -9.000   -9.0000
 2444335.000  1371.680    0.0542
 2444336.000    -9.000   -9.0000
 2444337.000  1370.484    0.0543
 2444338.000  1370.426    0.0544
 2444339.000  1370.588    0.0544
 2444340.000    -9.000   -9.0000
 2444341.000  1370.941    0.0545
 2444342.000  1371.293    0.0546
 2444343.000  1371.724    0.0546
 2444344.000    -9.000   -9.0000
 2444345.000  1372.118    0.0547
 2444346.000  1372.659    0.0547
 2444347.000  1373.091    0.0548
 2444348.000    -9.000   -9.0000
 2444349.000  1373.214    0.0549
 2444350.000  1373.126    0.0549
 2444351.000  1372.928    0.0550
 2444352.000    -9.000   -9.0000
 2444353.000  1372.162    0.0550
 2444354.000  1372.183    0.0551
 2444355.000  1372.455    0.0551
 2444356.000    -9.000   -9.0000
 2444357.000  1372.498    0.0552
 2444358.000  1372.730    0.0553
 2444359.000  1372.711    0.0553
 2444360.000    -9.000   -9.0000
 2444361.000  1372.125    0.0554
 2444362.000  1371.897    0.0554
 2444363.000  1371.908    0.0555
 2444364.000    -9.000   -9.0000
 2444365.000  1372.201    0.0556
 2444366.000  1372.463    0.0556
 2444367.000  1372.824    0.0557
 2444368.000    -9.000   -9.0000
 2444369.000  1372.888    0.0558
 2444370.000  1372.819    0.0558
 2444371.000  1372.721    0.0558
 2444372.000    -9.000   -9.0000
 2444373.000  1372.284    0.0559
 2444374.000  1372.346    0.0560
 2444375.000  1372.737    0.0560
 2444376.000    -9.000   -9.0000
 2444377.000  1372.510    0.0561
 2444378.000  1372.542    0.0562
 2444379.000  1372.444    0.0562
 2444380.000    -9.000   -9.0000
 2444381.000  1371.957    0.0563
 2444382.000  1371.719    0.0563
 2444383.000  1371.620    0.0564
 2444384.000    -9.000   -9.0000
 2444385.000  1371.184    0.0565
 2444386.000  1371.245    0.0565
 2444387.000  1371.547    0.0565
 2444388.000    -9.000   -9.0000
 2444389.000  1371.970    0.0566
 2444390.000  1372.201    0.0567
 2444391.000  1372.483    0.0567
 2444392.000    -9.000   -9.0000
 2444393.000  1372.255    0.0568
 2444394.000  1372.237    0.0569
 2444395.000  1372.388    0.0569
 2444396.000    -9.000   -9.0000
 2444397.000  1372.251    0.0570
 2444398.000  1372.283    0.0570
 2444399.000  1372.594    0.0571
 2444400.000    -9.000   -9.0000
 2444401.000  1372.347    0.0572
 2444402.000  1372.448    0.0572
 2444403.000  1372.629    0.0572
 2444404.000    -9.000   -9.0000
 2444405.000  1372.372    0.0573
 2444406.000  1372.294    0.0574
 2444407.000    -9.000   -9.0000
 2444408.000    -9.000   -9.0000
 2444409.000  1373.128    0.0575
 2444410.000  1373.209    0.0575
 2444411.000  1373.181    0.0576
 2444412.000    -9.000   -9.0000
 2444413.000  1372.324    0.0577
 2444414.000    -9.000   -9.0000
 2444415.000    -9.000   -9.0000
 2444416.000    -9.000   -9.0000
 2444417.000  1372.189    0.0579
 2444418.000  1372.441    0.0579
 2444419.000  1372.612    0.0579
 2444420.000    -9.000   -9.0000
 2444421.000  1371.975    0.0580
 2444422.000  1372.386    0.0581
 2444423.000  1372.557    0.0581
 2444424.000    -9.000   -9.0000
 2444425.000  1372.190    0.0582
 2444426.000  1372.291    0.0582
 2444427.000  1372.452    0.0583
 2444428.000    -9.000   -9.0000
 2444429.000  1372.295    0.0584
 2444430.000  1372.306    0.0584
 2444431.000  1372.447    0.0585
 2444432.000    -9.000   -9.0000
 2444433.000  1372.040    0.0585
 2444434.000  1371.981    0.0586
 2444435.000  1372.072    0.0586
 2444436.000    -9.000   -9.0000
 2444437.000  1372.085    0.0587
 2444438.000  1372.146    0.0588
 2444439.000  1372.118    0.0588
 2444440.000    -9.000   -9.0000
 2444441.000  1371.861    0.0589
 2444442.000  1372.202    0.0589
 2444443.000  1372.333    0.0590
 2444444.000    -9.000   -9.0000
 2444445.000  1372.806    0.0591
 2444446.000  1373.057    0.0591
 2444447.000  1373.118    0.0591
 2444448.000    -9.000   -9.0000
 2444449.000  1372.611    0.0592
 2444450.000  1372.592    0.0593
 2444451.000  1372.503    0.0593
 2444452.000    -9.000   -9.0000
 2444453.000  1372.505    0.0594
 2444454.000  1372.576    0.0594
 2444455.000  1372.877    0.0595
 2444456.000    -9.000   -9.0000
 2444457.000  1372.500    0.0596
 2444458.000  1372.511    0.0596
 2444459.000  1372.492    0.0596
 2444460.000    -9.000   -9.0000
 2444461.000  1372.594    0.0597
 2444462.000  1372.705    0.0598
 2444463.000  1372.917    0.0598
 2444464.000    -9.000   -9.0000
 2444465.000  1372.889    0.0599
 2444466.000  1373.070    0.0599
 2444467.000  1373.291    0.0600
 2444468.000    -9.000   -9.0000
 2444469.000  1372.784    0.0601
 2444470.000  1372.755    0.0601
 2444471.000  1372.916    0.0602
 2444472.000    -9.000   -9.0000
 2444473.000  1372.728    0.0602
 2444474.000  1372.720    0.0603
 2444475.000  1372.691    0.0603
 2444476.000    -9.000   -9.0000
 2444477.000  1372.113    0.0604
 2444478.000  1372.144    0.0605
 2444479.000  1372.185    0.0605
 2444480.000    -9.000   -9.0000
 2444481.000  1371.767    0.0606
 2444482.000  1371.368    0.0606
 2444483.000  1371.009    0.0607
 2444484.000    -9.000   -9.0000
 2444485.000  1370.851    0.0607
 2444486.000  1370.852    0.0608
 2444487.000  1371.253    0.0608
 2444488.000    -9.000   -9.0000
 2444489.000  1372.086    0.0609
 2444490.000  1372.677    0.0610
 2444491.000  1372.958    0.0610
 2444492.000    -9.000   -9.0000
 2444493.000  1372.970    0.0611
 2444494.000  1373.051    0.0611
 2444495.000  1372.942    0.0612
 2444496.000    -9.000   -9.0000
 2444497.000  1372.484    0.0612
 2444498.000  1372.555    0.0613
 2444499.000  1372.636    0.0613
 2444500.000    -9.000   -9.0000
 2444501.000  1372.808    0.0614
 2444502.000  1372.739    0.0615
 2444503.000  1372.740    0.0615
 2444504.000    -9.000   -9.0000
 2444505.000  1372.072    0.0616
 2444506.000  1371.893    0.0616
 2444507.000  1372.174    0.0617
 2444508.000    -9.000   -9.0000
 2444509.000  1372.636    0.0617
 2444510.000  1372.837    0.0618
 2444511.000  1372.778    0.0618
 2444512.000    -9.000   -9.0000
 2444513.000  1372.570    0.0619
 2444514.000  1372.781    0.0619
 2444515.000  1372.872    0.0620
 2444516.000    -9.000   -9.0000
 2444517.000  1372.924    0.0621
 2444518.000  1373.055    0.0621
 2444519.000  1373.056    0.0622
 2444520.000    -9.000   -9.0000
 2444521.000  1372.588    0.0622
 2444522.000  1372.278    0.0623
 2444523.000  1371.900    0.0623
 2444524.000    -9.000   -9.0000
 2444525.000  1371.402    0.0624
 2444526.000  1371.523    0.0624
 2444527.000  1371.894    0.0625
 2444528.000    -9.000   -9.0000
 2444529.000  1372.985    0.0626
 2444530.000  1373.116    0.0626
 2444531.000  1372.917    0.0626
 2444532.000    -9.000   -9.0000
 2444533.000  1372.089    0.0627
 2444534.000  1371.810    0.0628
 2444535.000  1371.711    0.0628
 2444536.000    -9.000   -9.0000
 2444537.000  1371.913    0.0629
 2444538.000  1372.234    0.0629
 2444539.000  1372.634    0.0630
 2444540.000    -9.000   -9.0000
 2444541.000  1372.626    0.0631
 2444542.000  1372.677    0.0631
 2444543.000  1372.508    0.0631
 2444544.000    -9.000   -9.0000
 2444545.000  1372.020    0.0632
 2444546.000  1371.931    0.0633
 2444547.000  1371.622    0.0633
 2444548.000    -9.000   -9.0000
 2444549.000  1371.024    0.0634
 2444550.000  1370.874    0.0634
 2444551.000  1370.935    0.0635
 2444552.000    -9.000   -9.0000
 2444553.000  1370.837    0.0635
 2444554.000  1370.878    0.0636
 2444555.000  1371.049    0.0636
 2444556.000    -9.000   -9.0000
 2444557.000  1371.440    0.0637
 2444558.000  1371.911    0.0637
 2444559.000  1372.292    0.0638
 2444560.000    -9.000   -9.0000
 2444561.000  1372.704    0.0639
 2444562.000  1372.474    0.0639
 2444563.000  1372.435    0.0639
 2444564.000    -9.000   -9.0000
 2444565.000  1372.397    0.0640
 2444566.000  1372.588    0.0641
 2444567.000  1372.758    0.0641
 2444568.000    -9.000   -9.0000
 2444569.000  1372.850    0.0642
 2444570.000  1372.861    0.0642
 2444571.000  1373.092    0.0643
 2444572.000    -9.000   -9.0000
 2444573.000  1372.383    0.0643
 2444574.000  1372.184    0.0644
 2444575.000  1372.275    0.0644
 2444576.000    -9.000   -9.0000
 2444577.000  1372.457    0.0645
 2444578.000  1372.537    0.0645
 2444579.000  1372.728    0.0646
 2444580.000    -9.000   -9.0000
 2444581.000  1373.120    0.0647
 2444582.000  1373.270    0.0647
 2444583.000  1373.141    0.0647
 2444584.000    -9.000   -9.0000
 2444585.000  1372.563    0.0648
 2444586.000  1372.144    0.0649
 2444587.000  1372.114    0.0649
 2444588.000    -9.000   -9.0000
 2444589.000  1371.899    0.0650
 2444590.000  1371.730    0.0650
 2444591.000  1372.041    0.0651
 2444592.000    -9.000   -9.0000
 2444593.000  1372.172    0.0651
 2444594.000  1372.623    0.0652
 2444595.000  1372.934    0.0652
 2444596.000    -9.000   -9.0000
 2444597.000  1372.726    0.0653
 2444598.000  1372.396    0.0653
 2444599.000  1372.587    0.0654
 2444600.000    -9.000   -9.0000
 2444601.000  1372.348    0.0655
 2444602.000  1372.169    0.0655
 2444603.000  1372.160    0.0655
 2444604.000    -9.000   -9.0000
 2444605.000  1372.922    0.0656
 2444606.000  1372.832    0.0657
 2444607.000  1373.133    0.0657
 2444608.000    -9.000   -9.0000
 2444609.000  1372.724    0.0658
 2444610.000  1372.725    0.0658
 2444611.000  1372.846    0.0659
 2444612.000    -9.000   -9.0000
 2444613.000  1372.487    0.0659
 2444614.000  1372.608    0.0660
 2444615.000  1372.678    0.0660
 2444616.000    -9.000   -9.0000
 2444617.000  1373.090    0.0661
 2444618.000  1373.161    0.0661
 2444619.000  1373.161    0.0662
 2444620.000    -9.000   -9.0000
 2444621.000  1372.782    0.0662
 2444622.000  1372.773    0.0663
 2444623.000  1372.784    0.0663
 2444624.000    -9.000   -9.0000
 2444625.000  1372.815    0.0664
 2444626.000  1373.056    0.0664
 2444627.000  1373.176    0.0665
 2444628.000    -9.000   -9.0000
 2444629.000  1373.078    0.0666
 2444630.000  1372.938    0.0666
 2444631.000  1372.949    0.0666
 2444632.000    -9.000   -9.0000
 2444633.000  1372.940    0.0667
 2444634.000  1372.961    0.0668
 2444635.000  1372.701    0.0668
 2444636.000    -9.000   -9.0000
 2444637.000  1371.963    0.0669
 2444638.000  1371.883    0.0669
 2444639.000  1372.134    0.0669
 2444640.000    -9.000   -9.0000
 2444641.000  1372.655    0.0670
 2444642.000  1372.756    0.0671
 2444643.000  1372.547    0.0671
 2444644.000    -9.000   -9.0000
 2444645.000  1372.048    0.0672
 2444646.000  1372.018    0.0672
 2444647.000  1372.029    0.0673
 2444648.000    -9.000   -9.0000
 2444649.000  1372.290    0.0673
 2444650.000  1372.221    0.0674
 2444651.000  1372.281    0.0674
 2444652.000    -9.000   -9.0000
 2444653.000  1371.882    0.0675
 2444654.000  1371.913    0.0675
 2444655.000  1372.314    0.0676
 2444656.000    -9.000   -9.0000
 2444657.000  1372.285    0.0676
 2444658.000  1372.065    0.0677
 2444659.000  1371.816    0.0677
 2444660.000    -9.000   -9.0000
 2444661.000  1371.707    0.0678
 2444662.000  1371.787    0.0678
 2444663.000  1371.658    0.0679
 2444664.000    -9.000   -9.0000
 2444665.000  1371.369    0.0679
 2444666.000  1371.780    0.0680
 2444667.000  1371.930    0.0680
 2444668.000    -9.000   -9.0000
 2444669.000  1372.302    0.0681
 2444670.000  1372.322    0.0681
 2444671.000  1372.423    0.0682
 2444672.000    -9.000   -9.0000
 2444673.000  1371.994    0.0683
 2444674.000  1372.224    0.0683
 2444675.000  1372.475    0.0683
 2444676.000    -9.000   -9.0000
 2444677.000  1372.596    0.0684
 2444678.000  1372.597    0.0684
 2444679.000  1372.777    0.0685
 2444680.000    -9.000   -9.0000
 2444681.000  1372.858    0.0686
 2444682.000  1372.789    0.0686
 2444683.000  1372.749    0.0686
 2444684.000    -9.000   -9.0000
 2444685.000  1371.910    0.0687
 2444686.000  1372.001    0.0687
 2444687.000  1372.291    0.0688
 2444688.000    -9.000   -9.0000
 2444689.000  1372.373    0.0689
 2444690.000  1372.363    0.0689
 2444691.000  1372.594    0.0689
 2444692.000    -9.000   -9.0000
 2444693.000  1372.745    0.0690
 2444694.000  1372.835    0.0690
 2444695.000  1373.136    0.0691
 2444696.000    -9.000   -9.0000
 2444697.000  1373.337    0.0692
 2444698.000  1373.147    0.0692
 2444699.000  1373.108    0.0692
 2444700.000    -9.000   -9.0000
 2444701.000  1372.589    0.0693
 2444702.000  1372.440    0.0693
 2444703.000  1372.320    0.0694
 2444704.000    -9.000   -9.0000
 2444705.000  1372.011    0.0695
 2444706.000  1371.932    0.0695
 2444707.000  1372.132    0.0695
 2444708.000    -9.000   -9.0000
 2444709.000  1371.753    0.0696
 2444710.000  1371.814    0.0696
 2444711.000  1371.774    0.0697
 2444712.000    -9.000   -9.0000
 2444713.000  1371.725    0.0698
 2444714.000  1372.226    0.0698
 2444715.000  1372.416    0.0698
 2444716.000    -9.000   -9.0000
 2444717.000  1372.267    0.0699
 2444718.000  1372.167    0.0699
 2444719.000  1372.668    0.0700
 2444720.000    -9.000   -9.0000
 2444721.000  1372.849    0.0701
 2444722.000  1372.709    0.0701
 2444723.000  1372.790    0.0701
 2444724.000    -9.000   -9.0000
 2444725.000  1372.821    0.0702
 2444726.000  1372.931    0.0702
 2444727.000  1373.032    0.0703
 2444728.000    -9.000   -9.0000
 2444729.000  1372.723    0.0703
 2444730.000  1372.533    0.0704
 2444731.000  1372.374    0.0704
 2444732.000    -9.000   -9.0000
 2444733.000  1372.524    0.0705
 2444734.000  1372.675    0.0705
 2444735.000  1372.365    0.0706
 2444736.000    -9.000   -9.0000
 2444737.000  1372.176    0.0706
 2444738.000  1372.067    0.0707
 2444739.000  1371.967    0.0707
 2444740.000    -9.000   -9.0000
 2444741.000  1371.558    0.0708
 2444742.000  1371.568    0.0708
 2444743.000  1371.599    0.0709
 2444744.000    -9.000   -9.0000
 2444745.000  1372.210    0.0709
 2444746.000  1372.750    0.0710
 2444747.000  1372.951    0.0710
 2444748.000    -9.000   -9.0000
 2444749.000  1372.411    0.0711
 2444750.000  1372.352    0.0711
 2444751.000  1372.352    0.0712
 2444752.000    -9.000   -9.0000
 2444753.000  1372.393    0.0712
 2444754.000  1372.683    0.0713
 2444755.000  1372.954    0.0713
 2444756.000    -9.000   -9.0000
 2444757.000  1372.604    0.0714
 2444758.000  1372.575    0.0714
 2444759.000  1372.765    0.0714
 2444760.000    -9.000   -9.0000
 2444761.000  1372.796    0.0715
 2444762.000  1372.656    0.0716
 2444763.000  1372.737    0.0716
 2444764.000    -9.000   -9.0000
 2444765.000  1372.707    0.0717
 2444766.000  1372.708    0.0717
 2444767.000  1372.678    0.0717
 2444768.000    -9.000   -9.0000
 2444769.000  1372.439    0.0718
 2444770.000  1372.349    0.0718
 2444771.000  1372.389    0.0719
 2444772.000    -9.000   -9.0000
 2444773.000  1372.290    0.0720
 2444774.000  1372.470    0.0720
 2444775.000  1372.811    0.0720
 2444776.000    -9.000   -9.0000
 2444777.000  1372.631    0.0721
 2444778.000  1372.492    0.0721
 2444779.000  1372.362    0.0722
 2444780.000    -9.000   -9.0000
 2444781.000  1371.943    0.0722
 2444782.000  1371.933    0.0723
 2444783.000  1371.623    0.0723
 2444784.000    -9.000   -9.0000
 2444785.000  1371.614    0.0724
 2444786.000  1371.694    0.0724
 2444787.000  1371.554    0.0725
 2444788.000    -9.000   -9.0000
 2444789.000  1371.835    0.0725
 2444790.000  1372.186    0.0726
 2444791.000  1372.356    0.0726
 2444792.000    -9.000   -9.0000
 2444793.000  1372.326    0.0727
 2444794.000  1372.357    0.0727
 2444795.000  1372.467    0.0727
 2444796.000    -9.000   -9.0000
 2444797.000  1372.068    0.0728
 2444798.000  1371.858    0.0728
 2444799.000  1372.028    0.0729
 2444800.000    -9.000   -9.0000
 2444801.000  1371.919    0.0730
 2444802.000  1371.889    0.0730
 2444803.000  1371.939    0.0730
 2444804.000    -9.000   -9.0000
 2444805.000  1371.930    0.0731
 2444806.000  1371.420    0.0731
 2444807.000  1370.780    0.0732
 2444808.000    -9.000   -9.0000
 2444809.000  1369.831    0.0732
 2444810.000  1369.691    0.0733
 2444811.000  1369.541    0.0733
 2444812.000    -9.000   -9.0000
 2444813.000  1369.832    0.0734
 2444814.000  1370.312    0.0734
 2444815.000  1370.893    0.0734
 2444816.000    -9.000   -9.0000
 2444817.000  1371.464    0.0735
 2444818.000  1372.034    0.0736
 2444819.000  1372.224    0.0736
 2444820.000    -9.000   -9.0000
 2444821.000  1371.985    0.0737
 2444822.000  1371.915    0.0737
 2444823.000  1371.975    0.0737
 2444824.000    -9.000   -9.0000
 2444825.000  1371.126    0.0738
 2444826.000  1371.206    0.0738
 2444827.000  1371.526    0.0739
 2444828.000    -9.000   -9.0000
 2444829.000  1372.377    0.0739
 2444830.000  1372.758    0.0740
 2444831.000  1372.958    0.0740
 2444832.000    -9.000   -9.0000
 2444833.000  1372.128    0.0741
 2444834.000  1371.958    0.0741
 2444835.000  1371.899    0.0741
 2444836.000    -9.000   -9.0000
 2444837.000  1372.209    0.0742
 2444838.000  1372.370    0.0743
 2444839.000  1372.740    0.0743
 2444840.000    -9.000   -9.0000
 2444841.000  1373.071    0.0744
 2444842.000  1372.811    0.0744
 2444843.000  1372.391    0.0744
 2444844.000    -9.000   -9.0000
 2444845.000  1372.242    0.0745
 2444846.000  1372.422    0.0745
 2444847.000  1372.512    0.0746
 2444848.000    -9.000   -9.0000
 2444849.000  1372.573    0.0746
 2444850.000  1372.433    0.0747
 2444851.000  1372.454    0.0747
 2444852.000    -9.000   -9.0000
 2444853.000  1372.054    0.0748
 2444854.000  1371.774    0.0748
 2444855.000  1371.714    0.0748
 2444856.000    -9.000   -9.0000
 2444857.000  1371.845    0.0749
 2444858.000  1371.935    0.0749
 2444859.000  1371.695    0.0750
 2444860.000    -9.000   -9.0000
 2444861.000  1372.136    0.0750
 2444862.000  1372.336    0.0751
 2444863.000  1372.487    0.0751
 2444864.000    -9.000   -9.0000
 2444865.000  1372.437    0.0752
 2444866.000  1372.437    0.0752
 2444867.000  1372.598    0.0752
 2444868.000    -9.000   -9.0000
 2444869.000  1372.678    0.0753
 2444870.000  1373.009    0.0754
 2444871.000  1373.059    0.0754
 2444872.000    -9.000   -9.0000
 2444873.000  1372.919    0.0755
 2444874.000  1372.929    0.0755
 2444875.000  1372.910    0.0755
 2444876.000    -9.000   -9.0000
 2444877.000  1372.540    0.0756
 2444878.000  1372.630    0.0756
 2444879.000  1372.901    0.0757
 2444880.000    -9.000   -9.0000
 2444881.000  1373.011    0.0757
 2444882.000  1372.811    0.0758
 2444883.000  1372.612    0.0758
 2444884.000    -9.000   -9.0000
 2444885.000  1372.262    0.0759
 2444886.000  1372.512    0.0759
 2444887.000  1372.632    0.0759
 2444888.000    -9.000   -9.0000
 2444889.000  1371.693    0.0760
 2444890.000  1371.203    0.0760
 2444891.000  1370.873    0.0761
 2444892.000    -9.000   -9.0000
 2444893.000  1370.113    0.0761
 2444894.000  1370.033    0.0762
 2444895.000  1370.013    0.0762
 2444896.000    -9.000   -9.0000
 2444897.000  1370.694    0.0763
 2444898.000  1371.354    0.0763
 2444899.000  1371.925    0.0763
 2444900.000    -9.000   -9.0000
 2444901.000  1372.855    0.0764
 2444902.000  1373.126    0.0764
 2444903.000  1373.076    0.0765
 2444904.000    -9.000   -9.0000
 2444905.000  1373.136    0.0765
 2444906.000  1373.046    0.0766
 2444907.000  1373.217    0.0766
 2444908.000    -9.000   -9.0000
 2444909.000  1372.547    0.0767
 2444910.000  1372.187    0.0767
 2444911.000  1371.867    0.0767
 2444912.000    -9.000   -9.0000
 2444913.000  1371.537    0.0768
 2444914.000  1372.108    0.0768
 2444915.000  1372.458    0.0769
 2444916.000    -9.000   -9.0000
 2444917.000  1372.688    0.0769
 2444918.000  1372.659    0.0770
 2444919.000  1372.409    0.0770
 2444920.000    -9.000   -9.0000
 2444921.000  1371.959    0.0771
 2444922.000  1372.009    0.0771
 2444923.000  1372.490    0.0771
 2444924.000    -9.000   -9.0000
 2444925.000  1373.010    0.0772
 2444926.000  1372.860    0.0772
 2444927.000  1372.840    0.0773
 2444928.000    -9.000   -9.0000
 2444929.000  1372.338    0.0773
 2444930.000  1372.348    0.0774
 2444931.000  1372.539    0.0774
 2444932.000    -9.000   -9.0000
 2444933.000  1372.659    0.0775
 2444934.000  1372.789    0.0775
 2444935.000  1372.849    0.0775
 2444936.000    -9.000   -9.0000
 2444937.000  1371.809    0.0776
 2444938.000  1371.740    0.0776
 2444939.000  1371.780    0.0777
 2444940.000    -9.000   -9.0000
 2444941.000  1372.470    0.0777
 2444942.000  1372.870    0.0777
 2444943.000  1373.020    0.0778
 2444944.000    -9.000   -9.0000
 2444945.000  1372.121    0.0778
 2444946.000  1371.381    0.0779
 2444947.000  1370.861    0.0779
 2444948.000    -9.000   -9.0000
 2444949.000  1370.601    0.0780
 2444950.000  1371.111    0.0780
 2444951.000  1371.492    0.0780
 2444952.000    -9.000   -9.0000
 2444953.000  1371.992    0.0781
 2444954.000  1372.242    0.0781
 2444955.000  1372.472    0.0782
 2444956.000    -9.000   -9.0000
 2444957.000  1372.363    0.0782
 2444958.000  1372.433    0.0783
 2444959.000  1372.483    0.0783
 2444960.000    -9.000   -9.0000
 2444961.000  1372.513    0.0784
 2444962.000  1372.583    0.0784
 2444963.000  1372.583    0.0784
 2444964.000    -9.000   -9.0000
 2444965.000  1372.433    0.0785
 2444966.000  1372.323    0.0785
 2444967.000  1372.504    0.0786
 2444968.000    -9.000   -9.0000
 2444969.000  1372.844    0.0786
 2444970.000  1373.064    0.0787
 2444971.000  1373.324    0.0787
 2444972.000    -9.000   -9.0000
 2444973.000  1373.054    0.0787
 2444974.000  1372.945    0.0788
 2444975.000  1372.955    0.0788
 2444976.000    -9.000   -9.0000
 2444977.000  1372.785    0.0789
 2444978.000  1372.745    0.0789
 2444979.000  1372.755    0.0789
 2444980.000    -9.000   -9.0000
 2444981.000  1372.275    0.0790
 2444982.000  1372.335    0.0790
 2444983.000  1372.305    0.0791
 2444984.000    -9.000   -9.0000
 2444985.000  1371.745    0.0791
 2444986.000  1371.715    0.0792
 2444987.000  1371.846    0.0792
 2444988.000    -9.000   -9.0000
 2444989.000  1372.126    0.0793
 2444990.000  1372.366    0.0793
 2444991.000  1372.636    0.0793
 2444992.000    -9.000   -9.0000
 2444993.000  1372.436    0.0794
 2444994.000  1372.576    0.0794
 2444995.000  1372.716    0.0794
 2444996.000    -9.000   -9.0000
 2444997.000  1372.617    0.0795
 2444998.000  1372.066    0.0795
 2444999.000  1371.136    0.0796
 2445000.000    -9.000   -9.0000
 2445001.000  1370.207    0.0796
 2445002.000  1370.307    0.0797
 2445003.000  1370.857    0.0797
 2445004.000    -9.000   -9.0000
 2445005.000  1372.027    0.0798
 2445006.000  1372.247    0.0798
 2445007.000  1372.007    0.0798
 2445008.000    -9.000   -9.0000
 2445009.000  1370.757    0.0799
 2445010.000  1370.407    0.0799
 2445011.000  1370.197    0.0799
 2445012.000    -9.000   -9.0000
 2445013.000  1370.618    0.0800
 2445014.000  1371.188    0.0800
 2445015.000  1371.628    0.0801
 2445016.000    -9.000   -9.0000
 2445017.000  1371.728    0.0801
 2445018.000  1371.478    0.0802
 2445019.000  1371.408    0.0802
 2445020.000    -9.000   -9.0000
 2445021.000  1371.668    0.0803
 2445022.000  1372.138    0.0803
 2445023.000  1372.568    0.0803
 2445024.000    -9.000   -9.0000
 2445025.000  1372.689    0.0804
 2445026.000  1372.719    0.0804
 2445027.000  1372.689    0.0804
 2445028.000    -9.000   -9.0000
 2445029.000  1371.789    0.0805
 2445030.000  1371.459    0.0805
 2445031.000  1371.299    0.0806
 2445032.000    -9.000   -9.0000
 2445033.000  1371.519    0.0806
 2445034.000  1371.729    0.0807
 2445035.000  1372.009    0.0807
 2445036.000    -9.000   -9.0000
 2445037.000  1372.529    0.0808
 2445038.000  1372.449    0.0808
 2445039.000  1372.429    0.0808
 2445040.000    -9.000   -9.0000
 2445041.000  1372.380    0.0809
 2445042.000  1372.380    0.0809
 2445043.000  1371.870    0.0809
 2445044.000    -9.000   -9.0000
 2445045.000  1370.620    0.0810
 2445046.000  1370.279    0.0810
 2445047.000  1370.230    0.0811
 2445048.000    -9.000   -9.0000
 2445049.000  1371.050    0.0811
 2445050.000  1371.570    0.0811
 2445051.000  1371.880    0.0812
 2445052.000    -9.000   -9.0000
 2445053.000  1371.350    0.0812
 2445054.000  1371.380    0.0813
 2445055.000  1371.380    0.0813
 2445056.000    -9.000   -9.0000
 2445057.000  1371.410    0.0814
 2445058.000  1371.540    0.0814
 2445059.000  1371.610    0.0814
 2445060.000    -9.000   -9.0000
 2445061.000  1372.510    0.0815
 2445062.000  1372.840    0.0815
 2445063.000  1372.981    0.0815
 2445064.000    -9.000   -9.0000
 2445065.000  1372.470    0.0816
 2445066.000  1372.430    0.0816
 2445067.000  1372.701    0.0817
 2445068.000    -9.000   -9.0000
 2445069.000  1372.630    0.0817
 2445070.000  1372.311    0.0818
 2445071.000  1371.871    0.0818
 2445072.000    -9.000   -9.0000
 2445073.000  1371.691    0.0818
 2445074.000  1371.650    0.0819
 2445075.000  1371.901    0.0819
 2445076.000    -9.000   -9.0000
 2445077.000  1371.971    0.0820
 2445078.000  1371.931    0.0820
 2445079.000  1371.951    0.0820
 2445080.000    -9.000   -9.0000
 2445081.000  1371.981    0.0821
 2445082.000  1371.880    0.0821
 2445083.000  1371.611    0.0821
 2445084.000    -9.000   -9.0000
 2445085.000  1371.260    0.0822
 2445086.000  1371.691    0.0822
 2445087.000  1372.201    0.0823
 2445088.000    -9.000   -9.0000
 2445089.000  1372.701    0.0823
 2445090.000  1372.651    0.0823
 2445091.000  1372.521    0.0824
 2445092.000    -9.000   -9.0000
 2445093.000  1372.341    0.0824
 2445094.000  1372.371    0.0825
 2445095.000  1372.471    0.0825
 2445096.000    -9.000   -9.0000
 2445097.000  1372.001    0.0826
 2445098.000  1372.031    0.0826
 2445099.000  1372.201    0.0826
 2445100.000    -9.000   -9.0000
 2445101.000  1372.150    0.0827
 2445102.000  1372.431    0.0827
 2445103.000  1372.351    0.0827
 2445104.000    -9.000   -9.0000
 2445105.000  1371.980    0.0828
 2445106.000  1371.840    0.0828
 2445107.000  1371.850    0.0828
 2445108.000    -9.000   -9.0000
 2445109.000  1371.870    0.0829
 2445110.000  1371.750    0.0829
 2445111.000  1371.800    0.0830
 2445112.000    -9.000   -9.0000
 2445113.000  1371.910    0.0830
 2445114.000  1372.250    0.0831
 2445115.000  1372.460    0.0831
 2445116.000    -9.000   -9.0000
 2445117.000  1372.170    0.0831
 2445118.000  1372.050    0.0832
 2445119.000  1372.200    0.0832
 2445120.000    -9.000   -9.0000
 2445121.000  1372.400    0.0833
 2445122.000  1372.440    0.0833
 2445123.000  1372.440    0.0833
 2445124.000    -9.000   -9.0000
 2445125.000  1371.990    0.0834
 2445126.000  1371.580    0.0834
 2445127.000  1371.260    0.0834
 2445128.000    -9.000   -9.0000
 2445129.000  1371.190    0.0835
 2445130.000  1371.120    0.0835
 2445131.000  1371.120    0.0835
 2445132.000    -9.000   -9.0000
 2445133.000  1371.150    0.0836
 2445134.000  1371.100    0.0836
 2445135.000  1370.919    0.0837
 2445136.000    -9.000   -9.0000
 2445137.000  1370.119    0.0837
 2445138.000  1370.039    0.0837
 2445139.000  1370.189    0.0838
 2445140.000    -9.000   -9.0000
 2445141.000  1370.069    0.0838
 2445142.000  1370.619    0.0839
 2445143.000  1371.039    0.0839
 2445144.000    -9.000   -9.0000
 2445145.000  1371.799    0.0839
 2445146.000  1372.049    0.0840
 2445147.000  1372.609    0.0840
 2445148.000    -9.000   -9.0000
 2445149.000  1372.369    0.0841
 2445150.000  1372.449    0.0841
 2445151.000  1372.769    0.0841
 2445152.000    -9.000   -9.0000
 2445153.000  1372.449    0.0842
 2445154.000  1372.389    0.0842
 2445155.000  1372.469    0.0842
 2445156.000    -9.000   -9.0000
 2445157.000  1372.269    0.0843
 2445158.000  1372.379    0.0843
 2445159.000  1372.339    0.0843
 2445160.000    -9.000   -9.0000
 2445161.000  1371.738    0.0844
 2445162.000  1371.158    0.0844
 2445163.000  1370.978    0.0845
 2445164.000    -9.000   -9.0000
 2445165.000  1370.218    0.0845
 2445166.000  1370.228    0.0845
 2445167.000  1370.378    0.0846
 2445168.000    -9.000   -9.0000
 2445169.000  1371.408    0.0846
 2445170.000  1372.248    0.0847
 2445171.000  1372.788    0.0847
 2445172.000    -9.000   -9.0000
 2445173.000  1372.848    0.0847
 2445174.000  1372.618    0.0848
 2445175.000  1372.518    0.0848
 2445176.000    -9.000   -9.0000
 2445177.000  1372.298    0.0848
 2445178.000    -9.000   -9.0000
 2445179.000  1372.078    0.0849
 2445180.000    -9.000   -9.0000
 2445181.000  1372.087    0.0850
 2445182.000  1371.957    0.0850
 2445183.000  1372.047    0.0850
 2445184.000    -9.000   -9.0000
 2445185.000  1371.777    0.0851
 2445186.000  1371.917    0.0851
 2445187.000  1371.997    0.0851
 2445188.000    -9.000   -9.0000
 2445189.000  1371.897    0.0852
 2445190.000  1372.197    0.0852
 2445191.000  1372.277    0.0852
 2445192.000    -9.000   -9.0000
 2445193.000  1372.467    0.0853
 2445194.000    -9.000   -9.0000
 2445195.000  1372.737    0.0853
 2445196.000    -9.000   -9.0000
 2445197.000  1372.457    0.0854
 2445198.000  1372.046    0.0854
 2445199.000  1371.736    0.0855
 2445200.000    -9.000   -9.0000
 2445201.000  1371.796    0.0855
 2445202.000  1371.876    0.0855
 2445203.000  1371.826    0.0856
 2445204.000    -9.000   -9.0000
 2445205.000  1371.196    0.0856
 2445206.000  1371.076    0.0856
 2445207.000  1371.136    0.0857
 2445208.000    -9.000   -9.0000
 2445209.000  1370.985    0.0857
 2445210.000  1371.285    0.0858
 2445211.000  1371.795    0.0858
 2445212.000    -9.000   -9.0000
 2445213.000  1372.315    0.0858
 2445214.000  1372.555    0.0859
 2445215.000  1372.615    0.0859
 2445216.000    -9.000   -9.0000
 2445217.000  1372.355    0.0859
 2445218.000  1372.385    0.0860
 2445219.000  1372.615    0.0860
 2445220.000    -9.000   -9.0000
 2445221.000  1372.635    0.0860
 2445222.000  1372.605    0.0861
 2445223.000  1372.425    0.0861
 2445224.000    -9.000   -9.0000
 2445225.000  1372.084    0.0862
 2445226.000  1372.004    0.0862
 2445227.000  1372.044    0.0862
 2445228.000    -9.000   -9.0000
 2445229.000  1372.094    0.0863
 2445230.000  1371.874    0.0863
 2445231.000  1371.874    0.0863
 2445232.000    -9.000   -9.0000
 2445233.000  1371.804    0.0864
 2445234.000  1372.084    0.0864
 2445235.000  1372.204    0.0864
 2445236.000    -9.000   -9.0000
 2445237.000  1372.803    0.0865
 2445238.000  1372.963    0.0865
 2445239.000  1372.703    0.0865
 2445240.000    -9.000   -9.0000
 2445241.000  1371.933    0.0866
 2445242.000  1371.453    0.0866
 2445243.000  1371.623    0.0866
 2445244.000    -9.000   -9.0000
 2445245.000  1371.863    0.0867
 2445246.000  1372.423    0.0867
 2445247.000  1373.003    0.0867
 2445248.000    -9.000   -9.0000
 2445249.000  1373.002    0.0868
 2445250.000  1372.662    0.0868
 2445251.000  1372.542    0.0868
 2445252.000    -9.000   -9.0000
 2445253.000  1372.232    0.0869
 2445254.000  1372.242    0.0869
 2445255.000  1372.402    0.0870
 2445256.000    -9.000   -9.0000
 2445257.000  1372.272    0.0870
 2445258.000  1372.221    0.0870
 2445259.000  1372.291    0.0871
 2445260.000    -9.000   -9.0000
 2445261.000  1371.941    0.0871
 2445262.000  1372.021    0.0871
 2445263.000  1372.141    0.0872
 2445264.000    -9.000   -9.0000
 2445265.000  1372.011    0.0872
 2445266.000  1372.151    0.0872
 2445267.000  1371.981    0.0873
 2445268.000    -9.000   -9.0000
 2445269.000  1371.520    0.0873
 2445270.000  1371.440    0.0873
 2445271.000  1371.900    0.0874
 2445272.000    -9.000   -9.0000
 2445273.000  1372.340    0.0874
 2445274.000  1372.500    0.0874
 2445275.000  1372.800    0.0875
 2445276.000    -9.000   -9.0000
 2445277.000  1372.720    0.0875
 2445278.000  1372.499    0.0876
 2445279.000  1372.639    0.0876
 2445280.000    -9.000   -9.0000
 2445281.000  1372.249    0.0876
 2445282.000  1372.219    0.0877
 2445283.000  1372.539    0.0877
 2445284.000    -9.000   -9.0000
 2445285.000  1372.019    0.0877
 2445286.000  1371.678    0.0878
 2445287.000  1371.308    0.0878
 2445288.000    -9.000   -9.0000
 2445289.000  1371.128    0.0878
 2445290.000  1371.368    0.0879
 2445291.000  1371.658    0.0879
 2445292.000    -9.000   -9.0000
 2445293.000  1371.588    0.0879
 2445294.000  1371.117    0.0880
 2445295.000  1370.917    0.0880
 2445296.000    -9.000   -9.0000
 2445297.000  1371.377    0.0880
 2445298.000  1371.817    0.0881
 2445299.000  1372.107    0.0881
 2445300.000    -9.000   -9.0000
 2445301.000  1372.327    0.0881
 2445302.000  1372.307    0.0882
 2445303.000  1372.067    0.0882
 2445304.000    -9.000   -9.0000
 2445305.000  1371.716    0.0882
 2445306.000  1371.726    0.0883
 2445307.000  1371.456    0.0883
 2445308.000    -9.000   -9.0000
 2445309.000  1371.136    0.0883
 2445310.000  1371.426    0.0884
 2445311.000  1371.806    0.0884
 2445312.000    -9.000   -9.0000
 2445313.000  1371.565    0.0884
 2445314.000  1371.215    0.0885
 2445315.000  1371.025    0.0885
 2445316.000    -9.000   -9.0000
 2445317.000  1370.465    0.0885
 2445318.000  1370.745    0.0886
 2445319.000  1371.125    0.0886
 2445320.000    -9.000   -9.0000
 2445321.000  1371.845    0.0886
 2445322.000  1372.244    0.0887
 2445323.000  1372.494    0.0887
 2445324.000    -9.000   -9.0000
 2445325.000  1372.204    0.0887
 2445326.000  1372.204    0.0888
 2445327.000  1372.164    0.0888
 2445328.000    -9.000   -9.0000
 2445329.000  1371.913    0.0888
 2445330.000  1371.683    0.0889
 2445331.000  1371.643    0.0889
 2445332.000    -9.000   -9.0000
 2445333.000  1371.773    0.0889
 2445334.000  1371.753    0.0890
 2445335.000  1371.983    0.0890
 2445336.000    -9.000   -9.0000
 2445337.000  1372.252    0.0890
 2445338.000  1372.332    0.0891
 2445339.000  1372.482    0.0891
 2445340.000    -9.000   -9.0000
 2445341.000  1372.462    0.0891
 2445342.000  1372.472    0.0892
 2445343.000  1372.412    0.0892
 2445344.000    -9.000   -9.0000
 2445345.000  1372.361    0.0892
 2445346.000  1372.431    0.0893
 2445347.000  1372.571    0.0893
 2445348.000    -9.000   -9.0000
 2445349.000  1372.491    0.0893
 2445350.000  1372.321    0.0894
 2445351.000  1372.010    0.0894
 2445352.000    -9.000   -9.0000
 2445353.000  1371.400    0.0894
 2445354.000  1371.470    0.0895
 2445355.000  1371.680    0.0895
 2445356.000    -9.000   -9.0000
 2445357.000  1372.020    0.0895
 2445358.000  1372.230    0.0895
 2445359.000  1372.519    0.0896
 2445360.000    -9.000   -9.0000
 2445361.000  1371.909    0.0896
 2445362.000  1371.879    0.0896
 2445363.000  1371.879    0.0897
 2445364.000    -9.000   -9.0000
 2445365.000  1371.558    0.0897
 2445366.000  1371.688    0.0897
 2445367.000  1371.768    0.0898
 2445368.000    -9.000   -9.0000
 2445369.000  1371.948    0.0898
 2445370.000  1371.778    0.0898
 2445371.000  1371.777    0.0899
 2445372.000    -9.000   -9.0000
 2445373.000  1371.477    0.0899
 2445374.000  1371.827    0.0899
 2445375.000  1372.147    0.0900
 2445376.000    -9.000   -9.0000
 2445377.000  1372.427    0.0900
 2445378.000  1372.266    0.0900
 2445379.000  1372.276    0.0901
 2445380.000    -9.000   -9.0000
 2445381.000  1372.026    0.0901
 2445382.000  1372.046    0.0901
 2445383.000  1372.206    0.0901
 2445384.000    -9.000   -9.0000
 2445385.000  1371.965    0.0902
 2445386.000  1372.055    0.0902
 2445387.000  1372.135    0.0902
 2445388.000    -9.000   -9.0000
 2445389.000  1372.055    0.0903
 2445390.000  1372.114    0.0903
 2445391.000  1372.074    0.0903
 2445392.000    -9.000   -9.0000
 2445393.000  1372.134    0.0904
 2445394.000  1372.024    0.0904
 2445395.000  1372.104    0.0904
 2445396.000    -9.000   -9.0000
 2445397.000  1371.813    0.0905
 2445398.000  1371.653    0.0905
 2445399.000  1371.653    0.0905
 2445400.000    -9.000   -9.0000
 2445401.000  1371.793    0.0906
 2445402.000  1372.042    0.0906
 2445403.000  1372.212    0.0906
 2445404.000    -9.000   -9.0000
 2445405.000  1371.962    0.0907
 2445406.000  1372.012    0.0907
 2445407.000  1372.042    0.0907
 2445408.000    -9.000   -9.0000
 2445409.000  1371.841    0.0908
 2445410.000  1371.731    0.0908
 2445411.000  1371.751    0.0908
 2445412.000    -9.000   -9.0000
 2445413.000  1371.600    0.0908
 2445414.000  1371.510    0.0909
 2445415.000  1371.650    0.0909
 2445416.000    -9.000   -9.0000
 2445417.000  1372.100    0.0909
 2445418.000  1372.190    0.0910
 2445419.000  1372.290    0.0910
 2445420.000    -9.000   -9.0000
 2445421.000  1372.299    0.0910
 2445422.000  1372.239    0.0911
 2445423.000  1372.299    0.0911
 2445424.000    -9.000   -9.0000
 2445425.000  1372.198    0.0911
 2445426.000  1372.238    0.0911
 2445427.000  1372.098    0.0912
 2445428.000    -9.000   -9.0000
 2445429.000  1371.948    0.0912
 2445430.000  1372.188    0.0912
 2445431.000  1372.087    0.0913
 2445432.000    -9.000   -9.0000
 2445433.000  1371.737    0.0913
 2445434.000  1371.777    0.0913
 2445435.000  1371.807    0.0913
 2445436.000    -9.000   -9.0000
 2445437.000  1372.176    0.0914
 2445438.000  1372.106    0.0914
 2445439.000  1372.296    0.0914
 2445440.000    -9.000   -9.0000
 2445441.000  1372.176    0.0915
 2445442.000  1372.045    0.0915
 2445443.000  1371.965    0.0915
 2445444.000    -9.000   -9.0000
 2445445.000  1372.065    0.0916
 2445446.000  1371.945    0.0916
 2445447.000  1372.134    0.0916
 2445448.000    -9.000   -9.0000
 2445449.000  1371.914    0.0917
 2445450.000  1371.864    0.0917
 2445451.000  1371.744    0.0917
 2445452.000    -9.000   -9.0000
 2445453.000  1371.593    0.0918
 2445454.000  1371.503    0.0918
 2445455.000  1371.833    0.0918
 2445456.000    -9.000   -9.0000
 2445457.000  1371.993    0.0918
 2445458.000  1371.963    0.0919
 2445459.000  1372.072    0.0919
 2445460.000    -9.000   -9.0000
 2445461.000  1371.752    0.0919
 2445462.000  1371.862    0.0920
 2445463.000  1372.012    0.0920
 2445464.000    -9.000   -9.0000
 2445465.000  1371.281    0.0920
 2445466.000  1370.681    0.0920
 2445467.000  1370.661    0.0921
 2445468.000    -9.000   -9.0000
 2445469.000  1371.290    0.0921
 2445470.000  1371.640    0.0921
 2445471.000  1371.940    0.0921
 2445472.000    -9.000   -9.0000
 2445473.000  1371.940    0.0922
 2445474.000  1372.019    0.0922
 2445475.000  1371.839    0.0922
 2445476.000    -9.000   -9.0000
 2445477.000  1371.629    0.0923
 2445478.000  1371.839    0.0923
 2445479.000  1372.059    0.0923
 2445480.000    -9.000   -9.0000
 2445481.000  1372.288    0.0924
 2445482.000  1372.428    0.0924
 2445483.000  1372.498    0.0924
 2445484.000    -9.000   -9.0000
 2445485.000  1372.328    0.0925
 2445486.000  1372.067    0.0925
 2445487.000  1371.967    0.0925
 2445488.000    -9.000   -9.0000
 2445489.000  1371.297    0.0925
 2445490.000  1371.246    0.0926
 2445491.000  1370.766    0.0926
 2445492.000    -9.000   -9.0000
 2445493.000  1370.526    0.0926
 2445494.000  1370.956    0.0926
 2445495.000  1371.165    0.0927
 2445496.000    -9.000   -9.0000
 2445497.000  1371.375    0.0927
 2445498.000  1371.645    0.0927
 2445499.000  1372.027    0.0928
 2445500.000    -9.000   -9.0000
 2445501.000  1372.367    0.0928
 2445502.000  1372.476    0.0928
 2445503.000  1372.376    0.0928
 2445504.000    -9.000   -9.0000
 2445505.000  1372.196    0.0929
 2445506.000  1372.266    0.0929
 2445507.000  1372.395    0.0929
 2445508.000    -9.000   -9.0000
 2445509.000  1371.825    0.0930
 2445510.000  1372.005    0.0930
 2445511.000  1372.205    0.0930
 2445512.000    -9.000   -9.0000
 2445513.000  1372.274    0.0930
 2445514.000  1372.314    0.0931
 2445515.000  1372.314    0.0931
 2445516.000    -9.000   -9.0000
 2445517.000  1371.843    0.0931
 2445518.000  1371.913    0.0932
 2445519.000  1372.073    0.0932
 2445520.000    -9.000   -9.0000
 2445521.000  1372.083    0.0932
 2445522.000  1372.012    0.0932
 2445523.000  1371.952    0.0933
 2445524.000    -9.000   -9.0000
 2445525.000  1371.672    0.0933
 2445526.000  1371.771    0.0933
 2445527.000  1371.921    0.0933
 2445528.000    -9.000   -9.0000
 2445529.000  1372.021    0.0934
 2445530.000  1372.001    0.0934
 2445531.000  1372.000    0.0934
 2445532.000    -9.000   -9.0000
 2445533.000  1372.200    0.0935
 2445534.000  1372.260    0.0935
 2445535.000  1372.310    0.0935
 2445536.000    -9.000   -9.0000
 2445537.000  1372.149    0.0935
 2445538.000  1372.039    0.0936
 2445539.000  1372.129    0.0936
 2445540.000    -9.000   -9.0000
 2445541.000  1371.988    0.0936
 2445542.000  1372.168    0.0936
 2445543.000  1372.168    0.0937
 2445544.000    -9.000   -9.0000
 2445545.000  1371.787    0.0937
 2445546.000  1371.717    0.0937
 2445547.000  1371.697    0.0938
 2445548.000    -9.000   -9.0000
 2445549.000  1371.477    0.0938
 2445550.000  1371.526    0.0938
 2445551.000  1371.686    0.0938
 2445552.000    -9.000   -9.0000
 2445553.000  1372.026    0.0939
 2445554.000  1372.296    0.0939
 2445555.000  1372.236    0.0939
 2445556.000    -9.000   -9.0000
 2445557.000  1371.715    0.0940
 2445558.000  1371.655    0.0940
 2445559.000  1372.085    0.0940
 2445560.000    -9.000   -9.0000
 2445561.000  1372.234    0.0940
 2445562.000  1372.504    0.0941
 2445563.000  1372.584    0.0941
 2445564.000    -9.000   -9.0000
 2445565.000  1372.684    0.0941
 2445566.000  1372.753    0.0941
 2445567.000  1372.733    0.0942
 2445568.000    -9.000   -9.0000
 2445569.000  1372.373    0.0942
 2445570.000  1372.352    0.0942
 2445571.000  1372.402    0.0942
 2445572.000    -9.000   -9.0000
 2445573.000  1372.122    0.0943
 2445574.000  1372.292    0.0943
 2445575.000  1372.251    0.0943
 2445576.000    -9.000   -9.0000
 2445577.000  1371.931    0.0944
 2445578.000  1372.131    0.0944
 2445579.000  1372.110    0.0944
 2445580.000    -9.000   -9.0000
 2445581.000  1372.160    0.0944
 2445582.000  1372.130    0.0944
 2445583.000  1372.320    0.0945
 2445584.000    -9.000   -9.0000
 2445585.000  1372.039    0.0945
 2445586.000  1372.149    0.0945
 2445587.000  1372.429    0.0945
 2445588.000    -9.000   -9.0000
 2445589.000  1372.388    0.0946
 2445590.000  1372.468    0.0946
 2445591.000  1372.528    0.0946
 2445592.000  1372.298    0.0946
 2445593.000  1372.177    0.0947
 2445594.000  1371.947    0.0947
 2445595.000  1372.017    0.0947
 2445596.000  1371.997    0.0947
 2445597.000  1372.076    0.0947
 2445598.000  1371.916    0.0948
 2445599.000  1372.106    0.0948
 2445600.000  1372.126    0.0948
 2445601.000  1372.135    0.0948
 2445602.000  1372.015    0.0948
 2445603.000  1371.865    0.0949
 2445604.000  1371.705    0.0949
 2445605.000  1371.504    0.0949
 2445606.000  1371.524    0.0949
 2445607.000  1371.614    0.0949
 2445608.000  1371.664    0.0950
 2445609.000  1371.754    0.0950
 2445610.000  1371.923    0.0950
 2445611.000  1371.863    0.0950
 2445612.000  1371.853    0.0950
 2445613.000  1371.673    0.0950
 2445614.000  1371.532    0.0951
 2445615.000  1371.452    0.0951
 2445616.000  1371.442    0.0951
 2445617.000  1371.542    0.0951
 2445618.000  1371.522    0.0951
 2445619.000  1371.731    0.0952
 2445620.000  1372.051    0.0952
 2445621.000  1372.051    0.0952
 2445622.000  1371.751    0.0952
 2445623.000  1371.540    0.0952
 2445624.000  1371.570    0.0953
 2445625.000  1371.760    0.0953
 2445626.000  1371.830    0.0953
 2445627.000  1371.880    0.0953
 2445628.000  1371.959    0.0953
 2445629.000  1372.219    0.0953
 2445630.000  1371.999    0.0954
 2445631.000  1372.039    0.0954
 2445632.000  1371.878    0.0954
 2445633.000  1371.898    0.0954
 2445634.000  1371.948    0.0954
 2445635.000  1371.878    0.0955
 2445636.000  1372.078    0.0955
 2445637.000  1371.947    0.0955
 2445638.000  1372.027    0.0955
 2445639.000  1371.997    0.0955
 2445640.000  1371.807    0.0956
 2445641.000  1371.906    0.0956
 2445642.000  1371.866    0.0956
 2445643.000  1372.086    0.0956
 2445644.000  1371.986    0.0956
 2445645.000  1371.995    0.0956
 2445646.000  1371.885    0.0957
 2445647.000  1372.005    0.0957
 2445648.000  1371.845    0.0957
 2445649.000  1371.934    0.0957
 2445650.000  1371.914    0.0957
 2445651.000  1371.934    0.0958
 2445652.000  1371.904    0.0958
 2445653.000  1371.844    0.0958
 2445654.000  1371.813    0.0958
 2445655.000  1371.573    0.0958
 2445656.000  1371.643    0.0958
 2445657.000  1371.683    0.0959
 2445658.000  1371.712    0.0959
 2445659.000  1371.792    0.0959
 2445660.000  1371.732    0.0959
 2445661.000  1371.641    0.0959
 2445662.000  1371.641    0.0960
 2445663.000  1371.731    0.0960
 2445664.000  1371.751    0.0960
 2445665.000  1371.731    0.0960
 2445666.000  1371.590    0.0960
 2445667.000  1371.720    0.0960
 2445668.000  1371.870    0.0961
 2445669.000  1371.880    0.0961
 2445670.000  1371.869    0.0961
 2445671.000  1371.989    0.0961
 2445672.000  1371.979    0.0961
 2445673.000  1371.979    0.0962
 2445674.000  1371.838    0.0962
 2445675.000  1371.868    0.0962
 2445676.000  1371.728    0.0962
 2445677.000  1371.818    0.0962
 2445678.000  1371.707    0.0962
 2445679.000  1371.697    0.0963
 2445680.000  1371.667    0.0963
 2445681.000  1371.677    0.0963
 2445682.000  1371.866    0.0963
 2445683.000  1371.976    0.0963
 2445684.000  1371.846    0.0963
 2445685.000  1371.786    0.0964
 2445686.000  1371.595    0.0964
 2445687.000  1371.615    0.0964
 2445688.000  1371.525    0.0964
 2445689.000  1371.575    0.0964
 2445690.000  1371.564    0.0964
 2445691.000  1371.634    0.0965
 2445692.000  1371.624    0.0965
 2445693.000  1371.654    0.0965
 2445694.000  1371.623    0.0965
 2445695.000  1371.653    0.0965
 2445696.000  1371.693    0.0966
 2445697.000  1371.673    0.0966
 2445698.000  1371.672    0.0966
 2445699.000  1371.742    0.0966
 2445700.000  1371.662    0.0966
 2445701.000  1371.822    0.0966
 2445702.000  1371.792    0.0967
 2445703.000  1371.911    0.0967
 2445704.000  1371.971    0.0967
 2445705.000  1371.951    0.0967
 2445706.000  1371.781    0.0967
 2445707.000  1371.840    0.0967
 2445708.000  1371.830    0.0968
 2445709.000  1371.900    0.0968
 2445710.000  1371.800    0.0968
 2445711.000  1371.789    0.0968
 2445712.000  1371.559    0.0968
 2445713.000  1371.439    0.0968
 2445714.000  1371.108    0.0969
 2445715.000  1371.208    0.0969
 2445716.000  1371.208    0.0969
 2445717.000  1371.398    0.0969
 2445718.000  1371.327    0.0969
 2445719.000  1371.657    0.0969
 2445720.000  1371.577    0.0970
 2445721.000  1371.567    0.0970
 2445722.000  1371.567    0.0970
 2445723.000  1371.566    0.0970
 2445724.000  1371.086    0.0970
 2445725.000  1370.686    0.0970
 2445726.000  1369.935    0.0971
 2445727.000  1369.195    0.0971
 2445728.000  1368.965    0.0971
 2445729.000  1368.854    0.0971
 2445730.000  1369.214    0.0971
 2445731.000  1369.784    0.0971
 2445732.000  1370.464    0.0972
 2445733.000  1371.324    0.0972
 2445734.000  1371.594    0.0972
 2445735.000  1371.863    0.0972
 2445736.000  1371.693    0.0972
 2445737.000  1371.633    0.0972
 2445738.000  1371.472    0.0973
 2445739.000  1371.202    0.0973
 2445740.000  1370.782    0.0973
 2445741.000  1370.782    0.0973
 2445742.000  1370.811    0.0973
 2445743.000  1371.161    0.0973
 2445744.000  1371.231    0.0974
 2445745.000  1371.751    0.0974
 2445746.000  1371.851    0.0974
 2445747.000  1371.900    0.0974
 2445748.000  1371.730    0.0974
 2445749.000  1371.910    0.0974
 2445750.000  1371.499    0.0975
 2445751.000  1371.539    0.0975
 2445752.000  1371.109    0.0975
 2445753.000  1370.909    0.0975
 2445754.000  1370.668    0.0975
 2445755.000  1370.808    0.0975
 2445756.000  1370.818    0.0976
 2445757.000  1371.148    0.0976
 2445758.000  1371.428    0.0976
 2445759.000  1371.917    0.0976
 2445760.000  1372.027    0.0976
 2445761.000  1371.947    0.0976
 2445762.000  1371.927    0.0977
 2445763.000  1372.036    0.0977
 2445764.000  1371.916    0.0977
 2445765.000  1372.086    0.0977
 2445766.000  1371.846    0.0977
 2445767.000  1371.845    0.0977
 2445768.000  1371.605    0.0977
 2445769.000  1371.665    0.0978
 2445770.000  1371.614    0.0978
 2445771.000  1371.814    0.0978
 2445772.000  1371.604    0.0978
 2445773.000  1371.634    0.0978
 2445774.000  1371.574    0.0978
 2445775.000  1371.660    0.0979
 2445776.000  1371.750    0.0979
 2445777.000  1371.949    0.0979
 2445778.000  1371.989    0.0979
 2445779.000  1372.079    0.0979
 2445780.000  1372.049    0.0979
 2445781.000  1372.018    0.0980
 2445782.000  1371.788    0.0980
 2445783.000  1371.858    0.0980
 2445784.000  1371.818    0.0980
 2445785.000  1372.037    0.0980
 2445786.000  1371.897    0.0980
 2445787.000  1372.037    0.0980
 2445788.000  1371.687    0.0981
 2445789.000  1371.336    0.0981
 2445790.000  1370.946    0.0981
 2445791.000  1370.836    0.0981
 2445792.000  1370.735    0.0981
 2445793.000  1370.895    0.0981
 2445794.000  1371.185    0.0982
 2445795.000  1371.395    0.0982
 2445796.000  1371.564    0.0982
 2445797.000  1371.734    0.0982
 2445798.000  1371.784    0.0982
 2445799.000  1371.854    0.0982
 2445800.000  1371.673    0.0982
 2445801.000  1371.753    0.0983
 2445802.000  1371.623    0.0983
 2445803.000  1371.723    0.0983
 2445804.000  1371.632    0.0983
 2445805.000  1371.552    0.0983
 2445806.000  1371.422    0.0983
 2445807.000  1371.452    0.0983
 2445808.000    -9.000   -9.0000
 2445809.000  1371.341    0.0984
 2445810.000  1371.571    0.0984
 2445811.000  1371.891    0.0984
 2445812.000    -9.000   -9.0000
 2445813.000  1371.780    0.0984
 2445814.000  1371.480    0.0985
 2445815.000  1370.889    0.0985
 2445816.000    -9.000   -9.0000
 2445817.000  1369.229    0.0985
 2445818.000  1369.048    0.0985
 2445819.000  1369.008    0.0985
 2445820.000    -9.000   -9.0000
 2445821.000  1369.518    0.0986
 2445822.000  1370.217    0.0986
 2445823.000  1371.007    0.0986
 2445824.000    -9.000   -9.0000
 2445825.000  1371.677    0.0986
 2445826.000  1371.607    0.0986
 2445827.000  1371.546    0.0986
 2445828.000    -9.000   -9.0000
 2445829.000  1370.976    0.0987
 2445830.000  1370.615    0.0987
 2445831.000  1370.335    0.0987
 2445832.000    -9.000   -9.0000
 2445833.000  1370.285    0.0987
 2445834.000  1370.384    0.0987
 2445835.000  1370.834    0.0988
 2445836.000    -9.000   -9.0000
 2445837.000  1371.714    0.0988
 2445838.000  1371.823    0.0988
 2445839.000  1371.993    0.0988
 2445840.000    -9.000   -9.0000
 2445841.000  1371.743    0.0988
 2445842.000  1371.682    0.0989
 2445843.000  1371.682    0.0989
 2445844.000    -9.000   -9.0000
 2445845.000  1371.252    0.0989
 2445846.000  1371.361    0.0989
 2445847.000  1371.631    0.0989
 2445848.000    -9.000   -9.0000
 2445849.000  1372.041    0.0990
 2445850.000  1371.910    0.0990
 2445851.000  1371.790    0.0990
 2445852.000    -9.000   -9.0000
 2445853.000  1371.399    0.0990
 2445854.000  1371.689    0.0990
 2445855.000  1371.919    0.0990
 2445856.000    -9.000   -9.0000
 2445857.000  1371.828    0.0991
 2445858.000  1371.838    0.0991
 2445859.000  1371.908    0.0991
 2445860.000    -9.000   -9.0000
 2445861.000  1371.977    0.0991
 2445862.000  1371.987    0.0991
 2445863.000  1372.137    0.0992
 2445864.000    -9.000   -9.0000
 2445865.000  1371.956    0.0992
 2445866.000  1371.936    0.0992
 2445867.000  1371.716    0.0992
 2445868.000    -9.000   -9.0000
 2445869.000  1371.605    0.0992
 2445870.000  1371.555    0.0993
 2445871.000  1371.565    0.0993
 2445872.000    -9.000   -9.0000
 2445873.000  1371.734    0.0993
 2445874.000  1371.704    0.0993
 2445875.000  1371.724    0.0993
 2445876.000    -9.000   -9.0000
 2445877.000  1371.503    0.0994
 2445878.000  1371.453    0.0994
 2445879.000  1371.523    0.0994
 2445880.000    -9.000   -9.0000
 2445881.000  1371.622    0.0994
 2445882.000  1371.642    0.0994
 2445883.000  1371.711    0.0994
 2445884.000    -9.000   -9.0000
 2445885.000  1371.731    0.0995
 2445886.000  1371.881    0.0995
 2445887.000  1371.930    0.0995
 2445888.000    -9.000   -9.0000
 2445889.000  1372.110    0.0995
 2445890.000  1372.160    0.0995
 2445891.000  1372.229    0.0995
 2445892.000    -9.000   -9.0000
 2445893.000  1371.939    0.0996
 2445894.000  1371.728    0.0996
 2445895.000  1371.898    0.0996
 2445896.000    -9.000   -9.0000
 2445897.000  1371.748    0.0996
 2445898.000  1371.657    0.0996
 2445899.000  1371.737    0.0996
 2445900.000    -9.000   -9.0000
 2445901.000  1371.716    0.0997
 2445902.000  1371.526    0.0997
 2445903.000  1371.706    0.0997
 2445904.000    -9.000   -9.0000
 2445905.000  1371.555    0.0997
 2445906.000  1371.485    0.0997
 2445907.000  1371.495    0.0998
 2445908.000    -9.000   -9.0000
 2445909.000  1371.504    0.0998
 2445910.000  1371.454    0.0998
 2445911.000  1371.258    0.0998
 2445912.000    -9.000   -9.0000
 2445913.000  1371.834    0.0998
 2445914.000  1371.677    0.0998
 2445915.000  1371.810    0.0999
 2445916.000    -9.000   -9.0000
 2445917.000  1371.786    0.0999
 2445918.000  1371.719    0.0999
 2445919.000  1371.912    0.0999
 2445920.000    -9.000   -9.0000
 2445921.000  1371.728    0.0999
 2445922.000  1371.601    0.0999
 2445923.000  1371.624    0.1000
 2445924.000    -9.000   -9.0000
 2445925.000  1371.839    0.1000
 2445926.000  1371.822    0.1000
 2445927.000  1371.725    0.1000
 2445928.000    -9.000   -9.0000
 2445929.000  1371.551    0.1000
 2445930.000  1371.474    0.1000
 2445931.000  1371.527    0.1001
 2445932.000    -9.000   -9.0000
 2445933.000  1371.443    0.1001
 2445934.000  1371.496    0.1001
 2445935.000  1371.549    0.1001
 2445936.000    -9.000   -9.0000
 2445937.000  1371.445    0.1001
 2445938.000  1371.408    0.1001
 2445939.000  1371.641    0.1002
 2445940.000    -9.000   -9.0000
 2445941.000  1371.637    0.1002
 2445942.000  1371.330    0.1002
 2445943.000  1371.493    0.1002
 2445944.000    -9.000   -9.0000
 2445945.000  1371.408    0.1002
 2445946.000  1371.531    0.1002
 2445947.000  1371.724    0.1003
 2445948.000    -9.000   -9.0000
 2445949.000  1371.770    0.1003
 2445950.000  1371.553    0.1003
 2445951.000  1371.796    0.1003
 2445952.000    -9.000   -9.0000
 2445953.000  1371.722    0.1003
 2445954.000  1371.605    0.1003
 2445955.000  1371.738    0.1004
 2445956.000    -9.000   -9.0000
 2445957.000  1371.584    0.1004
 2445958.000  1371.417    0.1004
 2445959.000  1371.470    0.1004
 2445960.000    -9.000   -9.0000
 2445961.000  1371.545    0.1004
 2445962.000  1371.418    0.1004
 2445963.000  1371.531    0.1005
 2445964.000    -9.000   -9.0000
 2445965.000  1371.587    0.1005
 2445966.000  1371.570    0.1005
 2445967.000  1371.513    0.1005
 2445968.000    -9.000   -9.0000
 2445969.000  1371.539    0.1005
 2445970.000  1371.512    0.1005
 2445971.000  1371.715    0.1005
 2445972.000    -9.000   -9.0000
 2445973.000  1371.691    0.1006
 2445974.000  1371.554    0.1006
 2445975.000  1371.657    0.1006
 2445976.000    -9.000   -9.0000
 2445977.000  1371.553    0.1006
 2445978.000  1371.595    0.1006
 2445979.000  1371.658    0.1006
 2445980.000    -9.000   -9.0000
 2445981.000  1371.604    0.1007
 2445982.000  1371.537    0.1007
 2445983.000  1371.500    0.1007
 2445984.000    -9.000   -9.0000
 2445985.000  1371.376    0.1007
 2445986.000  1371.289    0.1007
 2445987.000  1371.532    0.1007
 2445988.000    -9.000   -9.0000
 2445989.000  1371.348    0.1008
 2445990.000  1371.351    0.1008
 2445991.000  1371.404    0.1008
 2445992.000    -9.000   -9.0000
 2445993.000  1371.340    0.1008
 2445994.000  1371.372    0.1008
 2445995.000  1371.475    0.1008
 2445996.000    -9.000   -9.0000
 2445997.000  1371.621    0.1008
 2445998.000  1371.484    0.1009
 2445999.000  1371.607    0.1009
 2446000.000    -9.000   -9.0000
 2446001.000  1371.533    0.1009
 2446002.000  1371.376    0.1009
 2446003.000  1371.489    0.1009
 2446004.000  1371.382    0.1009
 2446005.000  1371.425    0.1009
 2446006.000  1371.368    0.1009
 2446007.000  1371.421    0.1010
 2446008.000  1371.444    0.1010
 2446009.000  1371.416    0.1010
 2446010.000  1371.449    0.1010
 2446011.000  1371.502    0.1010
 2446012.000  1371.365    0.1010
 2446013.000  1371.308    0.1010
 2446014.000  1371.291    0.1010
 2446015.000  1371.324    0.1010
 2446016.000  1371.417    0.1011
 2446017.000  1371.410    0.1011
 2446018.000  1371.413    0.1011
 2446019.000  1371.476    0.1011
 2446020.000  1371.529    0.1011
 2446021.000  1371.422    0.1011
 2446022.000  1371.365    0.1011
 2446023.000  1371.458    0.1011
 2446024.000  1371.480    0.1011
 2446025.000  1371.293    0.1011
 2446026.000  1371.366    0.1012
 2446027.000  1371.359    0.1012
 2446028.000  1371.302    0.1012
 2446029.000  1371.225    0.1012
 2446030.000  1371.098    0.1012
 2446031.000  1370.921    0.1012
 2446032.000  1370.954    0.1012
 2446033.000  1371.167    0.1012
 2446034.000  1371.260    0.1012
 2446035.000  1371.543    0.1013
 2446036.000  1371.596    0.1013
 2446037.000  1371.489    0.1013
 2446038.000  1371.492    0.1013
 2446039.000  1371.524    0.1013
 2446040.000  1371.467    0.1013
 2446041.000  1371.530    0.1013
 2446042.000  1371.393    0.1013
 2446043.000  1371.486    0.1013
 2446044.000  1371.429    0.1013
 2446045.000  1371.198    0.1014
 2446046.000  1371.051    0.1014
 2446047.000  1371.224    0.1014
 2446048.000  1371.114    0.1014
 2446049.000  1371.233    0.1014
 2446050.000  1371.143    0.1014
 2446051.000  1371.233    0.1014
 2446052.000  1371.242    0.1014
 2446053.000  1371.272    0.1014
 2446054.000  1371.232    0.1014
 2446055.000  1371.452    0.1015
 2446056.000  1371.271    0.1015
 2446057.000  1371.321    0.1015
 2446058.000  1371.251    0.1015
 2446059.000  1371.370    0.1015
 2446060.000  1371.310    0.1015
 2446061.000  1371.330    0.1015
 2446062.000  1371.419    0.1015
 2446063.000  1371.349    0.1015
 2446064.000  1371.569    0.1015
 2446065.000  1371.379    0.1016
 2446066.000  1371.438    0.1016
 2446067.000  1371.598    0.1016
 2446068.000  1371.478    0.1016
 2446069.000  1371.517    0.1016
 2446070.000  1371.320    0.1016
 2446071.000  1371.501    0.1016
 2446072.000  1371.312    0.1016
 2446073.000  1371.333    0.1016
 2446074.000  1371.364    0.1016
 2446075.000  1371.395    0.1017
 2446076.000  1371.366    0.1017
 2446077.000  1371.297    0.1017
 2446078.000  1371.278    0.1017
 2446079.000  1371.299    0.1017
 2446080.000  1371.229    0.1017
 2446081.000  1371.230    0.1017
 2446082.000  1371.221    0.1017
 2446083.000  1371.322    0.1017
 2446084.000  1371.373    0.1017
 2446085.000  1371.414    0.1018
 2446086.000  1371.025    0.1018
 2446087.000  1370.936    0.1018
 2446088.000  1371.177    0.1018
 2446089.000  1371.458    0.1018
 2446090.000  1371.279    0.1018
 2446091.000  1371.500    0.1018
 2446092.000  1371.471    0.1018
 2446093.000  1371.352    0.1018
 2446094.000  1371.293    0.1018
 2446095.000  1371.284    0.1018
 2446096.000  1371.245    0.1019
 2446097.000  1371.416    0.1019
 2446098.000  1371.247    0.1019
 2446099.000  1371.327    0.1019
 2446100.000  1371.448    0.1019
 2446101.000  1371.399    0.1019
 2446102.000  1371.500    0.1019
 2446103.000  1371.421    0.1019
 2446104.000  1371.182    0.1019
 2446105.000  1371.363    0.1019
 2446106.000  1371.284    0.1019
 2446107.000  1371.435    0.1020
 2446108.000  1371.476    0.1020
 2446109.000  1371.447    0.1020
 2446110.000  1371.458    0.1020
 2446111.000  1371.359    0.1020
 2446112.000  1371.290    0.1020
 2446113.000  1371.371    0.1020
 2446114.000  1371.392    0.1020
 2446115.000  1371.413    0.1020
 2446116.000  1371.264    0.1020
 2446117.000  1371.394    0.1020
 2446118.000  1371.366    0.1020
 2446119.000  1371.276    0.1021
 2446120.000  1371.287    0.1021
 2446121.000  1371.338    0.1021
 2446122.000  1371.209    0.1021
 2446123.000  1371.190    0.1021
 2446124.000  1371.261    0.1021
 2446125.000  1371.312    0.1021
 2446126.000  1371.303    0.1021
 2446127.000  1371.424    0.1021
 2446128.000  1371.225    0.1021
 2446129.000  1371.346    0.1021
 2446130.000  1371.247    0.1022
 2446131.000  1371.258    0.1022
 2446132.000  1371.279    0.1022
 2446133.000  1371.230    0.1022
 2446134.000  1371.311    0.1022
 2446135.000  1371.262    0.1022
 2446136.000  1371.392    0.1022
 2446137.000  1371.343    0.1022
 2446138.000  1371.275    0.1022
 2446139.000  1371.375    0.1022
 2446140.000  1371.206    0.1022
 2446141.000  1371.387    0.1022
 2446142.000  1371.278    0.1023
 2446143.000  1371.359    0.1023
 2446144.000  1371.360    0.1023
 2446145.000  1371.521    0.1023
 2446146.000  1371.352    0.1023
 2446147.000  1371.453    0.1023
 2446148.000  1371.344    0.1023
 2446149.000  1371.425    0.1023
 2446150.000  1371.376    0.1023
 2446151.000  1371.307    0.1023
 2446152.000  1371.338    0.1023
 2446153.000  1371.249    0.1023
 2446154.000  1371.160    0.1024
 2446155.000  1371.310    0.1024
 2446156.000  1371.361    0.1024
 2446157.000  1371.412    0.1024
 2446158.000  1371.493    0.1024
 2446159.000  1371.414    0.1024
 2446160.000  1371.485    0.1024
 2446161.000  1371.396    0.1024
 2446162.000  1371.377    0.1024
 2446163.000  1371.298    0.1024
 2446164.000  1371.219    0.1024
 2446165.000  1371.390    0.1024
 2446166.000  1371.291    0.1024
 2446167.000  1371.382    0.1025
 2446168.000  1371.243    0.1025
 2446169.000  1371.414    0.1025
 2446170.000  1371.395    0.1025
 2446171.000  1371.496    0.1025
 2446172.000  1371.377    0.1025
 2446173.000  1371.397    0.1025
 2446174.000  1371.328    0.1025
 2446175.000  1371.379    0.1025
 2446176.000  1371.390    0.1025
 2446177.000  1371.461    0.1025
 2446178.000  1371.182    0.1025
 2446179.000  1370.923    0.1025
 2446180.000  1370.554    0.1026
 2446181.000  1370.635    0.1026
 2446182.000  1370.626    0.1026
 2446183.000  1370.767    0.1026
 2446184.000  1370.968    0.1026
 2446185.000  1371.229    0.1026
 2446186.000  1371.310    0.1026
 2446187.000  1371.411    0.1026
 2446188.000  1371.272    0.1026
 2446189.000  1371.303    0.1026
 2446190.000  1371.413    0.1026
 2446191.000  1371.394    0.1026
 2446192.000  1371.385    0.1026
 2446193.000  1371.286    0.1026
 2446194.000  1371.207    0.1027
 2446195.000  1371.238    0.1027
 2446196.000  1371.109    0.1027
 2446197.000  1371.040    0.1027
 2446198.000  1370.901    0.1027
 2446199.000  1371.042    0.1027
 2446200.000  1370.923    0.1027
 2446201.000  1371.174    0.1027
 2446202.000  1371.185    0.1027
 2446203.000  1371.389    0.1027
 2446204.000  1371.408    0.1027
 2446205.000  1371.418    0.1027
 2446206.000  1371.278    0.1027
 2446207.000  1371.188    0.1027
 2446208.000  1371.087    0.1028
 2446209.000  1371.387    0.1028
 2446210.000  1371.207    0.1028
 2446211.000  1371.436    0.1028
 2446212.000  1371.266    0.1028
 2446213.000  1371.416    0.1028
 2446214.000  1371.106    0.1028
 2446215.000  1371.315    0.1028
 2446216.000  1371.185    0.1028
 2446217.000  1371.155    0.1028
 2446218.000  1371.044    0.1028
 2446219.000  1371.244    0.1028
 2446220.000  1371.084    0.1028
 2446221.000  1371.293    0.1028
 2446222.000  1371.103    0.1029
 2446223.000  1371.253    0.1029
 2446224.000  1371.222    0.1029
 2446225.000  1371.092    0.1029
 2446226.000  1371.052    0.1029
 2446227.000  1371.002    0.1029
 2446228.000  1370.991    0.1029
 2446229.000  1371.171    0.1029
 2446230.000  1371.421    0.1029
 2446231.000  1371.480    0.1029
 2446232.000  1371.350    0.1029
 2446233.000  1371.390    0.1029
 2446234.000  1371.449    0.1029
 2446235.000  1371.449    0.1029
 2446236.000  1371.209    0.1029
 2446237.000  1371.228    0.1029
 2446238.000  1371.318    0.1030
 2446239.000  1371.388    0.1030
 2446240.000  1371.318    0.1030
 2446241.000  1371.297    0.1030
 2446242.000  1371.217    0.1030
 2446243.000  1371.317    0.1030
 2446244.000  1371.126    0.1030
 2446245.000  1371.206    0.1030
 2446246.000  1371.176    0.1030
 2446247.000  1371.405    0.1030
 2446248.000  1371.215    0.1030
 2446249.000  1371.185    0.1030
 2446250.000  1371.184    0.1030
 2446251.000  1371.274    0.1030
 2446252.000  1371.164    0.1030
 2446253.000  1370.914    0.1030
 2446254.000  1370.783    0.1031
 2446255.000  1370.843    0.1031
 2446256.000  1370.933    0.1031
 2446257.000  1371.162    0.1031
 2446258.000  1371.342    0.1031
 2446259.000  1371.352    0.1031
 2446260.000  1371.331    0.1031
 2446261.000  1371.301    0.1031
 2446262.000  1371.141    0.1031
 2446263.000  1371.390    0.1031
 2446264.000  1371.330    0.1031
 2446265.000  1371.270    0.1031
 2446266.000  1371.119    0.1031
 2446267.000  1371.339    0.1031
 2446268.000  1371.289    0.1031
 2446269.000  1371.239    0.1031
 2446270.000  1371.178    0.1031
 2446271.000  1371.348    0.1032
 2446272.000  1371.278    0.1032
 2446273.000  1371.089    0.1032
 2446274.000  1371.223    0.1032
 2446275.000  1371.377    0.1032
 2446276.000  1371.401    0.1032
 2446277.000  1371.264    0.1032
 2446278.000  1371.338    0.1032
 2446279.000  1371.322    0.1032
 2446280.000  1371.166    0.1032
 2446281.000  1371.410    0.1032
 2446282.000  1371.354    0.1032
 2446283.000  1371.648    0.1032
 2446284.000  1371.452    0.1032
 2446285.000  1371.456    0.1032
 2446286.000  1371.369    0.1032
 2446287.000  1371.153    0.1032
 2446288.000  1371.127    0.1032
 2446289.000  1371.111    0.1032
 2446290.000  1371.105    0.1033
 2446291.000  1371.059    0.1033
 2446292.000  1371.183    0.1033
 2446293.000  1371.097    0.1033
 2446294.000  1371.230    0.1033
 2446295.000  1371.124    0.1033
 2446296.000  1371.118    0.1033
 2446297.000  1371.052    0.1033
 2446298.000  1371.146    0.1033
 2446299.000  1371.070    0.1033
 2446300.000  1371.224    0.1033
 2446301.000  1371.207    0.1033
 2446302.000  1371.221    0.1033
 2446303.000  1371.405    0.1033
 2446304.000  1371.309    0.1033
 2446305.000  1371.473    0.1033
 2446306.000  1371.337    0.1033
 2446307.000  1371.431    0.1033
 2446308.000  1371.364    0.1033
 2446309.000  1371.319    0.1034
 2446310.000  1371.362    0.1034
 2446311.000  1371.416    0.1034
 2446312.000  1371.270    0.1034
 2446313.000  1371.284    0.1034
 2446314.000  1371.358    0.1034
 2446315.000  1371.312    0.1034
 2446316.000  1371.276    0.1034
 2446317.000  1371.379    0.1034
 2446318.000  1371.113    0.1034
 2446319.000  1371.177    0.1034
 2446320.000  1371.241    0.1034
 2446321.000  1371.285    0.1034
 2446322.000  1371.139    0.1034
 2446323.000  1371.233    0.1034
 2446324.000  1371.146    0.1034
 2446325.000  1371.090    0.1034
 2446326.000  1371.194    0.1034
 2446327.000  1371.268    0.1034
 2446328.000  1371.222    0.1034
 2446329.000  1371.136    0.1034
 2446330.000  1371.320    0.1034
 2446331.000  1371.323    0.1035
 2446332.000  1371.387    0.1035
 2446333.000  1371.411    0.1035
 2446334.000  1371.265    0.1035
 2446335.000  1371.329    0.1035
 2446336.000  1371.373    0.1035
 2446337.000  1371.327    0.1035
 2446338.000  1371.241    0.1035
 2446339.000  1371.265    0.1035
 2446340.000  1371.328    0.1035
 2446341.000  1371.242    0.1035
 2446342.000  1371.256    0.1035
 2446343.000  1371.220    0.1035
 2446344.000  1371.264    0.1035
 2446345.000  1371.208    0.1035
 2446346.000  1371.142    0.1035
 2446347.000  1371.196    0.1035
 2446348.000  1371.169    0.1035
 2446349.000  1371.113    0.1035
 2446350.000  1371.217    0.1035
 2446351.000  1371.181    0.1035
 2446352.000  1371.075    0.1035
 2446353.000  1371.149    0.1035
 2446354.000  1371.213    0.1036
 2446355.000  1371.256    0.1036
 2446356.000  1371.334    0.1036
 2446357.000  1371.374    0.1036
 2446358.000  1371.224    0.1036
 2446359.000  1371.213    0.1036
 2446360.000  1371.093    0.1036
 2446361.000  1370.913    0.1036
 2446362.000  1370.973    0.1036
 2446363.000  1371.222    0.1036
 2446364.000  1371.432    0.1036
 2446365.000  1371.662    0.1036
 2446366.000  1371.591    0.1036
 2446367.000  1371.621    0.1036
 2446368.000  1371.231    0.1036
 2446369.000  1371.280    0.1036
 2446370.000  1371.220    0.1036
 2446371.000  1371.380    0.1036
 2446372.000  1371.359    0.1036
 2446373.000  1371.209    0.1036
 2446374.000  1371.219    0.1036
 2446375.000  1371.198    0.1036
 2446376.000  1371.188    0.1036
 2446377.000  1371.408    0.1036
 2446378.000  1371.298    0.1036
 2446379.000  1371.267    0.1036
 2446380.000  1371.287    0.1036
 2446381.000  1371.197    0.1037
 2446382.000  1371.386    0.1037
 2446383.000  1371.436    0.1037
 2446384.000  1371.346    0.1037
 2446385.000  1371.245    0.1037
 2446386.000  1371.285    0.1037
 2446387.000  1371.245    0.1037
 2446388.000  1371.344    0.1037
 2446389.000  1371.384    0.1037
 2446390.000  1371.484    0.1037
 2446391.000  1371.573    0.1037
 2446392.000  1371.423    0.1037
 2446393.000  1371.363    0.1037
 2446394.000  1371.352    0.1037
 2446395.000  1371.172    0.1037
 2446396.000  1371.212    0.1037
 2446397.000  1371.362    0.1037
 2446398.000  1371.301    0.1037
 2446399.000  1371.231    0.1037
 2446400.000  1371.251    0.1037
 2446401.000  1371.330    0.1037
 2446402.000  1371.260    0.1037
 2446403.000  1371.360    0.1037
 2446404.000  1371.259    0.1037
 2446405.000  1371.239    0.1037
 2446406.000  1371.279    0.1037
 2446407.000  1371.248    0.1037
 2446408.000  1371.388    0.1037
 2446409.000  1371.408    0.1037
 2446410.000  1371.497    0.1037
 2446411.000  1371.677    0.1037
 2446412.000  1371.527    0.1037
 2446413.000  1371.586    0.1037
 2446414.000  1371.496    0.1038
 2446415.000  1371.436    0.1038
 2446416.000  1371.316    0.1038
 2446417.000  1371.315    0.1038
 2446418.000  1371.355    0.1038
 2446419.000  1371.605    0.1038
 2446420.000  1371.414    0.1038
 2446421.000  1371.294    0.1038
 2446422.000  1371.164    0.1038
 2446423.000  1371.223    0.1038
 2446424.000  1371.343    0.1038
 2446425.000  1371.373    0.1038
 2446426.000  1371.372    0.1038
 2446427.000  1371.322    0.1038
 2446428.000  1371.362    0.1038
 2446429.000  1371.471    0.1038
 2446430.000  1371.336    0.1038
 2446431.000  1371.307    0.1038
 2446432.000  1371.258    0.1038
 2446433.000  1371.229    0.1038
 2446434.000  1371.280    0.1038
 2446435.000  1371.401    0.1038
 2446436.000  1371.491    0.1038
 2446437.000  1371.522    0.1038
 2446438.000  1371.613    0.1038
 2446439.000  1371.674    0.1038
 2446440.000  1371.585    0.1038
 2446441.000  1371.576    0.1038
 2446442.000  1371.587    0.1038
 2446443.000  1371.537    0.1038
 2446444.000  1371.418    0.1038
 2446445.000  1371.619    0.1038
 2446446.000  1371.720    0.1038
 2446447.000  1371.501    0.1038
 2446448.000  1371.582    0.1038
 2446449.000  1371.503    0.1038
 2446450.000  1371.404    0.1038
 2446451.000  1371.384    0.1038
 2446452.000  1371.365    0.1038
 2446453.000  1371.436    0.1038
 2446454.000  1371.287    0.1038
 2446455.000  1371.368    0.1038
 2446456.000  1371.369    0.1038
 2446457.000  1371.370    0.1039
 2446458.000  1371.361    0.1039
 2446459.000  1371.321    0.1039
 2446460.000  1371.272    0.1039
 2446461.000  1371.393    0.1039
 2446462.000  1371.414    0.1039
 2446463.000  1371.485    0.1039
 2446464.000  1371.246    0.1039
 2446465.000  1371.197    0.1039
 2446466.000  1371.027    0.1039
 2446467.000  1371.018    0.1039
 2446468.000  1371.109    0.1039
 2446469.000  1371.420    0.1039
 2446470.000  1371.471    0.1039
 2446471.000  1371.512    0.1039
 2446472.000  1371.433    0.1039
 2446473.000  1371.283    0.1039
 2446474.000  1371.174    0.1039
 2446475.000  1371.375    0.1039
 2446476.000  1371.436    0.1039
 2446477.000  1371.447    0.1039
 2446478.000  1371.318    0.1039
 2446479.000  1371.249    0.1039
 2446480.000  1371.330    0.1039
 2446481.000  1371.400    0.1039
 2446482.000  1371.361    0.1039
 2446483.000  1371.452    0.1039
 2446484.000  1371.523    0.1039
 2446485.000  1371.494    0.1039
 2446486.000  1371.395    0.1039
 2446487.000  1371.446    0.1039
 2446488.000  1371.467    0.1039
 2446489.000  1371.547    0.1039
 2446490.000  1371.548    0.1039
 2446491.000  1371.499    0.1039
 2446492.000  1371.560    0.1039
 2446493.000  1371.581    0.1039
 2446494.000  1371.442    0.1039
 2446495.000  1371.423    0.1039
 2446496.000  1371.394    0.1039
 2446497.000  1371.384    0.1039
 2446498.000  1371.365    0.1039
 2446499.000  1371.586    0.1039
 2446500.000  1371.537    0.1039
 2446501.000  1371.758    0.1039
 2446502.000  1371.729    0.1039
 2446503.000  1371.370    0.1039
 2446504.000  1371.290    0.1039
 2446505.000  1371.481    0.1039
 2446506.000  1371.362    0.1039
 2446507.000  1371.343    0.1039
 2446508.000  1371.354    0.1039
 2446509.000  1371.525    0.1039
 2446510.000  1371.425    0.1039
 2446511.000  1371.547    0.1039
 2446512.000  1371.457    0.1039
 2446513.000  1371.578    0.1039
 2446514.000  1371.339    0.1039
 2446515.000  1371.470    0.1039
 2446516.000  1371.481    0.1039
 2446517.000  1371.572    0.1039
 2446518.000  1371.543    0.1039
 2446519.000  1371.623    0.1039
 2446520.000  1371.704    0.1039
 2446521.000  1371.705    0.1039
 2446522.000  1371.666    0.1039
 2446523.000  1371.597    0.1039
 2446524.000  1371.588    0.1039
 2446525.000  1371.619    0.1039
 2446526.000  1371.689    0.1039
 2446527.000  1371.510    0.1039
 2446528.000  1371.541    0.1039
 2446529.000  1371.452    0.1039
 2446530.000  1371.413    0.1039
 2446531.000  1371.384    0.1039
 2446532.000  1371.455    0.1039
 2446533.000  1371.365    0.1039
 2446534.000  1371.426    0.1039
 2446535.000  1371.307    0.1039
 2446536.000  1371.398    0.1039
 2446537.000  1371.229    0.1039
 2446538.000  1371.390    0.1039
 2446539.000  1371.301    0.1039
 2446540.000  1371.392    0.1039
 2446541.000  1371.232    0.1039
 2446542.000  1371.403    0.1039
 2446543.000  1371.534    0.1039
 2446544.000  1371.255    0.1039
 2446545.000  1370.996    0.1039
 2446546.000  1371.097    0.1039
 2446547.000  1371.018    0.1039
 2446548.000  1371.259    0.1039
 2446549.000  1371.229    0.1039
 2446550.000  1371.470    0.1039
 2446551.000  1371.371    0.1039
 2446552.000  1371.662    0.1039
 2446553.000  1371.483    0.1039
 2446554.000  1371.524    0.1039
 2446555.000  1371.244    0.1039
 2446556.000  1371.495    0.1039
 2446557.000  1371.286    0.1039
 2446558.000  1371.477    0.1039
 2446559.000  1371.238    0.1039
 2446560.000  1371.459    0.1039
 2446561.000  1371.270    0.1039
 2446562.000  1371.551    0.1039
 2446563.000  1371.431    0.1039
 2446564.000  1371.432    0.1039
 2446565.000  1371.173    0.1039
 2446566.000  1371.484    0.1039
 2446567.000  1371.485    0.1039
 2446568.000    -9.000   -9.0000
 2446569.000  1371.567    0.1039
 2446570.000    -9.000   -9.0000
 2446571.000  1371.380    0.1039
 2446572.000  1371.571    0.1039
 2446573.000  1371.313    0.1039
 2446574.000    -9.000   -9.0000
 2446575.000  1371.396    0.1039
 2446576.000  1371.448    0.1039
 2446577.000  1371.530    0.1039
 2446578.000    -9.000   -9.0000
 2446579.000  1371.423    0.1039
 2446580.000  1371.575    0.1039
 2446581.000  1371.446    0.1039
 2446582.000    -9.000   -9.0000
 2446583.000  1371.099    0.1039
 2446584.000    -9.000   -9.0000
 2446585.000  1371.043    0.1039
 2446586.000  1371.284    0.1039
 2446587.000  1370.956    0.1039
 2446588.000  1371.137    0.1039
 2446589.000  1371.169    0.1039
 2446590.000  1371.211    0.1039
 2446591.000  1371.092    0.1039
 2446592.000  1371.304    0.1039
 2446593.000  1371.176    0.1039
 2446594.000    -9.000   -9.0000
 2446595.000  1371.159    0.1039
 2446596.000  1371.590    0.1039
 2446597.000  1371.562    0.1039
 2446598.000  1371.404    0.1039
 2446599.000  1371.435    0.1039
 2446600.000  1371.497    0.1039
 2446601.000  1371.299    0.1039
 2446602.000  1371.530    0.1039
 2446603.000  1371.462    0.1039
 2446604.000  1371.414    0.1039
 2446605.000  1371.255    0.1039
 2446606.000  1371.117    0.1039
 2446607.000  1371.348    0.1039
 2446608.000  1371.200    0.1039
 2446609.000  1371.272    0.1039
 2446610.000  1371.123    0.1039
 2446611.000  1371.225    0.1039
 2446612.000  1371.077    0.1039
 2446613.000  1371.178    0.1039
 2446614.000  1371.190    0.1039
 2446615.000  1371.201    0.1039
 2446616.000  1371.203    0.1039
 2446617.000  1371.325    0.1039
 2446618.000  1371.256    0.1039
 2446619.000  1371.438    0.1039
 2446620.000  1371.289    0.1039
 2446621.000  1371.481    0.1039
 2446622.000  1371.363    0.1039
 2446623.000  1371.274    0.1039
 2446624.000  1371.366    0.1039
 2446625.000  1371.398    0.1039
 2446626.000  1371.429    0.1039
 2446627.000  1371.621    0.1039
 2446628.000  1371.512    0.1039
 2446629.000  1371.524    0.1039
 2446630.000  1371.586    0.1039
 2446631.000  1371.607    0.1039
 2446632.000  1371.489    0.1039
 2446633.000  1371.451    0.1039
 2446634.000  1371.272    0.1039
 2446635.000  1371.484    0.1039
 2446636.000  1371.396    0.1039
 2446637.000  1371.427    0.1039
 2446638.000  1371.339    0.1039
 2446639.000  1371.470    0.1039
 2446640.000  1371.382    0.1039
 2446641.000  1371.324    0.1039
 2446642.000  1371.185    0.1039
 2446643.000  1371.317    0.1039
 2446644.000  1371.098    0.1038
 2446645.000  1371.260    0.1038
 2446646.000  1371.142    0.1038
 2446647.000  1371.273    0.1038
 2446648.000  1371.285    0.1038
 2446649.000  1371.397    0.1038
 2446650.000  1371.458    0.1038
 2446651.000  1371.450    0.1038
 2446652.000  1371.401    0.1038
 2446653.000  1371.403    0.1038
 2446654.000  1371.415    0.1038
 2446655.000  1371.486    0.1038
 2446656.000  1371.298    0.1038
 2446657.000  1371.480    0.1038
 2446658.000  1371.311    0.1038
 2446659.000  1371.373    0.1038
 2446660.000  1371.324    0.1038
 2446661.000  1371.196    0.1038
 2446662.000  1371.188    0.1038
 2446663.000  1371.439    0.1038
 2446664.000  1371.351    0.1038
 2446665.000  1371.273    0.1038
 2446666.000  1371.284    0.1038
 2446667.000  1371.216    0.1038
 2446668.000  1371.237    0.1038
 2446669.000  1371.379    0.1038
 2446670.000  1371.091    0.1038
 2446671.000  1371.202    0.1038
 2446672.000  1371.124    0.1038
 2446673.000  1371.135    0.1038
 2446674.000  1371.047    0.1038
 2446675.000  1371.129    0.1038
 2446676.000  1371.100    0.1038
 2446677.000  1371.172    0.1038
 2446678.000  1371.324    0.1038
 2446679.000  1371.315    0.1038
 2446680.000  1371.277    0.1038
 2446681.000  1371.328    0.1038
 2446682.000  1371.190    0.1038
 2446683.000  1371.202    0.1038
 2446684.000  1371.123    0.1038
 2446685.000  1371.285    0.1038
 2446686.000  1371.247    0.1038
 2446687.000  1371.318    0.1037
 2446688.000  1371.180    0.1037
 2446689.000  1371.211    0.1037
 2446690.000  1371.103    0.1037
 2446691.000  1371.195    0.1037
 2446692.000  1371.106    0.1037
 2446693.000  1371.318    0.1037
 2446694.000  1371.190    0.1037
 2446695.000  1371.371    0.1037
 2446696.000  1371.273    0.1037
 2446697.000  1371.354    0.1037
 2446698.000  1371.216    0.1037
 2446699.000  1371.268    0.1037
 2446700.000  1371.369    0.1037
 2446701.000  1371.441    0.1037
 2446702.000  1371.282    0.1037
 2446703.000  1371.344    0.1037
 2446704.000  1371.226    0.1037
 2446705.000  1371.217    0.1037
 2446706.000  1371.139    0.1037
 2446707.000  1371.441    0.1037
 2446708.000  1371.262    0.1037
 2446709.000  1371.394    0.1037
 2446710.000  1371.275    0.1037
 2446711.000  1371.327    0.1037
 2446712.000  1371.189    0.1037
 2446713.000  1371.390    0.1037
 2446714.000  1371.342    0.1037
 2446715.000  1371.404    0.1037
 2446716.000  1371.415    0.1037
 2446717.000  1371.267    0.1037
 2446718.000  1371.109    0.1037
 2446719.000  1371.248    0.1036
 2446720.000  1371.138    0.1036
 2446721.000  1371.217    0.1036
 2446722.000  1371.117    0.1036
 2446723.000  1371.027    0.1036
 2446724.000  1370.867    0.1036
 2446725.000  1371.036    0.1036
 2446726.000  1371.066    0.1036
 2446727.000  1371.056    0.1036
 2446728.000  1371.035    0.1036
 2446729.000  1371.205    0.1036
 2446730.000  1371.135    0.1036
 2446731.000  1371.274    0.1036
 2446732.000  1371.284    0.1036
 2446733.000  1371.444    0.1036
 2446734.000  1371.153    0.1036
 2446735.000  1370.913    0.1036
 2446736.000  1370.903    0.1036
 2446737.000  1371.222    0.1036
 2446738.000  1371.202    0.1036
 2446739.000  1371.332    0.1036
 2446740.000  1371.171    0.1036
 2446741.000  1371.321    0.1036
 2446742.000  1371.261    0.1036
 2446743.000  1371.350    0.1036
 2446744.000  1371.190    0.1036
 2446745.000  1371.120    0.1036
 2446746.000  1371.079    0.1035
 2446747.000  1371.169    0.1035
 2446748.000  1371.039    0.1035
 2446749.000  1371.298    0.1035
 2446750.000  1371.248    0.1035
 2446751.000  1371.318    0.1035
 2446752.000  1371.297    0.1035
 2446753.000  1371.327    0.1035
 2446754.000  1371.187    0.1035
 2446755.000  1371.446    0.1035
 2446756.000  1371.366    0.1035
 2446757.000  1371.456    0.1035
 2446758.000  1371.425    0.1035
 2446759.000  1371.605    0.1035
 2446760.000  1371.455    0.1035
 2446761.000  1371.505    0.1035
 2446762.000  1371.404    0.1035
 2446763.000  1371.404    0.1035
 2446764.000  1371.084    0.1035
 2446765.000  1371.233    0.1035
 2446766.000  1370.973    0.1035
 2446767.000  1371.123    0.1035
 2446768.000  1371.162    0.1035
 2446769.000  1371.222    0.1035
 2446770.000  1371.102    0.1034
 2446771.000  1371.081    0.1034
 2446772.000  1371.111    0.1034
 2446773.000  1371.101    0.1034
 2446774.000  1371.130    0.1034
 2446775.000  1371.200    0.1034
 2446776.000  1371.300    0.1034
 2446777.000  1371.299    0.1034
 2446778.000  1371.259    0.1034
 2446779.000  1371.349    0.1034
 2446780.000  1371.378    0.1034
 2446781.000    -9.000   -9.0000
 2446782.000    -9.000   -9.0000
 2446783.000    -9.000   -9.0000
 2446784.000  1371.447    0.1034
 2446785.000  1371.567    0.1034
 2446786.000  1371.526    0.1034
 2446787.000  1371.376    0.1034
 2446788.000  1371.406    0.1034
 2446789.000  1371.455    0.1034
 2446790.000  1371.295    0.1034
 2446791.000  1371.395    0.1033
 2446792.000  1371.115    0.1033
 2446793.000  1371.174    0.1033
 2446794.000  1371.114    0.1033
 2446795.000  1371.254    0.1033
 2446796.000  1371.063    0.1033
 2446797.000  1371.273    0.1033
 2446798.000  1371.213    0.1033
 2446799.000  1371.282    0.1033
 2446800.000  1371.272    0.1033
 2446801.000  1371.362    0.1033
 2446802.000  1371.311    0.1033
 2446803.000  1371.541    0.1033
 2446804.000  1371.291    0.1033
 2446805.000  1371.340    0.1033
 2446806.000  1371.280    0.1033
 2446807.000  1371.390    0.1033
 2446808.000  1371.439    0.1033
 2446809.000  1371.509    0.1033
 2446810.000  1371.379    0.1033
 2446811.000  1371.398    0.1032
 2446812.000  1371.458    0.1032
 2446813.000  1371.508    0.1032
 2446814.000  1371.457    0.1032
 2446815.000  1371.557    0.1032
 2446816.000  1371.307    0.1032
 2446817.000  1371.526    0.1032
 2446818.000  1371.456    0.1032
 2446819.000  1371.516    0.1032
 2446820.000  1371.515    0.1032
 2446821.000  1371.555    0.1032
 2446822.000  1371.425    0.1032
 2446823.000  1371.424    0.1032
 2446824.000  1371.344    0.1032
 2446825.000  1371.374    0.1032
 2446826.000  1371.153    0.1032
 2446827.000  1371.393    0.1032
 2446828.000    -9.000   -9.0000
 2446829.000  1371.382    0.1031
 2446830.000  1371.362    0.1031
 2446831.000  1371.352    0.1031
 2446832.000  1371.111    0.1031
 2446833.000  1371.241    0.1031
 2446834.000  1371.151    0.1031
 2446835.000  1371.350    0.1031
 2446836.000  1371.200    0.1031
 2446837.000  1371.250    0.1031
 2446838.000    -9.000   -9.0000
 2446839.000    -9.000   -9.0000
 2446840.000    -9.000   -9.0000
 2446841.000    -9.000   -9.0000
 2446842.000    -9.000   -9.0000
 2446843.000    -9.000   -9.0000
 2446844.000  1371.198    0.1031
 2446845.000  1371.307    0.1031
 2446846.000  1371.247    0.1030
 2446847.000  1371.276    0.1030
 2446848.000  1371.326    0.1030
 2446849.000  1371.326    0.1030
 2446850.000  1371.036    0.1030
 2446851.000  1371.275    0.1030
 2446852.000  1371.335    0.1030
 2446853.000  1371.325    0.1030
 2446854.000  1371.344    0.1030
 2446855.000  1371.284    0.1030
 2446856.000  1371.194    0.1030
 2446857.000  1371.233    0.1030
 2446858.000  1371.093    0.1030
 2446859.000  1371.383    0.1030
 2446860.000  1371.222    0.1030
 2446861.000  1371.262    0.1030
 2446862.000  1370.932    0.1030
 2446863.000  1371.251    0.1029
 2446864.000  1371.341    0.1029
 2446865.000  1371.231    0.1029
 2446866.000  1371.240    0.1029
 2446867.000  1371.310    0.1029
 2446868.000  1371.300    0.1029
 2446869.000  1371.439    0.1029
 2446870.000  1371.359    0.1029
 2446871.000  1371.489    0.1029
 2446872.000  1371.278    0.1029
 2446873.000  1371.378    0.1029
 2446874.000  1371.318    0.1029
 2446875.000  1371.427    0.1029
 2446876.000  1371.407    0.1029
 2446877.000  1371.497    0.1029
 2446878.000  1371.446    0.1028
 2446879.000  1371.306    0.1028
 2446880.000  1371.496    0.1028
 2446881.000  1371.395    0.1028
 2446882.000  1371.335    0.1028
 2446883.000  1371.225    0.1028
 2446884.000  1371.174    0.1028
 2446885.000    -9.000   -9.0000
 2446886.000    -9.000   -9.0000
 2446887.000  1371.084    0.1028
 2446888.000  1371.063    0.1028
 2446889.000  1371.113    0.1028
 2446890.000  1371.152    0.1028
 2446891.000  1371.152    0.1028
 2446892.000  1371.052    0.1028
 2446893.000  1370.892    0.1027
 2446894.000  1370.931    0.1027
 2446895.000  1370.691    0.1027
 2446896.000  1370.751    0.1027
 2446897.000  1370.790    0.1027
 2446898.000  1370.820    0.1027
 2446899.000  1370.980    0.1027
 2446900.000  1371.069    0.1027
 2446901.000  1371.179    0.1027
 2446902.000  1371.299    0.1027
 2446903.000  1371.428    0.1027
 2446904.000  1371.418    0.1027
 2446905.000  1371.508    0.1027
 2446906.000  1371.357    0.1027
 2446907.000  1371.267    0.1026
 2446908.000    -9.000   -9.0000
 2446909.000  1371.276    0.1026
 2446910.000    -9.000   -9.0000
 2446911.000  1370.946    0.1026
 2446912.000    -9.000   -9.0000
 2446913.000  1371.155    0.1026
 2446914.000    -9.000   -9.0000
 2446915.000  1371.014    0.1026
 2446916.000    -9.000   -9.0000
 2446917.000  1371.244    0.1026
 2446918.000    -9.000   -9.0000
 2446919.000  1371.273    0.1026
 2446920.000    -9.000   -9.0000
 2446921.000  1371.182    0.1025
 2446922.000    -9.000   -9.0000
 2446923.000  1371.272    0.1025
 2446924.000    -9.000   -9.0000
 2446925.000  1371.291    0.1025
 2446926.000    -9.000   -9.0000
 2446927.000  1371.510    0.1025
 2446928.000    -9.000   -9.0000
 2446929.000  1371.390    0.1025
 2446930.000    -9.000   -9.0000
 2446931.000  1371.559    0.1025
 2446932.000    -9.000   -9.0000
 2446933.000  1371.278    0.1025
 2446934.000    -9.000   -9.0000
 2446935.000  1370.948    0.1024
 2446936.000    -9.000   -9.0000
 2446937.000  1371.057    0.1024
 2446938.000    -9.000   -9.0000
 2446939.000  1371.027    0.1024
 2446940.000    -9.000   -9.0000
 2446941.000  1371.156    0.1024
 2446942.000    -9.000   -9.0000
 2446943.000  1371.275    0.1024
 2446944.000    -9.000   -9.0000
 2446945.000  1371.175    0.1024
 2446946.000    -9.000   -9.0000
 2446947.000  1371.144    0.1023
 2446948.000    -9.000   -9.0000
 2446949.000  1371.343    0.1023
 2446950.000    -9.000   -9.0000
 2446951.000  1371.303    0.1023
 2446952.000    -9.000   -9.0000
 2446953.000  1371.442    0.1023
 2446954.000    -9.000   -9.0000
 2446955.000  1371.661    0.1023
 2446956.000    -9.000   -9.0000
 2446957.000  1371.301    0.1023
 2446958.000    -9.000   -9.0000
 2446959.000  1371.340    0.1022
 2446960.000    -9.000   -9.0000
 2446961.000  1371.489    0.1022
 2446962.000    -9.000   -9.0000
 2446963.000  1371.349    0.1022
 2446964.000    -9.000   -9.0000
 2446965.000  1371.438    0.1022
 2446966.000    -9.000   -9.0000
 2446967.000  1371.497    0.1022
 2446968.000    -9.000   -9.0000
 2446969.000  1371.387    0.1022
 2446970.000    -9.000   -9.0000
 2446971.000  1370.936    0.1021
 2446972.000    -9.000   -9.0000
 2446973.000  1371.275    0.1021
 2446974.000    -9.000   -9.0000
 2446975.000  1371.375    0.1021
 2446976.000    -9.000   -9.0000
 2446977.000  1371.494    0.1021
 2446978.000    -9.000   -9.0000
 2446979.000  1371.163    0.1021
 2446980.000    -9.000   -9.0000
 2446981.000  1371.263    0.1021
 2446982.000    -9.000   -9.0000
 2446983.000  1371.072    0.1020
 2446984.000    -9.000   -9.0000
 2446985.000  1371.231    0.1020
 2446986.000    -9.000   -9.0000
 2446987.000  1371.281    0.1020
 2446988.000    -9.000   -9.0000
 2446989.000  1371.320    0.1020
 2446990.000    -9.000   -9.0000
 2446991.000  1371.280    0.1020
 2446992.000    -9.000   -9.0000
 2446993.000  1371.369    0.1019
 2446994.000    -9.000   -9.0000
 2446995.000  1371.318    0.1019
 2446996.000    -9.000   -9.0000
 2446997.000  1371.528    0.1019
 2446998.000    -9.000   -9.0000
 2446999.000  1371.537    0.1019
 2447000.000    -9.000   -9.0000
 2447001.000  1371.426    0.1019
 2447002.000    -9.000   -9.0000
 2447003.000  1371.466    0.1019
 2447004.000    -9.000   -9.0000
 2447005.000  1371.545    0.1018
 2447006.000    -9.000   -9.0000
 2447007.000  1371.524    0.1018
 2447008.000    -9.000   -9.0000
 2447009.000  1371.314    0.1018
 2447010.000    -9.000   -9.0000
 2447011.000  1371.273    0.1018
 2447012.000    -9.000   -9.0000
 2447013.000  1371.242    0.1018
 2447014.000    -9.000   -9.0000
 2447015.000  1371.082    0.1017
 2447016.000    -9.000   -9.0000
 2447017.000  1371.231    0.1017
 2447018.000    -9.000   -9.0000
 2447019.000  1371.440    0.1017
 2447020.000    -9.000   -9.0000
 2447021.000  1371.340    0.1017
 2447022.000    -9.000   -9.0000
 2447023.000  1371.139    0.1017
 2447024.000    -9.000   -9.0000
 2447025.000  1371.138    0.1017
 2447026.000    -9.000   -9.0000
 2447027.000  1370.956    0.1016
 2447028.000    -9.000   -9.0000
 2447029.000  1371.358    0.1016
 2447030.000  1371.430    0.1016
 2447031.000  1371.431    0.1016
 2447032.000  1371.362    0.1016
 2447033.000  1371.293    0.1016
 2447034.000  1371.314    0.1016
 2447035.000  1371.325    0.1016
 2447036.000  1371.277    0.1015
 2447037.000  1371.298    0.1015
 2447038.000  1371.229    0.1015
 2447039.000  1371.390    0.1015
 2447040.000  1371.571    0.1015
 2447041.000  1371.453    0.1015
 2447042.000  1371.454    0.1015
 2447043.000  1371.205    0.1015
 2447044.000  1371.356    0.1015
 2447045.000  1371.327    0.1015
 2447046.000  1371.219    0.1014
 2447047.000  1371.030    0.1014
 2447048.000  1371.221    0.1014
 2447049.000  1371.392    0.1014
 2447050.000  1371.483    0.1014
 2447051.000  1371.504    0.1014
 2447052.000  1371.536    0.1014
 2447053.000  1371.487    0.1014
 2447054.000  1371.468    0.1014
 2447055.000  1371.369    0.1014
 2447056.000  1371.520    0.1013
 2447057.000  1371.452    0.1013
 2447058.000  1371.563    0.1013
 2447059.000  1371.414    0.1013
 2447060.000  1371.425    0.1013
 2447061.000  1371.296    0.1013
 2447062.000  1371.238    0.1013
 2447063.000  1371.219    0.1013
 2447064.000  1371.420    0.1013
 2447065.000  1371.841    0.1012
 2447066.000  1371.762    0.1012
 2447067.000  1371.473    0.1012
 2447068.000  1371.705    0.1012
 2447069.000  1371.656    0.1012
 2447070.000  1371.557    0.1012
 2447071.000  1371.508    0.1012
 2447072.000  1371.439    0.1012
 2447073.000  1371.341    0.1012
 2447074.000  1371.412    0.1012
 2447075.000  1371.513    0.1011
 2447076.000  1371.574    0.1011
 2447077.000  1371.665    0.1011
 2447078.000  1371.746    0.1011
 2447079.000  1371.538    0.1011
 2447080.000  1371.579    0.1011
 2447081.000  1371.370    0.1011
 2447082.000  1371.551    0.1011
 2447083.000  1371.293    0.1011
 2447084.000  1371.324    0.1010
 2447085.000  1371.305    0.1010
 2447086.000  1371.366    0.1010
 2447087.000  1371.577    0.1010
 2447088.000  1371.718    0.1010
 2447089.000  1371.730    0.1010
 2447090.000  1371.721    0.1010
 2447091.000  1371.592    0.1010
 2447092.000  1371.613    0.1010
 2447093.000  1371.544    0.1009
 2447094.000  1371.586    0.1009
 2447095.000  1371.617    0.1009
 2447096.000  1371.628    0.1009
 2447097.000  1371.399    0.1009
 2447098.000  1371.370    0.1009
 2447099.000  1371.451    0.1009
 2447100.000  1371.463    0.1009
 2447101.000  1371.524    0.1009
 2447102.000  1371.525    0.1008
 2447103.000  1371.556    0.1008
 2447104.000  1371.727    0.1008
 2447105.000  1371.709    0.1008
 2447106.000  1371.540    0.1008
 2447107.000  1371.631    0.1008
 2447108.000  1371.702    0.1008
 2447109.000  1371.723    0.1008
 2447110.000  1371.814    0.1008
 2447111.000  1371.746    0.1007
 2447112.000  1371.727    0.1007
 2447113.000  1371.828    0.1007
 2447114.000  1371.709    0.1007
 2447115.000  1371.531    0.1007
 2447116.000  1371.452    0.1007
 2447117.000  1371.523    0.1007
 2447118.000  1371.534    0.1007
 2447119.000  1371.375    0.1007
 2447120.000  1371.276    0.1006
 2447121.000  1371.278    0.1006
 2447122.000  1371.529    0.1006
 2447123.000  1371.730    0.1006
 2447124.000  1371.741    0.1006
 2447125.000  1371.872    0.1006
 2447126.000  1371.924    0.1006
 2447127.000  1371.925    0.1006
 2447128.000  1371.756    0.1006
 2447129.000  1371.667    0.1005
 2447130.000  1371.658    0.1005
 2447131.000  1371.729    0.1005
 2447132.000  1371.761    0.1005
 2447133.000  1371.662    0.1005
 2447134.000  1371.793    0.1005
 2447135.000  1371.564    0.1005
 2447136.000  1371.445    0.1005
 2447137.000  1371.407    0.1004
 2447138.000  1371.518    0.1004
 2447139.000  1371.489    0.1004
 2447140.000  1371.500    0.1004
 2447141.000  1371.631    0.1004
 2447142.000  1371.373    0.1004
 2447143.000  1371.334    0.1004
 2447144.000  1371.605    0.1004
 2447145.000  1371.756    0.1003
 2447146.000  1371.587    0.1003
 2447147.000  1371.778    0.1003
 2447148.000  1371.670    0.1003
 2447149.000  1371.831    0.1003
 2447150.000  1371.682    0.1003
 2447151.000  1371.573    0.1003
 2447152.000  1371.844    0.1003
 2447153.000  1371.746    0.1003
 2447154.000  1371.867    0.1002
 2447155.000  1371.758    0.1002
 2447156.000  1371.729    0.1002
 2447157.000  1371.580    0.1002
 2447158.000  1371.662    0.1002
 2447159.000  1371.533    0.1002
 2447160.000  1371.364    0.1002
 2447161.000  1371.345    0.1002
 2447162.000  1371.416    0.1001
 2447163.000  1371.548    0.1001
 2447164.000  1371.659    0.1001
 2447165.000  1371.630    0.1001
 2447166.000  1371.861    0.1001
 2447167.000  1371.922    0.1001
 2447168.000  1371.853    0.1001
 2447169.000  1371.425    0.1001
 2447170.000  1371.336    0.1000
 2447171.000  1371.407    0.1000
 2447172.000  1371.658    0.1000
 2447173.000  1371.809    0.1000
 2447174.000  1371.891    0.1000
 2447175.000  1371.942    0.1000
 2447176.000  1371.953    0.1000
 2447177.000  1371.524    0.1000
 2447178.000  1371.595    0.0999
 2447179.000  1371.497    0.0999
 2447180.000  1371.268    0.0999
 2447181.000  1371.359    0.0999
 2447182.000  1371.390    0.0999
 2447183.000  1371.441    0.0999
 2447184.000  1371.602    0.0999
 2447185.000  1371.804    0.0999
 2447186.000  1371.865    0.0998
 2447187.000  1371.516    0.0998
 2447188.000  1371.697    0.0998
 2447189.000  1371.569    0.0998
 2447190.000  1371.630    0.0998
 2447191.000  1371.751    0.0998
 2447192.000  1371.602    0.0998
 2447193.000  1371.603    0.0997
 2447194.000  1371.834    0.0997
 2447195.000  1371.826    0.0997
 2447196.000  1371.777    0.0997
 2447197.000  1371.818    0.0997
 2447198.000  1371.869    0.0997
 2447199.000  1371.660    0.0997
 2447200.000  1371.962    0.0997
 2447201.000  1371.943    0.0996
 2447202.000  1372.094    0.0996
 2447203.000  1371.895    0.0996
 2447204.000  1371.886    0.0996
 2447205.000  1371.777    0.0996
 2447206.000  1371.729    0.0996
 2447207.000  1371.660    0.0996
 2447208.000  1371.501    0.0995
 2447209.000  1371.568    0.0995
 2447210.000  1371.468    0.0995
 2447211.000  1371.408    0.0995
 2447212.000  1371.467    0.0995
 2447213.000  1371.637    0.0995
 2447214.000  1371.687    0.0995
 2447215.000  1371.656    0.0995
 2447216.000  1371.846    0.0994
 2447217.000  1371.876    0.0994
 2447218.000  1371.795    0.0994
 2447219.000  1371.735    0.0994
 2447220.000  1371.715    0.0994
 2447221.000  1371.644    0.0994
 2447222.000  1371.514    0.0994
 2447223.000  1371.504    0.0993
 2447224.000  1371.533    0.0993
 2447225.000  1371.483    0.0993
 2447226.000  1371.543    0.0993
 2447227.000  1371.582    0.0993
 2447228.000  1371.652    0.0993
 2447229.000  1371.612    0.0993
 2447230.000  1371.721    0.0993
 2447231.000  1371.661    0.0992
 2447232.000  1371.611    0.0992
 2447233.000  1371.720    0.0992
 2447234.000  1371.840    0.0992
 2447235.000  1371.380    0.0992
 2447236.000  1371.319    0.0992
 2447237.000  1371.239    0.0992
 2447238.000  1371.089    0.0991
 2447239.000  1371.008    0.0991
 2447240.000  1371.048    0.0991
 2447241.000  1371.328    0.0991
 2447242.000  1371.577    0.0991
 2447243.000  1371.537    0.0991
 2447244.000  1371.467    0.0991
 2447245.000  1371.486    0.0990
 2447246.000  1371.436    0.0990
 2447247.000  1371.266    0.0990
 2447248.000  1371.455    0.0990
 2447249.000  1371.355    0.0990
 2447250.000  1371.275    0.0990
 2447251.000  1371.264    0.0990
 2447252.000  1371.374    0.0989
 2447253.000  1371.304    0.0989
 2447254.000  1371.543    0.0989
 2447255.000  1371.753    0.0989
 2447256.000  1371.713    0.0989
 2447257.000  1371.692    0.0989
 2447258.000  1371.482    0.0989
 2447259.000  1371.532    0.0988
 2447260.000  1371.702    0.0988
 2447261.000  1371.911    0.0988
 2447262.000  1371.871    0.0988
 2447263.000  1371.961    0.0988
 2447264.000  1371.960    0.0988
 2447265.000  1371.790    0.0988
 2447266.000  1371.530    0.0987
 2447267.000  1371.319    0.0987
 2447268.000  1371.209    0.0987
 2447269.000  1371.239    0.0987
 2447270.000  1371.458    0.0987
 2447271.000  1371.528    0.0987
 2447272.000  1371.798    0.0987
 2447273.000  1371.837    0.0986
 2447274.000  1372.077    0.0986
 2447275.000  1372.126    0.0986
 2447276.000  1372.076    0.0986
 2447277.000  1371.896    0.0986
 2447278.000  1371.746    0.0986
 2447279.000  1371.585    0.0986
 2447280.000  1371.695    0.0985
 2447281.000  1371.675    0.0985
 2447282.000  1371.784    0.0985
 2447283.000  1371.534    0.0985
 2447284.000  1371.864    0.0985
 2447285.000  1371.893    0.0985
 2447286.000  1371.903    0.0984
 2447287.000  1371.893    0.0984
 2447288.000  1371.872    0.0984
 2447289.000  1371.902    0.0984
 2447290.000  1371.932    0.0984
 2447291.000  1371.961    0.0984
 2447292.000  1371.971    0.0984
 2447293.000  1371.961    0.0983
 2447294.000  1372.060    0.0983
 2447295.000  1371.990    0.0983
 2447296.000  1372.060    0.0983
 2447297.000  1371.929    0.0983
 2447298.000  1371.859    0.0983
 2447299.000  1371.709    0.0983
 2447300.000  1371.768    0.0982
 2447301.000  1371.888    0.0982
 2447302.000  1371.878    0.0982
 2447303.000  1372.037    0.0982
 2447304.000  1372.117    0.0982
 2447305.000  1371.977    0.0982
 2447306.000  1371.806    0.0981
 2447307.000  1371.576    0.0981
 2447308.000  1371.506    0.0981
 2447309.000  1371.706    0.0981
 2447310.000  1371.615    0.0981
 2447311.000  1371.745    0.0981
 2447312.000  1372.074    0.0981
 2447313.000  1371.834    0.0980
 2447314.000  1371.844    0.0980
 2447315.000  1371.743    0.0980
 2447316.000  1371.523    0.0980
 2447317.000  1371.403    0.0980
 2447318.000  1371.683    0.0980
 2447319.000  1371.442    0.0979
 2447320.000  1371.642    0.0979
 2447321.000  1371.942    0.0979
 2447322.000  1372.071    0.0979
 2447323.000  1372.061    0.0979
 2447324.000  1372.011    0.0979
 2447325.000  1371.880    0.0978
 2447326.000  1371.770    0.0978
 2447327.000  1371.860    0.0978
 2447328.000  1371.859    0.0978
 2447329.000  1371.749    0.0978
 2447330.000  1371.799    0.0978
 2447331.000  1371.638    0.0978
 2447332.000  1371.528    0.0977
 2447333.000  1371.308    0.0977
 2447334.000  1371.377    0.0977
 2447335.000  1371.377    0.0977
 2447336.000  1371.407    0.0977
 2447337.000  1371.596    0.0977
 2447338.000  1371.756    0.0976
 2447339.000  1371.846    0.0976
 2447340.000  1371.535    0.0976
 2447341.000  1370.655    0.0976
 2447342.000  1369.745    0.0976
 2447343.000  1369.335    0.0976
 2447344.000  1369.244    0.0975
 2447345.000  1369.274    0.0975
 2447346.000  1369.904    0.0975
 2447347.000  1370.873    0.0975
 2447348.000  1371.633    0.0975
 2447349.000  1372.102    0.0975
 2447350.000  1372.262    0.0975
 2447351.000  1371.802    0.0974
 2447352.000  1371.621    0.0974
 2447353.000  1371.511    0.0974
 2447354.000  1371.421    0.0974
 2447355.000  1371.361    0.0974
 2447356.000  1371.640    0.0974
 2447357.000  1371.460    0.0973
 2447358.000  1371.300    0.0973
 2447359.000  1371.179    0.0973
 2447360.000  1371.109    0.0973
 2447361.000  1371.269    0.0973
 2447362.000  1371.368    0.0973
 2447363.000  1371.538    0.0972
 2447364.000  1371.828    0.0972
 2447365.000  1372.027    0.0972
 2447366.000  1372.147    0.0972
 2447367.000  1372.256    0.0972
 2447368.000  1372.276    0.0972
 2447369.000  1372.046    0.0971
 2447370.000  1371.786    0.0971
 2447371.000  1371.475    0.0971
 2447372.000  1371.265    0.0971
 2447373.000  1371.215    0.0971
 2447374.000  1371.184    0.0971
 2447375.000  1371.354    0.0970
 2447376.000  1371.834    0.0970
 2447377.000  1371.743    0.0970
 2447378.000  1371.983    0.0970
 2447379.000  1371.693    0.0970
 2447380.000  1372.052    0.0970
 2447381.000  1371.812    0.0969
 2447382.000  1371.682    0.0969
 2447383.000  1371.431    0.0969
 2447384.000  1370.811    0.0969
 2447385.000  1370.571    0.0969
 2447386.000  1370.611    0.0969
 2447387.000  1370.830    0.0968
 2447388.000  1371.210    0.0968
 2447389.000  1371.420    0.0968
 2447390.000  1371.869    0.0968
 2447391.000  1371.989    0.0968
 2447392.000  1372.218    0.0968
 2447393.000  1372.278    0.0967
 2447394.000  1372.198    0.0967
 2447395.000  1372.177    0.0967
 2447396.000  1372.097    0.0967
 2447397.000  1372.147    0.0967
 2447398.000  1372.026    0.0966
 2447399.000  1372.026    0.0966
 2447400.000  1372.296    0.0966
 2447401.000  1372.405    0.0966
 2447402.000  1372.385    0.0966
 2447403.000  1371.745    0.0966
 2447404.000  1371.305    0.0965
 2447405.000  1370.754    0.0965
 2447406.000  1370.704    0.0965
 2447407.000  1370.904    0.0965
 2447408.000  1371.483    0.0965
 2447409.000  1372.083    0.0965
 2447410.000  1372.402    0.0964
 2447411.000  1372.562    0.0964
 2447412.000  1372.372    0.0964
 2447413.000  1372.252    0.0964
 2447414.000  1372.181    0.0964
 2447415.000  1372.051    0.0964
 2447416.000  1372.200    0.0963
 2447417.000  1372.260    0.0963
 2447418.000  1372.060    0.0963
 2447419.000  1372.000    0.0963
 2447420.000  1371.929    0.0963
 2447421.000  1371.949    0.0962
 2447422.000  1371.969    0.0962
 2447423.000  1372.078    0.0962
 2447424.000  1372.148    0.0962
 2447425.000  1372.128    0.0962
 2447426.000  1372.407    0.0962
 2447427.000  1372.256    0.0961
 2447428.000  1372.246    0.0961
 2447429.000  1372.336    0.0961
 2447430.000  1372.465    0.0961
 2447431.000  1372.425    0.0961
 2447432.000  1372.415    0.0961
 2447433.000  1372.374    0.0960
 2447434.000  1372.324    0.0960
 2447435.000  1372.344    0.0960
 2447436.000  1372.063    0.0960
 2447437.000  1372.153    0.0960
 2447438.000  1372.133    0.0959
 2447439.000  1372.002    0.0959
 2447440.000  1371.672    0.0959
 2447441.000  1371.512    0.0959
 2447442.000  1371.131    0.0959
 2447443.000  1371.091    0.0959
 2447444.000  1371.211    0.0958
 2447445.000  1371.730    0.0958
 2447446.000  1372.150    0.0958
 2447447.000  1372.460    0.0958
 2447448.000  1372.450    0.0958
 2447449.000  1372.479    0.0957
 2447450.000  1372.479    0.0957
 2447451.000  1372.218    0.0957
 2447452.000  1372.168    0.0957
 2447453.000  1372.178    0.0957
 2447454.000  1372.127    0.0957
 2447455.000  1371.857    0.0956
 2447456.000  1371.827    0.0956
 2447457.000  1371.417    0.0956
 2447458.000  1371.306    0.0956
 2447459.000  1371.366    0.0956
 2447460.000  1371.426    0.0955
 2447461.000  1371.845    0.0955
 2447462.000  1372.135    0.0955
 2447463.000  1372.285    0.0955
 2447464.000  1372.354    0.0955
 2447465.000  1372.374    0.0955
 2447466.000  1372.164    0.0954
 2447467.000  1372.023    0.0954
 2447468.000  1371.683    0.0954
 2447469.000  1371.403    0.0954
 2447470.000  1371.032    0.0954
 2447471.000  1370.982    0.0953
 2447472.000  1371.092    0.0953
 2447473.000  1371.461    0.0953
 2447474.000  1371.661    0.0953
 2447475.000  1371.791    0.0953
 2447476.000  1372.050    0.0952
 2447477.000  1372.040    0.0952
 2447478.000  1372.050    0.0952
 2447479.000  1371.729    0.0952
 2447480.000  1371.779    0.0952
 2447481.000  1371.889    0.0952
 2447482.000  1371.918    0.0951
 2447483.000  1371.998    0.0951
 2447484.000  1372.108    0.0951
 2447485.000  1372.087    0.0951
 2447486.000  1372.137    0.0951
 2447487.000  1372.177    0.0950
 2447488.000  1372.256    0.0950
 2447489.000  1372.406    0.0950
 2447490.000  1372.536    0.0950
 2447491.000  1372.676    0.0950
 2447492.000  1372.365    0.0949
 2447493.000  1372.425    0.0949
 2447494.000  1372.124    0.0949
 2447495.000  1372.244    0.0949
 2447496.000  1371.964    0.0949
 2447497.000  1371.814    0.0948
 2447498.000  1371.743    0.0948
 2447499.000  1371.723    0.0948
 2447500.000  1372.063    0.0948
 2447501.000  1372.292    0.0948
 2447502.000  1372.452    0.0948
 2447503.000  1372.372    0.0947
 2447504.000  1372.501    0.0947
 2447505.000  1372.471    0.0947
 2447506.000  1372.471    0.0947
 2447507.000  1372.440    0.0947
 2447508.000  1372.470    0.0946
 2447509.000  1372.350    0.0946
 2447510.000  1372.419    0.0946
 2447511.000  1372.019    0.0946
 2447512.000  1371.769    0.0946
 2447513.000  1371.528    0.0945
 2447514.000  1371.258    0.0945
 2447515.000  1371.098    0.0945
 2447516.000  1371.057    0.0945
 2447517.000  1371.337    0.0945
 2447518.000  1371.227    0.0944
 2447519.000  1371.446    0.0944
 2447520.000  1371.596    0.0944
 2447521.000  1371.896    0.0944
 2447522.000  1371.585    0.0944
 2447523.000  1371.385    0.0943
 2447524.000  1371.365    0.0943
 2447525.000  1371.594    0.0943
 2447526.000  1371.854    0.0943
 2447527.000  1372.174    0.0943
 2447528.000  1372.133    0.0942
 2447529.000  1372.123    0.0942
 2447530.000  1372.223    0.0942
 2447531.000  1372.202    0.0942
 2447532.000  1372.222    0.0942
 2447533.000  1372.302    0.0941
 2447534.000  1372.142    0.0941
 2447535.000  1371.801    0.0941
 2447536.000  1371.771    0.0941
 2447537.000  1371.811    0.0941
 2447538.000  1372.250    0.0940
 2447539.000  1372.140    0.0940
 2447540.000  1371.900    0.0940
 2447541.000  1371.649    0.0940
 2447542.000  1370.919    0.0940
 2447543.000  1370.979    0.0939
 2447544.000  1371.128    0.0939
 2447545.000  1371.708    0.0939
 2447546.000  1372.268    0.0939
 2447547.000  1372.807    0.0939
 2447548.000  1372.897    0.0938
 2447549.000  1372.727    0.0938
 2447550.000  1372.116    0.0938
 2447551.000  1371.766    0.0938
 2447552.000  1371.666    0.0938
 2447553.000  1371.335    0.0937
 2447554.000  1371.465    0.0937
 2447555.000  1371.625    0.0937
 2447556.000  1371.704    0.0937
 2447557.000  1372.224    0.0937
 2447558.000  1372.334    0.0936
 2447559.000  1372.503    0.0936
 2447560.000  1372.073    0.0936
 2447561.000  1372.293    0.0936
 2447562.000  1372.432    0.0936
 2447563.000  1372.672    0.0935
 2447564.000  1372.592    0.0935
 2447565.000  1372.811    0.0935
 2447566.000  1372.561    0.0935
 2447567.000  1372.131    0.0935
 2447568.000  1371.911    0.0934
 2447569.000  1371.770    0.0934
 2447570.000  1371.860    0.0934
 2447571.000  1371.810    0.0934
 2447572.000  1371.769    0.0934
 2447573.000  1371.939    0.0933
 2447574.000  1372.439    0.0933
 2447575.000  1372.638    0.0933
 2447576.000  1372.788    0.0933
 2447577.000  1372.818    0.0932
 2447578.000  1372.257    0.0932
 2447579.000  1371.807    0.0932
 2447580.000  1371.547    0.0932
 2447581.000  1371.456    0.0932
 2447582.000  1371.776    0.0931
 2447583.000  1372.296    0.0931
 2447584.000  1372.375    0.0931
 2447585.000  1372.615    0.0931
 2447586.000  1372.445    0.0931
 2447587.000  1372.254    0.0930
 2447588.000  1371.994    0.0930
 2447589.000  1372.064    0.0930
 2447590.000  1372.213    0.0930
 2447591.000  1372.573    0.0930
 2447592.000  1372.673    0.0929
 2447593.000  1372.582    0.0929
 2447594.000  1372.362    0.0929
 2447595.000  1371.952    0.0929
 2447596.000  1371.481    0.0928
 2447597.000  1371.031    0.0928
 2447598.000  1370.821    0.0928
 2447599.000  1370.911    0.0928
 2447600.000  1371.400    0.0928
 2447601.000  1371.780    0.0927
 2447602.000  1372.210    0.0927
 2447603.000  1372.839    0.0927
 2447604.000  1372.869    0.0927
 2447605.000  1372.619    0.0927
 2447606.000  1372.208    0.0926
 2447607.000  1371.768    0.0926
 2447608.000  1371.678    0.0926
 2447609.000  1371.807    0.0926
 2447610.000  1371.997    0.0925
 2447611.000  1372.147    0.0925
 2447612.000  1372.376    0.0925
 2447613.000  1372.336    0.0925
 2447614.000  1372.106    0.0925
 2447615.000  1372.355    0.0924
 2447616.000  1372.225    0.0924
 2447617.000  1372.185    0.0924
 2447618.000  1372.084    0.0924
 2447619.000  1371.904    0.0924
 2447620.000  1371.784    0.0923
 2447621.000  1371.893    0.0923
 2447622.000  1372.093    0.0923
 2447623.000  1372.333    0.0923
 2447624.000  1372.502    0.0922
 2447625.000  1372.832    0.0922
 2447626.000  1373.252    0.0922
 2447627.000  1373.491    0.0922
 2447628.000  1373.661    0.0922
 2447629.000  1373.631    0.0921
 2447630.000  1373.410    0.0921
 2447631.000  1372.840    0.0921
 2447632.000  1372.380    0.0921
 2447633.000  1371.990    0.0920
 2447634.000  1371.769    0.0920
 2447635.000  1371.689    0.0920
 2447636.000  1371.719    0.0920
 2447637.000  1371.898    0.0920
 2447638.000  1372.078    0.0919
 2447639.000  1372.018    0.0919
 2447640.000  1371.897    0.0919
 2447641.000  1371.787    0.0919
 2447642.000  1372.037    0.0919
 2447643.000  1372.046    0.0918
 2447644.000  1372.256    0.0918
 2447645.000  1372.326    0.0918
 2447646.000  1372.315    0.0918
 2447647.000  1372.205    0.0917
 2447648.000  1372.205    0.0917
 2447649.000  1372.174    0.0917
 2447650.000  1372.254    0.0917
 2447651.000  1372.174    0.0917
 2447652.000  1372.403    0.0916
 2447653.000  1372.653    0.0916
 2447654.000  1373.109    0.0916
 2447655.000  1373.298    0.0916
 2447656.000  1373.378    0.0915
 2447657.000  1373.468    0.0915
 2447658.000  1373.397    0.0915
 2447659.000  1373.377    0.0915
 2447660.000  1373.327    0.0914
 2447661.000  1373.076    0.0914
 2447662.000  1372.846    0.0914
 2447663.000  1372.546    0.0914
 2447664.000  1372.415    0.0914
 2447665.000  1372.365    0.0913
 2447666.000  1372.155    0.0913
 2447667.000  1371.534    0.0913
 2447668.000  1371.454    0.0913
 2447669.000  1371.674    0.0912
 2447670.000  1371.763    0.0912
 2447671.000  1372.003    0.0912
 2447672.000  1371.943    0.0912
 2447673.000  1371.912    0.0912
 2447674.000  1372.012    0.0911
 2447675.000  1371.972    0.0911
 2447676.000  1372.101    0.0911
 2447677.000  1371.981    0.0911
 2447678.000  1371.811    0.0910
 2447679.000  1372.050    0.0910
 2447680.000  1372.350    0.0910
 2447681.000  1372.710    0.0910
 2447682.000  1373.060    0.0909
 2447683.000  1373.019    0.0909
 2447684.000  1373.009    0.0909
 2447685.000  1372.859    0.0909
 2447686.000  1372.968    0.0909
 2447687.000  1372.798    0.0908
 2447688.000  1372.368    0.0908
 2447689.000  1371.767    0.0908
 2447690.000  1371.287    0.0908
 2447691.000  1370.576    0.0907
 2447692.000  1370.026    0.0907
 2447693.000  1369.806    0.0907
 2447694.000  1370.225    0.0907
 2447695.000  1370.845    0.0906
 2447696.000  1371.685    0.0906
 2447697.000  1372.505    0.0906
 2447698.000  1372.844    0.0906
 2447699.000  1372.874    0.0906
 2447700.000  1372.364    0.0905
 2447701.000  1371.653    0.0905
 2447702.000  1371.283    0.0905
 2447703.000  1371.143    0.0905
 2447704.000  1371.132    0.0904
 2447705.000  1371.062    0.0904
 2447706.000  1371.082    0.0904
 2447707.000  1371.521    0.0904
 2447708.000  1372.061    0.0903
 2447709.000  1372.731    0.0903
 2447710.000  1372.980    0.0903
 2447711.000  1373.050    0.0903
 2447712.000  1372.790    0.0903
 2447713.000  1372.760    0.0902
 2447714.000  1372.829    0.0902
 2447715.000  1373.229    0.0902
 2447716.000  1373.339    0.0902
 2447717.000  1373.258    0.0901
 2447718.000  1373.198    0.0901
 2447719.000  1373.108    0.0901
 2447720.000  1372.977    0.0901
 2447721.000  1372.857    0.0900
 2447722.000  1372.707    0.0900
 2447723.000  1372.796    0.0900
 2447724.000  1372.806    0.0900
 2447725.000  1372.446    0.0899
 2447726.000  1372.325    0.0899
 2447727.000  1372.235    0.0899
 2447728.000  1371.985    0.0899
 2447729.000  1371.774    0.0898
 2447730.000  1371.624    0.0898
 2447731.000  1371.504    0.0898
 2447732.000  1371.703    0.0898
 2447733.000  1371.923    0.0898
 2447734.000  1372.183    0.0897
 2447735.000  1372.262    0.0897
 2447736.000  1372.242    0.0897
 2447737.000  1372.042    0.0897
 2447738.000  1371.741    0.0896
 2447739.000  1371.651    0.0896
 2447740.000  1371.751    0.0896
 2447741.000  1371.790    0.0896
 2447742.000  1371.820    0.0895
 2447743.000  1372.360    0.0895
 2447744.000  1372.449    0.0895
 2447745.000  1372.179    0.0895
 2447746.000  1371.839    0.0894
 2447747.000  1371.608    0.0894
 2447748.000  1371.658    0.0894
 2447749.000  1371.708    0.0894
 2447750.000  1371.887    0.0893
 2447751.000  1372.177    0.0893
 2447752.000  1372.377    0.0893
 2447753.000  1371.956    0.0893
 2447754.000  1371.526    0.0892
 2447755.000  1371.126    0.0892
 2447756.000  1371.075    0.0892
 2447757.000  1371.095    0.0892
 2447758.000  1371.465    0.0891
 2447759.000  1371.965    0.0891
 2447760.000  1372.354    0.0891
 2447761.000  1372.754    0.0891
 2447762.000  1372.944    0.0890
 2447763.000  1372.853    0.0890
 2447764.000  1373.023    0.0890
 2447765.000  1372.733    0.0890
 2447766.000  1372.792    0.0890
 2447767.000  1372.972    0.0889
 2447768.000  1372.882    0.0889
 2447769.000  1372.721    0.0889
 2447770.000  1372.271    0.0889
 2447771.000  1371.751    0.0888
 2447772.000  1371.240    0.0888
 2447773.000  1370.750    0.0888
 2447774.000  1370.650    0.0888
 2447775.000  1370.569    0.0887
 2447776.000  1370.839    0.0887
 2447777.000  1371.299    0.0887
 2447778.000  1371.758    0.0887
 2447779.000  1371.948    0.0886
 2447780.000  1371.998    0.0886
 2447781.000  1371.687    0.0886
 2447782.000  1371.607    0.0886
 2447783.000  1371.757    0.0885
 2447784.000  1372.097    0.0885
 2447785.000  1372.296    0.0885
 2447786.000  1372.376    0.0885
 2447787.000  1372.456    0.0884
 2447788.000  1372.435    0.0884
 2447789.000  1371.985    0.0884
 2447790.000  1371.965    0.0884
 2447791.000  1371.834    0.0883
 2447792.000  1371.744    0.0883
 2447793.000  1371.724    0.0883
 2447794.000    -9.000   -9.0000
 2447795.000    -9.000   -9.0000
 2447796.000    -9.000   -9.0000
 2447797.000    -9.000   -9.0000
 2447798.000    -9.000   -9.0000
 2447799.000  1372.689    0.0881
 2447800.000  1372.639    0.0881
 2447801.000  1372.409    0.0881
 2447802.000  1372.418    0.0881
 2447803.000  1372.648    0.0880
 2447804.000  1372.867    0.0880
 2447805.000  1373.007    0.0880
 2447806.000  1373.037    0.0879
 2447807.000  1372.816    0.0879
 2447808.000  1372.956    0.0879
 2447809.000  1372.896    0.0879
 2447810.000  1372.766    0.0878
 2447811.000  1372.675    0.0878
 2447812.000  1372.915    0.0878
 2447813.000  1372.535    0.0878
 2447814.000  1372.234    0.0877
 2447815.000  1371.944    0.0877
 2447816.000  1371.794    0.0877
 2447817.000  1371.824    0.0877
 2447818.000  1371.823    0.0876
 2447819.000  1371.823    0.0876
 2447820.000  1371.793    0.0876
 2447821.000  1372.032    0.0876
 2447822.000  1372.102    0.0875
 2447823.000  1372.052    0.0875
 2447824.000  1372.211    0.0875
 2447825.000  1372.711    0.0875
 2447826.000  1372.470    0.0874
 2447827.000  1372.400    0.0874
 2447828.000  1372.460    0.0874
 2447829.000  1372.420    0.0874
 2447830.000  1372.479    0.0873
 2447831.000  1372.469    0.0873
 2447832.000  1372.359    0.0873
 2447833.000  1372.268    0.0873
 2447834.000  1372.068    0.0872
 2447835.000  1372.098    0.0872
 2447836.000  1372.027    0.0872
 2447837.000  1371.987    0.0872
 2447838.000  1372.147    0.0871
 2447839.000  1372.286    0.0871
 2447840.000  1372.106    0.0871
 2447841.000  1372.016    0.0870
 2447842.000  1372.145    0.0870
 2447843.000  1372.325    0.0870
 2447844.000  1372.465    0.0870
 2447845.000  1372.404    0.0869
 2447846.000  1372.404    0.0869
 2447847.000  1372.674    0.0869
 2447848.000  1372.893    0.0869
 2447849.000  1372.683    0.0868
 2447850.000  1372.533    0.0868
 2447851.000  1372.452    0.0868
 2447852.000  1372.442    0.0868
 2447853.000  1372.442    0.0867
 2447854.000  1372.122    0.0867
 2447855.000  1372.161    0.0867
 2447856.000  1371.941    0.0867
 2447857.000  1371.451    0.0866
 2447858.000  1371.550    0.0866
 2447859.000  1371.970    0.0866
 2447860.000  1372.180    0.0865
 2447861.000  1372.259    0.0865
 2447862.000  1372.409    0.0865
 2447863.000  1372.459    0.0865
 2447864.000  1372.328    0.0864
 2447865.000  1372.378    0.0864
 2447866.000  1372.298    0.0864
 2447867.000  1372.287    0.0864
 2447868.000  1372.077    0.0863
 2447869.000  1372.437    0.0863
 2447870.000  1372.686    0.0863
 2447871.000  1372.606    0.0863
 2447872.000  1372.696    0.0862
 2447873.000  1372.665    0.0862
 2447874.000  1372.835    0.0862
 2447875.000  1372.625    0.0861
 2447876.000  1372.614    0.0861
 2447877.000  1372.434    0.0861
 2447878.000  1372.374    0.0861
 2447879.000    -9.000   -9.0000
 2447880.000  1372.163    0.0860
 2447881.000  1372.213    0.0860
 2447882.000  1372.253    0.0860
 2447883.000  1372.352    0.0859
 2447884.000  1372.672    0.0859
 2447885.000  1372.591    0.0859
 2447886.000  1372.181    0.0858
 2447887.000  1371.961    0.0858
 2447888.000  1371.601    0.0858
 2447889.000  1371.311    0.0858
 2447890.000  1371.110    0.0857
 2447891.000  1371.130    0.0857
 2447892.000  1371.640    0.0857
 2447893.000  1372.129    0.0857
 2447894.000  1372.439    0.0856
 2447895.000  1372.478    0.0856
 2447896.000  1372.418    0.0856
 2447897.000  1372.228    0.0855
 2447898.000  1372.457    0.0855
 2447899.000  1372.507    0.0855
 2447900.000  1372.337    0.0855
 2447901.000  1372.216    0.0854
 2447902.000  1372.126    0.0854
 2447903.000  1372.306    0.0854
 2447904.000  1372.665    0.0854
 2447905.000  1372.645    0.0853
 2447906.000  1372.595    0.0853
 2447907.000  1372.554    0.0853
 2447908.000  1372.514    0.0852
 2447909.000  1372.444    0.0852
 2447910.000  1372.323    0.0852
 2447911.000  1372.463    0.0852
 2447912.000  1372.793    0.0851
 2447913.000  1373.092    0.0851
 2447914.000  1372.942    0.0851
 2447915.000  1372.702    0.0851
 2447916.000  1371.992    0.0850
 2447917.000  1371.701    0.0850
 2447918.000  1371.541    0.0850
 2447919.000  1371.701    0.0849
 2447920.000  1371.810    0.0849
 2447921.000  1371.760    0.0849
 2447922.000  1371.980    0.0849
 2447923.000  1372.219    0.0848
 2447924.000  1372.209    0.0848
 2447925.000  1372.399    0.0848
 2447926.000  1372.208    0.0847
 2447927.000  1372.328    0.0847
 2447928.000  1372.058    0.0847
 2447929.000  1372.327    0.0847
 2447930.000  1372.337    0.0846
 2447931.000  1372.527    0.0846
 2447932.000  1372.406    0.0846
 2447933.000  1372.276    0.0846
 2447934.000  1372.086    0.0845
 2447935.000  1371.915    0.0845
 2447936.000  1371.865    0.0845
 2447937.000  1372.075    0.0844
 2447938.000  1372.434    0.0844
 2447939.000  1372.594    0.0844
 2447940.000  1372.704    0.0844
 2447941.000  1372.983    0.0843
 2447942.000  1372.983    0.0843
 2447943.000  1372.743    0.0843
 2447944.000  1372.183    0.0842
 2447945.000  1371.842    0.0842
 2447946.000  1371.602    0.0842
 2447947.000  1371.372    0.0842
 2447948.000  1371.521    0.0841
 2447949.000  1371.851    0.0841
 2447950.000  1371.801    0.0841
 2447951.000  1371.850    0.0840
 2447952.000  1371.880    0.0840
 2447953.000  1372.250    0.0840
 2447954.000  1372.249    0.0840
 2447955.000  1372.009    0.0839
 2447956.000  1371.909    0.0839
 2447957.000  1371.679    0.0839
 2447958.000  1371.488    0.0838
 2447959.000  1371.578    0.0838
 2447960.000  1371.758    0.0838
 2447961.000  1371.947    0.0838
 2447962.000  1371.947    0.0837
 2447963.000  1371.817    0.0837
 2447964.000  1371.926    0.0837
 2447965.000  1371.986    0.0836
 2447966.000  1372.055    0.0836
 2447967.000  1372.145    0.0836
 2447968.000  1372.215    0.0836
 2447969.000  1372.434    0.0835
 2447970.000  1372.654    0.0835
 2447971.000  1372.574    0.0835
 2447972.000  1372.364    0.0834
 2447973.000  1371.923    0.0834
 2447974.000  1371.983    0.0834
 2447975.000  1371.963    0.0834
 2447976.000  1371.952    0.0833
 2447977.000  1371.922    0.0833
 2447978.000  1372.212    0.0833
 2447979.000  1372.401    0.0832
 2447980.000  1372.171    0.0832
 2447981.000  1372.361    0.0832
 2447982.000  1372.550    0.0832
 2447983.000  1372.260    0.0831
 2447984.000  1372.110    0.0831
 2447985.000  1371.989    0.0831
 2447986.000  1371.879    0.0830
 2447987.000  1371.859    0.0830
 2447988.000  1371.928    0.0830
 2447989.000  1372.038    0.0830
 2447990.000  1372.248    0.0829
 2447991.000  1372.337    0.0829
 2447992.000  1372.667    0.0829
 2447993.000  1372.447    0.0828
 2447994.000  1372.486    0.0828
 2447995.000  1372.616    0.0828
 2447996.000  1372.926    0.0827
 2447997.000  1372.865    0.0827
 2447998.000  1372.685    0.0827
 2447999.000  1372.385    0.0827
 2448000.000  1372.164    0.0826
 2448001.000  1372.144    0.0826
 2448002.000  1372.424    0.0826
 2448003.000  1372.673    0.0825
 2448004.000  1372.863    0.0825
 2448005.000  1373.103    0.0825
 2448006.000  1373.032    0.0825
 2448007.000  1372.802    0.0824
 2448008.000  1372.362    0.0824
 2448009.000  1372.082    0.0824
 2448010.000  1372.091    0.0823
 2448011.000  1372.151    0.0823
 2448012.000  1372.251    0.0823
 2448013.000  1372.080    0.0822
 2448014.000  1371.890    0.0822
 2448015.000  1372.140    0.0822
 2448016.000  1371.969    0.0822
 2448017.000  1372.029    0.0821
 2448018.000  1371.819    0.0821
 2448019.000  1372.028    0.0821
 2448020.000  1371.978    0.0820
 2448021.000  1372.508    0.0820
 2448022.000  1372.467    0.0820
 2448023.000  1373.027    0.0819
 2448024.000  1373.326    0.0819
 2448025.000  1373.306    0.0819
 2448026.000  1373.046    0.0819
 2448027.000  1372.656    0.0818
 2448028.000  1372.046    0.0818
 2448029.000  1371.715    0.0818
 2448030.000  1371.405    0.0817
 2448031.000  1371.375    0.0817
 2448032.000  1371.564    0.0817
 2448033.000  1371.804    0.0816
 2448034.000  1372.074    0.0816
 2448035.000  1371.973    0.0816
 2448036.000  1372.123    0.0816
 2448037.000  1372.433    0.0815
 2448038.000  1372.382    0.0815
 2448039.000  1372.552    0.0815
 2448040.000  1372.342    0.0814
 2448041.000  1372.471    0.0814
 2448042.000  1372.301    0.0814
 2448043.000  1372.251    0.0813
 2448044.000  1372.220    0.0813
 2448045.000  1372.410    0.0813
 2448046.000  1372.440    0.0813
 2448047.000  1372.459    0.0812
 2448048.000  1372.699    0.0812
 2448049.000  1372.449    0.0812
 2448050.000  1372.698    0.0811
 2448051.000  1372.868    0.0811
 2448052.000  1372.678    0.0811
 2448053.000  1372.917    0.0810
 2448054.000  1372.947    0.0810
 2448055.000  1372.787    0.0810
 2448056.000  1373.046    0.0810
 2448057.000  1372.856    0.0809
 2448058.000  1372.826    0.0809
 2448059.000  1372.725    0.0809
 2448060.000  1372.755    0.0808
 2448061.000  1372.945    0.0808
 2448062.000  1373.044    0.0808
 2448063.000  1372.764    0.0807
 2448064.000  1372.714    0.0807
 2448065.000  1372.683    0.0807
 2448066.000  1372.483    0.0806
 2448067.000  1372.223    0.0806
 2448068.000  1372.083    0.0806
 2448069.000  1371.912    0.0806
 2448070.000  1371.762    0.0805
 2448071.000  1371.832    0.0805
 2448072.000  1371.842    0.0805
 2448073.000  1371.511    0.0804
 2448074.000  1370.821    0.0804
 2448075.000  1370.541    0.0804
 2448076.000  1370.501    0.0803
 2448077.000  1370.750    0.0803
 2448078.000  1371.520    0.0803
 2448079.000  1372.129    0.0802
 2448080.000  1372.579    0.0802
 2448081.000  1372.848    0.0802
 2448082.000  1372.938    0.0802
 2448083.000  1372.998    0.0801
 2448084.000  1372.977    0.0801
 2448085.000  1372.607    0.0801
 2448086.000  1372.547    0.0800
 2448087.000  1372.436    0.0800
 2448088.000  1372.636    0.0800
 2448089.000  1372.796    0.0799
 2448090.000  1372.805    0.0799
 2448091.000  1372.545    0.0799
 2448092.000  1372.315    0.0798
 2448093.000  1372.065    0.0798
 2448094.000  1371.784    0.0798
 2448095.000  1371.554    0.0797
 2448096.000  1371.444    0.0797
 2448097.000  1371.374    0.0797
 2448098.000  1371.493    0.0797
 2448099.000  1371.713    0.0796
 2448100.000  1372.062    0.0796
 2448101.000  1372.532    0.0796
 2448102.000  1372.622    0.0795
 2448103.000  1372.651    0.0795
 2448104.000  1372.771    0.0795
 2448105.000  1372.691    0.0794
 2448106.000  1372.390    0.0794
 2448107.000  1372.330    0.0794
 2448108.000  1372.410    0.0793
 2448109.000  1372.149    0.0793
 2448110.000  1371.949    0.0793
 2448111.000  1372.079    0.0792
 2448112.000  1371.979    0.0792
 2448113.000  1372.248    0.0792
 2448114.000  1372.458    0.0791
 2448115.000  1372.507    0.0791
 2448116.000  1372.437    0.0791
 2448117.000  1372.107    0.0791
 2448118.000  1372.027    0.0790
 2448119.000  1371.816    0.0790
 2448120.000  1371.896    0.0790
 2448121.000  1371.716    0.0789
 2448122.000  1371.706    0.0789
 2448123.000  1371.495    0.0789
 2448124.000  1371.385    0.0788
 2448125.000  1371.115    0.0788
 2448126.000  1370.575    0.0788
 2448127.000  1370.494    0.0787
 2448128.000  1370.534    0.0787
 2448129.000  1370.804    0.0787
 2448130.000  1371.143    0.0786
 2448131.000  1371.363    0.0786
 2448132.000  1371.862    0.0786
 2448133.000  1372.272    0.0785
 2448134.000  1372.411    0.0785
 2448135.000  1372.211    0.0785
 2448136.000  1372.121    0.0784
 2448137.000  1372.141    0.0784
 2448138.000  1372.360    0.0784
 2448139.000  1372.640    0.0783
 2448140.000  1372.310    0.0783
 2448141.000  1372.029    0.0783
 2448142.000  1372.609    0.0783
 2448143.000  1372.758    0.0782
 2448144.000  1372.768    0.0782
 2448145.000  1372.778    0.0782
 2448146.000  1372.777    0.0781
 2448147.000  1372.807    0.0781
 2448148.000  1372.727    0.0781
 2448149.000  1372.557    0.0780
 2448150.000  1372.546    0.0780
 2448151.000  1372.546    0.0780
 2448152.000  1372.486    0.0779
 2448153.000  1372.465    0.0779
 2448154.000  1372.595    0.0779
 2448155.000  1372.615    0.0778
 2448156.000  1372.724    0.0778
 2448157.000  1372.714    0.0778
 2448158.000  1372.694    0.0777
 2448159.000  1372.593    0.0777
 2448160.000  1372.463    0.0777
 2448161.000  1372.243    0.0776
 2448162.000  1372.133    0.0776
 2448163.000  1372.132    0.0776
 2448164.000  1372.112    0.0775
 2448165.000  1372.082    0.0775
 2448166.000  1371.921    0.0775
 2448167.000  1371.781    0.0774
 2448168.000  1371.951    0.0774
 2448169.000  1372.060    0.0774
 2448170.000  1372.130    0.0773
 2448171.000  1372.170    0.0773
 2448172.000  1372.179    0.0773
 2448173.000  1372.059    0.0772
 2448174.000  1372.069    0.0772
 2448175.000  1371.809    0.0772
 2448176.000  1371.638    0.0771
 2448177.000  1371.648    0.0771
 2448178.000  1371.598    0.0771
 2448179.000  1371.617    0.0770
 2448180.000  1371.507    0.0770
 2448181.000  1371.667    0.0770
 2448182.000  1371.946    0.0769
 2448183.000  1372.406    0.0769
 2448184.000  1372.605    0.0769
 2448185.000  1372.925    0.0768
 2448186.000  1372.885    0.0768
 2448187.000  1372.734    0.0768
 2448188.000  1372.654    0.0767
 2448189.000  1372.444    0.0767
 2448190.000  1372.323    0.0767
 2448191.000  1372.293    0.0766
 2448192.000  1372.223    0.0766
 2448193.000  1372.283    0.0766
 2448194.000  1372.052    0.0765
 2448195.000  1371.752    0.0765
 2448196.000  1371.762    0.0765
 2448197.000  1371.761    0.0764
 2448198.000  1371.811    0.0764
 2448199.000  1371.911    0.0764
 2448200.000  1371.910    0.0763
 2448201.000  1372.100    0.0763
 2448202.000  1372.300    0.0763
 2448203.000  1372.119    0.0762
 2448204.000  1372.179    0.0762
 2448205.000  1372.279    0.0762
 2448206.000  1372.278    0.0761
 2448207.000  1372.158    0.0761
 2448208.000  1372.168    0.0761
 2448209.000  1372.237    0.0760
 2448210.000  1372.217    0.0760
 2448211.000  1372.187    0.0760
 2448212.000  1371.137    0.0759
 2448213.000  1370.587    0.0759
 2448214.000  1370.357    0.0759
 2448215.000  1369.876    0.0758
 2448216.000  1369.756    0.0758
 2448217.000  1370.046    0.0758
 2448218.000  1370.605    0.0757
 2448219.000  1370.995    0.0757
 2448220.000  1371.524    0.0757
 2448221.000  1372.024    0.0756
 2448222.000  1371.983    0.0756
 2448223.000  1372.183    0.0756
 2448224.000  1372.283    0.0755
 2448225.000  1372.482    0.0755
 2448226.000  1372.352    0.0755
 2448227.000  1372.452    0.0754
 2448228.000  1372.631    0.0754
 2448229.000  1372.671    0.0754
 2448230.000  1372.711    0.0753
 2448231.000  1372.510    0.0753
 2448232.000  1372.330    0.0753
 2448233.000  1372.320    0.0752
 2448234.000  1372.269    0.0752
 2448235.000  1372.389    0.0752
 2448236.000  1372.829    0.0751
 2448237.000  1373.088    0.0751
 2448238.000  1372.848    0.0751
 2448239.000  1372.378    0.0750
 2448240.000  1371.808    0.0750
 2448241.000  1371.238    0.0750
 2448242.000  1370.987    0.0749
 2448243.000  1370.637    0.0749
 2448244.000  1370.627    0.0749
 2448245.000  1370.936    0.0748
 2448246.000  1371.676    0.0748
 2448247.000  1372.045    0.0748
 2448248.000  1372.345    0.0747
 2448249.000  1372.455    0.0747
 2448250.000  1372.334    0.0746
 2448251.000  1372.094    0.0746
 2448252.000  1372.094    0.0746
 2448253.000  1372.353    0.0745
 2448254.000  1372.263    0.0745
 2448255.000  1372.643    0.0745
 2448256.000  1372.902    0.0744
 2448257.000  1373.072    0.0744
 2448258.000  1372.892    0.0744
 2448259.000  1372.721    0.0743
 2448260.000  1372.681    0.0743
 2448261.000  1372.661    0.0743
 2448262.000  1372.850    0.0742
 2448263.000  1373.100    0.0742
 2448264.000  1372.930    0.0742
 2448265.000  1372.699    0.0741
 2448266.000  1372.499    0.0741
 2448267.000  1372.049    0.0741
 2448268.000  1371.679    0.0740
 2448269.000  1371.159    0.0740
 2448270.000  1371.068    0.0740
 2448271.000  1371.038    0.0739
 2448272.000  1370.558    0.0739
 2448273.000  1370.528    0.0739
 2448274.000  1371.087    0.0738
 2448275.000  1371.427    0.0738
 2448276.000  1371.976    0.0737
 2448277.000  1372.396    0.0737
 2448278.000  1372.525    0.0737
 2448279.000  1372.345    0.0736
 2448280.000  1371.995    0.0736
 2448281.000  1371.735    0.0736
 2448282.000  1371.544    0.0735
 2448283.000  1371.174    0.0735
 2448284.000  1370.724    0.0735
 2448285.000  1370.534    0.0734
 2448286.000  1370.204    0.0734
 2448287.000  1369.904    0.0734
 2448288.000  1369.863    0.0733
 2448289.000  1370.333    0.0733
 2448290.000  1371.242    0.0733
 2448291.000  1371.731    0.0732
 2448292.000  1372.251    0.0732
 2448293.000  1372.591    0.0731
 2448294.000  1372.980    0.0731
 2448295.000  1372.810    0.0731
 2448296.000  1372.470    0.0730
 2448297.000  1372.059    0.0730
 2448298.000  1371.979    0.0730
 2448299.000  1371.999    0.0729
 2448300.000  1372.428    0.0729
 2448301.000  1372.288    0.0729
 2448302.000  1372.718    0.0728
 2448303.000  1372.677    0.0728
 2448304.000  1372.917    0.0728
 2448305.000  1372.777    0.0727
 2448306.000  1372.636    0.0727
 2448307.000  1372.316    0.0727
 2448308.000  1371.946    0.0726
 2448309.000  1371.636    0.0726
 2448310.000  1371.456    0.0725
 2448311.000  1371.375    0.0725
 2448312.000  1371.345    0.0725
 2448313.000  1371.734    0.0724
 2448314.000  1371.904    0.0724
 2448315.000  1372.194    0.0724
 2448316.000  1372.633    0.0723
 2448317.000  1372.923    0.0723
 2448318.000  1373.112    0.0723
 2448319.000  1373.112    0.0722
 2448320.000  1373.182    0.0722
 2448321.000  1373.321    0.0722
 2448322.000  1373.391    0.0721
 2448323.000  1373.331    0.0721
 2448324.000  1373.180    0.0720
 2448325.000  1372.730    0.0720
 2448326.000  1372.290    0.0720
 2448327.000  1372.170    0.0719
 2448328.000  1372.210    0.0719
 2448329.000  1372.189    0.0719
 2448330.000  1372.289    0.0718
 2448331.000  1372.628    0.0718
 2448332.000  1372.758    0.0718
 2448333.000  1372.868    0.0717
 2448334.000  1372.717    0.0717
 2448335.000  1372.387    0.0716
 2448336.000  1372.037    0.0716
 2448337.000  1371.847    0.0716
 2448338.000  1371.347    0.0715
 2448339.000  1370.747    0.0715
 2448340.000  1370.596    0.0715
 2448341.000  1370.706    0.0714
 2448342.000  1371.185    0.0714
 2448343.000  1371.575    0.0714
 2448344.000  1372.284    0.0713
 2448345.000  1372.694    0.0713
 2448346.000  1372.624    0.0712
 2448347.000  1372.473    0.0712
 2448348.000  1372.273    0.0712
 2448349.000  1372.123    0.0711
 2448350.000  1372.222    0.0711
 2448351.000  1372.412    0.0711
 2448352.000  1372.702    0.0710
 2448353.000  1372.861    0.0710
 2448354.000  1373.421    0.0710
 2448355.000  1373.500    0.0709
 2448356.000  1373.410    0.0709
 2448357.000  1373.510    0.0708
 2448358.000  1373.319    0.0708
 2448359.000  1373.059    0.0708
 2448360.000  1373.019    0.0707
 2448361.000  1372.919    0.0707
 2448362.000  1372.858    0.0707
 2448363.000  1372.708    0.0706
 2448364.000  1372.548    0.0706
 2448365.000  1372.698    0.0706
 2448366.000  1372.767    0.0705
 2448367.000  1372.977    0.0705
 2448368.000  1373.136    0.0704
 2448369.000  1373.096    0.0704
 2448370.000  1372.976    0.0704
 2448371.000  1372.936    0.0703
 2448372.000  1372.905    0.0703
 2448373.000  1372.715    0.0703
 2448374.000  1372.615    0.0702
 2448375.000  1372.325    0.0702
 2448376.000  1372.364    0.0701
 2448377.000  1372.374    0.0701
 2448378.000  1372.413    0.0701
 2448379.000  1372.853    0.0700
 2448380.000  1372.893    0.0700
 2448381.000  1372.722    0.0700
 2448382.000  1372.502    0.0699
 2448383.000  1371.882    0.0699
 2448384.000  1371.622    0.0699
 2448385.000  1371.372    0.0698
 2448386.000  1371.411    0.0698
 2448387.000  1371.871    0.0697
 2448388.000  1371.880    0.0697
 2448389.000  1371.620    0.0697
 2448390.000  1371.650    0.0696
 2448391.000  1372.110    0.0696
 2448392.000  1372.169    0.0696
 2448393.000  1372.499    0.0695
 2448394.000  1372.788    0.0695
 2448395.000  1372.828    0.0694
 2448396.000  1372.558    0.0694
 2448397.000  1372.567    0.0694
 2448398.000  1372.667    0.0693
 2448399.000  1372.657    0.0693
 2448400.000  1372.586    0.0693
 2448401.000  1372.636    0.0692
 2448402.000  1372.206    0.0692
 2448403.000  1371.746    0.0691
 2448404.000  1371.716    0.0691
 2448405.000  1371.705    0.0691
 2448406.000  1371.735    0.0690
 2448407.000  1371.835    0.0690
 2448408.000  1372.044    0.0690
 2448409.000  1372.014    0.0689
 2448410.000  1372.104    0.0689
 2448411.000  1372.283    0.0688
 2448412.000  1372.093    0.0688
 2448413.000  1371.853    0.0688
 2448414.000  1371.473    0.0687
 2448415.000  1371.082    0.0687
 2448416.000  1370.632    0.0687
 2448417.000  1370.442    0.0686
 2448418.000  1370.502    0.0686
 2448419.000  1370.921    0.0685
 2448420.000  1371.411    0.0685
 2448421.000  1372.190    0.0685
 2448422.000  1372.460    0.0684
 2448423.000  1372.549    0.0684
 2448424.000  1372.319    0.0683
 2448425.000  1372.489    0.0683
 2448426.000  1372.328    0.0683
 2448427.000  1372.128    0.0682
 2448428.000  1372.158    0.0682
 2448429.000  1372.277    0.0682
 2448430.000  1372.347    0.0681
 2448431.000  1372.777    0.0681
 2448432.000  1372.956    0.0680
 2448433.000  1372.886    0.0680
 2448434.000  1372.416    0.0680
 2448435.000  1372.046    0.0679
 2448436.000  1371.625    0.0679
 2448437.000  1371.615    0.0679
 2448438.000  1372.005    0.0678
 2448439.000  1372.294    0.0678
 2448440.000  1372.614    0.0677
 2448441.000  1373.293    0.0677
 2448442.000  1372.983    0.0677
 2448443.000  1372.713    0.0676
 2448444.000  1372.652    0.0676
 2448445.000  1372.582    0.0675
 2448446.000  1372.762    0.0675
 2448447.000  1372.921    0.0675
 2448448.000  1372.621    0.0674
 2448449.000  1372.491    0.0674
 2448450.000  1372.301    0.0674
 2448451.000  1372.120    0.0673
 2448452.000  1372.030    0.0673
 2448453.000  1372.130    0.0672
 2448454.000  1372.359    0.0672
 2448455.000  1372.469    0.0672
 2448456.000  1372.409    0.0671
 2448457.000  1372.608    0.0671
 2448458.000  1372.528    0.0670
 2448459.000  1372.348    0.0670
 2448460.000  1371.878    0.0670
 2448461.000  1371.218    0.0669
 2448462.000  1370.918    0.0669
 2448463.000  1370.677    0.0669
 2448464.000  1370.817    0.0668
 2448465.000  1371.246    0.0668
 2448466.000  1371.996    0.0667
 2448467.000  1372.535    0.0667
 2448468.000  1372.925    0.0667
 2448469.000  1372.894    0.0666
 2448470.000  1372.574    0.0666
 2448471.000  1372.014    0.0665
 2448472.000  1371.964    0.0665
 2448473.000  1372.124    0.0665
 2448474.000  1372.333    0.0664
 2448475.000  1372.603    0.0664
 2448476.000  1372.872    0.0663
 2448477.000  1373.082    0.0663
 2448478.000  1373.012    0.0663
 2448479.000  1372.831    0.0662
 2448480.000  1372.491    0.0662
 2448481.000  1372.721    0.0661
 2448482.000  1372.600    0.0661
 2448483.000  1372.710    0.0661
 2448484.000  1372.560    0.0660
 2448485.000  1372.300    0.0660
 2448486.000  1371.960    0.0660
 2448487.000  1371.889    0.0659
 2448488.000  1371.369    0.0659
 2448489.000  1370.939    0.0658
 2448490.000  1370.949    0.0658
 2448491.000  1371.478    0.0658
 2448492.000  1372.098    0.0657
 2448493.000  1372.807    0.0657
 2448494.000  1373.037    0.0656
 2448495.000  1372.926    0.0656
 2448496.000  1372.666    0.0656
 2448497.000  1372.456    0.0655
 2448498.000  1372.126    0.0655
 2448499.000  1371.556    0.0654
 2448500.000  1371.635    0.0654
 2448501.000  1371.955    0.0654
 2448502.000  1372.274    0.0653
 2448503.000  1372.414    0.0653
 2448504.000  1372.364    0.0652
 2448505.000  1372.453    0.0652
 2448506.000  1372.153    0.0652
 2448507.000  1371.983    0.0651
 2448508.000  1371.773    0.0651
 2448509.000  1371.662    0.0650
 2448510.000  1371.882    0.0650
 2448511.000  1372.202    0.0650
 2448512.000  1372.571    0.0649
 2448513.000  1372.871    0.0649
 2448514.000  1372.960    0.0648
 2448515.000  1372.990    0.0648
 2448516.000  1372.790    0.0648
 2448517.000  1372.779    0.0647
 2448518.000  1372.809    0.0647
 2448519.000  1372.759    0.0646
 2448520.000  1372.878    0.0646
 2448521.000  1373.008    0.0646
 2448522.000  1373.158    0.0645
 2448523.000  1373.157    0.0645
 2448524.000  1373.077    0.0644
 2448525.000  1372.897    0.0644
 2448526.000  1372.367    0.0644
 2448527.000  1372.117    0.0643
 2448528.000  1371.686    0.0643
 2448529.000  1371.186    0.0642
 2448530.000  1370.716    0.0642
 2448531.000  1370.216    0.0642
 2448532.000  1370.186    0.0641
 2448533.000  1370.295    0.0641
 2448534.000  1370.775    0.0640
 2448535.000  1371.194    0.0640
 2448536.000  1371.804    0.0640
 2448537.000  1372.423    0.0639
 2448538.000  1372.443    0.0639
 2448539.000  1372.643    0.0638
 2448540.000  1372.852    0.0638
 2448541.000  1372.772    0.0638
 2448542.000  1372.542    0.0637
 2448543.000  1372.331    0.0637
 2448544.000  1372.171    0.0636
 2448545.000  1372.271    0.0636
 2448546.000  1372.151    0.0636
 2448547.000  1372.560    0.0635
 2448548.000  1372.770    0.0635
 2448549.000  1372.879    0.0634
 2448550.000  1372.779    0.0634
 2448551.000  1372.679    0.0634
 2448552.000  1372.508    0.0633
 2448553.000  1372.138    0.0633
 2448554.000  1371.418    0.0632
 2448555.000  1370.668    0.0632
 2448556.000  1370.018    0.0632
 2448557.000  1369.618    0.0631
 2448558.000  1369.748    0.0631
 2448559.000  1369.917    0.0630
 2448560.000  1370.207    0.0630
 2448561.000  1370.846    0.0630
 2448562.000  1371.546    0.0629
 2448563.000  1372.415    0.0629
 2448564.000  1372.645    0.0628
 2448565.000  1372.494    0.0628
 2448566.000  1372.134    0.0627
 2448567.000  1372.094    0.0627
 2448568.000  1372.244    0.0627
 2448569.000  1372.273    0.0626
 2448570.000  1372.233    0.0626
 2448571.000  1372.273    0.0625
 2448572.000    -9.000   -9.0000
 2448573.000  1371.512    0.0625
 2448574.000    -9.000   -9.0000
 2448575.000  1372.042    0.0624
 2448576.000  1372.221    0.0623
 2448577.000  1372.281    0.0623
 2448578.000  1372.450    0.0623
 2448579.000  1372.360    0.0622
 2448580.000  1372.450    0.0622
 2448581.000  1372.599    0.0621
 2448582.000  1372.589    0.0621
 2448583.000  1372.379    0.0621
 2448584.000  1372.378    0.0620
 2448585.000  1372.358    0.0620
 2448586.000  1372.318    0.0619
 2448587.000  1372.248    0.0619
 2448588.000  1371.977    0.0618
 2448589.000  1372.007    0.0618
 2448590.000  1372.017    0.0618
 2448591.000  1371.927    0.0617
 2448592.000  1372.116    0.0617
 2448593.000  1372.126    0.0616
 2448594.000  1372.065    0.0616
 2448595.000  1372.075    0.0616
 2448596.000  1371.965    0.0615
 2448597.000  1371.955    0.0615
 2448598.000  1371.824    0.0614
 2448599.000  1371.724    0.0614
 2448600.000  1371.154    0.0613
 2448601.000  1371.064    0.0613
 2448602.000  1370.904    0.0613
 2448603.000  1370.793    0.0612
 2448604.000  1370.873    0.0612
 2448605.000  1370.913    0.0611
 2448606.000  1370.782    0.0611
 2448607.000  1371.212    0.0611
 2448608.000  1371.681    0.0610
 2448609.000  1371.991    0.0610
 2448610.000  1372.130    0.0609
 2448611.000  1372.100    0.0609
 2448612.000  1371.510    0.0608
 2448613.000  1371.250    0.0608
 2448614.000  1371.010    0.0608
 2448615.000  1370.939    0.0607
 2448616.000  1370.759    0.0607
 2448617.000  1370.549    0.0606
 2448618.000  1370.269    0.0606
 2448619.000  1370.049    0.0606
 2448620.000  1370.358    0.0605
 2448621.000  1371.018    0.0605
 2448622.000  1371.697    0.0604
 2448623.000  1372.056    0.0604
 2448624.000  1372.256    0.0603
 2448625.000  1371.916    0.0603
 2448626.000  1371.736    0.0603
 2448627.000  1371.296    0.0602
 2448628.000  1371.245    0.0602
 2448629.000  1371.375    0.0601
 2448630.000  1371.704    0.0601
 2448631.000  1371.914    0.0601
 2448632.000  1372.273    0.0600
 2448633.000  1372.783    0.0600
 2448634.000  1372.952    0.0599
 2448635.000  1373.012    0.0599
 2448636.000  1372.982    0.0598
 2448637.000    -9.000   -9.0000
 2448638.000    -9.000   -9.0000
 2448639.000    -9.000   -9.0000
 2448640.000    -9.000   -9.0000
 2448641.000    -9.000   -9.0000
 2448642.000    -9.000   -9.0000
 2448643.000    -9.000   -9.0000
 2448644.000    -9.000   -9.0000
 2448645.000    -9.000   -9.0000
 2448646.000    -9.000   -9.0000
 2448647.000  1372.589    0.0594
 2448648.000  1372.768    0.0593
 2448649.000  1372.348    0.0593
 2448650.000  1372.088    0.0592
 2448651.000  1371.798    0.0592
 2448652.000  1371.727    0.0592
 2448653.000  1371.737    0.0591
 2448654.000  1372.097    0.0591
 2448655.000  1372.136    0.0590
 2448656.000  1371.656    0.0590
 2448657.000  1372.126    0.0589
 2448658.000  1372.185    0.0589
 2448659.000  1372.465    0.0589
 2448660.000  1372.555    0.0588
 2448661.000  1372.824    0.0588
 2448662.000  1372.684    0.0587
 2448663.000  1372.094    0.0587
 2448664.000  1372.004    0.0586
 2448665.000  1371.973    0.0586
 2448666.000  1372.033    0.0586
 2448667.000  1371.983    0.0585
 2448668.000  1372.032    0.0585
 2448669.000  1372.142    0.0584
 2448670.000  1372.362    0.0584
 2448671.000  1372.631    0.0583
 2448672.000  1372.831    0.0583
 2448673.000  1372.890    0.0583
 2448674.000  1372.700    0.0582
 2448675.000  1372.310    0.0582
 2448676.000  1371.950    0.0581
 2448677.000  1371.580    0.0581
 2448678.000  1371.410    0.0580
 2448679.000  1371.249    0.0580
 2448680.000  1371.699    0.0580
 2448681.000  1371.878    0.0579
 2448682.000  1372.538    0.0579
 2448683.000  1372.847    0.0578
 2448684.000  1373.077    0.0578
 2448685.000  1373.147    0.0577
 2448686.000  1372.906    0.0577
 2448687.000  1372.656    0.0577
 2448688.000  1372.696    0.0576
 2448689.000  1372.635    0.0576
 2448690.000  1372.525    0.0575
 2448691.000  1372.415    0.0575
 2448692.000  1372.365    0.0574
 2448693.000  1372.564    0.0574
 2448694.000  1372.654    0.0574
 2448695.000  1372.424    0.0573
 2448696.000  1372.393    0.0573
 2448697.000  1372.323    0.0572
 2448698.000  1372.483    0.0572
 2448699.000  1372.622    0.0571
 2448700.000  1372.882    0.0571
 2448701.000  1373.002    0.0570
 2448702.000  1373.011    0.0570
 2448703.000  1372.961    0.0570
 2448704.000  1372.701    0.0569
 2448705.000  1372.700    0.0569
 2448706.000  1372.670    0.0568
 2448707.000  1372.600    0.0568
 2448708.000  1372.180    0.0567
 2448709.000  1371.670    0.0567
 2448710.000  1371.180    0.0567
 2448711.000  1370.669    0.0566
 2448712.000  1370.749    0.0566
 2448713.000  1371.049    0.0565
 2448714.000  1371.428    0.0565
 2448715.000  1372.177    0.0564
 2448716.000  1372.357    0.0564
 2448717.000  1372.107    0.0563
 2448718.000  1371.977    0.0563
 2448719.000  1372.106    0.0563
 2448720.000  1372.066    0.0562
 2448721.000  1372.116    0.0562
 2448722.000  1372.135    0.0561
 2448723.000  1372.125    0.0561
 2448724.000  1372.235    0.0560
 2448725.000  1372.204    0.0560
 2448726.000  1372.284    0.0560
 2448727.000  1372.214    0.0559
 2448728.000  1372.213    0.0559
 2448729.000  1372.243    0.0558
 2448730.000  1372.033    0.0558
 2448731.000  1372.033    0.0557
 2448732.000  1372.132    0.0557
 2448733.000  1372.192    0.0556
 2448734.000  1372.271    0.0556
 2448735.000  1371.961    0.0556
 2448736.000  1371.991    0.0555
 2448737.000  1372.001    0.0555
 2448738.000  1372.140    0.0554
 2448739.000  1372.030    0.0554
 2448740.000  1372.400    0.0553
 2448741.000  1372.329    0.0553
 2448742.000  1372.059    0.0552
 2448743.000  1371.909    0.0552
 2448744.000  1371.879    0.0552
 2448745.000  1371.718    0.0551
 2448746.000  1371.828    0.0551
 2448747.000  1371.988    0.0550
 2448748.000  1371.777    0.0550
 2448749.000  1371.837    0.0549
 2448750.000  1371.857    0.0549
 2448751.000  1371.766    0.0548
 2448752.000  1371.726    0.0548
 2448753.000  1371.906    0.0548
 2448754.000  1372.005    0.0547
 2448755.000  1372.365    0.0547
 2448756.000  1372.375    0.0546
 2448757.000  1372.354    0.0546
 2448758.000  1372.394    0.0545
 2448759.000  1372.394    0.0545
 2448760.000  1372.413    0.0544
 2448761.000  1372.523    0.0544
 2448762.000  1372.243    0.0544
 2448763.000  1371.993    0.0543
 2448764.000  1371.603    0.0543
 2448765.000  1371.652    0.0542
 2448766.000  1371.702    0.0542
 2448767.000  1371.702    0.0541
 2448768.000  1371.711    0.0541
 2448769.000  1371.781    0.0540
 2448770.000  1371.811    0.0540
 2448771.000  1372.010    0.0539
 2448772.000  1371.960    0.0539
 2448773.000  1371.950    0.0539
 2448774.000  1371.979    0.0538
 2448775.000  1371.769    0.0538
 2448776.000  1371.719    0.0537
 2448777.000  1371.728    0.0537
 2448778.000  1371.818    0.0536
 2448779.000  1371.688    0.0536
 2448780.000  1371.757    0.0535
 2448781.000  1371.657    0.0535
 2448782.000  1371.837    0.0535
 2448783.000  1371.776    0.0534
 2448784.000  1372.016    0.0534
 2448785.000  1372.276    0.0533
 2448786.000  1372.475    0.0533
 2448787.000  1372.605    0.0532
 2448788.000  1372.515    0.0532
 2448789.000  1371.745    0.0531
 2448790.000  1371.764    0.0531
 2448791.000    -9.000   -9.0000
 2448792.000    -9.000   -9.0000
 2448793.000    -9.000   -9.0000
 2448794.000    -9.000   -9.0000
 2448795.000    -9.000   -9.0000
 2448796.000    -9.000   -9.0000
 2448797.000    -9.000   -9.0000
 2448798.000    -9.000   -9.0000
 2448799.000    -9.000   -9.0000
 2448800.000    -9.000   -9.0000
 2448801.000    -9.000   -9.0000
 2448802.000    -9.000   -9.0000
 2448803.000    -9.000   -9.0000
 2448804.000    -9.000   -9.0000
 2448805.000    -9.000   -9.0000
 2448806.000    -9.000   -9.0000
 2448807.000    -9.000   -9.0000
 2448808.000    -9.000   -9.0000
 2448809.000    -9.000   -9.0000
 2448810.000    -9.000   -9.0000
 2448811.000    -9.000   -9.0000
 2448812.000    -9.000   -9.0000
 2448813.000    -9.000   -9.0000
 2448814.000    -9.000   -9.0000
 2448815.000    -9.000   -9.0000
 2448816.000    -9.000   -9.0000
 2448817.000    -9.000   -9.0000
 2448818.000    -9.000   -9.0000
 2448819.000    -9.000   -9.0000
 2448820.000    -9.000   -9.0000
 2448821.000    -9.000   -9.0000
 2448822.000    -9.000   -9.0000
 2448823.000    -9.000   -9.0000
 2448824.000    -9.000   -9.0000
 2448825.000    -9.000   -9.0000
 2448826.000    -9.000   -9.0000
 2448827.000    -9.000   -9.0000
 2448828.000    -9.000   -9.0000
 2448829.000    -9.000   -9.0000
 2448830.000    -9.000   -9.0000
 2448831.000    -9.000   -9.0000
 2448832.000    -9.000   -9.0000
 2448833.000    -9.000   -9.0000
 2448834.000    -9.000   -9.0000
 2448835.000    -9.000   -9.0000
 2448836.000    -9.000   -9.0000
 2448837.000    -9.000   -9.0000
 2448838.000    -9.000   -9.0000
 2448839.000    -9.000   -9.0000
 2448840.000    -9.000   -9.0000
 2448841.000    -9.000   -9.0000
 2448842.000    -9.000   -9.0000
 2448843.000    -9.000   -9.0000
 2448844.000    -9.000   -9.0000
 2448845.000    -9.000   -9.0000
 2448846.000    -9.000   -9.0000
 2448847.000    -9.000   -9.0000
 2448848.000    -9.000   -9.0000
 2448849.000    -9.000   -9.0000
 2448850.000    -9.000   -9.0000
 2448851.000    -9.000   -9.0000
 2448852.000    -9.000   -9.0000
 2448853.000    -9.000   -9.0000
 2448854.000    -9.000   -9.0000
 2448855.000    -9.000   -9.0000
 2448856.000    -9.000   -9.0000
 2448857.000    -9.000   -9.0000
 2448858.000    -9.000   -9.0000
 2448859.000    -9.000   -9.0000
 2448860.000    -9.000   -9.0000
 2448861.000    -9.000   -9.0000
 2448862.000    -9.000   -9.0000
 2448863.000    -9.000   -9.0000
 2448864.000    -9.000   -9.0000
 2448865.000    -9.000   -9.0000
 2448866.000    -9.000   -9.0000
 2448867.000    -9.000   -9.0000
 2448868.000    -9.000   -9.0000
 2448869.000  1372.147    0.0494
 2448870.000  1372.057    0.0494
 2448871.000  1371.896    0.0493
 2448872.000  1371.446    0.0493
 2448873.000  1371.716    0.0493
 2448874.000  1372.086    0.0492
 2448875.000  1372.195    0.0492
 2448876.000  1372.175    0.0491
 2448877.000  1372.134    0.0491
 2448878.000  1372.024    0.0490
 2448879.000  1372.034    0.0490
 2448880.000  1372.024    0.0489
 2448881.000  1372.063    0.0489
 2448882.000  1371.913    0.0488
 2448883.000  1371.953    0.0488
 2448884.000  1372.152    0.0487
 2448885.000  1372.212    0.0487
 2448886.000  1372.152    0.0486
 2448887.000  1371.812    0.0486
 2448888.000  1371.691    0.0485
 2448889.000  1371.731    0.0485
 2448890.000  1371.751    0.0484
 2448891.000  1371.830    0.0484
 2448892.000  1371.810    0.0484
 2448893.000  1371.590    0.0483
 2448894.000  1371.260    0.0483
 2448895.000  1371.469    0.0482
 2448896.000  1371.499    0.0482
 2448897.000  1371.599    0.0481
 2448898.000  1371.728    0.0481
 2448899.000  1371.798    0.0480
 2448900.000  1371.678    0.0480
 2448901.000  1371.707    0.0479
 2448902.000  1371.647    0.0479
 2448903.000  1371.657    0.0478
 2448904.000  1371.796    0.0478
 2448905.000  1371.806    0.0477
 2448906.000  1371.926    0.0477
 2448907.000  1372.015    0.0476
 2448908.000  1371.985    0.0476
 2448909.000  1371.835    0.0475
 2448910.000  1371.834    0.0475
 2448911.000  1372.064    0.0474
 2448912.000  1371.834    0.0474
 2448913.000  1371.774    0.0474
 2448914.000  1371.823    0.0473
 2448915.000  1371.253    0.0473
 2448916.000  1370.903    0.0472
 2448917.000  1370.513    0.0472
 2448918.000  1370.513    0.0471
 2448919.000  1370.712    0.0471
 2448920.000  1370.982    0.0470
 2448921.000  1370.842    0.0470
 2448922.000  1370.721    0.0469
 2448923.000  1370.531    0.0469
 2448924.000  1370.571    0.0468
 2448925.000  1370.780    0.0468
 2448926.000  1371.030    0.0467
 2448927.000  1371.399    0.0467
 2448928.000  1371.589    0.0466
 2448929.000  1371.669    0.0466
 2448930.000  1371.618    0.0465
 2448931.000  1371.488    0.0465
 2448932.000  1371.298    0.0464
 2448933.000  1371.288    0.0464
 2448934.000  1371.317    0.0463
 2448935.000  1371.287    0.0463
 2448936.000  1371.037    0.0462
 2448937.000  1370.967    0.0462
 2448938.000  1371.416    0.0461
 2448939.000  1371.606    0.0461
 2448940.000  1371.625    0.0461
 2448941.000  1371.675    0.0460
 2448942.000  1371.805    0.0460
 2448943.000  1372.064    0.0459
 2448944.000  1372.004    0.0459
 2448945.000  1372.054    0.0458
 2448946.000  1371.853    0.0458
 2448947.000  1371.813    0.0457
 2448948.000  1371.913    0.0457
 2448949.000  1371.703    0.0456
 2448950.000  1371.592    0.0456
 2448951.000  1371.762    0.0455
 2448952.000  1371.971    0.0455
 2448953.000  1372.021    0.0454
 2448954.000  1371.921    0.0454
 2448955.000  1371.521    0.0453
 2448956.000  1371.141    0.0453
 2448957.000  1371.160    0.0452
 2448958.000  1371.170    0.0452
 2448959.000  1371.410    0.0451
 2448960.000  1371.589    0.0451
 2448961.000  1371.719    0.0450
 2448962.000  1371.549    0.0450
 2448963.000  1371.538    0.0449
 2448964.000  1371.668    0.0449
 2448965.000  1371.688    0.0448
 2448966.000  1371.817    0.0448
 2448967.000  1371.597    0.0447
 2448968.000  1371.207    0.0447
 2448969.000  1371.027    0.0446
 2448970.000  1371.226    0.0446
 2448971.000  1371.516    0.0445
 2448972.000  1372.065    0.0445
 2448973.000  1372.405    0.0444
 2448974.000  1372.344    0.0444
 2448975.000  1372.454    0.0443
 2448976.000  1372.314    0.0443
 2448977.000  1372.244    0.0442
 2448978.000  1372.413    0.0442
 2448979.000  1372.653    0.0441
 2448980.000  1372.612    0.0441
 2448981.000  1372.482    0.0440
 2448982.000  1372.322    0.0440
 2448983.000  1372.082    0.0440
 2448984.000  1372.171    0.0439
 2448985.000  1372.321    0.0439
 2448986.000  1372.061    0.0438
 2448987.000  1371.931    0.0438
 2448988.000  1372.060    0.0437
 2448989.000    -9.000   -9.0000
 2448990.000    -9.000   -9.0000
 2448991.000  1372.099    0.0436
 2448992.000  1372.019    0.0435
 2448993.000  1371.809    0.0435
 2448994.000  1371.799    0.0434
 2448995.000  1371.708    0.0434
 2448996.000  1371.828    0.0433
 2448997.000  1372.088    0.0433
 2448998.000  1372.287    0.0432
 2448999.000  1372.407    0.0432
 2449000.000  1372.226    0.0431
 2449001.000  1372.236    0.0431
 2449002.000  1372.296    0.0430
 2449003.000  1372.485    0.0430
 2449004.000  1372.185    0.0429
 2449005.000  1372.185    0.0429
 2449006.000  1372.105    0.0428
 2449007.000  1371.974    0.0428
 2449008.000  1372.124    0.0427
 2449009.000  1371.924    0.0427
 2449010.000  1372.093    0.0426
 2449011.000  1372.253    0.0426
 2449012.000  1372.033    0.0425
