 1991.76057400 1363.489 0.015 4295 911004
 1991.76300400 1364.022 0.015 4296 911005
 1991.76572900 1364.659 0.015 4297 911006
 1991.76819200 1365.151 0.014 4298 911007
 1991.77105300 1365.241 0.015 4299 911008
 1991.77393300 1365.571 0.014 4300 911009
 1991.77630400 1365.547 0.015 4301 911010
 1991.77943800 1365.581 0.015 4302 911011
 1991.78198200 1365.284 0.014 4303 911012
 1991.78493400 1365.185 0.014 4304 911013
 1991.78770000 1365.096 0.015 4305 911014
 1991.79027200 1365.053 0.015 4306 911015
 1991.79318300 1365.132 0.014 4307 911016
 1991.79592700 1365.313 0.015 4308 911017
 1991.79866800 1365.489 0.014 4309 911018
 1991.80141400 1365.618 0.015 4310 911019
 1991.80415400 1365.473 0.015 4311 911020
 1991.80707900 1365.365 0.014 4312 911021
 1991.80962100 1365.278 0.015 4313 911022
 1991.81232900 1364.882 0.014 4314 911023
 1991.81507800 1364.183 0.015 4315 911024
 1991.81779800 1363.567 0.015 4316 911025
 1991.82051800 1362.993 0.014 4317 911026
 1991.82325700 1362.579 0.015 4318 911027
 1991.82599000 1362.502 0.015 4319 911028
 1991.82871600 1362.744 0.014 4320 911029
 1991.83146200 1363.142 0.015 4321 911030
 1991.83408900 1363.760 0.015 4322 911031
 1991.83699300 1364.649 0.015 4323 911101
 1991.83985700 1365.481 0.015 4324 911102
 1991.84161500 1365.587 0.015 4325 911103
 1991.84540500 1365.474 0.015 4326 911104
 1991.84786200 1365.160 0.014 4327 911105
 1991.85067000 1364.995 0.014 4328 911106
 1991.85339500 1365.146 0.015 4329 911107
 1991.85613600 1365.190 0.014 4330 911108
 1991.85890000 1365.279 0.015 4331 911109
 1991.86162400 1365.249 0.015 4332 911110
 1991.86435000 1364.852 0.015 4333 911111
 1991.86710900 1364.730 0.014 4334 911112
 1991.86985200 1364.881 0.014 4335 911113
 1991.87261200 1365.042 0.015 4336 911114
 1991.87535800 1365.266 0.014 4337 911115
 1991.87810600 1365.348 0.014 4338 911116
 1991.88085000 1365.421 0.015 4339 911117
 1991.88359200 1365.553 0.015 4340 911118
 1991.88633700 1365.564 0.015 4341 911119
 1991.88910200 1365.584 0.014 4342 911120
 1991.89182600 1365.482 0.015 4343 911121
 1991.89456600 1365.438 0.014 4344 911122
 1991.89728600 1365.304 0.014 4345 911123
 1991.90001900 1365.272 0.015 4346 911124
 1991.90274900 1365.235 0.015 4347 911125
 1991.90545600 1365.081 0.015 4348 911126
 1991.90818500 1365.127 0.015 4349 911127
 1991.91091900 1365.077 0.015 4350 911128
 1991.91366400 1365.055 0.015 4351 911129
 1991.91644500 1365.053 0.015 4352 911130
 1991.91914600 1365.048 0.015 4353 911201
 1991.92188900 1365.191 0.015 4354 911202
 1991.92454900 1365.165 0.015 4355 911203
 1991.92734800 1365.129 0.015 4356 911204
 1991.93016000 1364.844 0.015 4357 911205
 1991.93290800 1364.778 0.015 4358 911206
 1991.93566500 1364.653 0.015 4359 911207
 1991.93841600 1364.613 0.015 4360 911208
 1991.94114500 1364.119 0.015 4361 911209
 1991.94388600 1363.957 0.014 4362 911210
 1991.94661300 1364.185 0.015 4363 911211
 1991.94934700 1364.380 0.015 4364 911212
 1991.95209800 1364.457 0.015 4365 911213
 1991.95483600 1364.325 0.015 4366 911214
 1991.95757900 1363.643 0.009 4367 911215
 1991.96026500 1364.110 0.009 4368 911216
 1991.96298400 1364.481 0.009 4369 911217
 1991.96573600 1364.799 0.009 4370 911218
 1991.96847400 1364.883 0.009 4371 911219
 1991.97116500 1364.631 0.009 4372 911220
 1991.97397300 1364.425 0.010 4373 911221
 1991.97670200 1363.982 0.010 4374 911222
 1991.97947600 1363.783 0.010 4375 911223
 1991.98222500 1363.734 0.011 4376 911224
 1991.98497900 1363.484 0.011 4377 911225
 1991.98750600 1363.200 0.011 4378 911226
 1991.99043800 1362.867 0.010 4379 911227
 1991.99318100 1362.906 0.010 4380 911228
 1991.99590500 1363.048 0.010 4381 911229
 1991.99863700 1363.741 0.009 4382 911230
 1992.00136400 1364.352 0.009 4383 911231
 1992.00411400 1364.740 0.009 4384 920101
 1992.00683700 1364.906 0.009 4385 920102
 1992.00954200 1364.571 0.009 4386 920103
 1992.01225700 1364.367 0.009 4387 920104
 1992.01500600 1364.147 0.009 4388 920105
 1992.01769600 1363.993 0.009 4389 920106
 1992.02045600 1364.042 0.009 4390 920107
 1992.02317900 1364.332 0.009 4391 920108
 1992.02590800 1364.635 0.009 4392 920109
 1992.02874500 1364.925 0.009 4393 920110
 1992.03139700 1365.200 0.009 4394 920111
 1992.03413200 1365.439 0.009 4395 920112
 1992.03686600 1365.452 0.009 4396 920113
 1992.03877100 1365.124 0.010 4397 920114
 1992.04230300 1365.439 0.009 4398 920115
 1992.04513000 1365.383 0.008 4399 920116
 1992.04779400 1365.395 0.008 4400 920117
 1992.05053300 1365.471 0.009 4401 920118
 1992.05325300 1365.583 0.008 4402 920119
 1992.05598900 1365.546 0.008 4403 920120
 1992.05871800 1365.580 0.009 4404 920121
 1992.06146400 1365.568 0.009 4405 920122
 1992.06420400 1365.432 0.008 4406 920123
 1992.06694600 1365.289 0.009 4407 920124
 1992.06971100 1365.267 0.009 4408 920125
 1992.07242900 1365.080 0.009 4409 920126
 1992.07517100 1364.572 0.009 4410 920127
 1992.07790500 1364.300 0.009 4411 920128
 1992.08064500 1364.162 0.009 4412 920129
 1992.08338500 1363.890 0.009 4413 920130
 1992.08611400 1363.846 0.008 4414 920131
 1992.08888200 1364.204 0.009 4415 920201
 1992.09157300 1364.346 0.008 4416 920202
 1992.09430200 1364.302 0.008 4417 920203
 1992.09698500 1364.660 0.009 4418 920204
 1992.09970100 1364.859 0.009 4419 920205
 1992.10241600 1365.051 0.009 4420 920206
 1992.10516600 1365.291 0.009 4421 920207
 1992.10786200 1365.471 0.009 4422 920208
 1992.11061400 1365.424 0.008 4423 920209
 1992.11335600 1364.972 0.009 4424 920210
 1992.11610700 1364.793 0.009 4425 920211
 1992.11883800 1364.794 0.009 4426 920212
 1992.12156400 1364.898 0.008 4427 920213
 1992.12352100 1364.983 0.009 4428 920214
 1992.12710000 1364.720 0.009 4429 920215
 1992.12984800 1364.874 0.009 4430 920216
 1992.13256700 1365.159 0.009 4431 920217
 1992.13530300 1365.392 0.009 4432 920218
 1992.13802500 1365.741 0.009 4433 920219
 1992.14073300 1365.821 0.009 4434 920220
 1992.14344100 1365.580 0.009 4435 920221
 1992.14616000 1365.158 0.009 4436 920222
 1992.14889800 1364.752 0.009 4437 920223
 1992.15163700 1364.403 0.009 4438 920224
 1992.15434600 1364.050 0.009 4439 920225
 1992.15706200 1364.156 0.009 4440 920226
 1992.15979400 1364.319 0.009 4441 920227
 1992.16253300 1364.722 0.009 4442 920228
 1992.16528400 1365.250 0.009 4443 920229
 1992.16798400 1365.589 0.010 4444 920301
 1992.17074400 1365.918 0.009 4445 920302
 1992.17386800 1365.919 0.009 4446 920303
 1992.17625100 1365.765 0.009 4447 920304
 1992.17899700 1365.635 0.009 4448 920305
 1992.18172500 1365.572 0.009 4449 920306
 1992.18445900 1365.580 0.009 4450 920307
 1992.18718900 1365.518 0.009 4451 920308
 1992.18992100 1365.392 0.009 4452 920309
 1992.19265400 1365.391 0.009 4453 920310
 1992.19539500 1365.514 0.009 4454 920311
 1992.19810600 1365.645 0.009 4455 920312
 1992.20082500 1365.577 0.009 4456 920313
 1992.20358000 1365.411 0.009 4457 920314
 1992.20628100 1365.309 0.009 4458 920315
 1992.20900400 1365.442 0.009 4459 920316
 1992.21098900 1365.597 0.009 4460 920317
 1992.21505900 1365.823 0.008 4461 920318
 1992.21718800 1365.834 0.009 4462 920319
 1992.21990800 1365.786 0.009 4463 920320
 1992.22264300 1365.703 0.009 4464 920321
 1992.22536000 1365.544 0.009 4465 920322
 1992.22728000 1365.563 0.009 4466 920323
 1992.23090200 1365.649 0.009 4467 920324
 1992.23364600 1365.439 0.009 4468 920325
 1992.23629300 1365.140 0.009 4469 920326
 1992.23902000 1364.716 0.009 4470 920327
 1992.24176300 1364.278 0.009 4471 920328
 1992.24449000 1363.745 0.009 4472 920329
 1992.24722900 1363.804 0.009 4473 920330
 1992.24998900 1364.141 0.008 4474 920331
 1992.25270200 1364.603 0.009 4475 920401
 1992.25545000 1365.136 0.009 4476 920402
 1992.25820800 1365.280 0.009 4477 920403
 1992.26095100 1365.111 0.009 4478 920404
 1992.26367600 1364.969 0.009 4479 920405
 1992.26640100 1364.946 0.009 4480 920406
 1992.26913700 1364.986 0.009 4481 920407
 1992.27178300 1365.061 0.008 4482 920408
 1992.27463900 1365.113 0.009 4483 920409
 1992.27737400 1365.166 0.009 4484 920410
 1992.28010400 1365.120 0.009 4485 920411
 1992.28282600 1365.143 0.009 4486 920412
 1992.28553500 1365.118 0.009 4487 920413
 1992.28826000 1365.139 0.009 4488 920414
 1992.29096900 1365.248 0.009 4489 920415
 1992.29375500 1365.334 0.009 4490 920416
 1992.29642900 1365.149 0.009 4491 920417
 1992.29917700 1365.051 0.009 4492 920418
 1992.30187100 1365.256 0.009 4493 920419
 1992.30461000 1365.273 0.008 4494 920420
 1992.30735100 1365.392 0.009 4495 920421
 1992.31009700 1365.209 0.009 4496 920422
 1992.31282900 1365.251 0.008 4497 920423
 1992.31556500 1365.318 0.008 4498 920424
 1992.31827300 1365.359 0.009 4499 920425
 1992.32105000 1365.360 0.009 4500 920426
 1992.32379900 1365.366 0.008 4501 920427
 1992.32654500 1365.464 0.009 4502 920428
 1992.32929200 1365.289 0.009 4503 920429
 1992.33196100 1365.071 0.009 4504 920430
 1992.33476200 1364.966 0.009 4505 920501
 1992.33740400 1364.869 0.009 4506 920502
 1992.34012000 1364.992 0.009 4507 920503
 1992.34285700 1364.976 0.009 4508 920504
 1992.34557800 1364.918 0.009 4509 920505
 1992.34832300 1364.825 0.009 4510 920506
 1992.35114600 1364.814 0.009 4511 920507
 1992.35379500 1364.742 0.009 4512 920508
 1992.35654500 1364.714 0.009 4513 920509
 1992.35927100 1364.806 0.009 4514 920510
 1992.36201600 1365.025 0.009 4515 920511
 1992.36476900 1365.214 0.009 4516 920512
 1992.36751000 1365.389 0.009 4517 920513
 1992.37024600 1365.358 0.009 4518 920514
 1992.37298600 1365.363 0.009 4519 920515
 1992.37574100 1365.461 0.009 4520 920516
 1992.37846700 1365.580 0.009 4521 920517
 1992.38119200 1365.614 0.009 4522 920518
 1992.38392700 1365.405 0.009 4523 920519
 1992.38666500 1365.124 0.009 4524 920520
 1992.38937500 1364.903 0.009 4525 920521
 1992.39208600 1364.738 0.009 4526 920522
 1992.39481300 1364.731 0.009 4527 920523
 1992.39752900 1364.808 0.009 4528 920524
 1992.40025100 1364.905 0.009 4529 920525
 1992.40298000 1364.898 0.009 4530 920526
 1992.40570300 1365.017 0.009 4531 920527
 1992.40840700 1365.018 0.009 4532 920528
 1992.41113700 1364.958 0.009 4533 920529
 1992.41391000 1364.902 0.009 4534 920530
 1992.41665400 1364.820 0.009 4535 920531
 1992.41846900 1364.808 0.009 4536 920601
 1992.42201900 1364.700 0.009 4537 920602
 1992.55888400 1364.724 0.009 4587 920722
 1992.56152300 1364.565 0.009 4588 920723
 1992.56425100 1364.435 0.009 4589 920724
 1992.56699700 1364.383 0.009 4590 920725
 1992.56968700 1364.420 0.010 4591 920726
 1992.57240600 1364.395 0.009 4592 920727
 1992.57511400 1364.246 0.009 4593 920728
 1992.57784200 1364.257 0.009 4594 920729
 1992.58056800 1364.233 0.009 4595 920730
 1992.58329000 1364.242 0.009 4596 920731
 1992.58606500 1364.378 0.009 4597 920801
 1992.58876200 1364.416 0.009 4598 920802
 1992.59150700 1364.493 0.009 4599 920803
 1992.59424100 1364.620 0.009 4600 920804
 1992.59697900 1364.784 0.009 4601 920805
 1992.59972000 1364.698 0.009 4602 920806
 1992.60245200 1364.530 0.009 4603 920807
 1992.60520000 1364.655 0.009 4604 920808
 1992.60792600 1364.844 0.009 4605 920809
 1992.61067200 1365.030 0.009 4606 920810
 1992.61341900 1365.042 0.009 4607 920811
 1992.61616400 1364.978 0.009 4608 920812
 1992.61872500 1364.844 0.009 4609 920813
 1992.62162100 1364.472 0.009 4610 920814
 1992.62442200 1364.264 0.008 4611 920815
 1992.62706600 1363.997 0.008 4612 920816
 1992.62979500 1363.753 0.008 4613 920817
 1992.63254300 1363.578 0.009 4614 920818
 1992.63527800 1363.359 0.009 4615 920819
 1992.63802700 1363.379 0.008 4616 920820
 1992.64077500 1363.844 0.009 4617 920821
 1992.64351700 1364.283 0.009 4618 920822
 1992.64621300 1364.571 0.009 4619 920823
 1992.64893300 1364.678 0.009 4620 920824
 1992.65164000 1364.655 0.009 4621 920825
 1992.65437500 1364.591 0.009 4622 920826
 1992.65709400 1364.549 0.009 4623 920827
 1992.65981600 1364.532 0.009 4624 920828
 1992.66256500 1364.686 0.009 4625 920829
 1992.66526500 1364.704 0.009 4626 920830
 1992.66800000 1364.725 0.009 4627 920831
 1992.67072600 1364.699 0.009 4628 920901
 1992.67347700 1364.588 0.009 4629 920902
 1992.67622000 1364.603 0.009 4630 920903
 1992.67895500 1364.581 0.009 4631 920904
 1992.68166600 1364.436 0.009 4632 920905
 1992.68444400 1364.268 0.009 4633 920906
 1992.68718800 1364.469 0.009 4634 920907
 1992.68993100 1364.826 0.009 4635 920908
 1992.69267000 1364.869 0.009 4636 920909
 1992.69540000 1364.776 0.009 4637 920910
 1992.69812900 1364.728 0.009 4638 920911
 1992.70052300 1364.673 0.009 4639 920912
 1992.70629000 1364.655 0.009 4641 920914
 1992.70900200 1364.664 0.009 4642 920915
 1992.71170200 1364.498 0.009 4643 920916
 1992.71441900 1364.616 0.008 4644 920917
 1992.71988200 1364.852 0.009 4646 920919
 1992.72257000 1364.804 0.009 4647 920920
 1992.72552300 1364.399 0.009 4648 920921
 1992.72821900 1364.352 0.009 4649 920922
 1992.73089300 1364.323 0.009 4650 920923
 1992.73363500 1364.440 0.009 4651 920924
 1992.73637900 1364.423 0.009 4652 920925
 1992.73913500 1364.525 0.009 4653 920926
 1992.74184800 1364.323 0.009 4654 920927
 1992.74457900 1364.109 0.009 4655 920928
 1992.74731200 1364.138 0.009 4656 920929
 1992.75003100 1364.188 0.009 4657 920930
 1992.75274500 1364.298 0.009 4658 921001
 1992.75546500 1364.449 0.009 4659 921002
 1992.75819300 1364.477 0.009 4660 921003
 1992.76091500 1364.551 0.009 4661 921004
 1992.76363700 1364.421 0.009 4662 921005
 1992.76635300 1364.291 0.009 4663 921006
 1992.76909200 1364.352 0.010 4664 921007
 1992.77184400 1364.423 0.009 4665 921008
 1992.77458400 1364.583 0.009 4666 921009
 1992.78152800 1364.639 0.010 4669 921012
 1992.78501200 1364.611 0.009 4670 921013
 1992.78737300 1364.642 0.009 4671 921014
 1992.79103900 1364.557 0.009 4672 921015
 1992.79376300 1364.509 0.009 4673 921016
 1992.79648000 1364.446 0.009 4674 921017
 1992.79920600 1364.385 0.009 4675 921018
 1992.80194700 1364.042 0.009 4676 921019
 1992.80468200 1363.666 0.009 4677 921020
 1992.80738900 1363.419 0.009 4678 921021
 1992.81009100 1363.383 0.009 4679 921022
 1992.81282100 1363.596 0.009 4680 921023
 1992.81558200 1363.710 0.009 4681 921024
 1992.81828900 1363.554 0.009 4682 921025
 1992.82101300 1363.474 0.009 4683 921026
 1992.82372100 1363.494 0.009 4684 921027
 1992.82644500 1363.536 0.009 4685 921028
 1992.82881900 1363.713 0.009 4686 921029
 1992.83196400 1363.958 0.009 4687 921030
 1992.83470900 1364.201 0.008 4688 921031
 1992.83739600 1364.418 0.009 4689 921101
 1992.84013700 1364.497 0.008 4690 921102
 1992.84285600 1364.503 0.008 4691 921103
 1992.84559500 1364.359 0.009 4692 921104
 1992.84833000 1364.292 0.009 4693 921105
 1992.85107000 1364.249 0.008 4694 921106
 1992.85383200 1364.113 0.008 4695 921107
 1992.85655400 1364.017 0.008 4696 921108
 1992.85928700 1363.874 0.009 4697 921109
 1992.86202400 1363.931 0.009 4698 921110
 1992.86476300 1364.210 0.009 4699 921111
 1992.86751400 1364.437 0.009 4700 921112
 1992.87024300 1364.517 0.008 4701 921113
 1992.87301800 1364.588 0.008 4702 921114
 1992.87572900 1364.748 0.009 4703 921115
 1992.87846300 1364.895 0.009 4704 921116
 1992.88119700 1364.945 0.008 4705 921117
 1992.88392700 1364.814 0.009 4706 921118
 1992.88665500 1364.706 0.009 4707 921119
 1992.88937600 1364.642 0.008 4708 921120
 1992.89214700 1364.491 0.008 4709 921121
 1992.89481800 1364.411 0.008 4710 921122
 1992.89754100 1364.365 0.008 4711 921123
 1992.90026300 1364.481 0.009 4712 921124
 1992.90298200 1364.611 0.008 4713 921125
 1992.90570100 1364.634 0.008 4714 921126
 1992.90840500 1364.535 0.008 4715 921127
 1992.91103400 1364.344 0.009 4716 921128
 1992.91391600 1364.277 0.009 4717 921129
 1992.91667800 1364.118 0.009 4718 921130
 1992.91942400 1364.216 0.009 4719 921201
 1992.92214800 1364.422 0.009 4720 921202
 1992.92491000 1364.601 0.009 4721 921203
 1992.92767000 1364.617 0.009 4722 921204
 1992.93040300 1364.452 0.009 4723 921205
 1992.93308900 1364.436 0.009 4724 921206
 1992.93583400 1364.436 0.009 4725 921207
 1992.93855900 1364.625 0.009 4726 921208
 1992.94127700 1364.567 0.009 4727 921209
 1992.94400200 1364.218 0.009 4728 921210
 1992.94673900 1363.936 0.009 4729 921211
 1992.94949700 1363.742 0.009 4730 921212
 1992.95216000 1363.864 0.009 4731 921213
 1992.95487500 1364.213 0.009 4732 921214
 1992.95761500 1364.591 0.009 4733 921215
 1992.96034200 1364.963 0.009 4734 921216
 1992.96309100 1364.961 0.009 4735 921217
 1992.96582100 1364.883 0.009 4736 921218
 1992.96860200 1364.845 0.011 4737 921219
 1992.97134700 1364.837 0.009 4738 921220
 1992.97409900 1364.817 0.010 4739 921221
 1992.97683100 1364.767 0.010 4740 921222
 1992.97954800 1364.747 0.009 4741 921223
 1992.98228300 1364.731 0.009 4742 921224
 1992.98506000 1364.571 0.009 4743 921225
 1992.98773200 1364.393 0.009 4744 921226
 1992.99047000 1364.273 0.009 4745 921227
 1992.99315800 1364.216 0.009 4746 921228
 1992.99588400 1364.407 0.009 4747 921229
 1992.99864700 1364.395 0.009 4748 921230
 1993.00133900 1364.436 0.009 4749 921231
 1993.00408600 1364.428 0.008 4750 930101
 1993.00682400 1364.460 0.009 4751 930102
 1993.00953000 1364.346 0.009 4752 930103
 1993.01231400 1364.268 0.008 4753 930104
 1993.01501800 1364.273 0.009 4754 930105
 1993.01776100 1364.297 0.009 4755 930106
 1993.02053400 1364.348 0.009 4756 930107
 1993.02324700 1364.533 0.009 4757 930108
 1993.02519100 1364.668 0.009 4758 930109
 1993.02867800 1364.864 0.008 4759 930110
 1993.03152100 1364.904 0.008 4760 930111
 1993.03421200 1364.843 0.008 4761 930112
 1993.03694500 1364.733 0.008 4762 930113
 1993.03966900 1364.627 0.008 4763 930114
 1993.04243100 1364.722 0.009 4764 930115
 1993.04518600 1364.667 0.008 4765 930116
 1993.04791800 1364.571 0.008 4766 930117
 1993.05066500 1364.581 0.008 4767 930118
 1993.05341300 1364.577 0.008 4768 930119
 1993.05616900 1364.650 0.009 4769 930120
 1993.05892100 1364.623 0.009 4770 930121
 1993.06167000 1364.574 0.008 4771 930122
 1993.06445300 1364.674 0.008 4772 930123
 1993.06715800 1364.691 0.009 4773 930124
 1993.06990300 1364.695 0.009 4774 930125
 1993.07265400 1364.692 0.009 4775 930126
 1993.07538600 1364.667 0.008 4776 930127
 1993.07812800 1364.756 0.008 4777 930128
 1993.08087700 1364.823 0.009 4778 930129
 1993.08360500 1364.759 0.009 4779 930130
 1993.08628900 1364.701 0.008 4780 930131
 1993.08907200 1364.652 0.009 4781 930201
 1993.09176000 1364.560 0.008 4782 930202
 1993.09449500 1364.541 0.008 4783 930203
 1993.09723800 1364.169 0.008 4784 930204
 1993.10002000 1363.801 0.008 4785 930205
 1993.10275700 1363.646 0.008 4786 930206
 1993.10544900 1363.368 0.009 4787 930207
 1993.10811200 1363.085 0.008 4788 930208
 1993.11086800 1363.169 0.009 4789 930209
 1993.11371800 1363.149 0.009 4790 930210
 1993.11647400 1363.454 0.009 4791 930211
 1993.11923100 1363.801 0.009 4792 930212
 1993.12196000 1364.205 0.009 4793 930213
 1993.12472600 1364.392 0.009 4794 930214
 1993.12746000 1364.623 0.009 4795 930215
 1993.13016300 1364.645 0.009 4796 930216
 1993.13289200 1364.436 0.009 4797 930217
 1993.13562200 1364.407 0.009 4798 930218
 1993.13833500 1364.463 0.009 4799 930219
 1993.14106000 1364.353 0.009 4800 930220
 1993.14385300 1364.230 0.009 4801 930221
 1993.14653800 1364.007 0.009 4802 930222
 1993.14928000 1363.881 0.009 4803 930223
 1993.15201800 1363.978 0.010 4804 930224
 1993.15480800 1364.249 0.009 4805 930225
 1993.15752500 1364.305 0.009 4806 930226
 1993.16029700 1364.272 0.009 4807 930227
 1993.16298400 1364.336 0.009 4808 930228
 1993.16577600 1364.167 0.009 4809 930301
 1993.16852800 1364.171 0.009 4810 930302
 1993.17126900 1364.282 0.009 4811 930303
 1993.17401400 1364.170 0.009 4812 930304
 1993.17676000 1364.172 0.009 4813 930305
 1993.17952200 1364.151 0.009 4814 930306
 1993.18223500 1363.841 0.009 4815 930307
 1993.18494300 1363.536 0.009 4816 930308
 1993.18769200 1363.616 0.009 4817 930309
 1993.19043900 1363.830 0.009 4818 930310
 1993.19309900 1364.252 0.009 4819 930311
 1993.19589100 1364.564 0.009 4820 930312
 1993.19860500 1364.697 0.009 4821 930313
 1993.20132000 1364.758 0.009 4822 930314
 1993.20353800 1364.697 0.009 4823 930315
 1993.20707700 1364.688 0.008 4824 930316
 1993.20952200 1364.691 0.009 4825 930317
 1993.21231000 1364.675 0.009 4826 930318
 1993.21423600 1364.661 0.008 4827 930319
 1993.21772300 1364.609 0.009 4828 930320
 1993.22054500 1364.659 0.009 4829 930321
 1993.22324600 1364.543 0.008 4830 930322
 1993.22598300 1364.486 0.009 4831 930323
 1993.22872800 1364.577 0.009 4832 930324
 1993.23148500 1364.716 0.008 4833 930325
 1993.23422600 1364.836 0.009 4834 930326
 1993.23698000 1364.789 0.009 4835 930327
 1993.23956400 1364.619 0.009 4836 930328
 1993.24245500 1364.608 0.008 4837 930329
 1993.24518900 1364.627 0.009 4838 930330
 1993.24793300 1364.609 0.009 4839 930331
 1993.25071600 1364.434 0.009 4840 930401
 1993.25345700 1364.402 0.009 4841 930402
 1993.25622900 1364.388 0.009 4842 930403
 1993.25894000 1364.320 0.009 4843 930404
 1993.26140100 1364.289 0.009 4844 930405
 1993.26498500 1364.052 0.008 4845 930406
 1993.26716800 1364.044 0.009 4846 930407
 1993.26990100 1364.146 0.009 4847 930408
 1993.27264100 1364.217 0.009 4848 930409
 1993.27537900 1364.419 0.009 4849 930410
 1993.27807500 1364.535 0.008 4850 930411
 1993.28079000 1364.587 0.009 4851 930412
 1993.28352900 1364.616 0.009 4852 930413
 1993.28625300 1364.601 0.009 4853 930414
 1993.28899000 1364.634 0.009 4854 930415
 1993.29113300 1364.568 0.009 4855 930416
 1993.29421100 1364.880 0.011 4856 930417
 1993.29703800 1364.780 0.011 4857 930418
 1993.29979000 1364.845 0.011 4858 930419
 1993.30282400 1364.643 0.009 4859 930420
 1993.30549700 1364.357 0.008 4860 930421
 1993.30823200 1364.494 0.008 4861 930422
 1993.31095700 1364.610 0.008 4862 930423
 1993.31368200 1364.659 0.008 4863 930424
 1993.31645800 1364.877 0.008 4864 930425
 1993.31865200 1365.050 0.009 4865 930426
 1993.32192000 1365.057 0.009 4866 930427
 1993.32463100 1365.058 0.009 4867 930428
 1993.32736800 1365.052 0.009 4868 930429
 1993.33009700 1364.910 0.009 4869 930430
 1993.33286500 1364.862 0.009 4870 930501
 1993.33555300 1364.830 0.009 4871 930502
 1993.33829700 1364.761 0.009 4872 930503
 1993.34102500 1364.828 0.009 4873 930504
 1993.34378700 1364.784 0.009 4874 930505
 1993.34654300 1364.604 0.009 4875 930506
 1993.34929300 1364.161 0.009 4876 930507
 1993.35207100 1363.780 0.009 4877 930508
 1993.35479300 1363.503 0.009 4878 930509
 1993.35753900 1363.366 0.009 4879 930510
 1993.36029000 1363.610 0.009 4880 930511
 1993.36304200 1364.004 0.009 4881 930512
 1993.36578700 1364.179 0.009 4882 930513
 1993.36853400 1364.476 0.009 4883 930514
 1993.37131000 1364.453 0.009 4884 930515
 1993.37402400 1364.445 0.009 4885 930516
 1993.37676000 1364.411 0.009 4886 930517
 1993.37950500 1364.436 0.009 4887 930518
 1993.38223600 1364.529 0.009 4888 930519
 1993.38497300 1364.628 0.009 4889 930520
 1993.38768800 1364.687 0.009 4890 930521
 1993.39039700 1364.648 0.009 4891 930522
 1993.39310500 1364.666 0.009 4892 930523
 1993.39585700 1364.736 0.009 4893 930524
 1993.39860200 1364.769 0.009 4894 930525
 1993.40133000 1364.760 0.009 4895 930526
 1993.40405000 1364.704 0.009 4896 930527
 1993.40638300 1364.504 0.009 4897 930528
 1993.40966700 1364.418 0.009 4898 930529
 1993.41230900 1364.228 0.008 4899 930530
 1993.41506000 1364.161 0.009 4900 930531
 1993.41776500 1364.321 0.009 4901 930601
 1993.42050000 1364.318 0.009 4902 930602
 1993.42327000 1364.314 0.009 4903 930603
 1993.42597300 1364.477 0.009 4904 930604
 1993.42875000 1364.493 0.009 4905 930605
 1993.43151300 1364.267 0.009 4906 930606
 1993.43422600 1364.323 0.009 4907 930607
 1993.43695900 1364.362 0.009 4908 930608
 1993.43972000 1364.441 0.009 4909 930609
 1993.44246700 1364.393 0.009 4910 930610
 1993.44518200 1364.454 0.009 4911 930611
 1993.44795700 1364.379 0.009 4912 930612
 1993.45065500 1364.283 0.009 4913 930613
 1993.45341300 1364.233 0.009 4914 930614
 1993.45616900 1364.235 0.010 4915 930615
 1993.45890500 1364.253 0.010 4916 930616
 1993.46166900 1364.246 0.010 4917 930617
 1993.46442300 1364.321 0.011 4918 930618
 1993.46722600 1364.427 0.012 4919 930619
 1993.46992900 1364.401 0.011 4920 930620
 1993.47260600 1364.459 0.010 4921 930621
 1993.47532500 1364.535 0.010 4922 930622
 1993.47808300 1364.539 0.009 4923 930623
 1993.48078300 1364.453 0.009 4924 930624
 1993.48352500 1364.494 0.009 4925 930625
 1993.48625800 1364.590 0.008 4926 930626
 1993.48901600 1364.606 0.009 4927 930627
 1993.49177600 1364.460 0.009 4928 930628
 1993.49452800 1364.388 0.009 4929 930629
 1993.49726200 1364.268 0.008 4930 930630
 1993.49999600 1364.337 0.009 4931 930701
 1993.50273900 1364.449 0.009 4932 930702
 1993.50555900 1364.412 0.008 4933 930703
 1993.50825300 1364.588 0.008 4934 930704
 1993.51098300 1364.689 0.008 4935 930705
 1993.51373000 1364.734 0.009 4936 930706
 1993.51648600 1364.641 0.009 4937 930707
 1993.51860000 1364.509 0.008 4938 930708
 1993.52190700 1364.122 0.009 4939 930709
 1993.52465800 1364.078 0.009 4940 930710
 1993.52736900 1364.103 0.009 4941 930711
 1993.53008900 1364.181 0.009 4942 930712
 1993.53281000 1364.123 0.009 4943 930713
 1993.53556500 1364.120 0.009 4944 930714
 1993.53832000 1364.084 0.009 4945 930715
 1993.54107700 1364.250 0.009 4946 930716
 1993.54386200 1364.396 0.009 4947 930717
 1993.54657800 1364.434 0.009 4948 930718
 1993.54932100 1364.476 0.009 4949 930719
 1993.55205500 1364.430 0.009 4950 930720
 1993.55480800 1364.277 0.009 4951 930721
 1993.55755600 1364.423 0.009 4952 930722
 1993.56030300 1364.540 0.009 4953 930723
 1993.56309300 1364.705 0.009 4954 930724
 1993.56579900 1364.672 0.009 4955 930725
 1993.56854600 1364.706 0.009 4956 930726
 1993.57127600 1364.617 0.009 4957 930727
 1993.57401600 1364.564 0.009 4958 930728
 1993.57675600 1364.509 0.009 4959 930729
 1993.57948800 1364.465 0.009 4960 930730
 1993.58224600 1364.476 0.009 4961 930731
 1993.58492900 1364.465 0.009 4962 930801
 1993.58766500 1364.475 0.009 4963 930802
 1993.59041500 1364.457 0.009 4964 930803
 1993.59265300 1364.379 0.009 4965 930804
 1993.61085200 1364.610 0.011 4971 930810
 1993.61229300 1364.554 0.008 4972 930811
 1993.61502800 1364.577 0.009 4973 930812
 1993.61776300 1364.553 0.008 4974 930813
 1993.62055200 1364.509 0.008 4975 930814
 1993.62325300 1364.447 0.009 4976 930815
 1993.62599400 1364.408 0.009 4977 930816
 1993.62874200 1364.425 0.009 4978 930817
 1993.63150300 1364.433 0.009 4979 930818
 1993.63426100 1364.453 0.009 4980 930819
 1993.63700500 1364.446 0.009 4981 930820
 1993.63978800 1364.443 0.009 4982 930821
 1993.64249300 1364.369 0.008 4983 930822
 1993.64524400 1364.331 0.009 4984 930823
 1993.64799400 1364.330 0.009 4985 930824
 1993.65074200 1364.387 0.009 4986 930825
 1993.65347500 1364.389 0.009 4987 930826
 1993.65621400 1364.362 0.009 4988 930827
 1993.65896600 1364.363 0.011 4989 930828
 1993.66166400 1364.381 0.010 4990 930829
 1993.66437200 1364.423 0.009 4991 930830
 1993.66710300 1364.404 0.009 4992 930831
 1993.66982800 1364.335 0.009 4993 930901
 1993.67256200 1364.298 0.009 4994 930902
 1993.67529400 1364.271 0.009 4995 930903
 1993.67808600 1364.289 0.009 4996 930904
 1993.68080400 1364.320 0.008 4997 930905
 1993.68357000 1364.341 0.009 4998 930906
 1993.68630100 1364.417 0.008 4999 930907
 1993.68905500 1364.480 0.008 5000 930908
 1993.69180800 1364.522 0.008 5001 930909
 1993.69454700 1364.511 0.009 5002 930910
 1993.69732900 1364.472 0.008 5003 930911
 1993.70003700 1364.449 0.009 5004 930912
 1993.70278200 1364.429 0.008 5005 930913
 1993.70552500 1364.491 0.009 5006 930914
 1993.70824800 1364.585 0.008 5007 930915
 1993.71100000 1364.689 0.009 5008 930916
 1993.71268000 1364.733 0.008 5009 930917
 1993.72866400 1364.530 0.008 5014 930922
 1993.73013600 1364.347 0.009 5015 930923
 1993.73287800 1364.145 0.009 5016 930924
 1993.73566700 1364.039 0.009 5017 930925
 1993.73837300 1363.966 0.009 5018 930926
 1993.74112700 1363.951 0.009 5019 930927
 1993.74387300 1363.848 0.009 5020 930928
 1993.74662700 1363.742 0.009 5021 930929
 1993.74936300 1363.449 0.009 5022 930930
 1993.75210400 1363.158 0.009 5023 931001
 1993.75488000 1362.902 0.009 5024 931002
 1993.75755900 1362.876 0.009 5025 931003
 1993.76027700 1363.062 0.009 5026 931004
 1993.76299400 1363.166 0.009 5027 931005
 1993.76572500 1363.372 0.009 5028 931006
 1993.76845500 1363.616 0.009 5029 931007
 1993.77119200 1363.924 0.009 5030 931008
 1993.77398100 1364.013 0.009 5031 931009
 1993.77668900 1364.084 0.009 5032 931010
 1993.77943100 1364.149 0.009 5033 931011
 1993.78218400 1364.134 0.009 5034 931012
 1993.78493100 1364.117 0.009 5035 931013
 1993.78767700 1364.171 0.009 5036 931014
 1993.79042600 1364.202 0.009 5037 931015
 1993.79319500 1364.275 0.009 5038 931016
 1993.79592500 1364.365 0.009 5039 931017
 1993.79867200 1364.425 0.009 5040 931018
 1993.80141700 1364.439 0.009 5041 931019
 1993.80415600 1364.347 0.009 5042 931020
 1993.80689300 1364.213 0.009 5043 931021
 1993.80962300 1364.250 0.009 5044 931022
 1993.81240000 1364.233 0.009 5045 931023
 1993.81476300 1364.313 0.009 5046 931024
 1993.81786300 1364.483 0.009 5047 931025
 1993.82066500 1364.417 0.008 5048 931026
 1993.82333100 1364.294 0.008 5049 931027
 1993.82606600 1364.255 0.008 5050 931028
 1993.82881400 1364.213 0.008 5051 931029
 1993.83158300 1364.157 0.008 5052 931030
 1993.83426400 1364.112 0.008 5053 931031
 1993.83699700 1363.996 0.008 5054 931101
 1993.83972500 1363.856 0.008 5055 931102
 1993.84245300 1363.714 0.008 5056 931103
 1993.84517300 1363.644 0.008 5057 931104
 1993.84790100 1363.708 0.008 5058 931105
 1993.85067100 1363.813 0.008 5059 931106
 1993.85339500 1363.965 0.009 5060 931107
 1993.85614000 1364.122 0.008 5061 931108
 1993.85888400 1364.233 0.008 5062 931109
 1993.86163100 1364.327 0.008 5063 931110
 1993.86438500 1364.381 0.008 5064 931111
 1993.86713200 1364.390 0.009 5065 931112
 1993.86987200 1364.446 0.008 5066 931113
 1993.87263400 1364.361 0.008 5067 931114
 1993.87537300 1364.201 0.008 5068 931115
 1993.87812500 1363.967 0.008 5069 931116
 1993.88087200 1363.813 0.008 5070 931117
 1993.88363000 1363.630 0.008 5071 931118
 1993.88635700 1363.624 0.009 5072 931119
 1993.88913000 1363.844 0.009 5073 931120
 1993.89181100 1364.098 0.008 5074 931121
 1993.89452600 1364.289 0.008 5075 931122
 1993.89724400 1364.368 0.008 5076 931123
 1993.89991500 1364.249 0.008 5077 931124
 1993.90263800 1364.105 0.008 5078 931125
 1993.90548200 1364.152 0.009 5079 931126
 1993.90826500 1364.343 0.009 5080 931127
 1993.91097900 1364.402 0.009 5081 931128
 1993.91373300 1364.387 0.009 5082 931129
 1993.91647500 1364.342 0.009 5083 931130
 1993.91919400 1364.199 0.009 5084 931201
 1993.92195300 1364.306 0.009 5085 931202
 1993.92470000 1364.383 0.009 5086 931203
 1993.92750000 1364.420 0.009 5087 931204
 1993.93019600 1364.357 0.009 5088 931205
 1993.93293300 1364.193 0.009 5089 931206
 1993.93565600 1364.092 0.009 5090 931207
 1993.93827100 1364.106 0.009 5091 931208
 1993.94183500 1364.295 0.008 5092 931209
 1993.94384100 1364.390 0.009 5093 931210
 1993.94657100 1364.422 0.009 5094 931211
 1993.94927800 1364.316 0.009 5095 931212
 1993.95200700 1364.191 0.009 5096 931213
 1993.95477200 1364.043 0.010 5097 931214
 1993.95752600 1363.995 0.010 5098 931215
 1993.96030200 1363.946 0.010 5099 931216
 1993.96306100 1363.932 0.010 5100 931217
 1993.96582200 1363.953 0.009 5101 931218
 1993.96855600 1364.018 0.009 5102 931219
 1993.97127700 1364.010 0.010 5103 931220
 1993.97402100 1364.025 0.009 5104 931221
 1993.97675500 1364.000 0.009 5105 931222
 1993.97947600 1363.956 0.009 5106 931223
 1993.98221300 1363.788 0.008 5107 931224
 1993.98496400 1363.579 0.009 5108 931225
 1993.98770300 1363.478 0.009 5109 931226
 1993.99040900 1363.663 0.008 5110 931227
 1993.99313700 1363.912 0.009 5111 931228
 1993.99585900 1364.122 0.009 5112 931229
 1993.99856800 1364.267 0.009 5113 931230
 1994.00131300 1364.202 0.009 5114 931231
 1994.00409200 1363.778 0.008 5115 940101
 1994.00678500 1363.405 0.009 5116 940102
 1994.00954600 1363.355 0.009 5117 940103
 1994.01231000 1363.443 0.009 5118 940104
 1994.01441400 1363.401 0.008 5119 940105
 1994.01785200 1363.615 0.008 5120 940106
 1994.02048900 1363.890 0.008 5121 940107
 1994.02328100 1364.151 0.009 5122 940108
 1994.02600400 1363.995 0.008 5123 940109
 1994.02872800 1363.858 0.008 5124 940110
 1994.03147500 1363.817 0.009 5125 940111
 1994.03422100 1363.942 0.008 5126 940112
 1994.03696400 1364.057 0.008 5127 940113
 1994.03971600 1364.129 0.008 5128 940114
 1994.04251200 1364.145 0.008 5129 940115
 1994.04522600 1364.075 0.008 5130 940116
 1994.04797800 1364.039 0.008 5131 940117
 1994.05071100 1363.956 0.008 5132 940118
 1994.05346300 1363.866 0.008 5133 940119
 1994.05621500 1363.814 0.008 5134 940120
 1994.05896000 1363.740 0.008 5135 940121
 1994.06172800 1363.764 0.008 5136 940122
 1994.06443200 1363.937 0.009 5137 940123
 1994.06715500 1364.017 0.008 5138 940124
 1994.06987100 1364.261 0.008 5139 940125
 1994.07259100 1364.540 0.009 5140 940126
 1994.07533100 1364.802 0.008 5141 940127
 1994.07805600 1364.803 0.008 5142 940128
 1994.08083200 1364.717 0.008 5143 940129
 1994.08351900 1364.653 0.008 5144 940130
 1994.08626200 1364.623 0.008 5145 940131
 1994.08902100 1364.662 0.008 5146 940201
 1994.09176600 1364.664 0.008 5147 940202
 1994.09443800 1364.657 0.008 5148 940203
 1994.09717600 1364.555 0.008 5149 940204
 1994.10004600 1364.373 0.009 5150 940205
 1994.10277200 1364.209 0.009 5151 940206
 1994.10552100 1364.090 0.009 5152 940207
 1994.10825400 1364.151 0.009 5153 940208
 1994.11098700 1364.061 0.009 5154 940209
 1994.11371700 1363.945 0.009 5155 940210
 1994.11645500 1363.897 0.009 5156 940211
 1994.11920300 1364.047 0.009 5157 940212
 1994.12189800 1364.245 0.009 5158 940213
 1994.12462900 1364.333 0.009 5159 940214
 1994.12736100 1364.346 0.008 5160 940215
 1994.13009600 1364.231 0.009 5161 940216
 1994.13284000 1364.126 0.009 5162 940217
 1994.13558600 1364.011 0.009 5163 940218
 1994.13835500 1363.978 0.009 5164 940219
 1994.14107700 1364.155 0.009 5165 940220
 1994.14384100 1364.381 0.009 5166 940221
 1994.14658800 1364.513 0.009 5167 940222
 1994.14933900 1364.574 0.009 5168 940223
 1994.15209000 1364.545 0.009 5169 940224
 1994.15483400 1364.472 0.009 5170 940225
 1994.15760100 1364.416 0.009 5171 940226
 1994.16086100 1364.367 0.008 5172 940227
 1994.16297800 1364.281 0.009 5173 940228
 1994.16588100 1364.432 0.009 5174 940301
 1994.16851700 1364.357 0.009 5175 940302
 1994.17121700 1364.413 0.009 5176 940303
 1994.17394900 1364.373 0.009 5177 940304
 1994.17670700 1364.315 0.009 5178 940305
 1994.17943100 1364.170 0.009 5179 940306
 1994.18215000 1364.097 0.009 5180 940307
 1994.18488100 1364.089 0.009 5181 940308
 1994.18764300 1363.979 0.009 5182 940309
 1994.19037200 1363.997 0.009 5183 940310
 1994.19310300 1364.055 0.009 5184 940311
 1994.19587700 1364.092 0.009 5185 940312
 1994.19862200 1364.165 0.009 5186 940313
 1994.20137600 1364.014 0.009 5187 940314
 1994.20345300 1364.094 0.009 5188 940315
 1994.20962300 1364.432 0.008 5190 940317
 1994.21228200 1364.500 0.008 5191 940318
 1994.21509600 1364.436 0.008 5192 940319
 1994.21781100 1364.679 0.008 5193 940320
 1994.22052900 1364.747 0.009 5194 940321
 1994.22326400 1364.638 0.008 5195 940322
 1994.22601300 1364.743 0.009 5196 940323
 1994.22877400 1364.736 0.008 5197 940324
 1994.23152700 1364.706 0.008 5198 940325
 1994.23429500 1364.613 0.008 5199 940326
 1994.23702700 1364.523 0.009 5200 940327
 1994.23978000 1364.503 0.008 5201 940328
 1994.24251700 1364.459 0.008 5202 940329
 1994.24525400 1364.373 0.008 5203 940330
 1994.24798600 1364.396 0.008 5204 940331
 1994.25073800 1364.365 0.009 5205 940401
 1994.25348500 1364.372 0.009 5206 940402
 1994.25618600 1364.244 0.009 5207 940403
 1994.25890000 1364.237 0.009 5208 940404
 1994.26161100 1364.151 0.009 5209 940405
 1994.26433800 1364.140 0.009 5210 940406
 1994.26708500 1364.175 0.009 5211 940407
 1994.26982600 1364.220 0.009 5212 940408
 1994.27260700 1364.285 0.009 5213 940409
 1994.27532500 1364.301 0.009 5214 940410
 1994.27799000 1364.335 0.008 5215 940411
 1994.28082600 1364.329 0.008 5216 940412
 1994.28356900 1364.306 0.008 5217 940413
 1994.28631600 1364.338 0.008 5218 940414
 1994.28906200 1364.373 0.008 5219 940415
 1994.29178100 1364.435 0.008 5220 940416
 1994.29454700 1364.382 0.009 5221 940417
 1994.29728300 1364.440 0.008 5222 940418
 1994.30003000 1364.323 0.009 5223 940419
 1994.30278500 1364.337 0.009 5224 940420
 1994.30552300 1364.258 0.009 5225 940421
 1994.30801800 1364.309 0.009 5226 940422
 1994.31088800 1364.339 0.009 5227 940423
 1994.31364700 1364.302 0.009 5228 940424
 1994.31639500 1364.304 0.009 5229 940425
 1994.31914700 1364.307 0.009 5230 940426
 1994.32189000 1364.241 0.009 5231 940427
 1994.32463900 1364.194 0.009 5232 940428
 1994.32738300 1364.149 0.009 5233 940429
 1994.33015900 1364.075 0.009 5234 940430
 1994.33287500 1363.932 0.009 5235 940501
 1994.33562500 1363.891 0.009 5236 940502
 1994.33838500 1363.946 0.009 5237 940503
 1994.34113500 1363.926 0.009 5238 940504
 1994.34387700 1363.974 0.009 5239 940505
 1994.34662600 1363.994 0.009 5240 940506
 1994.34939400 1364.057 0.009 5241 940507
 1994.35210200 1364.091 0.009 5242 940508
 1994.35483900 1364.111 0.009 5243 940509
 1994.35752800 1364.164 0.009 5244 940510
 1994.36028100 1364.210 0.009 5245 940511
 1994.36300600 1364.231 0.009 5246 940512
 1994.36574000 1364.190 0.009 5247 940513
 1994.36851000 1364.235 0.009 5248 940514
 1994.37120600 1364.193 0.009 5249 940515
 1994.37393200 1364.165 0.009 5250 940516
 1994.37666400 1364.191 0.009 5251 940517
 1994.37943900 1364.230 0.009 5252 940518
 1994.38217700 1364.237 0.009 5253 940519
 1994.38490900 1364.349 0.009 5254 940520
 1994.38767100 1364.406 0.009 5255 940521
 1994.39039100 1364.470 0.009 5256 940522
 1994.39261200 1364.457 0.008 5257 940523
 1994.39658400 1364.311 0.008 5258 940524
 1994.39863900 1364.223 0.009 5259 940525
 1994.40133900 1364.150 0.009 5260 940526
 1994.40409900 1364.081 0.008 5261 940527
 1994.40685400 1364.009 0.009 5262 940528
 1994.40956200 1363.966 0.009 5263 940529
 1994.41234300 1363.982 0.008 5264 940530
 1994.41506900 1363.945 0.009 5265 940531
 1994.41779600 1364.022 0.008 5266 940601
 1994.42056200 1364.054 0.008 5267 940602
 1994.42330400 1364.095 0.009 5268 940603
 1994.42610900 1364.096 0.008 5269 940604
 1994.42879700 1364.095 0.009 5270 940605
 1994.43153000 1364.137 0.008 5271 940606
 1994.43430300 1364.180 0.009 5272 940607
 1994.43703300 1364.255 0.008 5273 940608
 1994.43971600 1364.282 0.009 5274 940609
 1994.44250800 1364.228 0.010 5275 940610
 1994.44526600 1364.152 0.010 5276 940611
 1994.44798300 1364.088 0.010 5277 940612
 1994.45070600 1364.135 0.010 5278 940613
 1994.45340500 1364.241 0.010 5279 940614
 1994.45611800 1364.304 0.010 5280 940615
 1994.45880900 1364.340 0.010 5281 940616
 1994.46169100 1364.410 0.009 5282 940617
 1994.46446200 1364.374 0.010 5283 940618
 1994.46711600 1364.356 0.009 5284 940619
 1994.46987500 1364.301 0.009 5285 940620
 1994.47263000 1364.289 0.009 5286 940621
 1994.47537000 1364.234 0.008 5287 940622
 1994.47810400 1364.223 0.008 5288 940623
 1994.48085100 1364.208 0.009 5289 940624
 1994.48366600 1364.179 0.009 5290 940625
 1994.48636200 1364.192 0.009 5291 940626
 1994.48909200 1364.175 0.008 5292 940627
 1994.49180800 1364.201 0.009 5293 940628
 1994.49452900 1364.158 0.008 5294 940629
 1994.49726000 1363.927 0.009 5295 940630
 1994.50000600 1363.947 0.008 5296 940701
 1994.50276300 1363.958 0.009 5297 940702
 1994.50538200 1364.045 0.009 5298 940703
 1994.50798500 1364.100 0.009 5299 940704
 1994.51096300 1364.186 0.009 5300 940705
 1994.51369500 1364.235 0.009 5301 940706
 1994.51643700 1364.216 0.009 5302 940707
 1994.51917500 1364.113 0.009 5303 940708
 1994.52196100 1364.066 0.009 5304 940709
 1994.52466200 1364.109 0.009 5305 940710
 1994.52741500 1364.158 0.009 5306 940711
 1994.53017200 1364.320 0.009 5307 940712
 1994.53292400 1364.361 0.009 5308 940713
 1994.53567300 1364.270 0.009 5309 940714
 1994.53841200 1364.140 0.009 5310 940715
 1994.54119200 1364.087 0.009 5311 940716
 1994.54385400 1364.079 0.009 5312 940717
 1994.54658500 1364.117 0.009 5313 940718
 1994.54931200 1364.046 0.009 5314 940719
 1994.55204900 1363.971 0.009 5315 940720
 1994.55477100 1363.904 0.009 5316 940721
 1994.55748900 1363.887 0.009 5317 940722
 1994.56026000 1363.880 0.009 5318 940723
 1994.56296700 1363.938 0.009 5319 940724
 1994.56571400 1364.052 0.009 5320 940725
 1994.56846200 1364.138 0.009 5321 940726
 1994.57121100 1364.198 0.009 5322 940727
 1994.57395500 1364.238 0.009 5323 940728
 1994.57669200 1364.252 0.009 5324 940729
 1994.57947200 1364.334 0.009 5325 940730
 1994.58218000 1364.391 0.009 5326 940731
 1994.58496300 1364.405 0.009 5327 940801
 1994.58768300 1364.449 0.009 5328 940802
 1994.59042300 1364.444 0.009 5329 940803
 1994.59269200 1364.400 0.009 5330 940804
 1994.59589900 1364.327 0.009 5331 940805
 1994.59865800 1364.226 0.009 5332 940806
 1994.60137200 1364.194 0.009 5333 940807
 1994.60412800 1364.169 0.008 5334 940808
 1994.60689300 1364.146 0.008 5335 940809
 1994.60962500 1364.106 0.009 5336 940810
 1994.61235200 1364.107 0.009 5337 940811
 1994.61509200 1364.080 0.009 5338 940812
 1994.61790600 1363.946 0.008 5339 940813
 1994.62059500 1363.784 0.009 5340 940814
 1994.62333600 1363.895 0.008 5341 940815
 1994.62609200 1363.953 0.008 5342 940816
 1994.62882300 1364.055 0.009 5343 940817
 1994.63154000 1364.131 0.009 5344 940818
 1994.63425700 1364.081 0.009 5345 940819
 1994.63703500 1364.092 0.009 5346 940820
 1994.63972600 1364.119 0.009 5347 940821
 1994.64244700 1364.137 0.010 5348 940822
 1994.64517900 1364.095 0.010 5349 940823
 1994.64791100 1364.052 0.009 5350 940824
 1994.65065000 1364.091 0.009 5351 940825
 1994.65339800 1364.105 0.010 5352 940826
 1994.65618300 1364.165 0.009 5353 940827
 1994.65890100 1364.215 0.009 5354 940828
 1994.66165200 1364.247 0.008 5355 940829
 1994.66441400 1364.274 0.008 5356 940830
 1994.66715700 1364.217 0.009 5357 940831
 1994.66990900 1364.102 0.009 5358 940901
 1994.67266100 1364.009 0.009 5359 940902
 1994.67544400 1363.918 0.008 5360 940903
 1994.67813000 1363.853 0.008 5361 940904
 1994.68085200 1363.836 0.008 5362 940905
 1994.68357100 1363.885 0.008 5363 940906
 1994.68629400 1363.882 0.008 5364 940907
 1994.68904700 1364.048 0.009 5365 940908
 1994.69178300 1364.127 0.009 5366 940909
 1994.69456100 1364.162 0.008 5367 940910
 1994.69716100 1364.169 0.008 5368 940911
 1994.69975800 1364.199 0.008 5369 940912
 1994.70273700 1364.195 0.009 5370 940913
 1994.70546900 1364.146 0.009 5371 940914
 1994.70821900 1364.131 0.009 5372 940915
 1994.71097300 1364.097 0.009 5373 940916
 1994.71377700 1364.029 0.009 5374 940917
 1994.71649200 1364.035 0.009 5375 940918
 1994.71923900 1364.001 0.009 5376 940919
 1994.72197900 1363.992 0.009 5377 940920
 1994.72471900 1364.009 0.009 5378 940921
 1994.72718500 1364.023 0.009 5379 940922
 1994.73003000 1364.014 0.009 5380 940923
 1994.73312900 1363.991 0.009 5381 940924
 1994.73563700 1363.996 0.009 5382 940925
 1994.73835700 1364.021 0.009 5383 940926
 1994.74107900 1364.083 0.009 5384 940927
 1994.74381000 1364.073 0.009 5385 940928
 1994.74654900 1364.043 0.009 5386 940929
 1994.74928200 1364.012 0.009 5387 940930
 1994.75205800 1363.973 0.009 5388 941001
 1994.75477000 1363.968 0.009 5389 941002
 1994.75752300 1363.975 0.009 5390 941003
 1994.76027300 1363.922 0.009 5391 941004
 1994.76302100 1363.936 0.009 5392 941005
 1994.76576600 1363.961 0.009 5393 941006
 1994.76851900 1363.986 0.009 5394 941007
 1994.77130300 1364.021 0.009 5395 941008
 1994.77402000 1364.022 0.009 5396 941009
 1994.77675600 1364.054 0.009 5397 941010
 1994.77950300 1364.038 0.009 5398 941011
 1994.78225800 1364.002 0.009 5399 941012
 1994.78499100 1363.992 0.009 5400 941013
 1994.78771800 1363.965 0.009 5401 941014
 1994.78950700 1363.945 0.009 5402 941015
 1994.79316100 1363.859 0.009 5403 941016
 1994.79590400 1363.943 0.009 5404 941017
 1994.79863800 1363.999 0.009 5405 941018
 1994.80135200 1364.348 0.008 5406 941019
 1994.80312500 1364.197 0.008 5407 941020
 1994.80713800 1364.216 0.009 5408 941021
 1994.80967900 1364.157 0.009 5409 941022
 1994.81236400 1364.184 0.008 5410 941023
 1994.81508800 1364.164 0.008 5411 941024
 1994.81781500 1364.154 0.008 5412 941025
 1994.82053800 1364.226 0.008 5413 941026
 1994.82325200 1364.245 0.008 5414 941027
 1994.82599600 1364.163 0.008 5415 941028
 1994.82877400 1364.066 0.008 5416 941029
 1994.83146200 1363.967 0.008 5417 941030
 1994.83421400 1363.965 0.008 5418 941031
 1994.83696900 1364.040 0.009 5419 941101
 1994.83971300 1364.101 0.008 5420 941102
 1994.84246400 1364.165 0.009 5421 941103
 1994.84521300 1364.171 0.008 5422 941104
 1994.84794400 1364.189 0.008 5423 941105
 1994.85070100 1364.185 0.009 5424 941106
 1994.85345600 1364.130 0.008 5425 941107
 1994.85621000 1364.219 0.008 5426 941108
 1994.85895300 1364.273 0.008 5427 941109
 1994.86169800 1364.299 0.008 5428 941110
 1994.86443900 1364.335 0.008 5429 941111
 1994.86721100 1364.367 0.009 5430 941112
 1994.86987200 1364.352 0.008 5431 941113
 1994.87260100 1364.400 0.008 5432 941114
 1994.87533000 1364.422 0.008 5433 941115
 1994.87805500 1364.442 0.008 5434 941116
 1994.88079300 1364.427 0.008 5435 941117
 1994.88352100 1364.392 0.008 5436 941118
 1994.88614400 1364.385 0.008 5437 941119
 1994.88832300 1364.362 0.009 5438 941120
 1994.89244100 1364.077 0.008 5439 941121
 1994.89453300 1364.130 0.008 5440 941122
 1994.89727100 1364.175 0.008 5441 941123
 1994.90001500 1364.186 0.009 5442 941124
 1994.90276200 1364.115 0.009 5443 941125
 1994.90556200 1364.092 0.009 5444 941126
 1994.90827300 1364.127 0.009 5445 941127
 1994.91101900 1364.192 0.009 5446 941128
 1994.91376000 1364.261 0.008 5447 941129
 1994.91647600 1364.254 0.009 5448 941130
 1994.91921600 1364.230 0.009 5449 941201
 1994.92194100 1364.151 0.009 5450 941202
 1994.92471000 1364.114 0.009 5451 941203
 1994.92740200 1364.110 0.009 5452 941204
 1994.93002000 1364.141 0.009 5453 941205
 1994.93301700 1364.151 0.009 5454 941206
 1994.93559500 1364.132 0.009 5455 941207
 1994.93832300 1364.104 0.009 5456 941208
 1994.94107800 1364.050 0.010 5457 941209
 1994.94386000 1363.930 0.010 5458 941210
 1994.94661200 1363.700 0.010 5459 941211
 1994.94936400 1363.428 0.010 5460 941212
 1994.95211200 1363.463 0.010 5461 941213
 1994.95482800 1363.479 0.009 5462 941214
 1994.95758200 1363.568 0.009 5463 941215
 1994.95981800 1363.705 0.009 5464 941216
 1994.96302900 1363.911 0.009 5465 941217
 1994.96576800 1364.037 0.009 5466 941218
 1994.96847800 1364.009 0.009 5467 941219
 1994.97121900 1363.942 0.009 5468 941220
 1994.97395400 1363.911 0.008 5469 941221
 1994.97669400 1363.854 0.009 5470 941222
 1994.97940900 1363.844 0.008 5471 941223
 1994.98217100 1363.876 0.009 5472 941224
 1994.98489300 1363.924 0.008 5473 941225
 1994.98763400 1363.981 0.009 5474 941226
 1994.99035100 1363.924 0.009 5475 941227
 1994.99310400 1364.052 0.008 5476 941228
 1994.99586500 1363.949 0.009 5477 941229
 1994.99862500 1363.926 0.009 5478 941230
 1995.00085000 1363.903 0.009 5479 941231
 1995.00489500 1364.246 0.008 5480 950101
 1995.00681700 1364.274 0.008 5481 950102
 1995.00962700 1364.323 0.008 5482 950103
 1995.01232100 1364.385 0.008 5483 950104
 1995.01505800 1364.377 0.008 5484 950105
 1995.01780500 1364.362 0.008 5485 950106
 1995.02060400 1364.335 0.008 5486 950107
 1995.02329500 1364.293 0.008 5487 950108
 1995.02603600 1364.258 0.008 5488 950109
 1995.02878000 1364.274 0.008 5489 950110
 1995.03153600 1364.267 0.008 5490 950111
 1995.03429000 1364.250 0.008 5491 950112
 1995.03699900 1364.270 0.008 5492 950113
 1995.04016700 1364.211 0.008 5493 950114
 1995.04251300 1364.124 0.008 5494 950115
 1995.04524900 1363.998 0.008 5495 950116
 1995.04798200 1363.927 0.008 5496 950117
 1995.05070100 1363.980 0.008 5497 950118
 1995.05341800 1364.077 0.008 5498 950119
 1995.05614600 1364.144 0.008 5499 950120
 1995.05891200 1364.168 0.008 5500 950121
 1995.06159000 1364.142 0.008 5501 950122
 1995.06433900 1364.065 0.008 5502 950123
 1995.06708100 1363.968 0.008 5503 950124
 1995.06983700 1363.939 0.008 5504 950125
 1995.07258800 1363.966 0.008 5505 950126
 1995.07534000 1364.040 0.008 5506 950127
 1995.07813600 1364.100 0.009 5507 950128
 1995.08079500 1364.128 0.008 5508 950129
 1995.08286700 1364.099 0.008 5509 950130
 1995.08633500 1364.087 0.008 5510 950131
 1995.08907400 1364.063 0.009 5511 950201
 1995.09180800 1364.011 0.009 5512 950202
 1995.09454800 1363.943 0.008 5513 950203
 1995.09731400 1363.915 0.009 5514 950204
 1995.09998700 1363.893 0.009 5515 950205
 1995.10271600 1363.936 0.009 5516 950206
 1995.10544900 1364.001 0.009 5517 950207
 1995.10818600 1364.028 0.009 5518 950208
 1995.11092200 1364.086 0.009 5519 950209
 1995.11366200 1364.063 0.009 5520 950210
 1995.11645800 1363.986 0.008 5521 950211
 1995.11916400 1363.882 0.009 5522 950212
 1995.12190400 1363.857 0.009 5523 950213
 1995.12464800 1363.900 0.009 5524 950214
 1995.12740600 1364.007 0.009 5525 950215
 1995.13016400 1364.154 0.009 5526 950216
 1995.13291800 1364.214 0.009 5527 950217
 1995.13569600 1364.144 0.009 5528 950218
 1995.13840200 1364.020 0.009 5529 950219
 1995.14113700 1363.954 0.009 5530 950220
 1995.14385600 1363.937 0.009 5531 950221
 1995.14657900 1364.033 0.009 5532 950222
 1995.14931200 1364.156 0.009 5533 950223
 1995.15204700 1364.246 0.009 5534 950224
 1995.15482600 1364.294 0.009 5535 950225
 1995.15750400 1364.276 0.009 5536 950226
 1995.16022800 1364.185 0.009 5537 950227
 1995.16297000 1364.050 0.009 5538 950228
 1995.16571700 1363.789 0.009 5539 950301
 1995.16846500 1363.699 0.009 5540 950302
 1995.17119900 1363.641 0.009 5541 950303
 1995.17404300 1363.771 0.009 5542 950304
 1995.17671500 1363.943 0.009 5543 950305
 1995.17946200 1364.022 0.009 5544 950306
 1995.18219500 1364.066 0.009 5545 950307
 1995.18495700 1364.125 0.009 5546 950308
 1995.18766900 1364.049 0.009 5547 950309
 1995.19043100 1363.924 0.009 5548 950310
 1995.19275400 1363.916 0.009 5549 950311
 1995.19595500 1364.173 0.008 5550 950312
 1995.19861300 1364.191 0.008 5551 950313
 1995.20136200 1364.263 0.008 5552 950314
 1995.20411900 1364.326 0.008 5553 950315
 1995.20686800 1364.386 0.008 5554 950316
 1995.20963100 1364.381 0.008 5555 950317
 1995.21242400 1364.329 0.008 5556 950318
 1995.21511200 1364.278 0.008 5557 950319
 1995.21785500 1364.226 0.008 5558 950320
 1995.22059900 1364.186 0.008 5559 950321
 1995.22334500 1364.158 0.008 5560 950322
 1995.22481200 1364.158 0.011 5561 950323
 1995.22970300 1364.551 0.008 5562 950324
 1995.23157100 1364.555 0.008 5563 950325
 1995.23333500 1364.536 0.011 5564 950326
 1995.23804800 1364.304 0.008 5565 950327
 1995.23970900 1364.225 0.008 5566 950328
 1995.24234300 1364.155 0.008 5567 950329
 1995.26542900 1364.271 0.009 5575 950406
 1995.26715500 1364.162 0.008 5576 950407
 1995.26994400 1364.142 0.008 5577 950408
 1995.27264700 1364.171 0.009 5578 950409
 1995.27539800 1364.183 0.008 5579 950410
 1995.27813800 1364.289 0.008 5580 950411
 1995.28087700 1364.339 0.008 5581 950412
 1995.28360800 1364.283 0.008 5582 950413
 1995.28633500 1364.150 0.008 5583 950414
 1995.28908700 1364.038 0.008 5584 950415
 1995.29167600 1364.027 0.008 5585 950416
 1995.29382800 1364.043 0.009 5586 950417
 1995.30657800 1364.530 0.008 5590 950421
 1995.30828600 1364.400 0.009 5591 950422
 1995.31098200 1364.249 0.009 5592 950423
 1995.31372600 1364.222 0.009 5593 950424
 1995.31646500 1364.154 0.009 5594 950425
 1995.31921200 1364.168 0.009 5595 950426
 1995.32195900 1364.153 0.009 5596 950427
 1995.32471300 1364.105 0.009 5597 950428
 1995.32749100 1364.098 0.009 5598 950429
 1995.33017900 1364.068 0.009 5599 950430
 1995.33291900 1364.018 0.009 5600 950501
 1995.33568600 1364.014 0.008 5601 950502
 1995.33834800 1363.979 0.009 5602 950503
 1995.34107900 1363.971 0.009 5603 950504
 1995.34379800 1363.934 0.009 5604 950505
 1995.34658000 1363.963 0.010 5605 950506
 1995.34928000 1364.014 0.009 5606 950507
 1995.35201400 1364.091 0.009 5607 950508
 1995.35476200 1364.110 0.009 5608 950509
 1995.35751200 1364.118 0.009 5609 950510
 1995.36026700 1364.075 0.009 5610 950511
 1995.36301900 1364.027 0.009 5611 950512
 1995.36581300 1363.940 0.009 5612 950513
 1995.36851400 1363.998 0.009 5613 950514
 1995.37080300 1363.951 0.009 5614 950515
 1995.39680600 1364.336 0.008 5623 950524
 1995.39867700 1364.285 0.008 5624 950525
 1995.40139400 1364.216 0.008 5625 950526
 1995.40419100 1364.182 0.008 5626 950527
 1995.40691400 1364.158 0.008 5627 950528
 1995.40964000 1364.161 0.009 5628 950529
 1995.41239500 1364.112 0.009 5629 950530
 1995.41511900 1364.107 0.008 5630 950531
 1995.41785500 1364.068 0.009 5631 950601
 1995.42055000 1364.098 0.009 5632 950602
 1995.42336100 1364.123 0.009 5633 950603
 1995.42596600 1364.161 0.009 5634 950604
 1995.42877900 1364.149 0.009 5635 950605
 1995.43149900 1364.185 0.010 5636 950606
 1995.43420800 1364.181 0.009 5637 950607
 1995.43695100 1364.112 0.010 5638 950608
 1995.43970000 1364.017 0.010 5639 950609
 1995.44248300 1364.062 0.010 5640 950610
 1995.44521000 1364.126 0.010 5641 950611
 1995.44796100 1364.202 0.010 5642 950612
 1995.45071000 1364.296 0.010 5643 950613
 1995.45345100 1364.241 0.009 5644 950614
 1995.45620500 1364.127 0.009 5645 950615
 1995.45894100 1364.053 0.009 5646 950616
 1995.46171700 1364.018 0.008 5647 950617
 1995.46441600 1364.022 0.009 5648 950618
 1995.46715100 1364.070 0.009 5649 950619
 1995.46987400 1364.087 0.008 5650 950620
 1995.47258200 1364.044 0.008 5651 950621
 1995.47529200 1364.006 0.008 5652 950622
 1995.47802500 1364.019 0.008 5653 950623
 1995.48081800 1363.999 0.009 5654 950624
 1995.48354900 1364.027 0.009 5655 950625
 1995.48627600 1364.063 0.008 5656 950626
 1995.48915800 1364.090 0.008 5657 950627
 1995.49173400 1364.125 0.008 5658 950628
 1995.49415500 1364.142 0.008 5659 950629
 1995.50557600 1364.059 0.009 5663 950703
 1995.50828800 1363.977 0.009 5664 950704
 1995.51102100 1363.906 0.009 5665 950705
 1995.51375400 1363.947 0.009 5666 950706
 1995.51647700 1363.991 0.009 5667 950707
 1995.51924500 1364.021 0.009 5668 950708
 1995.52192200 1364.088 0.009 5669 950709
 1995.52463800 1364.121 0.009 5670 950710
 1995.52735300 1364.115 0.009 5671 950711
 1995.53010100 1364.108 0.009 5672 950712
 1995.53284100 1364.095 0.009 5673 950713
 1995.53558000 1364.048 0.009 5674 950714
 1995.53836600 1363.961 0.009 5675 950715
 1995.54107500 1363.993 0.009 5676 950716
 1995.54382200 1364.029 0.009 5677 950717
 1995.54658400 1364.079 0.009 5678 950718
 1995.54931800 1364.126 0.009 5679 950719
 1995.55206000 1364.135 0.009 5680 950720
 1995.55480500 1364.128 0.009 5681 950721
 1995.55760600 1364.028 0.009 5682 950722
 1995.56032100 1364.139 0.009 5683 950723
 1995.56306400 1364.147 0.009 5684 950724
 1995.56581500 1364.161 0.009 5685 950725
 1995.56855300 1364.157 0.009 5686 950726
 1995.57129300 1364.175 0.009 5687 950727
 1995.57403800 1364.215 0.009 5688 950728
 1995.57655600 1364.242 0.008 5689 950729
 1995.58629100 1364.531 0.012 5692 950801
 1995.58771000 1364.231 0.008 5693 950802
 1995.59044400 1364.226 0.009 5694 950803
 1995.59318900 1364.258 0.008 5695 950804
 1995.59598200 1364.234 0.009 5696 950805
 1995.59867900 1364.222 0.008 5697 950806
 1995.60139400 1364.243 0.008 5698 950807
 1995.60410100 1364.197 0.008 5699 950808
 1995.60683100 1364.162 0.009 5700 950809
 1995.60957800 1364.119 0.008 5701 950810
 1995.61230900 1364.174 0.008 5702 950811
 1995.61508000 1364.192 0.008 5703 950812
 1995.61777700 1364.121 0.009 5704 950813
 1995.62052800 1364.075 0.008 5705 950814
 1995.62327000 1364.019 0.009 5706 950815
 1995.62600100 1364.032 0.009 5707 950816
 1995.62876200 1364.047 0.009 5708 950817
 1995.63150800 1364.028 0.010 5709 950818
 1995.63427900 1364.041 0.010 5710 950819
 1995.63698100 1364.069 0.009 5711 950820
 1995.63974000 1364.063 0.010 5712 950821
 1995.64249900 1364.036 0.010 5713 950822
 1995.64524000 1364.008 0.009 5714 950823
 1995.64798600 1363.934 0.008 5715 950824
 1995.65071300 1364.013 0.009 5716 950825
 1995.65346500 1364.159 0.009 5717 950826
 1995.65615200 1364.259 0.008 5718 950827
 1995.65888700 1364.326 0.008 5719 950828
 1995.66161200 1364.292 0.008 5720 950829
 1995.66434200 1364.288 0.008 5721 950830
 1995.66707200 1364.284 0.008 5722 950831
 1995.66982300 1364.137 0.008 5723 950901
 1995.67260300 1364.258 0.009 5724 950902
 1995.67527800 1364.299 0.009 5725 950903
 1995.67804900 1364.306 0.008 5726 950904
 1995.68080600 1364.312 0.008 5727 950905
 1995.68356200 1364.313 0.008 5728 950906
 1995.68570800 1364.330 0.008 5729 950907
 1995.69189300 1364.071 0.009 5731 950909
 1995.69457100 1364.008 0.008 5732 950910
 1995.69731400 1364.016 0.009 5733 950911
 1995.70005800 1364.053 0.008 5734 950912
 1995.70277400 1364.067 0.008 5735 950913
 1995.70535000 1364.091 0.009 5736 950914
 1995.70926500 1364.164 0.008 5737 950915
 1995.71098600 1364.118 0.009 5738 950916
 1995.71366800 1364.075 0.008 5739 950917
 1995.71639500 1364.085 0.009 5740 950918
 1995.71913800 1364.105 0.008 5741 950919
 1995.72189000 1364.137 0.009 5742 950920
 1995.72463800 1364.167 0.009 5743 950921
 1995.72738100 1364.188 0.009 5744 950922
 1995.73016800 1364.159 0.009 5745 950923
 1995.73288000 1364.173 0.009 5746 950924
 1995.73563900 1364.151 0.009 5747 950925
 1995.73838100 1364.146 0.009 5748 950926
 1995.74112800 1364.117 0.009 5749 950927
 1995.74394200 1364.141 0.009 5750 950928
 1995.74662300 1364.159 0.009 5751 950929
 1995.74940000 1364.148 0.009 5752 950930
 1995.75209900 1364.092 0.008 5753 951001
 1995.75492400 1363.915 0.009 5754 951002
 1995.75757200 1363.993 0.009 5755 951003
 1995.76029200 1363.981 0.009 5756 951004
 1995.76300900 1363.973 0.009 5757 951005
 1995.76573000 1363.972 0.009 5758 951006
 1995.76849400 1363.948 0.009 5759 951007
 1995.77117000 1363.946 0.008 5760 951008
 1995.77391800 1363.912 0.009 5761 951009
 1995.77666500 1363.858 0.008 5762 951010
 1995.77941900 1363.766 0.009 5763 951011
 1995.78217000 1363.653 0.009 5764 951012
 1995.78482900 1363.523 0.008 5765 951013
 1995.80213900 1364.197 0.007 5771 951019
 1995.80957000 1364.201 0.008 5774 951022
 1995.81231400 1364.112 0.008 5775 951023
 1995.81511300 1364.146 0.008 5776 951024
 1995.81782100 1364.005 0.008 5777 951025
 1995.82056200 1364.127 0.008 5778 951026
 1995.82331600 1364.187 0.008 5779 951027
 1995.82610600 1364.166 0.008 5780 951028
 1995.82881000 1364.128 0.009 5781 951029
 1995.83155500 1364.155 0.008 5782 951030
 1995.83429200 1364.078 0.008 5783 951031
 1995.83703400 1364.131 0.008 5784 951101
 1995.83974600 1364.099 0.008 5785 951102
 1995.84247700 1364.103 0.008 5786 951103
 1995.84524300 1364.076 0.008 5787 951104
 1995.84791800 1364.106 0.009 5788 951105
 1995.85065200 1364.225 0.008 5789 951106
 1995.85337100 1364.162 0.008 5790 951107
 1995.85619700 1364.206 0.008 5791 951108
 1995.85885200 1364.123 0.008 5792 951109
 1995.86160100 1364.020 0.008 5793 951110
 1995.86438700 1364.021 0.008 5794 951111
 1995.86708400 1364.029 0.008 5795 951112
 1995.86983900 1364.021 0.008 5796 951113
 1995.87268100 1364.068 0.008 5797 951114
 1995.87536000 1364.058 0.008 5798 951115
 1995.87813200 1364.111 0.008 5799 951116
 1995.88086600 1364.021 0.008 5800 951117
 1995.88364000 1364.092 0.009 5801 951118
 1995.88632700 1364.094 0.008 5802 951119
 1995.88906900 1364.064 0.009 5803 951120
 1995.89180800 1364.089 0.008 5804 951121
 1995.89453200 1363.979 0.008 5805 951122
 1995.89724200 1364.085 0.009 5806 951123
 1995.89995200 1363.908 0.009 5807 951124
 1995.90274600 1363.949 0.009 5808 951125
 1995.90545200 1363.886 0.008 5809 951126
 1995.90818500 1363.999 0.009 5810 951127
 1995.91091800 1364.021 0.008 5811 951128
 1995.91366600 1363.987 0.009 5812 951129
 1995.91640800 1363.815 0.009 5813 951130
 1995.91917400 1363.900 0.009 5814 951201
 1995.92197700 1363.812 0.009 5815 951202
 1995.92467100 1363.821 0.009 5816 951203
 1995.92742900 1363.786 0.009 5817 951204
 1995.93017000 1363.813 0.010 5818 951205
 1995.93290700 1363.708 0.009 5819 951206
 1995.93563600 1363.789 0.010 5820 951207
 1995.93836400 1363.716 0.009 5821 951208
 1995.94111000 1363.746 0.009 5822 951209
 1995.94382300 1363.733 0.009 5823 951210
 1995.94650700 1363.716 0.009 5824 951211
 1995.94926800 1363.732 0.009 5825 951212
 1995.95201300 1363.750 0.009 5826 951213
 1995.95474600 1363.798 0.008 5827 951214
 1995.95749500 1363.761 0.008 5828 951215
 1995.96026900 1363.762 0.009 5829 951216
 1995.96296800 1363.749 0.008 5830 951217
 1995.96571700 1363.696 0.009 5831 951218
 1995.96845500 1363.696 0.009 5832 951219
 1995.97122500 1363.758 0.008 5833 951220
 1995.97397800 1363.652 0.008 5834 951221
 1995.97672800 1363.750 0.009 5835 951222
 1995.97947500 1363.820 0.008 5836 951223
 1995.98218500 1363.815 0.008 5837 951224
 1995.98495900 1363.705 0.008 5838 951225
 1995.98772500 1363.758 0.008 5839 951226
 1995.98914100 1364.097 0.009 5840 951227
 1995.99598100 1364.262 0.008 5842 951229
 1995.99867400 1364.191 0.008 5843 951230
 1996.00136400 1364.282 0.008 5844 951231
 1996.00413600 1364.181 0.008 5845 960101
 1996.00687300 1364.244 0.008 5846 960102
 1996.00962600 1364.145 0.008 5847 960103
 1996.01236000 1364.009 0.008 5848 960104
 1996.01509100 1363.937 0.008 5849 960105
 1996.01786700 1364.060 0.008 5850 960106
 1996.02054700 1364.038 0.008 5851 960107
 1996.02324300 1364.033 0.008 5852 960108
 1996.02596300 1364.072 0.008 5853 960109
 1996.02868800 1364.028 0.008 5854 960110
 1996.03140800 1363.972 0.008 5855 960111
 1996.03413000 1363.923 0.008 5856 960112
 1996.03689200 1363.877 0.008 5857 960113
 1996.03957800 1363.900 0.008 5858 960114
 1996.04231000 1363.924 0.008 5859 960115
 1996.04505400 1363.916 0.008 5860 960116
 1996.04778800 1363.888 0.008 5861 960117
 1996.05053400 1363.910 0.008 5862 960118
 1996.05326800 1363.880 0.008 5863 960119
 1996.05604600 1363.923 0.008 5864 960120
 1996.05874500 1363.895 0.008 5865 960121
 1996.06148900 1363.897 0.008 5866 960122
 1996.06423000 1363.955 0.008 5867 960123
 1996.06697000 1363.908 0.008 5868 960124
 1996.06964100 1363.834 0.008 5869 960125
 1996.07228000 1364.004 0.008 5870 960126
 1996.07511000 1363.985 0.009 5871 960127
 1996.07781700 1363.989 0.008 5872 960128
 1996.08049500 1364.031 0.009 5873 960129
 1996.08329900 1364.000 0.008 5874 960130
 1996.08605400 1363.969 0.008 5875 960131
 1996.08873700 1363.962 0.009 5876 960201
 1996.09103800 1363.945 0.009 5877 960202
 1996.11972900 1363.847 0.008 5887 960212
 1996.12163100 1363.745 0.009 5888 960213
 1996.12436700 1363.689 0.009 5889 960214
 1996.12706300 1363.707 0.009 5890 960215
 1996.12977300 1363.743 0.009 5891 960216
 1996.13273400 1363.748 0.010 5892 960217
 1996.13520300 1363.711 0.009 5893 960218
 1996.13796800 1363.733 0.009 5894 960219
 1996.14067400 1363.856 0.009 5895 960220
 1996.14341300 1363.912 0.009 5896 960221
 1996.14615700 1363.907 0.009 5897 960222
 1996.14887200 1363.892 0.009 5898 960223
 1996.15166400 1363.816 0.009 5899 960224
 1996.15437200 1363.831 0.009 5900 960225
 1996.15709500 1363.907 0.008 5901 960226
 1996.15983000 1363.910 0.009 5902 960227
 1996.16258200 1363.904 0.008 5903 960228
 1996.16530100 1363.919 0.009 5904 960229
 1996.16803000 1363.956 0.009 5905 960301
 1996.17083300 1363.872 0.008 5906 960302
 1996.17355100 1363.853 0.009 5907 960303
 1996.17628200 1363.908 0.008 5908 960304
 1996.17770400 1363.852 0.009 5909 960305
 1996.18455400 1363.798 0.008 5911 960307
 1996.18717900 1363.763 0.008 5912 960308
 1996.18998000 1363.830 0.008 5913 960309
 1996.19266800 1363.763 0.008 5914 960310
 1996.19537100 1363.855 0.008 5915 960311
 1996.19810300 1363.681 0.008 5916 960312
 1996.20085500 1363.760 0.009 5917 960313
 1996.20360200 1363.802 0.008 5918 960314
 1996.20632800 1363.836 0.008 5919 960315
 1996.20909600 1363.916 0.008 5920 960316
 1996.21177100 1363.958 0.008 5921 960317
 1996.21450700 1364.000 0.008 5922 960318
 1996.21722700 1363.990 0.008 5923 960319
 1996.21994000 1363.950 0.009 5924 960320
 1996.22266200 1363.956 0.009 5925 960321
 1996.22536600 1363.883 0.008 5926 960322
 1996.22813900 1363.885 0.009 5927 960323
 1996.23083900 1363.908 0.009 5928 960324
 1996.23356900 1363.948 0.009 5929 960325
 1996.23632200 1363.937 0.008 5930 960326
 1996.23907000 1363.962 0.008 5931 960327
 1996.24180000 1364.030 0.008 5932 960328
 1996.24454400 1363.987 0.009 5933 960329
 1996.24732700 1363.970 0.008 5934 960330
 1996.25001700 1363.968 0.008 5935 960331
 1996.25277500 1363.814 0.008 5936 960401
 1996.25551200 1363.832 0.008 5937 960402
 1996.25824900 1363.910 0.008 5938 960403
 1996.26097600 1363.923 0.008 5939 960404
 1996.26369000 1363.880 0.008 5940 960405
 1996.26645500 1363.908 0.008 5941 960406
 1996.26914700 1363.943 0.008 5942 960407
 1996.27187400 1363.940 0.008 5943 960408
 1996.27461100 1363.899 0.008 5944 960409
 1996.27726100 1363.900 0.008 5945 960410
 1996.27995300 1363.844 0.008 5946 960411
 1996.28275400 1363.819 0.009 5947 960412
 1996.28555400 1363.823 0.009 5948 960413
 1996.28824700 1363.741 0.009 5949 960414
 1996.29099000 1363.821 0.009 5950 960415
 1996.29373500 1363.780 0.009 5951 960416
 1996.29647700 1363.816 0.009 5952 960417
 1996.29922100 1363.780 0.008 5953 960418
 1996.30196100 1363.883 0.009 5954 960419
 1996.30473600 1363.814 0.009 5955 960420
 1996.30742900 1363.708 0.009 5956 960421
 1996.31015800 1363.829 0.009 5957 960422
 1996.31287600 1363.774 0.009 5958 960423
 1996.31561400 1363.820 0.009 5959 960424
 1996.31833400 1363.850 0.009 5960 960425
 1996.32106000 1363.850 0.009 5961 960426
 1996.32381100 1363.828 0.009 5962 960427
 1996.32647900 1363.839 0.009 5963 960428
 1996.32919600 1363.862 0.009 5964 960429
 1996.33192700 1363.835 0.008 5965 960430
 1996.33465700 1363.881 0.009 5966 960501
 1996.33740100 1363.933 0.009 5967 960502
 1996.34012900 1363.906 0.009 5968 960503
 1996.34291900 1363.923 0.009 5969 960504
 1996.34562100 1363.922 0.009 5970 960505
 1996.34835500 1363.942 0.009 5971 960506
 1996.35101600 1363.980 0.009 5972 960507
 1996.35942300 1364.127 0.008 5975 960510
 1996.36211300 1363.994 0.009 5976 960511
 1996.36477500 1364.023 0.009 5977 960512
 1996.36688500 1364.088 0.009 5978 960513
 1996.37357400 1364.406 0.008 5980 960515
 1996.37570500 1364.336 0.008 5981 960516
 1996.37845100 1364.299 0.008 5982 960517
 1996.38121100 1364.196 0.008 5983 960518
 1996.38389500 1364.169 0.008 5984 960519
 1996.38666900 1363.979 0.008 5985 960520
 1996.38940800 1364.013 0.008 5986 960521
 1996.39212700 1363.855 0.008 5987 960522
 1996.39486000 1363.986 0.008 5988 960523
 1996.39757900 1363.898 0.008 5989 960524
 1996.40037200 1363.947 0.008 5990 960525
 1996.40929000 1363.983 0.010 5993 960528
 1996.41119900 1363.894 0.008 5994 960529
 1996.41395800 1363.829 0.010 5995 960530
 1996.41665200 1363.869 0.010 5996 960531
 1996.41941100 1363.865 0.010 5997 960601
 1996.42209300 1363.868 0.010 5998 960602
 1996.42482600 1363.854 0.010 5999 960603
 1996.42757300 1363.938 0.010 6000 960604
 1996.43032200 1364.007 0.010 6001 960605
 1996.43307100 1363.935 0.009 6002 960606
 1996.43581000 1363.886 0.009 6003 960607
 1996.43856800 1363.916 0.010 6004 960608
 1996.44128600 1363.950 0.009 6005 960609
 1996.44403600 1364.021 0.009 6006 960610
 1996.44676500 1364.027 0.009 6007 960611
 1996.44948600 1363.997 0.008 6008 960612
 1996.45222500 1364.033 0.008 6009 960613
 1996.45494300 1364.014 0.009 6010 960614
 1996.45770900 1363.959 0.009 6011 960615
 1996.46036900 1363.946 0.008 6012 960616
 1996.46309400 1363.948 0.008 6013 960617
 1996.46581100 1363.894 0.008 6014 960618
 1996.46854900 1363.971 0.008 6015 960619
 1996.47125600 1363.990 0.008 6016 960620
 1996.47398200 1363.990 0.008 6017 960621
 1996.47678300 1364.001 0.009 6018 960622
 1996.47945100 1363.960 0.008 6019 960623
 1996.48200400 1363.990 0.008 6020 960624
 1996.48499200 1363.872 0.009 6021 960625
 1996.48774000 1363.761 0.009 6022 960626
 1996.49050900 1363.829 0.008 6023 960627
 1996.49323000 1363.897 0.009 6024 960628
 1996.49601900 1363.998 0.009 6025 960629
 1996.49870600 1364.025 0.009 6026 960630
 1996.50138600 1364.063 0.009 6027 960701
 1996.50411200 1364.112 0.009 6028 960702
 1996.50682700 1364.119 0.009 6029 960703
 1996.50955100 1364.100 0.009 6030 960704
 1996.51228300 1364.077 0.009 6031 960705
 1996.51504500 1364.039 0.009 6032 960706
 1996.51772500 1364.034 0.009 6033 960707
 1996.52045500 1363.778 0.009 6034 960708
 1996.52318700 1363.676 0.009 6035 960709
 1996.52592000 1363.768 0.009 6036 960710
 1996.52866100 1363.868 0.008 6037 960711
 1996.53140400 1364.007 0.009 6038 960712
 1996.53419200 1363.975 0.009 6039 960713
 1996.53689400 1363.919 0.009 6040 960714
 1996.53963100 1363.950 0.009 6041 960715
 1996.54236100 1363.954 0.009 6042 960716
 1996.54510300 1363.935 0.009 6043 960717
 1996.54784100 1363.960 0.009 6044 960718
 1996.55058700 1363.990 0.009 6045 960719
 1996.55338500 1363.991 0.009 6046 960720
 1996.55504600 1363.968 0.008 6047 960721
 1996.58193800 1364.097 0.008 6056 960730
 1996.58339600 1363.961 0.008 6057 960731
 1996.58611300 1363.763 0.008 6058 960801
 1996.58882200 1363.833 0.009 6059 960802
 1996.59159600 1363.795 0.009 6060 960803
 1996.59427400 1363.778 0.008 6061 960804
 1996.59696900 1363.969 0.009 6062 960805
 1996.59971100 1364.088 0.009 6063 960806
 1996.60242500 1364.104 0.009 6064 960807
 1996.60514100 1363.996 0.008 6065 960808
 1996.60787700 1363.910 0.009 6066 960809
 1996.61066200 1363.894 0.009 6067 960810
 1996.61335900 1363.816 0.009 6068 960811
 1996.61610400 1363.812 0.009 6069 960812
 1996.61882600 1363.893 0.010 6070 960813
 1996.62156600 1363.865 0.010 6071 960814
 1996.62431300 1363.837 0.009 6072 960815
 1996.62704100 1363.818 0.009 6073 960816
 1996.62984100 1363.811 0.009 6074 960817
 1996.63254700 1363.836 0.009 6075 960818
 1996.63529000 1363.904 0.009 6076 960819
 1996.63804400 1363.912 0.009 6077 960820
 1996.64074100 1363.904 0.008 6078 960821
 1996.64345900 1363.919 0.008 6079 960822
 1996.64618000 1363.981 0.009 6080 960823
 1996.64893800 1364.099 0.008 6081 960824
 1996.65161800 1364.217 0.008 6082 960825
 1996.65433400 1364.233 0.008 6083 960826
 1996.65710000 1364.166 0.008 6084 960827
 1996.65981100 1364.166 0.008 6085 960828
 1996.66251600 1364.145 0.008 6086 960829
 1996.66524100 1364.175 0.008 6087 960830
 1996.66804600 1364.173 0.008 6088 960831
 1996.67072600 1364.239 0.008 6089 960901
 1996.67218800 1364.247 0.008 6090 960902
 1996.67897700 1363.965 0.008 6092 960904
 1996.68174900 1363.902 0.008 6093 960905
 1996.68449600 1363.843 0.008 6094 960906
 1996.68725200 1363.868 0.009 6095 960907
 1996.68991900 1363.857 0.008 6096 960908
 1996.69263300 1363.857 0.009 6097 960909
 1996.69535500 1363.844 0.009 6098 960910
 1996.69808600 1363.840 0.009 6099 960911
 1996.70082300 1363.784 0.008 6100 960912
 1996.70353900 1363.823 0.009 6101 960913
 1996.70628600 1363.831 0.009 6102 960914
 1996.70897700 1363.789 0.009 6103 960915
 1996.71171200 1363.801 0.009 6104 960916
 1996.71444900 1363.807 0.009 6105 960917
 1996.71719500 1363.851 0.009 6106 960918
 1996.71992400 1363.836 0.009 6107 960919
 1996.72267000 1363.850 0.009 6108 960920
 1996.72545200 1363.972 0.009 6109 960921
 1996.72815600 1364.052 0.009 6110 960922
 1996.73089800 1364.076 0.009 6111 960923
 1996.73362600 1364.052 0.009 6112 960924
 1996.73636900 1364.059 0.009 6113 960925
 1996.73910700 1364.047 0.009 6114 960926
 1996.74183800 1364.017 0.008 6115 960927
 1996.74461000 1364.026 0.008 6116 960928
 1996.74730300 1364.021 0.009 6117 960929
 1996.75004700 1364.020 0.009 6118 960930
 1996.75274900 1363.956 0.009 6119 961001
 1996.75549300 1363.872 0.009 6120 961002
 1996.75822000 1363.894 0.009 6121 961003
 1996.76093800 1363.962 0.008 6122 961004
 1996.76367900 1363.889 0.009 6123 961005
 1996.76633900 1363.886 0.008 6124 961006
 1996.76907700 1363.871 0.008 6125 961007
 1996.77182000 1363.982 0.009 6126 961008
 1996.77431100 1364.035 0.008 6127 961009
 1996.77731900 1364.001 0.008 6128 961010
 1996.78005000 1364.095 0.008 6129 961011
 1996.78279100 1364.082 0.008 6130 961012
 1996.78547700 1363.996 0.008 6131 961013
 1996.78820400 1364.023 0.008 6132 961014
 1996.79094600 1364.055 0.008 6133 961015
 1996.79369800 1364.000 0.008 6134 961016
 1996.79643000 1364.072 0.008 6135 961017
 1996.79916900 1364.094 0.008 6136 961018
 1996.80195300 1364.104 0.008 6137 961019
 1996.80464700 1364.146 0.008 6138 961020
 1996.80737800 1364.038 0.008 6139 961021
 1996.81012200 1364.087 0.008 6140 961022
 1996.81286900 1364.058 0.008 6141 961023
 1996.81560500 1364.071 0.008 6142 961024
 1996.81833600 1364.050 0.008 6143 961025
 1996.82112400 1364.011 0.009 6144 961026
 1996.82381500 1364.039 0.008 6145 961027
 1996.82654300 1364.003 0.008 6146 961028
 1996.82927700 1363.961 0.009 6147 961029
 1996.83200500 1363.910 0.008 6148 961030
 1996.83472600 1363.871 0.008 6149 961031
 1996.83743900 1363.867 0.008 6150 961101
 1996.84021400 1363.887 0.008 6151 961102
 1996.84288500 1363.872 0.008 6152 961103
 1996.84560600 1363.877 0.009 6153 961104
 1996.84833200 1363.783 0.008 6154 961105
 1996.85106700 1363.884 0.008 6155 961106
 1996.85379800 1363.829 0.008 6156 961107
 1996.85652100 1363.869 0.008 6157 961108
 1996.85921600 1363.879 0.008 6158 961109
 1996.86189700 1363.830 0.008 6159 961110
 1996.86469100 1363.958 0.010 6160 961111
 1996.86753300 1363.994 0.008 6161 961112
 1996.87024800 1363.986 0.008 6162 961113
 1996.87298200 1363.959 0.008 6163 961114
 1996.87574100 1364.055 0.008 6164 961115
 1996.87853200 1363.973 0.008 6165 961116
 1996.88121200 1364.113 0.009 6166 961117
 1996.88391000 1364.054 0.009 6167 961118
 1996.88663000 1364.000 0.009 6168 961119
 1996.88935500 1364.016 0.008 6169 961120
 1996.89206200 1364.027 0.009 6170 961121
 1996.89479100 1363.927 0.009 6171 961122
 1996.89754600 1363.586 0.009 6172 961123
 1996.90024100 1363.264 0.008 6173 961124
 1996.90297000 1362.847 0.009 6174 961125
 1996.90571200 1362.917 0.009 6175 961126
 1996.90846000 1363.012 0.009 6176 961127
 1996.91119600 1363.073 0.009 6177 961128
 1996.91392900 1363.329 0.009 6178 961129
 1996.91670100 1363.630 0.009 6179 961130
 1996.91943200 1363.742 0.009 6180 961201
 1996.92217600 1363.753 0.009 6181 961202
 1996.92490300 1363.679 0.009 6182 961203
 1996.92762400 1363.664 0.008 6183 961204
 1996.93031500 1363.616 0.009 6184 961205
 1996.93306000 1363.685 0.008 6185 961206
 1996.93581000 1363.720 0.008 6186 961207
 1996.93852600 1363.705 0.008 6187 961208
 1996.94126100 1363.744 0.008 6188 961209
 1996.94395700 1363.772 0.009 6189 961210
 1996.94668000 1363.802 0.008 6190 961211
 1996.94939700 1363.780 0.009 6191 961212
 1996.95215500 1363.976 0.009 6192 961213
 1996.95490000 1363.997 0.008 6193 961214
 1996.95761700 1363.889 0.009 6194 961215
 1996.96033000 1363.894 0.008 6195 961216
 1996.96306800 1363.947 0.008 6196 961217
 1996.96583400 1363.966 0.008 6197 961218
 1996.96857400 1364.020 0.008 6198 961219
 1996.97129300 1364.077 0.008 6199 961220
 1996.97405500 1364.061 0.008 6200 961221
 1996.97649200 1364.178 0.008 6201 961222
 1996.97949300 1364.204 0.008 6202 961223
 1996.98220200 1364.244 0.008 6203 961224
 1996.98494100 1364.112 0.008 6204 961225
 1996.98768300 1364.122 0.008 6205 961226
 1996.99042400 1364.154 0.008 6206 961227
 1996.99321300 1363.991 0.008 6207 961228
 1996.99590600 1363.975 0.008 6208 961229
 1996.99865500 1363.901 0.008 6209 961230
 1997.00139200 1364.022 0.008 6210 961231
 1997.00413800 1364.065 0.008 6211 970101
 1997.00688100 1364.052 0.008 6212 970102
 1997.00963400 1364.114 0.008 6213 970103
 1997.01237100 1364.154 0.008 6214 970104
 1997.01512400 1364.083 0.008 6215 970105
 1997.01784700 1364.085 0.008 6216 970106
 1997.02057700 1364.028 0.008 6217 970107
 1997.02331300 1364.186 0.008 6218 970108
 1997.02604000 1364.122 0.008 6219 970109
 1997.02877900 1364.253 0.008 6220 970110
 1997.03154800 1364.159 0.008 6221 970111
 1997.03422200 1364.196 0.008 6222 970112
 1997.03694500 1364.175 0.008 6223 970113
 1997.03968300 1364.176 0.008 6224 970114
 1997.04242600 1364.148 0.008 6225 970115
 1997.04517500 1364.014 0.008 6226 970116
 1997.04792600 1364.159 0.008 6227 970117
 1997.05072800 1364.129 0.008 6228 970118
 1997.05336200 1364.138 0.008 6229 970119
 1997.05612400 1364.022 0.008 6230 970120
 1997.05895700 1364.060 0.008 6231 970121
 1997.06168300 1364.028 0.008 6232 970122
 1997.06442400 1363.951 0.009 6233 970123
 1997.06716900 1364.051 0.008 6234 970124
 1997.06996600 1364.017 0.009 6235 970125
 1997.07265500 1363.848 0.008 6236 970126
 1997.07536500 1363.980 0.008 6237 970127
 1997.07808000 1364.003 0.008 6238 970128
 1997.08079700 1363.939 0.009 6239 970129
 1997.08354700 1363.983 0.009 6240 970130
 1997.08628100 1363.988 0.008 6241 970131
 1997.08903100 1363.994 0.009 6242 970201
 1997.09174400 1363.972 0.008 6243 970202
 1997.09448200 1363.808 0.009 6244 970203
 1997.09722500 1363.860 0.008 6245 970204
 1997.09998900 1363.989 0.009 6246 970205
 1997.10273600 1364.010 0.008 6247 970206
 1997.10549800 1364.034 0.009 6248 970207
 1997.10829500 1363.935 0.009 6249 970208
 1997.11099100 1363.967 0.009 6250 970209
 1997.11373400 1363.874 0.009 6251 970210
 1997.11647600 1363.920 0.009 6252 970211
 1997.11917600 1363.903 0.009 6253 970212
 1997.12194400 1363.914 0.009 6254 970213
 1997.12468600 1363.883 0.009 6255 970214
 1997.12743800 1363.929 0.009 6256 970215
 1997.13014700 1363.881 0.009 6257 970216
 1997.13285100 1363.939 0.008 6258 970217
 1997.13560700 1363.939 0.009 6259 970218
 1997.13831000 1363.868 0.008 6260 970219
 1997.14105100 1363.754 0.009 6261 970220
 1997.14379500 1363.877 0.009 6262 970221
 1997.14655800 1363.870 0.008 6263 970222
 1997.14929200 1363.894 0.008 6264 970223
 1997.15202300 1363.941 0.009 6265 970224
 1997.15474900 1363.918 0.008 6266 970225
 1997.15750300 1363.950 0.009 6267 970226
 1997.16028000 1363.979 0.008 6268 970227
 1997.16301100 1363.931 0.008 6269 970228
 1997.16549100 1364.209 0.009 6270 970301
 1997.16846400 1364.104 0.008 6271 970302
 1997.17119500 1364.154 0.008 6272 970303
 1997.17394100 1364.115 0.008 6273 970304
 1997.17668400 1364.136 0.008 6274 970305
 1997.17945000 1364.099 0.008 6275 970306
 1997.18220100 1364.100 0.008 6276 970307
 1997.18494700 1364.102 0.008 6277 970308
 1997.18771900 1364.206 0.008 6278 970309
 1997.19041400 1364.098 0.008 6279 970310
 1997.19318300 1364.094 0.009 6280 970311
 1997.19591000 1363.994 0.008 6281 970312
 1997.19867400 1364.068 0.008 6282 970313
 1997.20142200 1363.861 0.008 6283 970314
 1997.20420500 1364.030 0.008 6284 970315
 1997.20690700 1364.085 0.008 6285 970316
 1997.20963300 1364.070 0.008 6286 970317
 1997.21235800 1364.035 0.009 6287 970318
 1997.21508100 1363.926 0.009 6288 970319
 1997.21781300 1363.858 0.008 6289 970320
 1997.22054900 1363.909 0.008 6290 970321
 1997.22330100 1363.915 0.008 6291 970322
 1997.22598400 1363.756 0.008 6292 970323
 1997.22872000 1363.950 0.009 6293 970324
 1997.23146500 1363.923 0.008 6294 970325
 1997.23422800 1363.924 0.008 6295 970326
 1997.23696100 1364.006 0.008 6296 970327
 1997.23971600 1364.035 0.008 6297 970328
 1997.24250100 1363.956 0.008 6298 970329
 1997.24521300 1363.961 0.008 6299 970330
 1997.24794500 1363.965 0.008 6300 970331
 1997.25068500 1364.215 0.008 6301 970401
 1997.25342900 1364.229 0.008 6302 970402
 1997.25618000 1364.243 0.008 6303 970403
 1997.25894300 1364.407 0.008 6304 970404
 1997.26173100 1364.455 0.008 6305 970405
 1997.26372600 1364.458 0.008 6306 970406
 1997.26710200 1364.181 0.009 6307 970407
 1997.26983300 1364.175 0.009 6308 970408
 1997.27256600 1364.059 0.009 6309 970409
 1997.27530900 1363.943 0.008 6310 970410
 1997.27804700 1364.046 0.008 6311 970411
 1997.28084400 1364.170 0.008 6312 970412
 1997.28353000 1364.091 0.009 6313 970413
 1997.28604000 1364.004 0.009 6314 970414
 1997.28902300 1364.008 0.009 6315 970415
 1997.29177000 1363.931 0.009 6316 970416
 1997.29451900 1363.978 0.008 6317 970417
 1997.29725900 1364.031 0.009 6318 970418
 1997.30005400 1363.970 0.009 6319 970419
 1997.30276700 1363.983 0.009 6320 970420
 1997.30550700 1364.044 0.009 6321 970421
 1997.30825400 1364.019 0.009 6322 970422
 1997.31100700 1364.032 0.009 6323 970423
 1997.31374700 1364.017 0.008 6324 970424
 1997.31647500 1364.111 0.009 6325 970425
 1997.31924700 1364.077 0.010 6326 970426
 1997.32194200 1364.103 0.009 6327 970427
 1997.32468000 1364.154 0.009 6328 970428
 1997.32740700 1364.018 0.009 6329 970429
 1997.33012100 1364.239 0.009 6330 970430
 1997.33285800 1364.215 0.009 6331 970501
 1997.33560700 1364.259 0.008 6332 970502
 1997.33837200 1364.209 0.009 6333 970503
 1997.34105300 1364.233 0.009 6334 970504
 1997.34378700 1364.297 0.009 6335 970505
 1997.34651900 1364.269 0.009 6336 970506
 1997.34927500 1364.285 0.009 6337 970507
 1997.35205400 1364.227 0.009 6338 970508
 1997.35395600 1364.268 0.008 6339 970509
 1997.35751100 1364.066 0.009 6340 970510
 1997.36031000 1364.095 0.008 6341 970511
 1997.36296500 1364.056 0.008 6342 970512
 1997.36571900 1363.929 0.008 6343 970513
 1997.36847700 1364.085 0.008 6344 970514
 1997.37119300 1364.100 0.009 6345 970515
 1997.37395700 1364.056 0.009 6346 970516
 1997.37677000 1364.093 0.008 6347 970517
 1997.37944200 1364.079 0.008 6348 970518
 1997.38219200 1364.013 0.008 6349 970519
 1997.38492500 1363.966 0.009 6350 970520
 1997.38770000 1363.857 0.008 6351 970521
 1997.39043900 1364.012 0.008 6352 970522
 1997.39317800 1364.116 0.008 6353 970523
 1997.39595900 1364.184 0.008 6354 970524
 1997.39867700 1364.224 0.008 6355 970525
 1997.40150900 1364.211 0.009 6356 970526
 1997.40414800 1364.147 0.010 6357 970527
 1997.40688000 1364.167 0.010 6358 970528
 1997.40961400 1364.234 0.010 6359 970529
 1997.41200600 1364.259 0.010 6360 970530
 1997.41856200 1364.175 0.010 6362 970601
 1997.42052400 1364.086 0.009 6363 970602
 1997.42322600 1363.964 0.010 6364 970603
 1997.42598500 1364.055 0.010 6365 970604
 1997.42874800 1364.011 0.008 6366 970605
 1997.43149700 1364.121 0.008 6367 970606
 1997.43429000 1364.137 0.009 6368 970607
 1997.43697700 1364.116 0.009 6369 970608
 1997.43973400 1364.025 0.008 6370 970609
 1997.44249800 1364.014 0.008 6371 970610
 1997.44524700 1364.028 0.008 6372 970611
 1997.44797500 1364.092 0.008 6373 970612
 1997.45072200 1363.959 0.008 6374 970613
 1997.45355400 1363.990 0.008 6375 970614
 1997.45622900 1364.091 0.008 6376 970615
 1997.45894900 1363.974 0.008 6377 970616
 1997.46168000 1364.095 0.009 6378 970617
 1997.46440400 1364.125 0.008 6379 970618
 1997.46737200 1364.137 0.009 6380 970619
 1997.46964000 1364.038 0.008 6381 970620
 1997.47260700 1364.110 0.009 6382 970621
 1997.47529900 1364.098 0.009 6383 970622
 1997.47804900 1364.003 0.009 6384 970623
 1997.48080500 1364.059 0.009 6385 970624
 1997.48355100 1363.999 0.009 6386 970625
 1997.48630500 1364.069 0.009 6387 970626
 1997.48906200 1364.126 0.009 6388 970627
 1997.49185900 1364.159 0.009 6389 970628
 1997.49455100 1364.110 0.009 6390 970629
 1997.49729700 1364.009 0.009 6391 970630
 1997.50002900 1364.020 0.009 6392 970701
 1997.50278700 1364.014 0.009 6393 970702
 1997.50552800 1364.002 0.008 6394 970703
 1997.50826800 1363.955 0.009 6395 970704
 1997.51105600 1363.963 0.009 6396 970705
 1997.51373200 1363.985 0.009 6397 970706
 1997.51645600 1363.983 0.009 6398 970707
 1997.51917900 1364.019 0.009 6399 970708
 1997.52189400 1363.974 0.009 6400 970709
 1997.52462800 1363.943 0.009 6401 970710
 1997.52734400 1363.984 0.009 6402 970711
 1997.53012000 1363.993 0.009 6403 970712
 1997.53282600 1363.909 0.009 6404 970713
 1997.53556900 1363.920 0.009 6405 970714
 1997.53833300 1363.965 0.008 6406 970715
 1997.54108200 1363.975 0.009 6407 970716
 1997.54383000 1363.987 0.008 6408 970717
 1997.54657300 1364.084 0.009 6409 970718
 1997.54933400 1364.038 0.009 6410 970719
 1997.55176700 1364.149 0.009 6411 970720
 1997.55484100 1364.357 0.008 6412 970721
 1997.55749700 1364.296 0.008 6413 970722
 1997.56022600 1364.307 0.009 6414 970723
 1997.56298500 1364.372 0.008 6415 970724
 1997.56576300 1364.369 0.008 6416 970725
 1997.56860000 1364.437 0.009 6417 970726
 1997.57123300 1364.424 0.008 6418 970727
 1997.57397700 1364.418 0.008 6419 970728
 1997.57674000 1364.405 0.008 6420 970729
 1997.57954400 1364.353 0.009 6421 970730
 1997.58223700 1364.331 0.008 6422 970731
 1997.58497800 1364.195 0.008 6423 970801
 1997.58776600 1364.186 0.008 6424 970802
 1997.58993400 1364.230 0.008 6425 970803
 1997.59319700 1364.113 0.008 6426 970804
 1997.59594600 1364.204 0.008 6427 970805
 1997.59867600 1364.124 0.009 6428 970806
 1997.60143800 1364.135 0.009 6429 970807
 1997.60412900 1364.066 0.009 6430 970808
 1997.60688400 1364.118 0.010 6431 970809
 1997.60958600 1364.107 0.010 6432 970810
 1997.61231700 1364.183 0.010 6433 970811
 1997.61501000 1364.151 0.010 6434 970812
 1997.61776300 1364.260 0.009 6435 970813
 1997.62051800 1364.351 0.009 6436 970814
 1997.62327500 1364.319 0.009 6437 970815
 1997.62604100 1364.261 0.008 6438 970816
 1997.62877400 1364.330 0.008 6439 970817
 1997.63152500 1364.323 0.008 6440 970818
 1997.63428000 1364.326 0.008 6441 970819
 1997.63702400 1364.349 0.008 6442 970820
 1997.63976000 1364.391 0.009 6443 970821
 1997.64250600 1364.417 0.008 6444 970822
 1997.64531800 1364.378 0.008 6445 970823
 1997.64801300 1364.383 0.008 6446 970824
 1997.65072100 1364.515 0.008 6447 970825
 1997.65345700 1364.583 0.009 6448 970826
 1997.65621300 1364.488 0.008 6449 970827
 1997.65885700 1364.415 0.008 6450 970828
 1997.66127100 1364.331 0.008 6451 970829
 1997.66438600 1364.181 0.008 6452 970830
 1997.66708200 1364.116 0.009 6453 970831
 1997.66984100 1364.203 0.008 6454 970901
 1997.67256700 1364.416 0.009 6455 970902
 1997.67532600 1364.591 0.008 6456 970903
 1997.67809200 1364.440 0.009 6457 970904
 1997.68084700 1364.296 0.009 6458 970905
 1997.68363400 1364.092 0.009 6459 970906
 1997.68632900 1363.937 0.009 6460 970907
 1997.68906400 1363.703 0.009 6461 970908
 1997.69182300 1363.502 0.009 6462 970909
 1997.69457600 1363.479 0.009 6463 970910
 1997.69603100 1363.614 0.008 6464 970911
 1997.70006100 1363.717 0.009 6465 970912
 1997.70282400 1363.877 0.009 6466 970913
 1997.70550400 1364.087 0.009 6467 970914
 1997.70822800 1364.132 0.009 6468 970915
 1997.71096400 1364.175 0.009 6469 970916
 1997.71367400 1364.189 0.009 6470 970917
 1997.71640100 1364.168 0.009 6471 970918
 1997.71914200 1364.162 0.009 6472 970919
 1997.72191600 1364.253 0.009 6473 970920
 1997.72461700 1364.250 0.009 6474 970921
 1997.72737200 1364.489 0.009 6475 970922
 1997.73011800 1364.293 0.008 6476 970923
 1997.73286400 1364.242 0.009 6477 970924
 1997.73487600 1364.109 0.008 6478 970925
 1997.73835200 1364.234 0.008 6479 970926
 1997.74114600 1364.303 0.009 6480 970927
 1997.74387500 1364.403 0.008 6481 970928
 1997.74661600 1364.496 0.008 6482 970929
 1997.74934100 1364.490 0.009 6483 970930
 1997.75207100 1364.555 0.008 6484 971001
 1997.75481900 1364.593 0.009 6485 971002
 1997.75759200 1364.505 0.008 6486 971003
 1997.76013200 1364.389 0.009 6487 971004
 1997.76301900 1364.467 0.008 6488 971005
 1997.76580000 1364.429 0.008 6489 971006
 1997.76852300 1364.480 0.008 6490 971007
 1997.77128100 1364.522 0.008 6491 971008
 1997.77403000 1364.436 0.008 6492 971009
 1997.77676800 1364.510 0.008 6493 971010
 1997.77954200 1364.377 0.008 6494 971011
 1997.78223200 1364.411 0.008 6495 971012
 1997.78496600 1364.361 0.008 6496 971013
 1997.78770900 1364.279 0.008 6497 971014
 1997.79042600 1364.237 0.008 6498 971015
 1997.79316200 1364.209 0.008 6499 971016
 1997.79588900 1364.163 0.008 6500 971017
 1997.79866800 1364.250 0.008 6501 971018
 1997.80133600 1364.159 0.008 6502 971019
 1997.82337200 1364.386 0.008 6510 971027
 1997.82604200 1364.303 0.008 6511 971028
 1997.82824100 1364.255 0.008 6512 971029
 1997.83152500 1364.131 0.008 6513 971030
 1997.83427600 1364.144 0.009 6514 971031
 1997.83699400 1364.149 0.008 6515 971101
 1997.83975100 1364.095 0.008 6516 971102
 1997.84250900 1363.776 0.008 6517 971103
 1997.84525700 1363.840 0.008 6518 971104
 1997.84801700 1363.921 0.008 6519 971105
 1997.85071800 1364.137 0.008 6520 971106
 1997.85336700 1364.259 0.009 6521 971107
 1997.85614200 1364.387 0.009 6522 971108
 1997.85886000 1364.419 0.008 6523 971109
 1997.86162900 1364.303 0.008 6524 971110
 1997.86435600 1364.217 0.009 6525 971111
 1997.86708000 1364.194 0.008 6526 971112
 1997.86985500 1364.215 0.008 6527 971113
 1997.87261300 1364.232 0.008 6528 971114
 1997.87538900 1364.211 0.009 6529 971115
 1997.87809000 1364.132 0.008 6530 971116
 1997.88084700 1364.018 0.008 6531 971117
 1997.88360200 1363.877 0.008 6532 971118
 1997.88632300 1363.905 0.008 6533 971119
 1997.88907800 1363.928 0.009 6534 971120
 1997.89181000 1363.897 0.009 6535 971121
 1997.89460300 1363.868 0.009 6536 971122
 1997.89732400 1364.220 0.008 6537 971123
 1997.89999400 1364.407 0.008 6538 971124
 1997.90272400 1364.485 0.009 6539 971125
 1997.90545000 1364.421 0.008 6540 971126
 1997.90819600 1364.315 0.008 6541 971127
 1997.91093600 1364.264 0.008 6542 971128
 1997.91369900 1364.019 0.008 6543 971129
 1997.91643600 1364.035 0.008 6544 971130
 1997.91913800 1363.923 0.008 6545 971201
 1997.92189200 1363.883 0.009 6546 971202
 1997.92464600 1363.905 0.008 6547 971203
 1997.92740500 1364.073 0.009 6548 971204
 1997.93013400 1364.152 0.008 6549 971205
 1997.93295500 1364.369 0.009 6550 971206
 1997.93566500 1364.265 0.008 6551 971207
 1997.93844100 1364.254 0.009 6552 971208
 1997.94113300 1364.081 0.008 6553 971209
 1997.94388300 1363.999 0.008 6554 971210
 1997.94664800 1364.032 0.008 6555 971211
 1997.94937000 1363.984 0.009 6556 971212
 1997.95216300 1364.077 0.008 6557 971213
 1997.95487700 1364.050 0.008 6558 971214
 1997.95745800 1364.147 0.008 6559 971215
 1997.96032300 1364.042 0.009 6560 971216
 1997.96264400 1364.049 0.008 6561 971217
 1997.96583900 1364.113 0.009 6562 971218
 1997.96862500 1364.058 0.007 6563 971219
 1997.97132000 1364.272 0.008 6564 971220
 1997.97402200 1364.377 0.008 6565 971221
 1997.97675800 1364.358 0.008 6566 971222
 1997.97950600 1364.213 0.008 6567 971223
 1997.98224000 1364.249 0.007 6568 971224
 1997.98495700 1364.254 0.008 6569 971225
 1997.98766900 1364.226 0.008 6570 971226
 1997.99042600 1364.318 0.008 6571 971227
 1997.99311600 1364.322 0.008 6572 971228
 1997.99556000 1364.362 0.008 6573 971229
 1997.99860400 1364.387 0.008 6574 971230
 1998.00133700 1364.500 0.009 6575 971231
 1998.00407500 1364.544 0.008 6576 980101
 1998.00682400 1364.565 0.008 6577 980102
 1998.00924800 1364.576 0.007 6578 980103
 1998.01232900 1364.584 0.008 6579 980104
 1998.01508000 1364.486 0.008 6580 980105
 1998.01781600 1364.410 0.008 6581 980106
 1998.02055700 1364.397 0.008 6582 980107
 1998.02331000 1364.324 0.008 6583 980108
 1998.02605900 1364.391 0.008 6584 980109
 1998.02885200 1364.422 0.007 6585 980110
 1998.03156600 1364.411 0.008 6586 980111
 1998.03431500 1364.328 0.008 6587 980112
 1998.03703700 1364.248 0.007 6588 980113
 1998.03976200 1364.231 0.007 6589 980114
 1998.04249200 1364.219 0.008 6590 980115
 1998.04518900 1364.200 0.008 6591 980116
 1998.04794200 1364.216 0.008 6592 980117
 1998.05063000 1364.324 0.008 6593 980118
 1998.05338200 1364.411 0.008 6594 980119
 1998.05615400 1364.232 0.008 6595 980120
 1998.05890000 1364.366 0.008 6596 980121
 1998.06162100 1364.370 0.008 6597 980122
 1998.06435400 1364.409 0.008 6598 980123
 1998.06716600 1364.372 0.008 6599 980124
 1998.06987800 1364.308 0.008 6600 980125
 1998.07261000 1364.301 0.008 6601 980126
 1998.07534600 1364.276 0.009 6602 980127
 1998.07810800 1364.264 0.009 6603 980128
 1998.08086300 1364.224 0.008 6604 980129
 1998.08360500 1364.291 0.008 6605 980130
 1998.08642600 1364.274 0.009 6606 980131
 1998.08912400 1364.244 0.008 6607 980201
 1998.09185800 1364.194 0.008 6608 980202
 1998.09457800 1364.128 0.008 6609 980203
 1998.09729000 1364.066 0.008 6610 980204
 1998.10000800 1363.959 0.008 6611 980205
 1998.10270100 1364.007 0.008 6612 980206
 1998.10545500 1364.085 0.008 6613 980207
 1998.10818700 1364.087 0.008 6614 980208
 1998.11095600 1364.055 0.009 6615 980209
 1998.11370100 1364.148 0.008 6616 980210
 1998.11644700 1364.216 0.009 6617 980211
 1998.11923600 1364.163 0.008 6618 980212
 1998.12189800 1364.022 0.008 6619 980213
 1998.12473900 1363.988 0.009 6620 980214
 1998.12743400 1363.889 0.008 6621 980215
 1998.13020700 1363.838 0.009 6622 980216
 1998.13294200 1363.927 0.008 6623 980217
 1998.13570500 1363.968 0.008 6624 980218
 1998.13844900 1364.137 0.008 6625 980219
 1998.14117000 1364.307 0.008 6626 980220
 1998.14399500 1364.444 0.009 6627 980221
 1998.14669100 1364.468 0.008 6628 980222
 1998.14940000 1364.486 0.008 6629 980223
 1998.15215300 1364.455 0.008 6630 980224
 1998.15458400 1364.334 0.008 6631 980225
 1998.15763500 1364.626 0.008 6632 980226
 1998.16031100 1364.555 0.008 6633 980227
 1998.16311100 1364.652 0.008 6634 980228
 1998.16582800 1364.487 0.008 6635 980301
 1998.16855100 1364.375 0.008 6636 980302
 1998.17125400 1364.295 0.008 6637 980303
 1998.17400800 1364.300 0.008 6638 980304
 1998.17675400 1364.313 0.008 6639 980305
 1998.17946600 1364.417 0.008 6640 980306
 1998.18224600 1364.432 0.008 6641 980307
 1998.18493200 1364.382 0.008 6642 980308
 1998.18767300 1364.315 0.008 6643 980309
 1998.19039800 1364.427 0.008 6644 980310
 1998.19312100 1364.564 0.008 6645 980311
 1998.20966800 1363.987 0.008 6651 980317
 1998.21233800 1364.183 0.008 6652 980318
 1998.21507900 1364.427 0.008 6653 980319
 1998.21781800 1364.648 0.009 6654 980320
 1998.22061900 1364.799 0.008 6655 980321
 1998.22333700 1364.741 0.008 6656 980322
 1998.22521600 1364.631 0.008 6657 980323
 1998.22881500 1364.396 0.008 6658 980324
 1998.23154500 1364.337 0.008 6659 980325
 1998.23428500 1364.338 0.008 6660 980326
 1998.23704200 1364.394 0.008 6661 980327
 1998.23981400 1364.368 0.008 6662 980328
 1998.24246500 1364.461 0.008 6663 980329
 1998.24518300 1364.394 0.008 6664 980330
 1998.24792200 1364.380 0.008 6665 980331
 1998.25065000 1364.364 0.008 6666 980401
 1998.25326700 1364.426 0.009 6667 980402
 1998.25613800 1364.277 0.008 6668 980403
 1998.25894700 1364.315 0.008 6669 980404
 1998.26165700 1364.197 0.009 6670 980405
 1998.26441500 1364.314 0.008 6671 980406
 1998.26715100 1364.500 0.008 6672 980407
 1998.26988100 1364.545 0.009 6673 980408
 1998.27262600 1364.532 0.009 6674 980409
 1998.27537100 1364.412 0.009 6675 980410
 1998.27816800 1364.446 0.008 6676 980411
 1998.28087100 1364.655 0.008 6677 980412
 1998.28360500 1364.756 0.008 6678 980413
 1998.28628400 1364.860 0.008 6679 980414
 1998.30276800 1364.707 0.008 6685 980420
 1998.30545000 1364.587 0.009 6686 980421
 1998.30818700 1364.629 0.009 6687 980422
 1998.31093000 1364.659 0.009 6688 980423
 1998.31367200 1364.572 0.008 6689 980424
 1998.31645200 1364.594 0.009 6690 980425
 1998.31916400 1364.626 0.009 6691 980426
 1998.32190000 1364.524 0.009 6692 980427
 1998.32463500 1364.486 0.008 6693 980428
 1998.32741300 1364.379 0.009 6694 980429
 1998.33017300 1364.319 0.008 6695 980430
 1998.33288600 1364.109 0.009 6696 980501
 1998.33571800 1363.977 0.009 6697 980502
 1998.33839700 1363.925 0.008 6698 980503
 1998.34112300 1364.025 0.009 6699 980504
 1998.34361800 1363.959 0.009 6700 980505
 1998.34658700 1364.476 0.008 6701 980506
 1998.34935500 1364.682 0.008 6702 980507
 1998.35208600 1364.781 0.008 6703 980508
 1998.35486100 1364.844 0.008 6704 980509
 1998.35756000 1364.784 0.008 6705 980510
 1998.36033000 1364.768 0.008 6706 980511
 1998.36303200 1364.742 0.008 6707 980512
 1998.36581100 1364.799 0.008 6708 980513
 1998.36855500 1364.781 0.009 6709 980514
 1998.37128600 1364.723 0.008 6710 980515
 1998.37404800 1364.534 0.008 6711 980516
 1998.37676900 1364.646 0.008 6712 980517
 1998.37950300 1364.706 0.008 6713 980518
 1998.38220900 1364.622 0.008 6714 980519
 1998.38497700 1364.668 0.009 6715 980520
 1998.38763600 1364.678 0.009 6716 980521
 1998.39046800 1364.687 0.009 6717 980522
 1998.39317900 1364.510 0.010 6718 980523
 1998.39586600 1364.233 0.010 6719 980524
 1998.39860500 1364.165 0.010 6720 980525
 1998.40135700 1364.243 0.010 6721 980526
 1998.40409700 1364.413 0.010 6722 980527
 1998.40684200 1364.410 0.009 6723 980528
 1998.40958400 1364.313 0.010 6724 980529
 1998.41236500 1364.372 0.010 6725 980530
 1998.41508900 1364.406 0.009 6726 980531
 1998.41785600 1364.432 0.008 6727 980601
 1998.42060200 1364.308 0.008 6728 980602
 1998.42333700 1364.549 0.008 6729 980603
 1998.42608800 1364.649 0.008 6730 980604
 1998.42881000 1364.645 0.008 6731 980605
 1998.43158200 1364.572 0.008 6732 980606
 1998.43427900 1364.535 0.008 6733 980607
 1998.43697800 1364.620 0.008 6734 980608
 1998.43969500 1364.723 0.008 6735 980609
 1998.44247800 1364.748 0.008 6736 980610
 1998.44514700 1364.793 0.008 6737 980611
 1998.44790700 1364.928 0.008 6738 980612
 1998.45069800 1364.917 0.008 6739 980613
 1998.45336500 1365.017 0.008 6740 980614
 1998.45593500 1364.968 0.008 6741 980615
 1998.45889400 1364.844 0.009 6742 980616
 1998.46165200 1364.769 0.009 6743 980617
 1998.46441100 1364.787 0.008 6744 980618
 1998.46717600 1364.718 0.009 6745 980619
 1998.46994600 1364.663 0.009 6746 980620
 1998.47262600 1364.616 0.008 6747 980621
 1998.47538600 1364.639 0.009 6748 980622
 1998.47813000 1364.795 0.008 6749 980623
 1998.48087200 1364.776 0.009 6750 980624
 1998.48361100 1364.676 0.009 6751 980625
 1998.48634700 1364.545 0.009 6752 980626
 1998.48906400 1364.640 0.008 6753 980627
 1998.50548900 1365.123 0.008 6759 980703
 1998.50822500 1365.007 0.008 6760 980704
 1998.51093800 1365.026 0.008 6761 980705
 1998.51365400 1364.904 0.009 6762 980706
 1998.51639600 1365.082 0.008 6763 980707
 1998.51915400 1365.102 0.009 6764 980708
 1998.52192500 1365.208 0.009 6765 980709
 1998.52467000 1365.098 0.008 6766 980710
 1998.52745900 1365.194 0.008 6767 980711
 1998.53012900 1365.190 0.008 6768 980712
 1998.53288500 1365.094 0.008 6769 980713
 1998.53565900 1364.963 0.009 6770 980714
 1998.53811100 1364.779 0.008 6771 980715
 1998.54108900 1364.798 0.008 6772 980716
 1998.54384100 1364.766 0.008 6773 980717
 1998.54663200 1364.874 0.009 6774 980718
 1998.54933600 1364.914 0.008 6775 980719
 1998.55205800 1364.916 0.008 6776 980720
 1998.55483100 1364.803 0.008 6777 980721
 1998.55758500 1364.733 0.008 6778 980722
 1998.56020500 1364.761 0.008 6779 980723
 1998.57950600 1364.845 0.008 6786 980730
 1998.58221000 1364.895 0.008 6787 980731
 1998.58494700 1364.826 0.009 6788 980801
 1998.58775200 1364.987 0.009 6789 980802
 1998.59043100 1364.906 0.009 6790 980803
 1998.59317500 1364.809 0.009 6791 980804
 1998.59589900 1364.772 0.009 6792 980805
 1998.59863300 1364.540 0.009 6793 980806
 1998.60134600 1364.512 0.009 6794 980807
 1998.60407900 1364.486 0.009 6795 980808
 1998.60683500 1364.189 0.009 6796 980809
 1998.60958800 1364.036 0.009 6797 980810
 1998.61235300 1364.096 0.008 6798 980811
 1998.61510100 1364.030 0.008 6799 980812
 1998.61789200 1364.091 0.008 6800 980813
 1998.62057900 1364.069 0.008 6801 980814
 1998.62335100 1364.056 0.008 6802 980815
 1998.62612700 1364.393 0.008 6803 980816
 1998.62884800 1364.631 0.008 6804 980817
 1998.63158000 1364.837 0.009 6805 980818
 1998.63435800 1364.881 0.008 6806 980819
 1998.63704600 1364.847 0.008 6807 980820
 1998.63971900 1364.670 0.008 6808 980821
 1998.64256200 1364.665 0.008 6809 980822
 1998.64523700 1364.738 0.008 6810 980823
 1998.64789400 1364.758 0.008 6811 980824
 1998.65055700 1364.973 0.008 6812 980825
 1998.65343700 1364.973 0.009 6813 980826
 1998.65621300 1364.977 0.009 6814 980827
 1998.65893500 1364.872 0.008 6815 980828
 1998.66168500 1364.705 0.009 6816 980829
 1998.66439700 1364.449 0.009 6817 980830
 1998.66715900 1364.450 0.009 6818 980831
 1998.66987200 1364.182 0.009 6819 980901
 1998.67262800 1363.965 0.009 6820 980902
 1998.67540100 1363.893 0.009 6821 980903
 1998.67813200 1364.040 0.009 6822 980904
 1998.68092100 1364.268 0.009 6823 980905
 1998.68362100 1364.445 0.009 6824 980906
 1998.68629100 1364.544 0.009 6825 980907
 1998.70817800 1365.014 0.008 6833 980915
 1998.71090600 1364.970 0.009 6834 980916
 1998.71365600 1364.930 0.009 6835 980917
 1998.71641400 1365.018 0.008 6836 980918
 1998.71921300 1364.829 0.009 6837 980919
 1998.72196400 1364.757 0.009 6838 980920
 1998.72470100 1364.660 0.009 6839 980921
 1998.72741000 1364.458 0.009 6840 980922
 1998.73017300 1364.434 0.009 6841 980923
 1998.73326900 1364.502 0.009 6842 980924
 1998.73562600 1364.675 0.009 6843 980925
 1998.73844600 1364.824 0.009 6844 980926
 1998.74114300 1364.952 0.008 6845 980927
 1998.74386100 1365.079 0.008 6846 980928
 1998.74635500 1365.228 0.008 6847 980929
 1998.74932900 1365.159 0.008 6848 980930
 1998.75212100 1365.062 0.008 6849 981001
 1998.75481600 1364.963 0.008 6850 981002
 1998.75761800 1364.959 0.008 6851 981003
 1998.76033600 1364.836 0.008 6852 981004
 1998.76306400 1364.902 0.008 6853 981005
 1998.76578600 1364.751 0.008 6854 981006
 1998.76853800 1364.667 0.008 6855 981007
 1998.77129400 1364.746 0.008 6856 981008
 1998.77382100 1364.746 0.008 6857 981009
 1998.77678000 1364.692 0.008 6858 981010
 1998.77947700 1364.674 0.008 6859 981011
 1998.78220900 1364.810 0.008 6860 981012
 1998.78493600 1364.848 0.008 6861 981013
 1998.78764500 1364.713 0.008 6862 981014
 1998.79036400 1364.641 0.008 6863 981015
 1998.79310700 1364.597 0.008 6864 981016
 1998.79589500 1364.688 0.008 6865 981017
 1998.79859700 1364.761 0.008 6866 981018
 1998.80134000 1364.768 0.008 6867 981019
 1998.80407500 1364.829 0.008 6868 981020
 1998.80678300 1364.605 0.008 6869 981021
 1998.80958300 1364.636 0.008 6870 981022
 1998.81232100 1364.734 0.008 6871 981023
 1998.81511400 1364.877 0.008 6872 981024
 1998.81783200 1364.872 0.008 6873 981025
 1998.82057900 1364.827 0.008 6874 981026
 1998.82330900 1364.776 0.008 6875 981027
 1998.82603900 1364.701 0.008 6876 981028
 1998.82879600 1364.686 0.008 6877 981029
 1998.83157900 1364.779 0.008 6878 981030
 1998.83426600 1364.885 0.008 6879 981031
 1998.83697900 1365.003 0.008 6880 981101
 1998.83953300 1364.848 0.008 6881 981102
 1998.84241000 1364.831 0.008 6882 981103
 1998.84519300 1364.631 0.008 6883 981104
 1998.84790300 1364.735 0.008 6884 981105
 1998.85064700 1364.656 0.009 6885 981106
 1998.85345600 1364.678 0.008 6886 981107
 1998.85611200 1364.488 0.008 6887 981108
 1998.85889700 1364.635 0.008 6888 981109
 1998.86163500 1364.638 0.009 6889 981110
 1998.86438200 1364.607 0.009 6890 981111
 1998.86711400 1364.596 0.008 6891 981112
 1998.86984300 1364.538 0.008 6892 981113
 1998.87265500 1364.626 0.009 6893 981114
 1998.87811400 1364.465 0.008 6895 981116
 1998.88086200 1364.386 0.008 6896 981117
 1998.88359700 1364.628 0.008 6897 981118
 1998.88635900 1364.705 0.008 6898 981119
 1998.88906700 1364.716 0.008 6899 981120
 1998.89180500 1364.673 0.008 6900 981121
 1998.89723900 1364.584 0.007 6902 981123
 1998.89997100 1364.680 0.007 6903 981124
 1998.90272100 1364.751 0.007 6904 981125
 1998.90542600 1364.851 0.007 6905 981126
 1998.90817900 1364.808 0.008 6906 981127
 1998.91095700 1364.853 0.008 6907 981128
 1998.91367000 1364.781 0.008 6908 981129
 1998.91640300 1364.673 0.008 6909 981130
 1998.91915700 1364.749 0.008 6910 981201
 1998.92191200 1364.828 0.008 6911 981202
 1998.92464900 1364.953 0.008 6912 981203
 1998.92740500 1364.928 0.009 6913 981204
 1998.93018400 1364.789 0.008 6914 981205
 1998.93288300 1364.741 0.008 6915 981206
 1998.93563300 1364.553 0.008 6916 981207
 1998.93840200 1364.506 0.008 6917 981208
 1998.94111100 1364.634 0.008 6918 981209
 1998.94389800 1364.919 0.008 6919 981210
 1998.94661000 1364.952 0.008 6920 981211
 1998.94942600 1364.689 0.008 6921 981212
 1998.95173000 1364.513 0.008 6922 981213
 1998.95481500 1364.398 0.008 6923 981214
 1998.95755100 1364.590 0.008 6924 981215
 1998.96030600 1364.778 0.007 6925 981216
 1998.96302800 1365.072 0.007 6926 981217
 1998.96578800 1365.139 0.008 6927 981218
 1998.96861200 1365.079 0.007 6928 981219
 1998.97130200 1364.982 0.007 6929 981220
 1998.97401500 1365.062 0.007 6930 981221
 1998.97674600 1365.093 0.007 6931 981222
 1998.97937700 1365.299 0.007 6932 981223
 1998.99863900 1364.838 0.007 6939 981230
 1999.00132600 1364.905 0.008 6940 981231
 1999.00406000 1364.940 0.007 6941 990101
 1999.00684100 1365.096 0.007 6942 990102
 1999.00954400 1365.180 0.007 6943 990103
 1999.01230100 1365.197 0.007 6944 990104
 1999.01507300 1365.031 0.007 6945 990105
 1999.01779600 1365.119 0.007 6946 990106
 1999.02053100 1365.138 0.007 6947 990107
 1999.02328700 1365.048 0.008 6948 990108
 1999.02602300 1364.892 0.007 6949 990109
 1999.02780100 1364.945 0.007 6950 990110
 1999.03145400 1364.866 0.008 6951 990111
 1999.03427400 1364.837 0.008 6952 990112
 1999.03703100 1364.941 0.008 6953 990113
 1999.03974600 1364.810 0.008 6954 990114
 1999.04247100 1364.763 0.008 6955 990115
 1999.04526700 1364.617 0.008 6956 990116
 1999.04791200 1364.436 0.008 6957 990117
 1999.05066700 1364.450 0.008 6958 990118
 1999.05339900 1364.441 0.008 6959 990119
 1999.05612400 1364.608 0.008 6960 990120
 1999.05887200 1364.954 0.008 6961 990121
 1999.06158700 1365.275 0.008 6962 990122
 1999.06396100 1365.316 0.008 6963 990123
 1999.06761200 1364.914 0.008 6964 990124
 1999.07025700 1365.451 0.008 6965 990125
 1999.07257400 1365.429 0.008 6966 990126
 1999.07535500 1365.376 0.008 6967 990127
 1999.07811500 1365.350 0.007 6968 990128
 1999.08087600 1365.270 0.006 6969 990129
 1999.08361800 1365.116 0.006 6970 990130
 1999.08633800 1365.027 0.006 6971 990131
 1999.08908800 1364.942 0.006 6972 990201
 1999.09181500 1364.849 0.006 6973 990202
 1999.09453700 1364.789 0.006 6974 990203
 1999.09723000 1364.560 0.007 6975 990204
 1999.10000400 1364.700 0.007 6976 990205
 1999.10277800 1364.650 0.008 6977 990206
 1999.10545300 1364.736 0.008 6978 990207
 1999.11914900 1363.967 0.008 6983 990212
 1999.12189200 1363.699 0.009 6984 990213
 1999.12461700 1363.481 0.008 6985 990214
 1999.12734000 1363.672 0.008 6986 990215
 1999.13015300 1364.068 0.008 6987 990216
 1999.13284200 1364.548 0.008 6988 990217
 1999.13561300 1364.961 0.009 6989 990218
 1999.13834300 1365.154 0.008 6990 990219
 1999.14073200 1365.261 0.008 6991 990220
 1999.14377100 1365.386 0.008 6992 990221
 1999.14656200 1365.347 0.008 6993 990222
 1999.14928200 1365.305 0.008 6994 990223
 1999.15203800 1365.134 0.008 6995 990224
 1999.15475900 1365.242 0.008 6996 990225
 1999.15749100 1365.073 0.008 6997 990226
 1999.17683100 1364.762 0.008 7004 990305
 1999.17954100 1364.837 0.008 7005 990306
 1999.18223500 1364.877 0.008 7006 990307
 1999.18498000 1364.949 0.008 7007 990308
 1999.18772200 1365.028 0.008 7008 990309
 1999.19044600 1365.078 0.008 7009 990310
 1999.19318800 1365.032 0.008 7010 990311
 1999.19592300 1365.013 0.008 7011 990312
 1999.19869500 1364.782 0.008 7012 990313
 1999.20137900 1364.525 0.008 7013 990314
 1999.20409600 1364.684 0.008 7014 990315
 1999.20682000 1364.873 0.008 7015 990316
 1999.20955000 1365.079 0.008 7016 990317
 1999.21229300 1365.152 0.008 7017 990318
 1999.21500100 1365.352 0.008 7018 990319
 1999.21785600 1365.304 0.008 7019 990320
 1999.22062100 1365.188 0.008 7020 990321
 1999.22333000 1365.224 0.008 7021 990322
 1999.22608700 1365.125 0.008 7022 990323
 1999.22886400 1365.092 0.008 7023 990324
 1999.23157200 1364.971 0.008 7024 990325
 1999.23426000 1364.988 0.008 7025 990326
 1999.23635500 1364.972 0.008 7026 990327
 1999.23984300 1364.873 0.009 7027 990328
 1999.24262200 1364.901 0.009 7028 990329
 1999.24534800 1364.892 0.008 7029 990330
 1999.24807300 1364.895 0.009 7030 990331
 1999.25079600 1364.856 0.009 7031 990401
 1999.25347600 1364.798 0.008 7032 990402
 1999.25622100 1364.788 0.008 7033 990403
 1999.27821200 1365.319 0.008 7041 990411
 1999.28077900 1364.965 0.008 7042 990412
 1999.28362400 1365.323 0.008 7043 990413
 1999.28635900 1365.357 0.009 7044 990414
 1999.28909900 1365.240 0.009 7045 990415
 1999.29176400 1365.105 0.008 7046 990416
 1999.29455300 1365.022 0.009 7047 990417
 1999.29726000 1365.025 0.009 7048 990418
 1999.30002000 1364.850 0.009 7049 990419
 1999.30277800 1364.607 0.009 7050 990420
 1999.30551400 1364.573 0.008 7051 990421
 1999.30814500 1364.513 0.009 7052 990422
 1999.31099400 1364.527 0.009 7053 990423
 1999.31379200 1364.677 0.008 7054 990424
 1999.31650300 1364.609 0.008 7055 990425
 1999.31921100 1364.558 0.009 7056 990426
 1999.32198800 1364.547 0.008 7057 990427
 1999.32469100 1364.506 0.008 7058 990428
 1999.32745000 1364.580 0.008 7059 990429
 1999.32937600 1364.619 0.009 7060 990430
 1999.33320000 1365.091 0.008 7061 990501
 1999.33586500 1365.116 0.008 7062 990502
 1999.33850200 1365.257 0.008 7063 990503
 1999.34126500 1365.292 0.008 7064 990504
 1999.34396400 1365.277 0.008 7065 990505
 1999.34661500 1365.421 0.008 7066 990506
 1999.34920800 1365.387 0.008 7067 990507
 1999.35208900 1365.471 0.008 7068 990508
 1999.35494600 1365.414 0.008 7069 990509
 1999.35757000 1365.274 0.008 7070 990510
 1999.36854000 1365.068 0.008 7074 990514
 1999.37127700 1365.030 0.008 7075 990515
 1999.37401000 1364.937 0.008 7076 990516
 1999.37683300 1364.799 0.010 7077 990517
 1999.37947700 1364.574 0.009 7078 990518
 1999.38220300 1364.435 0.010 7079 990519
 1999.38493900 1364.361 0.010 7080 990520
 1999.38764700 1364.341 0.010 7081 990521
 1999.39046400 1364.447 0.010 7082 990522
 1999.39322700 1364.608 0.010 7083 990523
 1999.39598000 1364.731 0.009 7084 990524
 1999.39871100 1364.858 0.010 7085 990525
 1999.40147800 1364.908 0.009 7086 990526
 1999.40423600 1364.982 0.008 7087 990527
 1999.40690400 1365.000 0.008 7088 990528
 1999.40971400 1365.101 0.009 7089 990529
 1999.41243400 1364.982 0.008 7090 990530
 1999.41519200 1364.730 0.009 7091 990531
 1999.41781800 1364.383 0.008 7092 990601
 1999.42055700 1364.544 0.009 7093 990602
 1999.42330000 1364.676 0.008 7094 990603
 1999.42602300 1364.997 0.008 7095 990604
 1999.42878000 1365.277 0.008 7096 990605
 1999.43147700 1365.326 0.008 7097 990606
 1999.43422100 1365.346 0.008 7098 990607
 1999.43693700 1365.214 0.008 7099 990608
 1999.43971100 1364.939 0.008 7100 990609
 1999.44238900 1364.806 0.008 7101 990610
 1999.44510900 1364.787 0.009 7102 990611
 1999.44799000 1364.761 0.009 7103 990612
 1999.45071600 1364.662 0.008 7104 990613
 1999.45344200 1364.726 0.008 7105 990614
 1999.45622400 1364.764 0.009 7106 990615
 1999.45893700 1364.801 0.008 7107 990616
 1999.46167900 1364.834 0.008 7108 990617
 1999.46445600 1364.925 0.008 7109 990618
 1999.46989600 1365.140 0.008 7111 990620
 1999.47266800 1365.151 0.008 7112 990621
 1999.47534300 1365.240 0.008 7113 990622
 1999.49723400 1365.200 0.008 7121 990630
 1999.49998700 1365.174 0.008 7122 990701
 1999.50268800 1365.183 0.008 7123 990702
 1999.50547400 1365.184 0.008 7124 990703
 1999.50821900 1365.336 0.008 7125 990704
 1999.51091600 1365.060 0.008 7126 990705
 1999.51369700 1364.879 0.008 7127 990706
 1999.51643400 1364.792 0.008 7128 990707
 1999.51918300 1364.897 0.009 7129 990708
 1999.52193300 1365.117 0.008 7130 990709
 1999.52444700 1365.138 0.008 7131 990710
 1999.52735800 1365.251 0.008 7132 990711
 1999.53016300 1365.254 0.008 7133 990712
 1999.53285300 1365.123 0.008 7134 990713
 1999.53559300 1365.103 0.008 7135 990714
 1999.53836500 1364.983 0.008 7136 990715
 1999.54107100 1365.010 0.008 7137 990716
 1999.54389400 1365.215 0.008 7138 990717
 1999.54656700 1365.331 0.008 7139 990718
 1999.54931700 1365.261 0.008 7140 990719
 1999.55206500 1365.143 0.008 7141 990720
 1999.55466100 1364.955 0.008 7142 990721
 1999.56852900 1364.829 0.008 7147 990726
 1999.57124400 1365.092 0.009 7148 990727
 1999.57403000 1365.186 0.009 7149 990728
 1999.57675000 1365.023 0.009 7150 990729
 1999.57948800 1364.685 0.009 7151 990730
 1999.58225700 1364.568 0.010 7152 990731
 1999.58495700 1364.190 0.010 7153 990801
 1999.58767700 1364.002 0.009 7154 990802
 1999.59039600 1364.421 0.010 7155 990803
 1999.59310700 1364.781 0.009 7156 990804
 1999.59584100 1365.131 0.009 7157 990805
 1999.59856800 1365.365 0.008 7158 990806
 1999.60116100 1365.476 0.008 7159 990807
 1999.60434400 1365.486 0.008 7160 990808
 1999.60684800 1365.317 0.008 7161 990809
 1999.60958000 1365.207 0.008 7162 990810
 1999.61236400 1365.107 0.008 7163 990811
 1999.61506900 1365.242 0.008 7164 990812
 1999.61782300 1365.381 0.008 7165 990813
 1999.62061400 1365.431 0.008 7166 990814
 1999.62330900 1365.301 0.008 7167 990815
 1999.62607400 1365.171 0.008 7168 990816
 1999.62879100 1365.020 0.008 7169 990817
 1999.63154200 1364.930 0.008 7170 990818
 1999.63420700 1364.879 0.008 7171 990819
 1999.63684200 1365.043 0.008 7172 990820
 1999.63975600 1365.222 0.009 7173 990821
 1999.64244900 1365.266 0.008 7174 990822
 1999.64518800 1365.209 0.008 7175 990823
 1999.64794500 1365.246 0.008 7176 990824
 1999.65069900 1365.332 0.008 7177 990825
 1999.65338700 1365.069 0.008 7178 990826
 1999.65614400 1364.959 0.008 7179 990827
 1999.65890200 1364.916 0.009 7180 990828
 1999.66159500 1364.994 0.008 7181 990829
 1999.66436300 1365.215 0.008 7182 990830
 1999.66639500 1365.478 0.009 7183 990831
 1999.66958500 1364.094 0.009 7184 990901
 1999.67304600 1365.511 0.009 7185 990902
 1999.67523400 1365.206 0.009 7186 990903
 1999.67854600 1365.371 0.008 7187 990904
 1999.68089400 1365.398 0.008 7188 990905
 1999.68358500 1365.161 0.009 7189 990906
 1999.68633200 1365.145 0.008 7190 990907
 1999.68908300 1365.103 0.009 7191 990908
 1999.69183700 1365.070 0.008 7192 990909
 1999.69457500 1365.031 0.008 7193 990910
 1999.69735700 1364.893 0.009 7194 990911
 1999.70004000 1364.689 0.008 7195 990912
 1999.70279100 1364.450 0.009 7196 990913
 1999.70552600 1364.241 0.008 7197 990914
 1999.70825200 1364.396 0.009 7198 990915
 1999.71097900 1364.756 0.009 7199 990916
 1999.71373700 1365.117 0.008 7200 990917
 1999.71645000 1365.403 0.008 7201 990918
 1999.71917000 1365.409 0.008 7202 990919
 1999.72194400 1365.412 0.008 7203 990920
 1999.72461900 1365.408 0.008 7204 990921
 1999.72723100 1365.351 0.008 7205 990922
 1999.72994100 1365.366 0.008 7206 990923
 1999.73248900 1365.512 0.008 7207 990924
 1999.73582100 1365.331 0.008 7208 990925
 1999.73842600 1365.474 0.008 7209 990926
 1999.74095300 1365.501 0.008 7210 990927
 1999.74387300 1365.413 0.008 7211 990928
 1999.74655100 1365.490 0.008 7212 990929
 1999.74931700 1365.407 0.008 7213 990930
 1999.75202700 1365.433 0.008 7214 991001
 1999.75479200 1365.348 0.008 7215 991002
 1999.75754200 1365.421 0.008 7216 991003
 1999.76023400 1365.265 0.008 7217 991004
 1999.76296300 1365.020 0.008 7218 991005
 1999.76572700 1364.963 0.008 7219 991006
 1999.76847300 1365.120 0.008 7220 991007
 1999.77119700 1365.277 0.008 7221 991008
 1999.77396100 1365.360 0.008 7222 991009
 1999.77670100 1365.317 0.008 7223 991010
 1999.77945100 1365.265 0.008 7224 991011
 1999.78220400 1364.951 0.008 7225 991012
 1999.78494500 1364.655 0.008 7226 991013
 1999.78769700 1364.239 0.008 7227 991014
 1999.79044300 1363.975 0.008 7228 991015
 1999.79324300 1363.988 0.008 7229 991016
 1999.79594300 1364.168 0.008 7230 991017
 1999.79867100 1364.509 0.008 7231 991018
 1999.80142500 1364.902 0.008 7232 991019
 1999.80413400 1365.292 0.008 7233 991020
 1999.80690600 1364.936 0.015 7234 991021
 1999.80837700 1364.874 0.014 7235 991022
 1999.81232300 1364.493 0.015 7236 991023
 1999.81508700 1364.308 0.015 7237 991024
 1999.81780500 1364.059 0.015 7238 991025
 1999.82065900 1363.834 0.015 7239 991026
 1999.82336100 1364.032 0.015 7240 991027
 1999.82524900 1364.098 0.016 7241 991028
 1999.82892700 1364.156 0.016 7242 991029
 1999.83115600 1364.327 0.014 7243 991030
 1999.83445400 1364.692 0.015 7244 991031
 1999.83579300 1364.882 0.014 7245 991101
 1999.83991200 1364.717 0.014 7246 991102
 1999.84239200 1364.836 0.016 7247 991103
 1999.84523900 1364.872 0.015 7248 991104
 1999.84761300 1364.799 0.015 7249 991105
 1999.85071300 1365.113 0.015 7250 991106
 1999.85374100 1365.748 0.015 7251 991107
 1999.85690600 1364.623 0.015 7252 991108
 1999.85912800 1364.110 0.015 7253 991109
 1999.86172700 1363.687 0.015 7254 991110
 1999.86442100 1363.756 0.015 7255 991111
 1999.86718500 1364.034 0.015 7256 991112
 1999.86997700 1364.277 0.015 7257 991113
 1999.87267200 1364.107 0.015 7258 991114
 1999.87536400 1363.828 0.015 7259 991115
 1999.87807300 1363.544 0.015 7260 991116
 1999.88079600 1363.588 0.015 7261 991117
 1999.88351200 1363.800 0.015 7262 991118
 1999.88626600 1364.142 0.015 7263 991119
 1999.88901700 1364.500 0.015 7264 991120
 1999.89171600 1364.837 0.015 7265 991121
 1999.89418400 1364.889 0.015 7266 991122
 1999.89727600 1364.682 0.015 7267 991123
 1999.89986800 1364.703 0.016 7268 991124
 1999.90286300 1364.626 0.015 7269 991125
 1999.90545300 1364.841 0.015 7270 991126
 1999.90825300 1364.977 0.016 7271 991127
 1999.90980700 1365.387 0.017 7272 991128
 1999.91369200 1364.687 0.016 7273 991129
 1999.91636700 1364.648 0.014 7274 991130
 1999.91798900 1364.601 0.015 7275 991201
 1999.92203100 1364.836 0.016 7276 991202
 1999.92469900 1364.885 0.014 7277 991203
 1999.92741900 1364.912 0.015 7278 991204
 1999.93018000 1364.784 0.016 7279 991205
 1999.93299400 1364.750 0.015 7280 991206
 1999.93558500 1364.550 0.016 7281 991207
 1999.93755100 1364.522 0.017 7282 991208
 1999.94127700 1364.748 0.015 7283 991209
 1999.94414800 1364.946 0.015 7284 991210
 1999.94657200 1365.193 0.015 7285 991211
 1999.94954600 1365.053 0.015 7286 991212
 1999.95231200 1365.409 0.015 7287 991213
 1999.95514700 1365.723 0.015 7288 991214
 1999.95777000 1365.703 0.015 7289 991215
 1999.96030000 1365.367 0.015 7290 991216
 1999.96307900 1365.081 0.015 7291 991217
 1999.96590400 1365.022 0.015 7292 991218
 1999.96833000 1364.965 0.015 7293 991219
 1999.97137600 1364.305 0.016 7294 991220
 1999.97413400 1363.818 0.015 7295 991221
 1999.97676100 1363.690 0.015 7296 991222
 1999.97964300 1363.996 0.015 7297 991223
 1999.98213500 1364.198 0.015 7298 991224
 1999.98504400 1364.352 0.015 7299 991225
 1999.98643300 1362.762 0.015 7300 991226
 1999.99049700 1364.846 0.016 7301 991227
 1999.99329000 1365.027 0.015 7302 991228
 1999.99606600 1364.880 0.016 7303 991229
 1999.99864800 1364.540 0.015 7304 991230
 2000.00142700 1364.929 0.015 7305 991231
 2000.00430100 1364.711 0.015 7306 000101
 2000.00697800 1364.298 0.015 7307 000102
 2000.00985800 1365.130 0.015 7308 000103
 2000.01266400 1365.454 0.015 7309 000104
 2000.01536200 1365.073 0.014 7310 000105
 2000.01843700 1364.884 0.016 7311 000106
 2000.02057900 1365.376 0.016 7312 000107
 2000.02296100 1365.316 0.015 7313 000108
 2000.02617600 1365.421 0.015 7314 000109
 2000.02894100 1365.213 0.016 7315 000110
 2000.03102400 1365.251 0.016 7316 000111
 2000.03442900 1364.987 0.015 7317 000112
 2000.03707500 1365.005 0.016 7318 000113
 2000.03975800 1365.193 0.014 7319 000114
 2000.04277600 1365.076 0.015 7320 000115
 2000.04543700 1365.029 0.016 7321 000116
 2000.04792400 1364.858 0.016 7322 000117
 2000.05082600 1364.980 0.015 7323 000118
 2000.05353900 1365.105 0.017 7324 000119
 2000.05645600 1364.921 0.015 7325 000120
 2000.05894500 1364.994 0.015 7326 000121
 2000.06185400 1365.146 0.015 7327 000122
 2000.06450300 1365.159 0.016 7328 000123
 2000.06717200 1364.883 0.015 7329 000124
 2000.06991000 1364.926 0.016 7330 000125
 2000.07240000 1364.798 0.015 7331 000126
 2000.07522000 1365.028 0.015 7332 000127
 2000.07780400 1365.086 0.015 7333 000128
 2000.08055300 1364.897 0.015 7334 000129
 2000.08322300 1364.830 0.015 7335 000130
 2000.08601800 1364.808 0.015 7336 000131
 2000.08880600 1365.276 0.014 7337 000201
 2000.09158700 1365.382 0.015 7338 000202
 2000.09298500 1365.303 0.014 7339 000203
 2000.10531300 1365.030 0.015 7343 000207
 2000.10759000 1365.703 0.016 7344 000208
 2000.11069500 1365.567 0.017 7345 000209
 2000.11351900 1365.456 0.015 7346 000210
 2000.11617400 1365.656 0.015 7347 000211
 2000.11890500 1365.180 0.015 7348 000212
 2000.12166000 1365.571 0.014 7349 000213
 2000.12442700 1365.470 0.016 7350 000214
 2000.12647400 1365.741 0.015 7351 000215
 2000.12999900 1365.097 0.015 7352 000216
 2000.13282900 1365.575 0.015 7353 000217
 2000.13814300 1365.174 0.015 7355 000219
 2000.14095500 1364.974 0.015 7356 000220
 2000.14362800 1365.020 0.014 7357 000221
 2000.14637000 1364.846 0.016 7358 000222
 2000.14907800 1364.917 0.015 7359 000223
 2000.15185900 1364.540 0.015 7360 000224
 2000.15451900 1364.185 0.015 7361 000225
 2000.15736600 1364.071 0.015 7362 000226
 2000.16011800 1363.933 0.016 7363 000227
 2000.16287200 1364.039 0.015 7364 000228
 2000.16544700 1363.298 0.015 7365 000229
 2000.16813100 1363.552 0.015 7366 000301
 2000.17099000 1364.329 0.014 7367 000302
 2000.17365300 1364.620 0.016 7368 000303
 2000.17635700 1365.249 0.015 7369 000304
 2000.17907600 1364.767 0.015 7370 000305
 2000.18184700 1364.966 0.015 7371 000306
 2000.18459200 1364.711 0.016 7372 000307
 2000.18728400 1364.793 0.015 7373 000308
 2000.19008100 1364.689 0.015 7374 000309
 2000.19285000 1364.835 0.015 7375 000310
 2000.19545200 1364.291 0.014 7376 000311
 2000.19824000 1364.671 0.015 7377 000312
 2000.20105300 1364.609 0.015 7378 000313
 2000.20354500 1364.636 0.015 7379 000314
 2000.20639100 1364.758 0.015 7380 000315
 2000.20925300 1365.154 0.015 7381 000316
 2000.21203100 1364.774 0.014 7382 000317
 2000.21481100 1365.048 0.014 7383 000318
 2000.21712700 1364.039 0.015 7384 000319
 2000.22010200 1364.604 0.015 7385 000320
 2000.22260000 1364.553 0.015 7386 000321
 2000.22419800 1364.105 0.015 7387 000322
 2000.22841400 1364.750 0.015 7388 000323
 2000.23101500 1364.737 0.015 7389 000324
 2000.23330700 1365.194 0.017 7390 000325
 2000.23662500 1364.988 0.015 7391 000326
 2000.23935000 1365.241 0.014 7392 000327
 2000.24210700 1365.183 0.015 7393 000328
 2000.24483300 1365.158 0.015 7394 000329
 2000.24750100 1365.355 0.014 7395 000330
 2000.25040600 1365.217 0.015 7396 000331
 2000.25294000 1365.405 0.015 7397 000401
 2000.25570000 1365.496 0.015 7398 000402
 2000.25830700 1365.165 0.014 7399 000403
 2000.26118800 1365.003 0.016 7400 000404
 2000.26392000 1365.246 0.017 7401 000405
 2000.26660100 1365.453 0.014 7402 000406
 2000.26940000 1365.330 0.016 7403 000407
 2000.27200100 1365.469 0.016 7404 000408
 2000.27460200 1365.443 0.016 7405 000409
 2000.27750400 1365.198 0.015 7406 000410
 2000.28001100 1365.510 0.015 7407 000411
 2000.28286400 1365.457 0.016 7408 000412
 2000.28535000 1365.338 0.015 7409 000413
 2000.28823500 1365.056 0.014 7410 000414
 2000.29099800 1365.180 0.018 7411 000415
 2000.29359900 1365.188 0.014 7412 000416
 2000.29643600 1365.272 0.014 7413 000417
 2000.29918000 1365.047 0.015 7414 000418
 2000.30198700 1365.195 0.014 7415 000419
 2000.30473100 1365.390 0.020 7416 000420
 2000.30745000 1365.017 0.017 7417 000421
 2000.31021600 1364.801 0.016 7418 000422
 2000.31301800 1364.084 0.015 7419 000423
 2000.31569900 1363.274 0.015 7420 000424
 2000.31804600 1363.295 0.014 7421 000425
 2000.32142800 1364.100 0.015 7422 000426
 2000.32394300 1364.220 0.015 7423 000427
 2000.32670700 1364.264 0.015 7424 000428
 2000.32953100 1364.417 0.015 7425 000429
 2000.33212100 1364.779 0.014 7426 000430
 2000.33496100 1365.316 0.014 7427 000501
 2000.33770400 1365.290 0.015 7428 000502
 2000.34028400 1365.515 0.015 7429 000503
 2000.34299700 1365.756 0.014 7430 000504
 2000.34573100 1365.650 0.014 7431 000505
 2000.34856100 1365.261 0.015 7432 000506
 2000.35133100 1365.497 0.014 7433 000507
 2000.35404200 1365.709 0.014 7434 000508
 2000.35648900 1365.591 0.014 7435 000509
 2000.35912700 1365.374 0.014 7436 000510
 2000.36191300 1364.865 0.014 7437 000511
 2000.36451800 1364.912 0.015 7438 000512
 2000.36724600 1364.745 0.015 7439 000513
 2000.37001700 1364.706 0.016 7440 000514
 2000.37272500 1364.589 0.015 7441 000515
 2000.37545100 1364.354 0.015 7442 000516
 2000.37818900 1363.968 0.015 7443 000517
 2000.38097300 1363.753 0.015 7444 000518
 2000.38372700 1363.575 0.015 7445 000519
 2000.38649500 1363.258 0.015 7446 000520
 2000.38932200 1364.149 0.015 7447 000521
 2000.39216900 1364.421 0.015 7448 000522
 2000.39488600 1365.106 0.015 7449 000523
 2000.39761700 1365.211 0.014 7305 000524
 2000.40034300 1365.270 0.014 7305 000525
 2000.40315700 1365.572 0.014 7305 000526
 2000.40580200 1365.335 0.014 7305 000527
 2000.40858200 1365.110 0.014 7305 000528
 2000.41131000 1364.752 0.014 7455 000529
 2000.41408800 1364.333 0.014 7456 000530
 2000.41670600 1364.522 0.015 7457 000531
 2000.41956300 1364.899 0.014 7458 000601
 2000.42230700 1365.163 0.014 7459 000602
 2000.42517000 1365.151 0.014 7460 000603
 2000.42777200 1364.970 0.014 7461 000604
 2000.43027800 1365.172 0.014 7462 000605
 2000.43325500 1364.887 0.014 7463 000606
 2000.43487300 1364.678 0.014 7464 000607
 2000.44145700 1365.054 0.016 7466 000609
 2000.44422900 1365.087 0.015 7467 000610
 2000.44683200 1364.829 0.018 7468 000611
 2000.44954600 1365.127 0.016 7469 000612
 2000.45235800 1364.812 0.014 7470 000613
 2000.45514900 1365.196 0.016 7471 000614
 2000.45777600 1365.207 0.014 7472 000615
 2000.46042400 1365.372 0.016 7473 000616
 2000.46321100 1365.233 0.014 7474 000617
 2000.46585800 1365.139 0.014 7475 000618
 2000.46857100 1364.693 0.017 7476 000619
 2000.47119000 1364.899 0.014 7477 000620
 2000.47399300 1365.154 0.015 7478 000621
 2000.47670600 1365.588 0.017 7479 000622
 2000.47937800 1364.949 0.015 7480 000623
 2000.48213900 1365.259 0.014 7305 000624
 2000.48487800 1364.966 0.018 7482 000625
 2000.48769400 1364.509 0.014 7483 000626
 2000.49040200 1364.664 0.014 7484 000627
 2000.49315400 1364.529 0.014 7485 000628
 2000.49591500 1364.283 0.014 7486 000629
 2000.49875500 1364.611 0.014 7487 000630
 2000.50138500 1365.012 0.014 7488 000701
 2000.50424600 1365.198 0.015 7489 000702
 2000.51527900 1364.776 0.014 7493 000706
 2000.51804100 1364.966 0.014 7494 000707
 2000.52083300 1364.981 0.014 7495 000708
 2000.52340200 1364.729 0.015 7496 000709
 2000.52620600 1364.507 0.016 7497 000710
 2000.52892900 1364.448 0.014 7498 000711
 2000.53164700 1364.252 0.015 7499 000712
 2000.53437700 1364.367 0.014 7500 000713
 2000.53703300 1365.349 0.014 7501 000714
 2000.53987900 1365.432 0.014 7502 000715
 2000.54253000 1364.775 0.015 7503 000716
 2000.54525600 1365.440 0.014 7504 000717
 2000.54802800 1365.136 0.014 7505 000718
 2000.55070000 1364.881 0.015 7506 000719
 2000.55354300 1364.559 0.014 7507 000720
 2000.55601000 1364.601 0.015 7508 000721
 2000.55868500 1364.525 0.015 7509 000722
 2000.56149800 1364.635 0.015 7510 000723
 2000.56422900 1364.639 0.015 7511 000724
 2000.56702400 1364.818 0.015 7512 000725
 2000.56978700 1365.081 0.015 7513 000726
 2000.57257700 1365.351 0.015 7514 000727
 2000.57524700 1365.397 0.015 7515 000728
 2000.57802500 1365.281 0.015 7516 000729
 2000.58077700 1365.532 0.014 7517 000730
 2000.58354300 1365.976 0.016 7518 000731
 2000.58608800 1365.691 0.016 7519 000801
 2000.58889500 1365.708 0.015 7520 000802
 2000.59165200 1365.577 0.014 7521 000803
 2000.59418000 1366.089 0.014 7522 000804
 2000.59719700 1365.676 0.014 7523 000805
 2000.59968100 1365.721 0.014 7524 000806
 2000.60253000 1365.683 0.014 7525 000807
 2000.60510400 1364.894 0.014 7526 000808
 2000.60817100 1365.243 0.014 7527 000809
 2000.61077300 1365.363 0.014 7528 000810
 2000.61362100 1365.473 0.015 7529 000811
 2000.61626400 1366.196 0.014 7530 000812
 2000.61830100 1366.089 0.014 7531 000813
 2000.62725800 1365.474 0.015 7534 000816
 2000.62997300 1365.348 0.014 7535 000817
 2000.63280200 1365.372 0.015 7536 000818
 2000.63538800 1365.620 0.017 7537 000819
 2000.63810800 1365.679 0.015 7538 000820
 2000.64088100 1365.403 0.014 7539 000821
 2000.64365500 1365.497 0.016 7540 000822
 2000.64643000 1365.388 0.015 7541 000823
 2000.64895600 1365.266 0.017 7542 000824
 2000.65191500 1365.170 0.016 7543 000825
 2000.65459600 1365.330 0.016 7544 000826
 2000.65725500 1365.231 0.016 7545 000827
 2000.66005200 1364.791 0.015 7546 000828
 2000.66261800 1365.159 0.015 7547 000829
 2000.66525800 1365.465 0.015 7548 000830
 2000.66803000 1365.462 0.014 7549 000831
 2000.67088300 1365.628 0.015 7550 000901
 2000.67353600 1365.084 0.016 7551 000902
 2000.67634100 1365.154 0.016 7552 000903
 2000.67901300 1365.244 0.015 7553 000904
 2000.68171200 1364.812 0.014 7554 000905
 2000.68446900 1365.350 0.014 7555 000906
 2000.68724700 1365.721 0.015 7556 000907
 2000.69007300 1365.905 0.016 7557 000908
 2000.69263100 1365.890 0.014 7558 000909
 2000.69541700 1366.077 0.015 7559 000910
 2000.69814600 1365.796 0.014 7560 000911
 2000.70091100 1365.642 0.018 7561 000912
 2000.70356600 1365.618 0.015 7562 000913
 2000.70633600 1365.214 0.014 7563 000914
 2000.70827300 1365.128 0.014 7564 000915
 2000.71119600 1365.384 0.016 7565 000916
 2000.72296500 1363.884 0.015 7569 000920
 2000.72568800 1363.134 0.015 7570 000921
 2000.72847200 1362.942 0.015 7571 000922
 2000.73119700 1363.090 0.015 7572 000923
 2000.73244500 1362.982 0.014 7573 000924
 2000.73662000 1364.168 0.015 7574 000925
 2000.73926500 1364.539 0.015 7575 000926
 2000.74201900 1365.335 0.014 7576 000927
 2000.74478400 1365.711 0.014 7577 000928
 2000.74747200 1365.424 0.014 7578 000929
 2000.75032400 1365.046 0.015 7579 000930
 2000.75300100 1364.956 0.015 7580 001001
 2000.75573500 1364.835 0.014 7581 001002
 2000.75837900 1365.194 0.016 7582 001003
 2000.76112600 1365.440 0.015 7583 001004
 2000.76379100 1365.696 0.015 7584 001005
 2000.76640200 1365.923 0.014 7585 001006
 2000.76915600 1365.525 0.015 7586 001007
 2000.77196100 1365.719 0.016 7587 001008
 2000.77460900 1365.474 0.016 7588 001009
 2000.77724000 1365.239 0.016 7589 001010
 2000.78019300 1365.603 0.015 7590 001011
 2000.78301200 1365.648 0.015 7591 001012
 2000.78553600 1365.743 0.014 7592 001013
 2000.78819400 1365.722 0.015 7593 001014
 2000.79130200 1365.452 0.014 7594 001015
 2000.79392200 1365.316 0.015 7595 001016
 2000.79670300 1365.685 0.015 7596 001017
 2000.79940300 1365.221 0.015 7597 001018
 2000.80198700 1365.390 0.014 7598 001019
 2000.80481300 1365.309 0.014 7599 001020
 2000.80770500 1365.248 0.015 7600 001021
 2000.81857700 1365.743 0.014 7604 001025
 2000.82132800 1365.903 0.015 7605 001026
 2000.82414500 1365.300 0.015 7606 001027
 2000.82674600 1365.203 0.014 7607 001028
 2000.82939900 1365.671 0.017 7608 001029
 2000.83224600 1364.970 0.015 7609 001030
 2000.83487000 1365.283 0.015 7610 001031
 2000.83747700 1365.229 0.014 7611 001101
 2000.84035100 1364.957 0.014 7612 001102
 2000.84320200 1364.928 0.015 7613 001103
 2000.84586800 1364.781 0.014 7614 001104
 2000.84852700 1365.277 0.015 7615 001105
 2000.85120600 1365.243 0.015 7616 001106
 2000.85370800 1365.308 0.014 7617 001107
 2000.85651100 1365.396 0.016 7618 001108
 2000.85920000 1365.267 0.015 7619 001109
 2000.86227100 1365.352 0.020 7620 001110
 2000.86474000 1365.020 0.024 7621 001111
 2000.86753300 1364.851 0.022 7622 001112
 2000.87058200 1365.202 0.015 7623 001113
 2000.87296100 1365.134 0.014 7624 001114
 2000.87566700 1364.890 0.015 7625 001115
 2000.87849400 1365.284 0.015 7626 001116
 2000.88122100 1365.191 0.015 7627 001117
 2000.88386300 1364.972 0.014 7628 001118
 2000.88602300 1365.012 0.014 7629 001119
 2000.88942800 1365.028 0.014 7630 001120
 2000.89190500 1365.115 0.015 7631 001121
 2000.89478000 1365.243 0.015 7632 001122
 2000.89740500 1365.297 0.014 7633 001123
 2000.90031200 1365.187 0.015 7634 001124
 2000.90301000 1365.430 0.016 7635 001125
 2000.90569600 1365.354 0.015 7636 001126
 2000.90848600 1364.941 0.016 7637 001127
 2000.91119400 1365.371 0.015 7638 001128
 2000.91387200 1365.223 0.015 7639 001129
 2000.91681900 1365.257 0.015 7640 001130
 2000.92517700 1365.811 0.015 7643 001203
 2000.92779000 1365.637 0.015 7644 001204
 2000.93040100 1365.476 0.016 7645 001205
 2000.93308000 1365.256 0.014 7646 001206
 2000.93598200 1365.261 0.015 7647 001207
 2000.93877300 1365.309 0.015 7648 001208
 2000.94150800 1365.317 0.016 7649 001209
 2000.94423000 1365.306 0.015 7650 001210
 2000.94689600 1365.083 0.015 7651 001211
 2000.94975100 1365.695 0.015 7652 001212
 2000.95251000 1365.326 0.015 7653 001213
 2000.95488900 1365.635 0.015 7654 001214
 2000.95780900 1365.462 0.015 7655 001215
 2000.96049800 1365.421 0.015 7656 001216
 2000.96189800 1367.474 0.015 7657 001217
 2000.96595300 1365.410 0.015 7658 001218
 2000.96867300 1365.508 0.015 7659 001219
 2000.97133300 1365.759 0.015 7660 001220
 2000.97419500 1365.977 0.015 7661 001221
 2000.97689300 1365.597 0.019 7662 001222
 2000.97966600 1365.498 0.017 7663 001223
 2000.98244200 1365.089 0.015 7664 001224
 2000.98514100 1364.703 0.016 7665 001225
 2000.98779600 1365.165 0.015 7666 001226
 2000.99034900 1365.413 0.016 7667 001227
 2000.99354400 1365.299 0.014 7668 001228
 2000.99631800 1365.454 0.016 7669 001229
 2000.99892800 1365.216 0.014 7670 001230
 2001.00705600 1364.768 0.014 7673 010102
 2001.00970300 1364.952 0.017 7674 010103
 2001.01250600 1364.991 0.015 7675 010104
 2001.01516800 1365.038 0.016 7676 010105
 2001.01787900 1365.359 0.015 7677 010106
 2001.02058300 1365.171 0.014 7678 010107
 2001.02335600 1365.182 0.016 7679 010108
 2001.02602300 1365.106 0.016 7680 010109
 2001.02870700 1365.349 0.014 7681 010110
 2001.03151300 1365.090 0.015 7682 010111
 2001.03439100 1365.057 0.016 7683 010112
 2001.03704300 1364.342 0.015 7684 010113
 2001.03975900 1364.768 0.015 7685 010114
 2001.04245300 1365.385 0.015 7686 010115
 2001.04537100 1365.418 0.016 7687 010116
 2001.04796200 1365.555 0.016 7688 010117
 2001.05054600 1365.764 0.016 7689 010118
 2001.05333000 1365.127 0.016 7690 010119
 2001.05609700 1365.501 0.015 7691 010120
 2001.05882900 1364.830 0.016 7692 010121
 2001.06152100 1365.312 0.015 7693 010122
 2001.06438100 1365.164 0.015 7694 010123
 2001.06702200 1364.935 0.015 7695 010124
 2001.06988100 1365.138 0.015 7696 010125
 2001.07271100 1365.163 0.015 7697 010126
 2001.07493000 1364.831 0.014 7698 010127
 2001.07814700 1365.033 0.016 7699 010128
 2001.08087000 1364.767 0.014 7700 010129
 2001.08365100 1365.206 0.014 7701 010130
 2001.08632300 1365.220 0.015 7702 010131
 2001.08906900 1365.526 0.015 7703 010201
 2001.09178800 1365.437 0.014 7704 010202
 2001.09447500 1365.376 0.015 7705 010203
 2001.09719800 1365.329 0.015 7706 010204
 2001.10000800 1365.238 0.015 7707 010205
 2001.10285500 1365.123 0.015 7708 010206
 2001.10543100 1364.940 0.014 7709 010207
 2001.10831100 1364.918 0.015 7710 010208
 2001.11671100 1365.145 0.016 7713 010211
 2001.11947400 1365.205 0.015 7714 010212
 2001.12215300 1365.013 0.015 7715 010213
 2001.12467300 1364.981 0.015 7716 010214
 2001.12754700 1365.161 0.015 7717 010215
 2001.13036500 1365.254 0.015 7718 010216
 2001.13309100 1365.065 0.015 7719 010217
 2001.13582800 1364.927 0.014 7720 010218
 2001.13864900 1365.121 0.015 7721 010219
 2001.14128300 1365.142 0.014 7722 010220
 2001.14400900 1365.376 0.014 7723 010221
 2001.14684400 1365.179 0.015 7724 010222
 2001.14941900 1365.355 0.015 7725 010223
 2001.15231700 1364.667 0.015 7726 010224
 2001.15442100 1364.919 0.015 7727 010225
 2001.15770700 1364.990 0.015 7728 010226
 2001.16053600 1365.272 0.015 7729 010227
 2001.16304900 1365.102 0.015 7730 010228
 2001.16588400 1365.433 0.016 7731 010301
 2001.16864800 1365.338 0.015 7732 010302
 2001.17143900 1365.725 0.015 7733 010303
 2001.17403500 1365.343 0.015 7734 010304
 2001.17671800 1365.495 0.015 7735 010305
 2001.17959400 1365.135 0.014 7736 010306
 2001.18231600 1364.552 0.015 7737 010307
 2001.18508200 1364.554 0.015 7738 010308
 2001.18763500 1364.764 0.015 7739 010309
 2001.19057800 1365.101 0.015 7740 010310
 2001.19336300 1365.177 0.016 7741 010311
 2001.19622400 1365.138 0.015 7742 010312
 2001.19882600 1365.379 0.015 7743 010313
 2001.20160000 1365.417 0.015 7744 010314
 2001.20976800 1364.348 0.014 7747 010317
 2001.21239800 1364.998 0.015 7748 010318
 2001.21515800 1365.172 0.014 7749 010319
 2001.21784300 1365.032 0.014 7750 010320
 2001.22055000 1365.073 0.016 7751 010321
 2001.22334700 1364.822 0.014 7752 010322
 2001.22610400 1364.775 0.015 7753 010323
 2001.22889700 1364.576 0.016 7754 010324
 2001.23155700 1364.511 0.015 7755 010325
 2001.23430700 1363.538 0.020 7756 010326
 2001.23700700 1363.073 0.020 7757 010327
 2001.23975700 1362.564 0.015 7758 010328
 2001.24259600 1362.972 0.014 7759 010329
 2001.24530900 1363.289 0.015 7760 010330
 2001.24813000 1363.697 0.018 7761 010331
 2001.25056900 1364.017 0.016 7762 010401
 2001.25334200 1364.483 0.019 7763 010402
 2001.25600000 1364.547 0.014 7764 010403
 2001.25885400 1365.066 0.014 7765 010404
 2001.26160900 1364.867 0.014 7766 010405
 2001.26426000 1364.886 0.018 7767 010406
 2001.26703700 1364.457 0.014 7768 010407
 2001.26983300 1364.278 0.016 7769 010408
 2001.27263400 1364.169 0.014 7770 010409
 2001.27534500 1364.178 0.014 7771 010410
 2001.27806200 1363.793 0.015 7772 010411
 2001.28086300 1364.159 0.014 7773 010412
 2001.28371800 1365.032 0.014 7774 010413
 2001.28632700 1365.065 0.014 7775 010414
 2001.29180000 1364.810 0.015 7777 010416
 2001.29462300 1364.808 0.014 7778 010417
 2001.29723700 1364.995 0.015 7779 010418
 2001.31389600 1364.040 0.016 7785 010424
 2001.31647400 1364.324 0.015 7786 010425
 2001.31933900 1364.451 0.015 7787 010426
 2001.32206100 1364.842 0.015 7788 010427
 2001.32478600 1364.903 0.015 7789 010428
 2001.32760000 1364.887 0.015 7790 010429
 2001.33028500 1364.937 0.015 7791 010430
 2001.33309200 1364.898 0.015 7792 010501
 2001.33567300 1365.093 0.015 7793 010502
 2001.33852600 1364.629 0.015 7794 010503
 2001.34112200 1364.661 0.015 7795 010504
 2001.34380000 1364.910 0.014 7796 010505
 2001.62956300 1365.046 0.018 7900 010817
 2001.63163100 1365.030 0.016 7901 010818
 2001.63435800 1364.544 0.015 7902 010819
 2001.63706100 1364.365 0.015 7903 010820
 2001.63992100 1364.081 0.014 7904 010821
 2001.64238900 1364.562 0.017 7905 010822
 2001.64524200 1364.241 0.015 7906 010823
 2001.64813400 1364.469 0.015 7907 010824
 2001.65077600 1363.503 0.014 7908 010825
 2001.65356300 1364.685 0.018 7909 010826
 2001.65622000 1364.170 0.015 7910 010827
 2001.65887100 1364.388 0.016 7911 010828
 2001.66164900 1364.083 0.014 7912 010829
 2001.66437900 1363.923 0.014 7913 010830
 2001.66717000 1363.633 0.015 7914 010831
 2001.66980900 1363.651 0.015 7915 010901
 2001.67251200 1363.851 0.015 7916 010902
 2001.67532200 1364.035 0.015 7917 010903
 2001.67797700 1364.035 0.015 7918 010904
 2001.68078700 1364.049 0.015 7919 010905
 2001.68342000 1364.434 0.016 7920 010906
 2001.68633100 1364.282 0.015 7921 010907
 2001.68912000 1364.291 0.015 7922 010908
 2001.69182500 1363.955 0.015 7923 010909
 2001.69455400 1363.374 0.015 7924 010910
 2001.69703500 1363.732 0.015 7925 010911
 2001.70025700 1364.094 0.014 7926 010912
 2001.70295900 1364.514 0.015 7927 010913
 2001.70561600 1364.402 0.015 7928 010914
 2001.70843600 1365.087 0.015 7929 010915
 2001.71126600 1365.191 0.016 7930 010916
 2001.71383600 1364.923 0.015 7931 010917
 2001.71659400 1364.671 0.015 7932 010918
 2001.71924400 1364.350 0.015 7933 010919
 2001.72213500 1364.257 0.015 7934 010920
 2001.72490000 1364.298 0.014 7935 010921
 2001.72764400 1363.746 0.015 7936 010922
 2001.73024900 1363.592 0.015 7937 010923
 2001.73297400 1363.550 0.015 7938 010924
 2001.73577000 1363.612 0.015 7939 010925
 2001.73845200 1363.699 0.015 7940 010926
 2001.74134200 1363.558 0.014 7941 010927
 2001.74411800 1364.060 0.015 7942 010928
 2001.74680000 1364.556 0.014 7943 010929
 2001.74954000 1364.637 0.016 7944 010930
 2001.75216100 1364.717 0.015 7945 011001
 2001.75483200 1364.394 0.016 7946 011002
 2001.75756400 1364.973 0.015 7947 011003
 2001.76000600 1365.211 0.015 7948 011004
 2001.76290400 1365.401 0.016 7949 011005
 2001.76571900 1365.119 0.019 7950 011006
 2001.76849300 1364.996 0.017 7951 011007
 2001.77103500 1365.007 0.015 7952 011008
 2001.77383800 1365.447 0.014 7953 011009
 2001.77648400 1364.800 0.015 7954 011010
 2001.77924500 1365.077 0.015 7955 011011
 2001.78186700 1364.090 0.014 7956 011012
 2001.78485300 1365.511 0.014 7957 011013
 2001.78771000 1364.361 0.014 7958 011014
 2001.79050700 1364.956 0.014 7959 011015
 2001.79327500 1364.031 0.014 7960 011016
 2001.79623600 1364.522 0.014 7961 011017
 2001.79890700 1364.391 0.014 7962 011018
 2001.80165800 1364.432 0.014 7963 011019
 2001.80445800 1364.217 0.015 7964 011020
 2001.80703300 1364.905 0.014 7965 011021
 2001.80932100 1364.164 0.016 7966 011022
 2001.81231200 1363.821 0.015 7967 011023
 2001.81783300 1364.211 0.016 7969 011025
 2001.82039000 1363.885 0.016 7970 011026
 2001.82211100 1364.116 0.014 7971 011027
 2001.82584000 1363.882 0.015 7972 011028
 2001.82873200 1363.144 0.015 7973 011029
 2001.83138900 1363.318 0.014 7974 011030
 2001.83386500 1363.706 0.014 7975 011031
 2001.83684600 1363.945 0.015 7976 011101
