1978  1  1   1 
1978  1  2   2 
1978  1  3   3 
1978  1  4   4 
1978  1  5   5 
1978  1  6   6 
1978  1  7   7 
1978  1  8   8 
1978  1  9   9 
1978  1 10  10 
1978  1 11  11 
1978  1 12  12 
1978  1 13  13 
1978  1 14  14 
1978  1 15  15 
1978  1 16  16 
1978  1 17  17 
1978  1 18  18 
1978  1 19  19 
1978  1 20  20 
1978  1 21  21 
1978  1 22  22 
1978  1 23  23 
1978  1 24  24 
1978  1 25  25 
1978  1 26  26 
1978  1 27  27 
1978  1 28  28 
1978  1 29  29 
1978  1 30  30 
1978  1 31  31 
1978  2  1  32 
1978  2  2  33 
1978  2  3  34 
1978  2  4  35 
1978  2  5  36 
1978  2  6  37 
1978  2  7  38 
1978  2  8  39 
1978  2  9  40 
1978  2 10  41 
1978  2 11  42 
1978  2 12  43 
1978  2 13  44 
1978  2 14  45 
1978  2 15  46 
1978  2 16  47 
1978  2 17  48 
1978  2 18  49 
1978  2 19  50 
1978  2 20  51 
1978  2 21  52 
1978  2 22  53 
1978  2 23  54 
1978  2 24  55 
1978  2 25  56 
1978  2 26  57 
1978  2 27  58 
1978  2 28  59 
1978  3  1  60 
1978  3  2  61 
1978  3  3  62 
1978  3  4  63 
1978  3  5  64 
1978  3  6  65 
1978  3  7  66 
1978  3  8  67 
1978  3  9  68 
1978  3 10  69 
1978  3 11  70 
1978  3 12  71 
1978  3 13  72 
1978  3 14  73 
1978  3 15  74 
1978  3 16  75 
1978  3 17  76 
1978  3 18  77 
1978  3 19  78 
1978  3 20  79 
1978  3 21  80 
1978  3 22  81 
1978  3 23  82 
1978  3 24  83 
1978  3 25  84 
1978  3 26  85 
1978  3 27  86 
1978  3 28  87 
1978  3 29  88 
1978  3 30  89 
1978  3 31  90 
1978  4  1  91 
1978  4  2  92 
1978  4  3  93 
1978  4  4  94 
1978  4  5  95 
1978  4  6  96 
1978  4  7  97 
1978  4  8  98 
1978  4  9  99 
1978  4 10 100 
1978  4 11 101 
1978  4 12 102 
1978  4 13 103 
1978  4 14 104 
1978  4 15 105 
1978  4 16 106 
1978  4 17 107 
1978  4 18 108 
1978  4 19 109 
1978  4 20 110 
1978  4 21 111 
1978  4 22 112 
1978  4 23 113 
1978  4 24 114 
1978  4 25 115 
1978  4 26 116 
1978  4 27 117 
1978  4 28 118 
1978  4 29 119 
1978  4 30 120 
1978  5  1 121 
1978  5  2 122 
1978  5  3 123 
1978  5  4 124 
1978  5  5 125 
1978  5  6 126 
1978  5  7 127 
1978  5  8 128 
1978  5  9 129 
1978  5 10 130 
1978  5 11 131 
1978  5 12 132 
1978  5 13 133 
1978  5 14 134 
1978  5 15 135 
1978  5 16 136 
1978  5 17 137 
1978  5 18 138 
1978  5 19 139 
1978  5 20 140 
1978  5 21 141 
1978  5 22 142 
1978  5 23 143 
1978  5 24 144 
1978  5 25 145 
1978  5 26 146 
1978  5 27 147 
1978  5 28 148 
1978  5 29 149 
1978  5 30 150 
1978  5 31 151 
1978  6  1 152 
1978  6  2 153 
1978  6  3 154 
1978  6  4 155 
1978  6  5 156 
1978  6  6 157 
1978  6  7 158 
1978  6  8 159 
1978  6  9 160 
1978  6 10 161 
1978  6 11 162 
1978  6 12 163 
1978  6 13 164 
1978  6 14 165 
1978  6 15 166 
1978  6 16 167 
1978  6 17 168 
1978  6 18 169 
1978  6 19 170 
1978  6 20 171 
1978  6 21 172 
1978  6 22 173 
1978  6 23 174 
1978  6 24 175 
1978  6 25 176 
1978  6 26 177 
1978  6 27 178 
1978  6 28 179 
1978  6 29 180 
1978  6 30 181 
1978  7  1 182 
1978  7  2 183 
1978  7  3 184 
1978  7  4 185 
1978  7  5 186 
1978  7  6 187 
1978  7  7 188 
1978  7  8 189 
1978  7  9 190 
1978  7 10 191 
1978  7 11 192 
1978  7 12 193 
1978  7 13 194 
1978  7 14 195 
1978  7 15 196 
1978  7 16 197 
1978  7 17 198 
1978  7 18 199 
1978  7 19 200 
1978  7 20 201 
1978  7 21 202 
1978  7 22 203 
1978  7 23 204 
1978  7 24 205 
1978  7 25 206 
1978  7 26 207 
1978  7 27 208 
1978  7 28 209 
1978  7 29 210 
1978  7 30 211 
1978  7 31 212 
1978  8  1 213 
1978  8  2 214 
1978  8  3 215 
1978  8  4 216 
1978  8  5 217 
1978  8  6 218 
1978  8  7 219 
1978  8  8 220 
1978  8  9 221 
1978  8 10 222 
1978  8 11 223 
1978  8 12 224 
1978  8 13 225 
1978  8 14 226 
1978  8 15 227 
1978  8 16 228 
1978  8 17 229 
1978  8 18 230 
1978  8 19 231 
1978  8 20 232 
1978  8 21 233 
1978  8 22 234 
1978  8 23 235 
1978  8 24 236 
1978  8 25 237 
1978  8 26 238 
1978  8 27 239 
1978  8 28 240 
1978  8 29 241 
1978  8 30 242 
1978  8 31 243 
1978  9  1 244 
1978  9  2 245 
1978  9  3 246 
1978  9  4 247 
1978  9  5 248 
1978  9  6 249 
1978  9  7 250 
1978  9  8 251 
1978  9  9 252 
1978  9 10 253 
1978  9 11 254 
1978  9 12 255 
1978  9 13 256 
1978  9 14 257 
1978  9 15 258 
1978  9 16 259 
1978  9 17 260 
1978  9 18 261 
1978  9 19 262 
1978  9 20 263 
1978  9 21 264 
1978  9 22 265 
1978  9 23 266 
1978  9 24 267 
1978  9 25 268 
1978  9 26 269 
1978  9 27 270 
1978  9 28 271 
1978  9 29 272 
1978  9 30 273 
1978 10  1 274 
1978 10  2 275 
1978 10  3 276 
1978 10  4 277 
1978 10  5 278 
1978 10  6 279 
1978 10  7 280 
1978 10  8 281 
1978 10  9 282 
1978 10 10 283 
1978 10 11 284 
1978 10 12 285 
1978 10 13 286 
1978 10 14 287 
1978 10 15 288 
1978 10 16 289 
1978 10 17 290 
1978 10 18 291 
1978 10 19 292 
1978 10 20 293 
1978 10 21 294 
1978 10 22 295 
1978 10 23 296 
1978 10 24 297 
1978 10 25 298 
1978 10 26 299 
1978 10 27 300 
1978 10 28 301 
1978 10 29 302 
1978 10 30 303 
1978 10 31 304 
1978 11  1 305 
1978 11  2 306 
1978 11  3 307 
1978 11  4 308 
1978 11  5 309 
1978 11  6 310 
1978 11  7 311 
1978 11  8 312 
1978 11  9 313 
1978 11 10 314 
1978 11 11 315 
1978 11 12 316 
1978 11 13 317 
1978 11 14 318 
1978 11 15 319 
1978 11 16 320  5 1372.29  .13 
1978 11 17 321 13 1371.90  .79 
1978 11 18 322 14 1371.92  .71 
1978 11 19 323 
1978 11 20 324 11 1372.59  .24 
1978 11 21 325 10 1372.72  .14 
1978 11 22 326 12 1372.72  .11 
1978 11 23 327  1 1372.22  .00 
1978 11 24 328 14 1372.55  .21 
1978 11 25 329 13 1373.01  .18 
1978 11 26 330 12 1373.17  .10 
1978 11 27 331 
1978 11 28 332 13 1372.57  .19 
1978 11 29 333 13 1372.88  .19 
1978 11 30 334 13 1373.01  .23 
1978 12  1 335 
1978 12  2 336 12 1372.58  .20 
1978 12  3 337 12 1372.66  .20 
1978 12  4 338 12 1372.66  .13 
1978 12  5 339 
1978 12  6 340 13 1372.82  .46 
1978 12  7 341 12 1373.37  .12 
1978 12  8 342 11 1373.32  .16 
1978 12  9 343 
1978 12 10 344 12 1371.44  .24 
1978 12 11 345 11 1371.40  .10 
1978 12 12 346 13 1371.38  .09 
1978 12 13 347 
1978 12 14 348 13 1371.29  .29 
1978 12 15 349 13 1372.37  .17 
1978 12 16 350 11 1372.82  .17 
1978 12 17 351  1 1372.22  .00 
1978 12 18 352 13 1372.33  .21 
1978 12 19 353 13 1372.84  .19 
1978 12 20 354 12 1373.00  .25 
1978 12 21 355 
1978 12 22 356 13 1372.43  .14 
1978 12 23 357 13 1373.12  .15 
1978 12 24 358 13 1373.35  .12 
1978 12 25 359 
1978 12 26 360 13 1373.20  .21 
1978 12 27 361 13 1373.61  .17 
1978 12 28 362 12 1373.62  .14 
1978 12 29 363 
1978 12 30 364 13 1372.62  .25 
1978 12 31 365 10 1372.90  .15 
1979  1  1   1 12 1373.03  .16 
1979  1  2   2 
1979  1  3   3 13 1372.75  .36 
1979  1  4   4 12 1373.69  .19 
1979  1  5   5 13 1373.77  .16 
1979  1  6   6 
1979  1  7   7 13 1373.45  .27 
1979  1  8   8 12 1373.84  .12 
1979  1  9   9 12 1373.54  .13 
1979  1 10  10 
1979  1 11  11 13 1373.06  .26 
1979  1 12  12 11 1373.95  .27 
1979  1 13  13 13 1373.91  .13 
1979  1 14  14 
1979  1 15  15 10 1373.33  .12 
1979  1 16  16 12 1373.62  .47 
1979  1 17  17 12 1373.96  .21 
1979  1 18  18 
1979  1 19  19 12 1373.03  .19 
1979  1 20  20 11 1373.60  .34 
1979  1 21  21 13 1373.28  .19 
1979  1 22  22 
1979  1 23  23 12 1372.67  .29 
1979  1 24  24 
1979  1 25  25 12 1373.12  .23 
1979  1 26  26 
1979  1 27  27 11 1373.29  .14 
1979  1 28  28 
1979  1 29  29 12 1373.90  .20 
1979  1 30  30 
1979  1 31  31 12 1374.35  .17 
1979  2  1  32 
1979  2  2  33 12 1373.86  .22 
1979  2  3  34 
1979  2  4  35 13 1373.56  .23 
1979  2  5  36 
1979  2  6  37 12 1373.67  .26 
1979  2  7  38 
1979  2  8  39 13 1373.90  .16 
1979  2  9  40 12 1374.24  .20 
1979  2 10  41 12 1373.88  .13 
1979  2 11  42 
1979  2 12  43 11 1373.48  .15 
1979  2 13  44  9 1374.21  .29 
1979  2 14  45 13 1374.22  .13 
1979  2 15  46 
1979  2 16  47 13 1373.17  .15 
1979  2 17  48 12 1373.42  .10 
1979  2 18  49 10 1372.88  .14 
1979  2 19  50 
1979  2 20  51 13 1372.38  .20 
1979  2 21  52 13 1373.44  .19 
1979  2 22  53 12 1373.96  .10 
1979  2 23  54 
1979  2 24  55 12 1373.81  .25 
1979  2 25  56 
1979  2 26  57 10 1373.95  .21 
1979  2 27  58 
1979  2 28  59  7 1373.94  .19 
1979  3  1  60 11 1374.34  .19 
1979  3  2  61 13 1374.44  .10 
1979  3  3  62 
1979  3  4  63 11 1374.04  .18 
1979  3  5  64 13 1374.74  .23 
1979  3  6  65 12 1374.61  .09 
1979  3  7  66 
1979  3  8  67 12 1373.78  .24 
1979  3  9  68 12 1374.15  .25 
1979  3 10  69 12 1374.32  .21 
1979  3 11  70 
1979  3 12  71 12 1374.29  .27 
1979  3 13  72 13 1374.88  .14 
1979  3 14  73 12 1374.76  .19 
1979  3 15  74 
1979  3 16  75 13 1374.15  .22 
1979  3 17  76 13 1374.45  .14 
1979  3 18  77 12 1374.32  .17 
1979  3 19  78 
1979  3 20  79 11 1373.90  .14 
1979  3 21  80 13 1374.07  .22 
1979  3 22  81 12 1374.12  .21 
1979  3 23  80 
1979  3 24  83 12 1373.85  .29 
1979  3 25  84 12 1374.29  .20 
1979  3 26  85 11 1374.17  .18 
1979  3 27  86 
1979  3 28  87 13 1374.14  .26 
1979  3 29  88 11 1374.63  .25 
1979  3 30  89 13 1374.51  .13 
1979  3 31  90 
1979  4  1  91 11 1373.66  .21 
1979  4  2  92 
1979  4  3  93 12 1373.49  .31 
1979  4  4  94 
1979  4  5  95 11 1373.79  .35 
1979  4  6  96 
1979  4  7  97 12 1374.35  .19 
1979  4  8  98 
1979  4  9  99 12 1374.10  .27 
1979  4 10 100  1 1372.22  .00 
1979  4 11 101 12 1373.85  .32 
1979  4 12 102 
1979  4 13 103 
1979  4 14 104 13 1373.69  .12 
1979  4 15 105 11 1373.68  .19 
1979  4 16 106 12 1373.74  .16 
1979  4 17 107 13 1373.76  .12 
1979  4 18 108 13 1373.95  .18 
1979  4 19 109 13 1374.24  .14 
1979  4 20 110 
1979  4 21 111 
1979  4 22 112 12 1374.26  .14 
1979  4 23 113 13 1373.97  .18 
1979  4 24 114 
1979  4 25 115 12 1373.90  .13 
1979  4 26 116 11 1373.86  .21 
1979  4 27 117 12 1373.64  .14 
1979  4 28 118 11 1373.73  .11 
1979  4 29 119 12 1373.69  .14 
1979  4 30 120 
1979  5  1 121 11 1373.01  .26 
1979  5  2 122 
1979  5  3 123 11 1373.75  .30 
1979  5  4 124 12 1374.01  .15 
1979  5  5 125 13 1374.32  .17 
1979  5  6 126 
1979  5  7 127 12 1374.04  .34 
1979  5  8 128 10 1374.13  .05 
1979  5  9 129 11 1373.82  .25 
1979  5 10 130 
1979  5 11 131 13 1373.18  .18 
1979  5 12 132 
1979  5 13 133 10 1373.30  .24 
1979  5 14 134 12 1373.59  .20 
1979  5 15 135 13 1373.63  .11 
1979  5 16 136 
1979  5 17 137  9 1373.68  .17 
1979  5 18 138 
1979  5 19 139 11 1374.06  .20 
1979  5 20 140 12 1374.14  .14 
1979  5 21 141 11 1374.07  .12 
1979  5 22 142 
1979  5 23 143 12 1373.71  .25 
1979  5 24 144 10 1374.08  .27 
1979  5 25 145 12 1374.28  .09 
1979  5 26 146 
1979  5 27 147 13 1374.03  .11 
1979  5 28 148  9 1374.23  .31 
1979  5 29 149 12 1374.17  .25 
1979  5 30 150  1 1372.22  .00 
1979  5 31 151 12 1373.95  .19 
1979  6  1 152 10 1373.76  .23 
1979  6  2 153 10 1373.02  .22 
1979  6  3 154 
1979  6  4 155  9 1372.34  .11 
1979  6  5 156 13 1372.31  .15 
1979  6  6 157 13 1372.33  .13 
1979  6  7 158 
1979  6  8 159 11 1372.43  .15 
1979  6  9 160 10 1372.40  .15 
1979  6 10 161 12 1372.08  .17 
1979  6 11 162 
1979  6 12 163 11 1372.09  .22 
1979  6 13 164 11 1372.46  .14 
1979  6 14 165 14 1372.72  .27 
1979  6 15 166 
1979  6 16 167 11 1372.89  .18 
1979  6 17 168 11 1373.10  .16 
1979  6 18 169 13 1373.22  .35 
1979  6 19 170 
1979  6 20 171 10 1373.17  .17 
1979  6 21 172 12 1373.45  .19 
1979  6 22 173 12 1373.54  .26 
1979  6 23 174 
1979  6 24 175 10 1373.23  .16 
1979  6 25 176 12 1373.39  .20 
1979  6 26 177 11 1373.62  .08 
1979  6 27 178  1 1372.22  .00 
1979  6 28 179 11 1373.52  .17 
1979  6 29 180 11 1373.55  .19 
1979  6 30 181 11 1373.53  .26 
1979  7  1 182 
1979  7  2 183 11 1372.81  .20 
1979  7  3 184 11 1372.85  .17 
1979  7  4 185 11 1372.82  .15 
1979  7  5 186 
1979  7  6 187 12 1372.78  .13 
1979  7  7 188 11 1372.90  .17 
1979  7  8 189 12 1373.12  .10 
1979  7  9 190  1 1372.22  .00 
1979  7 10 191 13 1372.93  .15 
1979  7 11 192 12 1373.17  .17 
1979  7 12 193 13 1373.42  .33 
1979  7 13 194 
1979  7 14 195  9 1373.92  .23 
1979  7 15 196 13 1373.91  .25 
1979  7 16 197 12 1373.76  .20 
1979  7 17 198 
1979  7 18 199 12 1373.57  .24 
1979  7 19 200 13 1373.65  .21 
1979  7 20 201 12 1373.54  .17 
1979  7 21 202 
1979  7 22 203  9 1373.36  .25 
1979  7 23 204 11 1373.69  .18 
1979  7 24 205 10 1373.80  .21 
1979  7 25 206  1 1372.22  .00 
1979  7 26 207 13 1373.61  .23 
1979  7 27 208 13 1374.04  .15 
1979  7 28 209 13 1374.03  .17 
1979  7 29 210 
1979  7 30 211 12 1373.82  .18 
1979  7 31 212 13 1373.99  .20 
1979  8  1 213 13 1373.97  .09 
1979  8  2 214 
1979  8  3 215 13 1373.67  .22 
1979  8  4 216  9 1373.70  .19 
1979  8  5 217 11 1373.73  .21 
1979  8  6 218 
1979  8  7 219 11 1373.59  .13 
1979  8  8 220 12 1373.59  .18 
1979  8  9 221 11 1373.67  .18 
1979  8 10 222  1 1372.22  .00 
1979  8 11 223 12 1372.92  .22 
1979  8 12 224 13 1372.93  .16 
1979  8 13 225 13 1373.02  .17 
1979  8 14 226 
1979  8 15 227 12 1372.65  .29 
1979  8 16 228 11 1372.46  .21 
1979  8 17 229 11 1372.39  .29 
1979  8 18 230 
1979  8 19 231 14 1372.00  .26 
1979  8 20 232 12 1372.04  .28 
1979  8 21 233 12 1371.79  .38 
1979  8 22 234  1 1372.22  .00 
1979  8 23 235 14 1371.67  .64 
1979  8 24 236 12 1372.25  .14 
1979  8 25 237 12 1371.97  .27 
1979  8 26 238 
1979  8 27 239 11 1371.86  .30 
1979  8 28 240 12 1372.32  .41 
1979  8 29 241 12 1373.46  .10 
1979  8 30 242 
1979  8 31 243 11 1373.24  .21 
1979  9  1 244  7 1372.81  .41 
1979  9  2 245 13 1372.31  .26 
1979  9  3 246 
1979  9  4 247 13 1371.74  .27 
1979  9  5 248 14 1371.78  .25 
1979  9  6 249 11 1371.77  .35 
1979  9  7 250  1 1372.22  .00 
1979  9  8 251 10 1372.63  .35 
1979  9  9 252  9 1373.47  .22 
1979  9 10 253 12 1373.44  .18 
1979  9 11 254 
1979  9 12 255 10 1373.34  .16 
1979  9 13 256 11 1373.36  .18 
1979  9 14 257 10 1373.30  .12 
1979  9 15 258 
1979  9 16 259  9 1373.37  .22 
1979  9 17 260  7 1373.63  .11 
1979  9 18 261 12 1373.66  .15 
1979  9 19 262 
1979  9 20 263 11 1373.15  .18 
1979  9 21 264 10 1373.06  .16 
1979  9 22 265 11 1372.85  .20 
1979  9 23 266 
1979  9 24 267 11 1372.93  .18 
1979  9 25 268 10 1373.19  .19 
1979  9 26 269 10 1373.11  .21 
1979  9 27 270 
1979  9 28 271  9 1372.29  .18 
1979  9 29 272 12 1372.06  .13 
1979  9 30 273 13 1372.27  .13 
1979 10  1 274 
1979 10  2 275 10 1372.99  .20 
1979 10  3 276 12 1373.05  .10 
1979 10  4 277  9 1373.43  .21 
1979 10  5 278 
1979 10  6 279 10 1372.75  .09 
1979 10  7 280 10 1372.52  .14 
1979 10  8 281 12 1372.42  .20 
1979 10  9 282 
1979 10 10 283 13 1372.44  .17 
1979 10 11 284 12 1372.61  .14 
1979 10 12 285 13 1372.92  .13 
1979 10 13 286 
1979 10 14 287 11 1373.19  .17 
1979 10 15 288 10 1373.40  .15 
1979 10 16 289 12 1373.08  .25 
1979 10 17 290 
1979 10 18 291 10 1372.52  .17 
1979 10 19 292 13 1372.97  .19 
1979 10 20 293  9 1373.10  .09 
1979 10 21 294 
1979 10 22 295  9 1373.48  .20 
1979 10 23 296 11 1373.72  .18 
1979 10 24 297 12 1373.56  .16 
1979 10 25 298 
1979 10 26 299 12 1373.11  .19 
1979 10 27 300 12 1372.86  .26 
1979 10 28 301 12 1373.01  .27 
1979 10 29 302 
1979 10 30 303 13 1372.96  .11 
1979 10 31 304 12 1372.76  .27 
1979 11  1 305 13 1373.23  .19 
1979 11  2 306 
1979 11  3 307 11 1372.86  .22 
1979 11  4 308 13 1373.04  .17 
1979 11  5 309 12 1373.16  .17 
1979 11  6 310 
1979 11  7 311 13 1371.95  .21 
1979 11  8 312 13 1371.37  .27 
1979 11  9 313 13 1371.59  .12 
1979 11 10 314 
1979 11 11 315 12 1371.93  .15 
1979 11 12 316 13 1372.22  .16 
1979 11 13 317 13 1372.56  .14 
1979 11 14 318 
1979 11 15 319 13 1373.17  .29 
1979 11 16 320 13 1373.77  .23 
1979 11 17 321 11 1373.80  .23 
1979 11 18 322 
1979 11 19 323 13 1373.44  .17 
1979 11 20 324 13 1373.60  .19 
1979 11 21 325 13 1373.57  .19 
1979 11 22 326 
1979 11 23 327 11 1373.04  .22 
1979 11 24 328 12 1372.87  .14 
1979 11 25 329 13 1373.26  .15 
1979 11 26 330 
1979 11 27 331 13 1373.45  .19 
1979 11 28 332 11 1373.53  .16 
1979 11 29 333 13 1373.59  .16 
1979 11 30 334 
1979 12  1 335 11 1373.12  .16 
1979 12  2 336 12 1373.17  .13 
1979 12  3 337 11 1372.98  .16 
1979 12  4 338 
1979 12  5 339 12 1372.89  .16 
1979 12  6 340 
1979 12  7 341 13 1373.39  .20 
1979 12  8 342 
1979 12  9 343 12 1373.39  .18 
1979 12 10 344 12 1373.62  .23 
1979 12 11 345 11 1373.61  .13 
1979 12 12 346 
1979 12 13 347 13 1373.69  .18 
1979 12 14 348 12 1373.69  .14 
1979 12 15 349 12 1373.70  .16 
1979 12 16 350 
1979 12 17 351 12 1373.27  .14 
1979 12 18 352 
1979 12 19 353 13 1373.32  .14 
1979 12 20 354 
1979 12 21 355 12 1372.80  .18 
1979 12 22 356 12 1372.86  .15 
1979 12 23 357 12 1372.81  .16 
1979 12 24 358 
1979 12 25 359 11 1372.76  .24 
1979 12 26 360 12 1373.30  .18 
1979 12 27 361 12 1373.26  .33 
1979 12 28 362 
1979 12 29 363 13 1373.05  .18 
1979 12 30 364 13 1373.30  .20 
1979 12 31 365 11 1373.46  .13 
1980  1  1   1 
1980  1  2   2 13 1373.05  .16 
1980  1  3   3 13 1373.03  .19 
1980  1  4   4 12 1373.12  .12 
1980  1  5   3 
1980  1  6   6 12 1372.85  .10 
1980  1  7   7 13 1372.57  .18 
1980  1  8   8 13 1372.45  .18 
1980  1  9   9 
1980  1 10  10 13 1372.44  .32 
1980  1 11  11 11 1372.87  .18 
1980  1 12  12 12 1373.20  .08 
1980  1 13  13 
1980  1 14  14 11 1373.49  .25 
1980  1 15  15 11 1373.53  .19 
1980  1 16  16 12 1373.30  .16 
1980  1 17  17 
1980  1 18  18 12 1372.88  .23 
1980  1 19  19 12 1373.01  .16 
1980  1 20  20 13 1372.93  .18 
1980  1 21  21 
1980  1 22  22 13 1372.44  .16 
1980  1 23  23 13 1372.50  .28 
1980  1 24  24 13 1373.00  .16 
1980  1 25  25 
1980  1 26  26 13 1372.96  .24 
1980  1 27  27 13 1373.27  .19 
1980  1 28  28 11 1373.38  .16 
1980  1 29  29 
1980  1 30  30 13 1372.90  .23 
1980  1 31  31 13 1372.75  .27 
1980  2  1  32 13 1372.47  .33 
1980  2  2  33                 
1980  2  3  34 13 1371.85  .19 
1980  2  4  35 14 1372.04  .14 
1980  2  5  36 14 1372.28  .14 
1980  2  6  37                 
1980  2  7  38 13 1372.04  .12 
1980  2  8  39 13 1372.13  .16 
1980  2  9  40 14 1372.33  .12 
1980  2 10  41                 
1980  2 11  42 13 1372.31  .13 
1980  2 12  43 13 1372.52  .17 
1980  2 13  44 12 1372.63  .10 
1980  2 14  45                 
1980  2 15  46 12 1372.30  .16 
1980  2 16  47 11 1372.18  .14 
1980  2 17  48 14 1372.35  .12 
1980  2 18  49                 
1980  2 19  50 13 1372.49  .16 
1980  2 20  51 14 1372.69  .34 
1980  2 21  52 13 1373.22  .12 
1980  2 22  53                 
1980  2 23  54 12 1372.64  .10 
1980  2 24  55 12 1372.71  .25 
1980  2 25  56 12 1372.86  .11 
1980  2 26  57                 
1980  2 27  58 13 1373.00  .29 
1980  2 28  59 13 1373.45  .16 
1980  2 29  60 11 1373.44  .24 
1980  3  1  61                 
1980  3  2  62 12 1373.13  .18 
1980  3  3  63 13 1373.43  .20 
1980  3  4  64 12 1373.34  .13 
1980  3  5  65                 
1980  3  6  66 12 1373.07  .16 
1980  3  7  67 13 1373.16  .22 
1980  3  8  68 13 1373.13  .16 
1980  3  9  69                 
1980  3 10  70 13 1373.05  .18 
1980  3 11  71 12 1373.29  .19 
1980  3 12  72 13 1373.36  .15 
1980  3 13  73  1 1372.22  .00 
1980  3 14  74 12 1373.01  .15 
1980  3 15  75 13 1373.17  .17 
1980  3 16  76 12 1373.35  .18 
1980  3 17  77                 
1980  3 18  78 12 1373.36  .17 
1980  3 19  79 13 1373.26  .21 
1980  3 20  80 13 1373.27  .16 
1980  3 21  81                 
1980  3 22  80 12 1373.02  .15 
1980  3 23  83 13 1373.17  .22 
1980  3 24  84 13 1373.34  .22 
1980  3 25  85                 
1980  3 26  86 13 1373.53  .19 
1980  3 27  87 13 1373.44  .23 
1980  3 28  88 12 1373.33  .18 
1980  3 29  89                 
1980  3 30  90 13 1372.70  .12 
1980  3 31  91 13 1372.87  .25 
1980  4  1  92 13 1373.11  .13 
1980  4  2  93                 
1980  4  3  94 12 1373.08  .16 
1980  4  4  95                 
1980  4  5  96 13 1372.10  .27 
1980  4  6  97                 
1980  4  7  98 13 1370.89  .21 
1980  4  8  99 11 1370.84  .20 
1980  4  9 100 13 1370.98  .13 
1980  4 10 101                 
1980  4 11 102 13 1371.31  .19 
1980  4 12 103 13 1371.77  .28 
1980  4 13 104 13 1372.13  .14 
1980  4 14 105                 
1980  4 15 106 13 1372.53  .29 
1980  4 16 107 13 1373.05  .20 
1980  4 17 108 13 1373.49  .23 
1980  4 18 109                 
1980  4 19 110 12 1373.61  .16 
1980  4 20 111 13 1373.49  .15 
1980  4 21 112 13 1373.30  .20 
1980  4 22 113                 
1980  4 23 114 14 1372.56  .21 
1980  4 24 115 13 1372.54  .23 
1980  4 25 116 12 1372.84  .15 
1980  4 26 117                 
1980  4 27 118 13 1372.86  .12 
1980  4 28 119 13 1373.11  .13 
1980  4 29 120 13 1373.09  .11 
1980  4 30 121                 
1980  5  1 122 13 1372.46  .18 
1980  5  2 123 14 1372.26  .14 
1980  5  3 124 14 1372.28  .15 
1980  5  4 125                 
1980  5  5 126 13 1372.52  .17 
1980  5  6 127 13 1372.86  .22 
1980  5  7 128 13 1373.18  .12 
1980  5  8 129                 
1980  5  9 130 13 1373.23  .14 
1980  5 10 131 13 1373.20  .17 
1980  5 11 132 12 1373.07  .22 
1980  5 12 133                 
1980  5 13 134 13 1372.60  .19 
1980  5 14 135 14 1372.68  .24 
1980  5 15 136 13 1373.08  .20 
1980  5 16 137                 
1980  5 17 138 12 1372.90  .10 
1980  5 18 139 13 1372.91  .17 
1980  5 19 140 13 1372.80  .14 
1980  5 20 141                 
1980  5 21 142 12 1372.25  .13 
1980  5 22 143 13 1372.08  .13 
1980  5 23 144 13 1371.97  .15 
1980  5 24 145                 
1980  5 25 146 13 1371.51  .14 
1980  5 26 147 12 1371.60  .17 
1980  5 27 148 12 1371.89  .23 
1980  5 28 149  1 1372.22  .00 
1980  5 29 150 13 1372.31  .21 
1980  5 30 151 14 1372.53  .23 
1980  5 31 152 13 1372.80  .21 
1980  6  1 153                 
1980  6  2 154 12 1372.52  .15 
1980  6  3 155 14 1372.49  .16 
1980  6  4 156 13 1372.69  .12 
1980  6  5 157                 
1980  6  6 158 13 1372.50  .12 
1980  6  7 159 12 1372.60  .14 
1980  6  8 160 12 1372.94  .12 
1980  6  9 161  1 1372.22  .00 
1980  6 10 162 12 1372.67  .15 
1980  6 11 163 14 1372.69  .24 
1980  6 12 164 13 1372.96  .13 
1980  6 13 165                 
1980  6 14 166 12 1372.69  .15 
1980  6 15 167  9 1372.62  .09 
1980  6 16 168  2 1372.65  .61 
1980  6 17 169                 
1980  6 18 170 13 1373.42  .22 
1980  6 19 171 12 1373.52  .10 
1980  6 20 172 13 1373.49  .22 
1980  6 21 173                 
1980  6 22 174 13 1372.57  .30 
1980  6 23 175                 
1980  6 24 176                 
1980  6 25 177                 
1980  6 26 178 11 1372.48  .20 
1980  6 27 179 14 1372.70  .25 
1980  6 28 180 12 1372.91  .24 
1980  6 29 181                 
1980  6 30 182 12 1372.28  .12 
1980  7  1 183 13 1372.65  .19 
1980  7  2 184 13 1372.86  .22 
1980  7  3 185                 
1980  7  4 186 14 1372.44  .12 
1980  7  5 187 12 1372.52  .17 
1980  7  6 188 13 1372.71  .12 
1980  7  7 189  1 1372.22  .00 
1980  7  8 190 12 1372.56  .12 
1980  7  9 191 13 1372.56  .18 
1980  7 10 192 13 1372.70  .17 
1980  7 11 193                 
1980  7 12 194 12 1372.30  .18 
1980  7 13 195 13 1372.24  .10 
1980  7 14 196 13 1372.34  .11 
1980  7 15 197                 
1980  7 16 198 13 1372.35  .16 
1980  7 17 199 14 1372.36  .20 
1980  7 18 200 12 1372.37  .14 
1980  7 19 201                 
1980  7 20 202 14 1372.12  .26 
1980  7 21 203 14 1372.42  .13 
1980  7 22 204 12 1372.59  .10 
1980  7 23 205                 
1980  7 24 206 12 1373.05  .20 
1980  7 25 207 12 1373.32  .12 
1980  7 26 208 13 1373.35  .17 
1980  7 27 209                 
1980  7 28 210 12 1372.87  .11 
1980  7 29 211 13 1372.79  .15 
1980  7 30 212 13 1372.70  .17 
1980  7 31 213                 
1980  8  1 214 13 1372.70  .25 
1980  8  2 215 12 1372.85  .19 
1980  8  3 216 12 1373.08  .18 
1980  8  4 217                 
1980  8  5 218 13 1372.73  .13 
1980  8  6 219 13 1372.70  .18 
1980  8  7 220 11 1372.69  .24 
1980  8  8 221                 
1980  8  9 222 13 1372.79  .29 
1980  8 10 223 13 1372.91  .17 
1980  8 11 224 13 1373.11  .30 
1980  8 12 225                 
1980  8 13 226 12 1373.14  .12 
1980  8 14 227 13 1373.32  .15 
1980  8 15 228 13 1373.48  .13 
1980  8 16 229                 
1980  8 17 230 13 1373.00  .16 
1980  8 18 231 13 1373.00  .20 
1980  8 19 232 12 1373.10  .13 
1980  8 20 233                 
1980  8 21 234 13 1372.94  .20 
1980  8 22 235 13 1372.97  .16 
1980  8 23 236 12 1372.90  .18 
1980  8 24 237                 
1980  8 25 238 12 1372.31  .10 
1980  8 26 239 14 1372.34  .14 
1980  8 27 240 14 1372.37  .15 
1980  8 28 241                 
1980  8 29 242 14 1371.99  .17 
1980  8 30 243 12 1371.56  .19 
1980  8 31 244 13 1371.26  .18 
1980  9  1 245                 
1980  9  2 246 13 1371.06  .15 
1980  9  3 247 13 1371.07  .24 
1980  9  4 248 12 1371.41  .31 
1980  9  5 249                 
1980  9  6 250 12 1372.21  .18 
1980  9  7 251 13 1372.91  .26 
1980  9  8 252 12 1373.13  .16 
1980  9  9 253                 
1980  9 10 254 11 1373.17  .12 
1980  9 11 255 13 1373.24  .16 
1980  9 12 256 13 1373.12  .18 
1980  9 13 257                 
1980  9 14 258 13 1372.67  .14 
1980  9 15 259 12 1372.74  .14 
1980  9 16 260 13 1372.82  .10 
1980  9 17 261                 
1980  9 18 262 13 1372.99  .18 
1980  9 19 263 13 1372.91  .15 
1980  9 20 264 12 1372.89  .18 
1980  9 21 265                 
1980  9 22 266 12 1372.26  .12 
1980  9 23 267 13 1372.10  .24 
1980  9 24 268 13 1372.32  .11 
1980  9 25 269                 
1980  9 26 270 14 1372.77  .29 
1980  9 27 271 12 1373.04  .17 
1980  9 28 272 13 1372.90  .25 
1980  9 29 273                 
1980  9 30 274 14 1372.71  .25 
1980 10  1 275 13 1372.98  .19 
1980 10  2 276 12 1373.05  .09 
1980 10  3 277  1 1372.22  .00 
1980 10  4 278 12 1373.10  .14 
1980 10  5 279 13 1373.22  .13 
1980 10  6 280 13 1373.21  .12 
1980 10  7 281                 
1980 10  8 282 10 1372.72  .09 
1980 10  9 283 13 1372.41  .14 
1980 10 10 284 14 1372.05  .25 
1980 10 11 285                 
1980 10 12 286 13 1371.56  .12 
1980 10 13 287 11 1371.68  .20 
1980 10 14 288 14 1372.07  .26 
1980 10 15 289                 
1980 10 16 290 12 1373.14  .20 
1980 10 17 291 13 1373.27  .13 
1980 10 18 292 12 1373.05  .20 
1980 10 19 293                 
1980 10 20 294 13 1372.23  .22 
1980 10 21 295 14 1371.97  .15 
1980 10 22 296 12 1371.86  .08 
1980 10 23 297                 
1980 10 24 298 13 1372.09  .23 
1980 10 25 299 14 1372.38  .22 
1980 10 26 300 13 1372.81  .16 
1980 10 27 301                 
1980 10 28 302 13 1372.77  .20 
1980 10 29 303 13 1372.83  .15 
1980 10 30 304 13 1372.60  .22 
1980 10 31 305                 
1980 11  1 306 14 1372.17  .14 
1980 11  2 307 13 1372.06  .12 
1980 11  3 308 13 1371.81  .28 
1980 11  4 309                 
1980 11  5 310 11 1371.17  .20 
1980 11  6 311 13 1371.03  .15 
1980 11  7 312 13 1371.05  .13 
1980 11  8 313                 
1980 11  9 314 13 1370.97  .14 
1980 11 10 315 12 1371.02  .11 
1980 11 11 316 13 1371.19  .13 
1980 11 12 317                 
1980 11 13 318 13 1371.57  .11 
1980 11 14 319 14 1372.08  .22 
1980 11 15 320 13 1372.41  .20 
1980 11 16 321                 
1980 11 17 322 12 1372.82  .12 
1980 11 18 323 12 1372.58  .13 
1980 11 19 324 12 1372.58  .11 
1980 11 20 325                 
1980 11 21 326 12 1372.47  .14 
1980 11 22 327 13 1372.73  .12 
1980 11 23 328 11 1372.86  .17 
1980 11 24 329                 
1980 11 25 330 13 1372.97  .18 
1980 11 26 331 13 1373.03  .17 
1980 11 27 332 12 1373.16  .20 
1980 11 28 333                 
1980 11 29 334 14 1372.48  .15 
1980 11 30 335 13 1372.29  .14 
1980 12  1 336 14 1372.38  .11 
1980 12  2 337                 
1980 12  3 338 13 1372.54  .18 
1980 12  4 339 13 1372.65  .16 
1980 12  5 340 13 1372.83  .13 
1980 12  6 341                 
1980 12  7 342 13 1373.23  .20 
1980 12  8 343 12 1373.39  .13 
1980 12  9 344 13 1373.26  .11 
1980 12 10 345                 
1980 12 11 346 11 1372.66  .12 
1980 12 12 347 12 1372.24  .10 
1980 12 13 348 13 1372.22  .11 
1980 12 14 349                 
1980 12 15 350 13 1371.67  .19 
1980 12 16 351 13 1371.52  .20 
1980 12 17 352 13 1371.79  .12 
1980 12 18 353                 
1980 12 19 354 13 1371.96  .21 
1980 12 20 355 14 1372.38  .19 
1980 12 21 356 13 1372.71  .13 
1980 12 22 357                 
1980 12 23 358 14 1372.47  .14 
1980 12 24 359 14 1372.16  .12 
1980 12 25 360 13 1372.34  .11 
1980 12 26 361                 
1980 12 27 362 13 1372.14  .06 
1980 12 28 363 14 1371.94  .19 
1980 12 29 364 13 1371.93  .10 
1980 12 30 365                 
1980 12 31 366 12 1372.68  .16 
1981  1  1   1 13 1372.58  .20 
1981  1  2   2 11 1372.87  .17 
1981  1  3   3                 
1981  1  4   4 14 1372.46  .20 
1981  1  5   5 13 1372.46  .19 
1981  1  6   6 14 1372.55  .17 
1981  1  7   7                 
1981  1  8   8 13 1372.23  .11 
1981  1  9   9 14 1372.38  .15 
1981  1 10  10 13 1372.42  .17 
1981  1 11  11  1 1372.22  .00 
1981  1 12  12 12 1372.80  .19 
1981  1 13  13 13 1372.94  .17 
1981  1 14  14 13 1372.94  .13 
1981  1 15  15                 
1981  1 16  16 13 1372.51  .19 
1981  1 17  17 13 1372.51  .15 
1981  1 18  18 14 1372.53  .21 
1981  1 19  19                 
1981  1 20  20 14 1372.53  .22 
1981  1 21  21 12 1372.82  .11 
1981  1 22  22 13 1372.91  .12 
1981  1 23  23                 
1981  1 24  24 11 1372.82  .13 
1981  1 25  25 13 1372.71  .15 
1981  1 26  26 13 1372.68  .17 
1981  1 27  27                 
1981  1 28  28 12 1372.68  .13 
1981  1 29  29 13 1372.69  .13 
1981  1 30  30 14 1372.43  .17 
1981  1 31  31                 
1981  2  1  32 12 1371.71  .11 
1981  2  2  33 13 1371.58  .13 
1981  2  3  34 14 1371.91  .26 
1981  2  4  35                 
1981  2  5  36 13 1372.36  .11 
1981  2  6  37 14 1372.46  .15 
1981  2  7  38 13 1372.27  .13 
1981  2  8  39                 
1981  2  9  40 13 1371.78  .15 
1981  2 10  41 13 1371.77  .14 
1981  2 11  42 12 1371.75  .08 
1981  2 12  43                 
1981  2 13  44 11 1372.05  .10 
1981  2 14  45 14 1371.98  .14 
1981  2 15  46 13 1372.01  .13 
1981  2 16  47                 
1981  2 17  48 13 1371.61  .10 
1981  2 18  49 12 1371.66  .18 
1981  2 19  50 13 1372.06  .14 
1981  2 20  51                 
1981  2 21  52 13 1372.05  .10 
1981  2 22  53 13 1371.79  .12 
1981  2 23  54 12 1371.52  .15 
1981  2 24  55                 
1981  2 25  56 12 1371.46  .14 
1981  2 26  57 13 1371.50  .13 
1981  2 27  58 13 1371.37  .21 
1981  2 28  59                 
1981  3  1  60 12 1371.11  .11 
1981  3  2  61 13 1371.53  .11 
1981  3  3  62 13 1371.65  .10 
1981  3  4  63                 
1981  3  5  64 13 1372.04  .23 
1981  3  6  65 13 1372.08  .11 
1981  3  7  66 12 1372.15  .12 
1981  3  8  67                 
1981  3  9  68 12 1371.71  .17 
1981  3 10  69 13 1371.97  .13 
1981  3 11  70 13 1372.18  .17 
1981  3 12  71                 
1981  3 13  72 13 1372.30  .11 
1981  3 14  73 14 1372.31  .21 
1981  3 15  74 14 1372.46  .18 
1981  3 16  75                 
1981  3 17  76 13 1372.58  .17 
1981  3 18  77 12 1372.50  .10 
1981  3 19  78 14 1372.43  .17 
1981  3 20  79                 
1981  3 21  80 14 1371.67  .32 
1981  3 22  81 13 1371.73  .15 
1981  3 23  80 12 1372.03  .14 
1981  3 24  83                 
1981  3 25  84 11 1372.12  .10 
1981  3 26  85 13 1372.10  .10 
1981  3 27  86 13 1372.30  .13 
1981  3 28  87                 
1981  3 29  88 12 1372.47  .14 
1981  3 30  89 14 1372.54  .17 
1981  3 31  90 13 1372.83  .21 
1981  4  1  91                 
1981  4  2  92 13 1373.01  .21 
1981  4  3  93 12 1372.88  .11 
1981  4  4  94 12 1372.78  .12 
1981  4  5  95  1 1372.22  .00 
1981  4  6  96 13 1372.25  .19 
1981  4  7  97 14 1372.14  .18 
1981  4  8  98 14 1372.03  .13 
1981  4  9  99                 
1981  4 10 100 13 1371.77  .24 
1981  4 11 101 13 1371.64  .16 
1981  4 12 102 13 1371.84  .09 
1981  4 13 103                 
1981  4 14 104 12 1371.45  .08 
1981  4 15 105 13 1371.53  .14 
1981  4 16 106 13 1371.49  .19 
1981  4 17 107                 
1981  4 18 108 13 1371.43  .19 
1981  4 19 109 13 1371.95  .12 
1981  4 20 110 13 1372.12  .12 
1981  4 21 111  1 1372.22  .00 
1981  4 22 112 14 1371.98  .13 
1981  4 23 113 13 1371.89  .14 
1981  4 24 114 13 1372.32  .15 
1981  4 25 115                 
1981  4 26 116 13 1372.52  .18 
1981  4 27 117 14 1372.38  .17 
1981  4 28 118 13 1372.46  .16 
1981  4 29 119                 
1981  4 30 120 13 1372.45  .15 
1981  5  1 121 10 1372.59  .22 
1981  5  2 122 13 1372.73  .13 
1981  5  3 123                 
1981  5  4 124 13 1372.38  .10 
1981  5  5 125 13 1372.21  .16 
1981  5  6 126 12 1372.06  .16 
1981  5  7 127                 
1981  5  8 128 12 1372.21  .13 
1981  5  9 129 13 1372.34  .08 
1981  5 10 130 14 1372.04  .18 
1981  5 11 131                 
1981  5 12 132 12 1371.89  .17 
1981  5 13 133 14 1371.77  .23 
1981  5 14 134 13 1371.68  .15 
1981  5 15 135                 
1981  5 16 136 13 1371.25  .18 
1981  5 17 137 13 1371.27  .17 
1981  5 18 138 12 1371.28  .16 
1981  5 19 139                 
1981  5 20 140 14 1371.88  .24 
1981  5 21 141 14 1372.43  .22 
1981  5 22 142 14 1372.64  .23 
1981  5 23 143                 
1981  5 24 144 13 1372.10  .11 
1981  5 25 145 13 1372.04  .14 
1981  5 26 146 13 1372.02  .13 
1981  5 27 147                 
1981  5 28 148 14 1372.07  .20 
1981  5 29 149 12 1372.40  .13 
1981  5 30 150 14 1372.61  .22 
1981  5 31 151                 
1981  6  1 152 14 1372.28  .12 
1981  6  2 153 14 1372.26  .14 
1981  6  3 154 12 1372.46  .15 
1981  6  4 155  1 1372.22  .00 
1981  6  5 156 12 1372.45  .15 
1981  6  6 157 14 1372.32  .14 
1981  6  7 158 14 1372.39  .13 
1981  6  8 159                 
1981  6  9 160 11 1372.39  .11 
1981  6 10 161 13 1372.36  .15 
1981  6 11 162 14 1372.34  .19 
1981  6 12 163                 
1981  6 13 164 13 1372.12  .16 
1981  6 14 165 12 1372.03  .12 
1981  6 15 166 14 1372.07  .17 
1981  6 16 167  1 1372.22  .00 
1981  6 17 168 14 1371.95  .25 
1981  6 18 169 14 1372.16  .29 
1981  6 19 170 14 1372.49  .16 
1981  6 20 171                 
1981  6 21 172 13 1372.29  .17 
1981  6 22 173 13 1372.20  .10 
1981  6 23 174 13 1372.11  .22 
1981  6 24 175                 
1981  6 25 176 14 1371.63  .30 
1981  6 26 177 12 1371.60  .13 
1981  6 27 178 13 1371.28  .26 
1981  6 28 179                 
1981  6 29 180 13 1371.28  .20 
1981  6 30 181 13 1371.34  .18 
1981  7  1 182 12 1371.23  .14 
1981  7  2 183  1 1372.22  .00 
1981  7  3 184 12 1371.51  .10 
1981  7  4 185 14 1371.89  .29 
1981  7  5 186 14 1372.01  .16 
1981  7  6 187                 
1981  7  7 188 11 1372.02  .14 
1981  7  8 189 14 1372.05  .15 
1981  7  9 190 12 1372.14  .06 
1981  7 10 191                 
1981  7 11 192 12 1371.77  .26 
1981  7 12 193 12 1371.51  .14 
1981  7 13 194 13 1371.69  .20 
1981  7 14 195                 
1981  7 15 196 13 1371.58  .16 
1981  7 16 197 13 1371.62  .30 
1981  7 17 198 12 1371.60  .15 
1981  7 18 199                 
1981  7 19 200 12 1371.59  .14 
1981  7 20 201 13 1371.06  .20 
1981  7 21 202 13 1370.41  .23 
1981  7 22 203                 
1981  7 23 204 13 1369.49  .15 
1981  7 24 205 12 1369.34  .14 
1981  7 25 206 13 1369.15  .22 
1981  7 26 207                 
1981  7 27 208 13 1369.46  .30 
1981  7 28 209 13 1369.99  .20 
1981  7 29 210 12 1370.57  .23 
1981  7 30 211  1 1372.22  .00 
1981  7 31 212 12 1371.06  .37 
1981  8  1 213 12 1371.72  .17 
1981  8  2 214 13 1371.88  .26 
1981  8  3 215                 
1981  8  4 216 12 1371.64  .19 
1981  8  5 217 13 1371.55  .15 
1981  8  6 218 13 1371.64  .16 
1981  8  7 219                 
1981  8  8 220 13 1370.78  .21 
1981  8  9 221 12 1370.88  .18 
1981  8 10 222 13 1371.28  .25 
1981  8 11 223  1 1372.22  .00 
1981  8 12 224 13 1372.02  .22 
1981  8 13 225 13 1372.41  .16 
1981  8 14 226 14 1372.56  .21 
1981  8 15 227                 
1981  8 16 228 12 1371.78  .14 
1981  8 17 229 12 1371.64  .17 
1981  8 18 230 13 1371.53  .20 
1981  8 19 231                 
1981  8 20 232 13 1371.87  .23 
1981  8 21 233 12 1372.05  .14 
1981  8 22 234 13 1372.41  .17 
1981  8 23 235                 
1981  8 24 236 13 1372.72  .14 
1981  8 25 237 13 1372.44  .14 
1981  8 26 238 11 1372.06  .09 
1981  8 27 239  1 1372.22  .00 
1981  8 28 240 13 1371.95  .24 
1981  8 29 241 11 1372.08  .13 
1981  8 30 242 14 1372.15  .12 
1981  8 31 243                 
1981  9  1 244 13 1372.19  .19 
1981  9  2 245 14 1372.10  .16 
1981  9  3 246 14 1372.12  .12 
1981  9  4 247                 
1981  9  5 248 13 1371.71  .20 
1981  9  6 249 11 1371.40  .16 
1981  9  7 250 13 1371.39  .14 
1981  9  8 251                 
1981  9  9 252 13 1371.49  .17 
1981  9 10 253 13 1371.58  .15 
1981  9 11 254 13 1371.38  .14 
1981  9 12 255                 
1981  9 13 256 13 1371.85  .21 
1981  9 14 257 13 1372.02  .12 
1981  9 15 258 14 1372.15  .18 
1981  9 16 259                 
1981  9 17 260 13 1372.09  .16 
1981  9 18 261 12 1372.11  .14 
1981  9 19 262 14 1372.25  .24 
1981  9 20 263                 
1981  9 21 264 14 1372.31  .15 
1981  9 22 265 13 1372.65  .12 
1981  9 23 266 13 1372.67  .26 
1981  9 24 267  1 1372.22  .00 
1981  9 25 268 12 1372.52  .15 
1981  9 26 269 13 1372.58  .12 
1981  9 27 270 14 1372.50  .19 
1981  9 28 271                 
1981  9 29 272 13 1372.18  .14 
1981  9 30 273 13 1372.28  .18 
1981 10  1 274 13 1372.51  .18 
1981 10  2 275                 
1981 10  3 276 13 1372.59  .22 
1981 10  4 277 14 1372.45  .18 
1981 10  5 278 13 1372.27  .16 
1981 10  6 279                 
1981 10  7 280 14 1371.92  .19 
1981 10  8 281 14 1372.16  .18 
1981 10  9 282 14 1372.26  .18 
1981 10 10 283                 
1981 10 11 284 12 1371.35  .12 
1981 10 12 285 13 1370.81  .27 
1981 10 13 286 13 1370.46  .18 
1981 10 14 287                 
1981 10 15 288 13 1369.75  .18 
1981 10 16 289 12 1369.66  .17 
1981 10 17 290 13 1369.65  .21 
1981 10 18 291                 
1981 10 19 292 13 1370.33  .19 
1981 10 20 293 13 1370.99  .13 
1981 10 21 294 12 1371.54  .26 
1981 10 22 295  1 1372.22  .00 
1981 10 23 296 13 1372.47  .16 
1981 10 24 297 13 1372.74  .16 
1981 10 25 298 13 1372.68  .12 
1981 10 26 299                 
1981 10 27 300 12 1372.68  .18 
1981 10 28 301 14 1372.65  .23 
1981 10 29 302 13 1372.83  .15 
1981 10 30 303                 
1981 10 31 304 13 1372.21  .12 
1981 11  1 305 13 1371.80  .15 
1981 11  2 306 12 1371.47  .19 
1981 11  3 307                 
1981 11  4 308 13 1371.17  .22 
1981 11  5 309 13 1371.75  .15 
1981 11  6 310 14 1372.09  .12 
1981 11  7 311                 
1981 11  8 312 12 1372.31  .08 
1981 11  9 313 14 1372.29  .13 
1981 11 10 314 13 1372.05  .14 
1981 11 11 315                 
1981 11 12 316 13 1371.59  .16 
1981 11 13 317 12 1371.69  .17 
1981 11 14 318 14 1372.13  .15 
1981 11 15 319                 
1981 11 16 320 13 1372.64  .11 
1981 11 17 321 13 1372.45  .21 
1981 11 18 322 14 1372.46  .18 
1981 11 19 323                 
1981 11 20 324 12 1372.17  .12 
1981 11 21 325 13 1372.21  .11 
1981 11 22 326 14 1372.35  .16 
1981 11 23 327                 
1981 11 24 328 12 1372.46  .14 
1981 11 25 329 13 1372.63  .12 
1981 11 26 330 14 1372.61  .20 
1981 11 27 331                 
1981 11 28 332 13 1371.63  .20 
1981 11 29 333 13 1371.53  .17 
1981 11 30 334 12 1371.60  .09 
1981 12  1 335                 
1981 12  2 336 14 1372.29  .20 
1981 12  3 337 12 1372.71  .18 
1981 12  4 338 14 1372.78  .29 
1981 12  5 339                 
1981 12  6 340 13 1371.96  .17 
1981 12  7 341 13 1371.18  .18 
1981 12  8 342 13 1370.67  .21 
1981 12  9 343                 
1981 12 10 344 13 1370.39  .21 
1981 12 11 345 12 1370.96  .26 
1981 12 12 346 13 1371.32  .16 
1981 12 13 347                 
1981 12 14 348 14 1371.84  .20 
1981 12 15 349 12 1372.07  .16 
1981 12 16 350 14 1372.30  .11 
1981 12 17 351                 
1981 12 18 352 13 1372.19  .10 
1981 12 19 353 14 1372.24  .14 
1981 12 20 354 14 1372.30  .16 
1981 12 21 355                 
1981 12 22 356 13 1372.33  .19 
1981 12 23 357 14 1372.39  .20 
1981 12 24 358 13 1372.36  .10 
1981 12 25 359                 
1981 12 26 360 13 1372.28  .15 
1981 12 27 361 13 1372.15  .10 
1981 12 28 362 13 1372.30  .11 
1981 12 29 363                 
1981 12 30 364 13 1372.66  .14 
1981 12 31 365 12 1372.90  .20 
1982  1  1   1 13 1373.14  .14 
1982  1  2   2                 
1982  1  3   3 12 1372.88  .12 
1982  1  4   4 12 1372.75  .12 
1982  1  5   5 13 1372.74  .17 
1982  1  6   6                 
1982  1  7   7 13 1372.60  .11 
1982  1  8   8 13 1372.56  .18 
1982  1  9   9 12 1372.52  .12 
1982  1 10  10                 
1982  1 11  11 14 1372.10  .14 
1982  1 12  12 13 1372.16  .15 
1982  1 13  13 12 1372.11  .15 
1982  1 14  14                 
1982  1 15  15 12 1371.58  .13 
1982  1 16  16 13 1371.51  .20 
1982  1 17  17 13 1371.66  .10 
1982  1 18  18                 
1982  1 19  19 13 1371.96  .19 
1982  1 20  20 14 1372.21  .20 
1982  1 21  21 14 1372.44  .13 
1982  1 22  22                 
1982  1 23  23 13 1372.21  .18 
1982  1 24  24 13 1372.42  .13 
1982  1 25  25 12 1372.46  .16 
1982  1 26  26  1 1372.22  .00 
1982  1 27  27 13 1372.45  .14 
1982  1 28  28 14 1371.87  .37 
1982  1 29  29 12 1370.91  .41 
1982  1 30  30                 
1982  1 31  31 12 1370.02  .20 
1982  2  1  32 13 1370.12  .16 
1982  2  2  33 13 1370.68  .23 
1982  2  3  34                 
1982  2  4  35 13 1371.83  .24 
1982  2  5  36 13 1372.07  .19 
1982  2  6  37 14 1371.81  .31 
1982  2  7  38                 
1982  2  8  39 13 1370.57  .31 
1982  2  9  40 13 1370.19  .12 
1982  2 10  41 13 1369.99  .23 
1982  2 11  42                 
1982  2 12  43 12 1370.39  .25 
1982  2 13  44 13 1370.96  .24 
1982  2 14  45 13 1371.46  .10 
1982  2 15  46                 
1982  2 16  47 12 1371.54  .17 
1982  2 17  48 13 1371.32  .10 
1982  2 18  49 13 1371.23  .14 
1982  2 19  50                 
1982  2 20  51 13 1371.45  .24 
1982  2 21  52 14 1371.99  .21 
1982  2 22  53 13 1372.37  .14 
1982  2 23  54                 
1982  2 24  55 13 1372.48  .21 
1982  2 25  56 13 1372.54  .12 
1982  2 26  57 13 1372.48  .13 
1982  2 27  58                 
1982  2 28  59 12 1371.60  .10 
1982  3  1  60 13 1371.28  .12 
1982  3  2  61 13 1371.11  .17 
1982  3  3  62                 
1982  3  4  63 13 1371.31  .19 
1982  3  5  64 13 1371.70  .49 
1982  3  6  65 14 1371.91  .22 
1982  3  7  66                 
1982  3  8  67 13 1372.36  .13 
1982  3  9  68 12 1372.30  .10 
1982  3 10  69 12 1372.25  .11 
1982  3 11  70                 
1982  3 12  71 13 1372.21  .16 
1982  3 13  72 14 1372.19  .08 
1982  3 14  73 13 1371.65  .21 
1982  3 15  74                 
1982  3 16  75 12 1370.41  .27 
1982  3 17  76 13 1370.08  .15 
1982  3 18  77 12 1370.07  .13 
1982  3 19  78                 
1982  3 20  79 13 1370.79  .26 
1982  3 21  80 13 1371.37  .19 
1982  3 22  81 12 1371.70  .10 
1982  3 23  80                 
1982  3 24  83 13 1371.16  .09 
1982  3 25  84 13 1371.15  .15 
1982  3 26  85 13 1371.20  .10 
1982  3 27  86                 
1982  3 28  87 11 1371.22  .11 
1982  3 29  88 13 1371.38  .14 
1982  3 30  89 13 1371.46  .27 
1982  3 31  90                 
1982  4  1  91 13 1372.29  .18 
1982  4  2  92 11 1372.68  .13 
1982  4  3  93 13 1372.83  .16 
1982  4  4  94                 
1982  4  5  95 14 1372.28  .10 
1982  4  6  96 14 1372.25  .18 
1982  4  7  97 13 1372.48  .22 
1982  4  8  98  1 1372.22  .00 
1982  4  9  99 12 1372.47  .09 
1982  4 10 100 14 1372.13  .09 
1982  4 11 101 14 1371.69  .27 
1982  4 12 102                 
1982  4 13 103 12 1371.50  .19 
1982  4 14 104 13 1371.46  .09 
1982  4 15 105 13 1371.71  .17 
1982  4 16 106                 
1982  4 17 107 13 1371.79  .15 
1982  4 18 108 13 1371.74  .16 
1982  4 19 109 12 1371.73  .18 
1982  4 20 110                 
1982  4 21 111 13 1371.80  .10 
1982  4 22 112 14 1371.72  .28 
1982  4 23 113 13 1371.42  .17 
1982  4 24 114                 
1982  4 25 115 12 1371.02  .26 
1982  4 26 116 13 1371.52  .26 
1982  4 27 117 14 1372.02  .13 
1982  4 28 118                 
1982  4 29 119 13 1372.49  .18 
1982  4 30 120 13 1372.43  .16 
1982  5  1 121 14 1372.34  .13 
1982  5  2 122                 
1982  5  3 123 13 1372.14  .13 
1982  5  4 124 13 1372.19  .12 
1982  5  5 125 13 1372.26  .27 
1982  5  6 126  1 1372.22  .00 
1982  5  7 127 12 1371.81  .10 
1982  5  8 128 14 1371.88  .17 
1982  5  9 129 14 1372.03  .15 
1982  5 10 130                 
1982  5 11 131 13 1371.98  .15 
1982  5 12 132 12 1372.23  .14 
1982  5 13 133 13 1372.17  .10 
1982  5 14 134                 
1982  5 15 135 13 1371.80  .13 
1982  5 16 136 13 1371.63  .10 
1982  5 17 137 12 1371.64  .18 
1982  5 18 138                 
1982  5 19 139 12 1371.66  .18 
1982  5 20 140 13 1371.55  .16 
1982  5 21 141 13 1371.58  .18 
1982  5 22 142                 
1982  5 23 143 12 1371.68  .19 
1982  5 24 144 13 1372.08  .13 
1982  5 25 145 13 1372.27  .12 
1982  5 26 146                 
1982  5 27 147 14 1372.01  .26 
1982  5 28 148 13 1371.87  .18 
1982  5 29 149 13 1372.03  .16 
1982  5 30 150                 
1982  5 31 151 13 1372.19  .10 
1982  6  1 152 14 1372.26  .12 
1982  6  2 153 12 1372.29  .15 
1982  6  3 154  1 1372.22  .00 
1982  6  4 155 13 1371.82  .26 
1982  6  5 156 13 1371.39  .19 
1982  6  6 157 13 1371.06  .14 
1982  6  7 158                 
1982  6  8 159 12 1371.00  .18 
1982  6  9 160 13 1370.95  .14 
1982  6 10 161 13 1370.95  .16 
1982  6 11 162                 
1982  6 12 163 13 1370.96  .17 
1982  6 13 164 13 1370.94  .14 
1982  6 14 165 12 1370.72  .17 
1982  6 15 166                 
1982  6 16 167 13 1369.93  .08 
1982  6 17 168 13 1369.79  .32 
1982  6 18 169 13 1369.99  .13 
1982  6 19 170                 
1982  6 20 171 12 1369.88  .18 
1982  6 21 172 12 1370.46  .27 
1982  6 22 173 13 1370.87  .23 
1982  6 23 174                 
1982  6 24 175 14 1371.64  .33 
1982  6 25 176 13 1371.91  .27 
1982  6 26 177 14 1372.43  .15 
1982  6 27 178                 
1982  6 28 179 14 1372.18  .14 
1982  6 29 180 14 1372.26  .20 
1982  6 30 181 12 1372.54  .14 
1982  7  1 182  1 1372.22  .00 
1982  7  2 183 13 1372.26  .10 
1982  7  3 184 13 1372.20  .12 
1982  7  4 185 14 1372.26  .14 
1982  7  5 186                 
1982  7  6 187 13 1372.10  .14 
1982  7  7 188 14 1372.18  .12 
1982  7  8 189 14 1372.17  .10 
1982  7  9 190                 
1982  7 10 191 13 1371.55  .22 
1982  7 11 192 13 1370.95  .18 
1982  7 12 193 12 1370.77  .24 
1982  7 13 194                 
1982  7 14 195 13 1370.04  .15 
1982  7 15 196 13 1370.04  .17 
1982  7 16 197 13 1370.23  .24 
1982  7 17 198                 
1982  7 18 199 12 1371.21  .21 
1982  7 19 200 13 1372.12  .16 
1982  7 20 201 14 1372.59  .21 
1982  7 21 202                 
1982  7 22 203 14 1372.61  .22 
1982  7 23 204 12 1372.41  .12 
1982  7 24 205 13 1372.32  .24 
1982  7 25 206                 
1982  7 26 207 14 1372.12  .17 
1982  7 27 208                 
1982  7 28 209 14 1371.92  .16 
1982  7 29 210                 
1982  7 30 211 13 1371.94  .15 
1982  7 31 212 12 1371.76  .15 
1982  8  1 213 12 1371.85  .10 
1982  8  2 214                 
1982  8  3 215 12 1371.59  .14 
1982  8  4 216 13 1371.72  .13 
1982  8  5 217 14 1371.85  .21 
1982  8  6 218                 
1982  8  7 219 13 1371.72  .15 
1982  8  8 220 14 1372.02  .13 
1982  8  9 221 12 1372.10  .17 
1982  8 10 222                 
1982  8 11 223 13 1372.28  .21 
1982  8 12 224                 
1982  8 13 225 14 1372.49  .22 
1982  8 14 226                 
1982  8 15 227 10 1372.28  .08 
1982  8 16 228 14 1371.88  .19 
1982  8 17 229 13 1371.54  .14 
1982  8 18 230                 
1982  8 19 231 13 1371.61  .16 
1982  8 20 232 12 1371.74  .22 
1982  8 21 233 13 1371.65  .17 
1982  8 22 234                 
1982  8 23 235 13 1370.95  .19 
1982  8 24 236 13 1370.88  .17 
1982  8 25 237 13 1370.90  .18 
1982  8 26 238                 
1982  8 27 239 12 1370.77  .26 
1982  8 28 240 13 1371.13  .25 
1982  8 29 241 14 1371.65  .32 
1982  8 30 242                 
1982  8 31 243 13 1372.17  .15 
1982  9  1 244 13 1372.35  .17 
1982  9  2 245 14 1372.42  .14 
1982  9  3 246                 
1982  9  4 247 14 1372.17  .17 
1982  9  5 248 12 1372.26  .19 
1982  9  6 249 13 1372.41  .16 
1982  9  7 250                 
1982  9  8 251 12 1372.44  .19 
1982  9  9 252 13 1372.40  .13 
1982  9 10 253 14 1372.23  .12 
1982  9 11 254                 
1982  9 12 255 12 1371.90  .11 
1982  9 13 256 14 1371.82  .23 
1982  9 14 257 14 1371.89  .21 
1982  9 15 258                 
1982  9 16 259 13 1371.97  .16 
1982  9 17 260 13 1371.73  .17 
1982  9 18 261 12 1371.71  .27 
1982  9 19 262                 
1982  9 20 263 13 1371.62  .13 
1982  9 21 264 14 1371.91  .19 
1982  9 22 265 14 1372.05  .16 
1982  9 23 266                 
1982  9 24 267 13 1372.59  .22 
1982  9 25 268 13 1372.80  .21 
1982  9 26 269 14 1372.47  .25 
1982  9 27 270                 
1982  9 28 271 13 1371.75  .14 
1982  9 29 272 12 1371.31  .15 
1982  9 30 273 13 1371.40  .21 
1982 10  1 274                 
1982 10  2 275 13 1371.65  .18 
1982 10  3 276 14 1372.25  .20 
1982 10  4 277 13 1372.83  .17 
1982 10  5 278                 
1982 10  6 279 12 1372.78  .14 
1982 10  7 280 13 1372.42  .12 
1982 10  8 281 13 1372.34  .13 
1982 10  9 282                 
1982 10 10 283 13 1372.06  .17 
1982 10 11 284 14 1372.07  .11 
1982 10 12 285 13 1372.24  .12 
1982 10 13 286                 
1982 10 14 287 14 1372.10  .15 
1982 10 15 288 13 1372.06  .14 
1982 10 16 289 11 1372.12  .09 
1982 10 17 290                 
1982 10 18 291 13 1371.77  .16 
1982 10 19 292 14 1371.87  .18 
1982 10 20 293 14 1371.95  .17 
1982 10 21 294                 
1982 10 22 295 13 1371.87  .18 
1982 10 23 296 13 1371.96  .07 
1982 10 24 297 13 1371.82  .11 
1982 10 25 298                 
1982 10 26 299 13 1371.34  .15 
1982 10 27 300 12 1371.29  .20 
1982 10 28 301 13 1371.72  .18 
1982 10 29 302                 
1982 10 30 303 14 1372.17  .17 
1982 10 31 304 14 1372.33  .17 
1982 11  1 305 14 1372.60  .20 
1982 11  2 306                 
1982 11  3 307 13 1372.48  .18 
1982 11  4 308 13 1372.29  .11 
1982 11  5 309 13 1372.43  .15 
1982 11  6 310                 
1982 11  7 311 14 1372.08  .13 
1982 11  8 312 12 1372.06  .12 
1982 11  9 313 13 1372.35  .13 
1982 11 10 314                 
1982 11 11 315 12 1371.87  .09 
1982 11 12 316 13 1371.48  .16 
1982 11 13 317 11 1371.09  .22 
1982 11 14 318                 
1982 11 15 319 12 1370.95  .15 
1982 11 16 320 13 1371.21  .17 
1982 11 17 321 13 1371.52  .21 
1982 11 18 322                 
1982 11 19 323 12 1371.42  .21 
1982 11 20 324 11 1370.94  .19 
1982 11 21 325 13 1370.71  .16 
1982 11 22 326                 
1982 11 23 327 13 1371.20  .13 
1982 11 24 328 13 1371.67  .21 
1982 11 25 329 13 1371.96  .18 
1982 11 26 330                 
1982 11 27 331 13 1372.13  .08 
1982 11 28 332 13 1372.17  .11 
1982 11 29 333 13 1371.93  .13 
1982 11 30 334                 
1982 12  1 335 12 1371.54  .18 
1982 12  2 336 13 1371.57  .15 
1982 12  3 337 13 1371.27  .24 
1982 12  4 338                 
1982 12  5 339 13 1370.96  .20 
1982 12  6 340 12 1371.26  .15 
1982 12  7 341 13 1371.63  .20 
1982 12  8 342                 
1982 12  9 343 13 1371.39  .20 
1982 12 10 344 13 1371.03  .22 
1982 12 11 345 12 1370.89  .19 
1982 12 12 346                 
1982 12 13 347 12 1370.30  .13 
1982 12 14 348 13 1370.56  .19 
1982 12 15 349 13 1370.94  .18 
1982 12 16 350                 
1982 12 17 351 13 1371.72  .26 
1982 12 18 352 14 1372.08  .22 
1982 12 19 353 14 1372.32  .12 
1982 12 20 354                 
1982 12 21 355 13 1372.07  .15 
1982 12 22 356 14 1372.04  .15 
1982 12 23 357 13 1372.02  .10 
1982 12 24 358                 
1982 12 25 359 12 1371.75  .10 
1982 12 26 360 13 1371.51  .13 
1982 12 27 361 13 1371.50  .15 
1982 12 28 362                 
1982 12 29 363 12 1371.60  .14 
1982 12 30 364 12 1371.62  .17 
1982 12 31 365 12 1371.85  .20 
1983  1  1   1                 
1983  1  2   2 14 1372.10  .14 
1983  1  3   3 13 1372.16  .15 
1983  1  4   4 14 1372.31  .11 
1983  1  5   5                 
1983  1  6   6 12 1372.30  .14 
1983  1  7   7 13 1372.29  .10 
1983  1  8   8 13 1372.24  .11 
1983  1  9   9                 
1983  1 10  10 12 1372.21  .11 
1983  1 11  11 12 1372.28  .12 
1983  1 12  12 14 1372.38  .19 
1983  1 13  13                 
1983  1 14  14 13 1372.31  .20 
1983  1 15  15 14 1372.15  .16 
1983  1 16  16 14 1371.84  .22 
1983  1 17  17                 
1983  1 18  18 13 1371.23  .19 
1983  1 19  19 13 1371.32  .17 
1983  1 20  20 12 1371.50  .09 
1983  1 21  21                 
1983  1 22  22 14 1371.88  .19 
1983  1 23  23 14 1372.09  .12 
1983  1 24  24 14 1372.33  .10 
1983  1 25  25                 
1983  1 26  26 12 1371.77  .23 
1983  1 27  27 13 1371.73  .15 
1983  1 28  28 13 1371.69  .16 
1983  1 29  29                 
1983  1 30  30 13 1371.39  .18 
1983  1 31  31 12 1371.52  .16 
1983  2  1  32 12 1371.60  .13 
1983  2  2  33                 
1983  2  3  34 13 1371.78  .08 
1983  2  4  35 13 1371.59  .12 
1983  2  5  36 13 1371.60  .09 
1983  2  6  37                 
1983  2  7  38 12 1371.35  .20 
1983  2  8  39 12 1371.71  .16 
1983  2  9  40 14 1372.01  .11 
1983  2 10  41                 
1983  2 11  42 13 1372.26  .10 
1983  2 12  43 13 1372.09  .14 
1983  2 13  44 11 1372.11  .12 
1983  2 14  45                 
1983  2 15  46 13 1371.86  .14 
1983  2 16  47 14 1371.91  .18 
1983  2 17  48 13 1372.05  .13 
1983  2 18  49                 
1983  2 19  50 13 1371.80  .08 
1983  2 20  51 13 1371.91  .12 
1983  2 21  52 10 1372.00  .12 
1983  2 22  53                 
1983  2 23  54 13 1371.92  .16 
1983  2 24  55 14 1372.00  .18 
1983  2 25  56 14 1371.94  .20 
1983  2 26  57                 
1983  2 27  58 13 1372.02  .10 
1983  2 28  59 13 1371.90  .19 
1983  3  1  60 14 1371.94  .16 
1983  3  2  61                 
1983  3  3  62 13 1371.65  .15 
1983  3  4  63 13 1371.49  .17 
1983  3  5  64 13 1371.48  .14 
1983  3  6  65                 
1983  3  7  66 12 1371.65  .10 
1983  3  8  67 14 1371.93  .20 
1983  3  9  68 14 1372.06  .18 
1983  3 10  69                 
1983  3 11  70 14 1371.83  .21 
1983  3 12  71 12 1371.90  .16 
1983  3 13  72 14 1371.91  .18 
1983  3 14  73                 
1983  3 15  74 13 1371.68  .15 
1983  3 16  75 13 1371.53  .15 
1983  3 17  76 12 1371.56  .12 
1983  3 18  77  1 1372.22  .00 
1983  3 19  78 12 1371.45  .34 
1983  3 20  79 13 1371.35  .11 
1983  3 21  80 13 1371.50  .17 
1983  3 22  81                 
1983  3 23  80 13 1371.96  .21 
1983  3 24  83 14 1372.04  .15 
1983  3 25  84 13 1372.13  .12 
1983  3 26  85                 
1983  3 27  86 14 1372.15  .13 
1983  3 28  87 12 1372.07  .09 
1983  3 29  88 14 1372.14  .12 
1983  3 30  89                 
1983  3 31  90 14 1372.06  .17 
1983  4  1  91 13 1372.10  .10 
1983  4  2  92 14 1371.94  .20 
1983  4  3  93                 
1983  4  4  94 12 1371.79  .15 
1983  4  5  95 14 1372.05  .18 
1983  4  6  96 13 1371.95  .19 
1983  4  7  97                 
1983  4  8  98 13 1371.58  .15 
1983  4  9  99 12 1371.60  .15 
1983  4 10 100 13 1371.65  .15 
1983  4 11 101                 
1983  4 12 102 13 1372.04  .11 
1983  4 13 103 13 1371.97  .12 
1983  4 14 104 13 1372.14  .12 
1983  4 15 105  1 1372.22  .00 
1983  4 16 106 13 1372.05  .10 
1983  4 17 107 13 1371.87  .12 
1983  4 18 108 14 1371.84  .21 
1983  4 19 109                 
1983  4 20 110 12 1371.91  .11 
1983  4 21 111 13 1371.78  .13 
1983  4 22 112 14 1371.97  .17 
1983  4 23 113                 
1983  4 24 114 13 1371.76  .12 
1983  4 25 115 12 1371.69  .09 
1983  4 26 116 13 1371.62  .14 
1983  4 27 117                 
1983  4 28 118 13 1371.44  .10 
1983  4 29 119 13 1371.37  .15 
1983  4 30 120 14 1371.72  .27 
1983  5  1 121                 
1983  5  2 122 11 1371.84  .08 
1983  5  3 123 13 1371.81  .12 
1983  5  4 124 14 1371.92  .19 
1983  5  5 125                 
1983  5  6 126 13 1371.60  .13 
1983  5  7 127 13 1371.76  .24 
1983  5  8 128 14 1371.87  .21 
1983  5  9 129                 
1983  5 10 130 13 1371.13  .23 
1983  5 11 131 13 1370.51  .17 
1983  5 12 132 12 1370.50  .14 
1983  5 13 133  1 1372.22  .00 
1983  5 14 134 11 1371.21  .15 
1983  5 15 135 13 1371.49  .11 
1983  5 16 136 14 1371.83  .20 
1983  5 17 137                 
1983  5 18 138 13 1371.83  .21 
1983  5 19 139 13 1371.89  .11 
1983  5 20 140 13 1371.69  .20 
1983  5 21 141                 
1983  5 22 142 13 1371.49  .20 
1983  5 23 143 13 1371.65  .14 
1983  5 24 144 13 1371.96  .20 
1983  5 25 145                 
1983  5 26 146 12 1372.13  .13 
1983  5 27 147 13 1372.28  .13 
1983  5 28 148 13 1372.32  .10 
1983  5 29 149                 
1983  5 30 150 12 1372.21  .07 
1983  5 31 151 13 1371.94  .14 
1983  6  1 152 14 1371.87  .28 
1983  6  2 153                 
1983  6  3 154 12 1371.14  .12 
1983  6  4 155 12 1371.06  .18 
1983  6  5 156 13 1370.63  .23 
1983  6  6 157  1 1372.22  .00 
1983  6  7 158 12 1370.40  .16 
1983  6  8 159 13 1370.82  .18 
1983  6  9 160 13 1371.07  .17 
1983  6 10 161                 
1983  6 11 162 12 1371.22  .20 
1983  6 12 163 13 1371.51  .15 
1983  6 13 164 14 1371.74  .24 
1983  6 14 165                 
1983  6 15 166 12 1372.08  .12 
1983  6 16 167 13 1372.15  .14 
1983  6 17 168 14 1372.03  .22 
1983  6 18 169                 
1983  6 19 170 13 1371.86  .12 
1983  6 20 171 13 1371.94  .22 
1983  6 21 172 13 1372.07  .18 
1983  6 22 173  1 1372.22  .00 
1983  6 23 174 11 1371.54  .34 
1983  6 24 175 13 1371.67  .20 
1983  6 25 176 14 1371.86  .23 
1983  6 26 177                 
1983  6 27 178 11 1371.97  .18 
1983  6 28 179 13 1372.00  .07 
1983  6 29 180 14 1371.98  .15 
1983  6 30 181                 
1983  7  1 182 13 1371.51  .15 
1983  7  2 183 12 1371.58  .16 
1983  7  3 184 13 1371.75  .11 
1983  7  4 185                 
1983  7  5 186 13 1371.79  .22 
1983  7  6 187 14 1371.75  .25 
1983  7  7 188 13 1371.62  .17 
1983  7  8 189                 
1983  7  9 190 12 1371.34  .05 
1983  7 10 191 13 1371.48  .18 
1983  7 11 192 13 1371.61  .14 
1983  7 12 193                 
1983  7 13 194 13 1371.69  .16 
1983  7 14 195 12 1371.67  .17 
1983  7 15 196 13 1371.72  .14 
1983  7 16 197                 
1983  7 17 198 12 1371.90  .10 
1983  7 18 199 14 1371.95  .17 
1983  7 19 200 12 1371.98  .06 
1983  7 20 201  1 1372.22  .00 
1983  7 21 202 13 1371.87  .20 
1983  7 22 203 13 1371.73  .18 
1983  7 23 204 13 1371.81  .14 
1983  7 24 205                 
1983  7 25 206 12 1371.66  .14 
1983  7 26 207 13 1371.86  .14 
1983  7 27 208 14 1371.84  .22 
1983  7 28 209                 
1983  7 29 210 13 1371.46  .21 
1983  7 30 211 13 1371.40  .11 
1983  7 31 212 12 1371.39  .20 
1983  8  1 213                 
1983  8  2 214 13 1371.15  .16 
1983  8  3 215 13 1371.21  .19 
1983  8  4 216 13 1371.36  .16 
1983  8  5 217                 
1983  8  6 218 12 1371.67  .17 
1983  8  7 219 14 1371.99  .18 
1983  8  8 220 14 1371.93  .23 
1983  8  9 221                 
1983  8 10 222 13 1371.39  .33 
1983  8 11 223 12 1371.28  .28 
1983  8 12 224 14 1371.80  .22 
1983  8 13 225                 
1983  8 14 226 13 1371.91  .15 
1983  8 15 227 13 1372.20  .17 
1983  8 16 228 14 1372.27  .19 
1983  8 17 229                 
1983  8 18 230 13 1372.35  .17 
1983  8 19 231 14 1372.43  .16 
1983  8 20 232 14 1372.39  .19 
1983  8 21 233                 
1983  8 22 234 13 1372.02  .29 
1983  8 23 235 14 1372.05  .15 
1983  8 24 236 13 1372.08  .14 
1983  8 25 237                 
1983  8 26 238 12 1371.83  .11 
1983  8 27 239 14 1372.01  .22 
1983  8 28 240 12 1371.97  .15 
1983  8 29 241                 
1983  8 30 242 12 1371.56  .18 
1983  8 31 243 12 1371.80  .13 
1983  9  1 244 13 1371.78  .14 
1983  9  2 245                 
1983  9  3 246 12 1371.91  .16 
1983  9  4 247 14 1371.86  .19 
1983  9  5 248                 
1983  9  6 249 13 1372.02  .17 
1983  9  7 250 13 1371.71  .19 
1983  9  8 251 13 1371.86  .26 
1983  9  9 252 14 1372.14  .16 
1983  9 10 253                 
1983  9 11 254 14 1372.08  .15 
1983  9 12 255 12 1372.15  .07 
1983  9 13 256 13 1372.21  .12 
1983  9 14 257 13 1372.00  .18 
1983  9 15 258 13 1371.89  .17 
1983  9 16 259 13 1371.64  .17 
1983  9 17 260 13 1371.70  .14 
1983  9 18 261 13 1371.66  .12 
1983  9 19 262 13 1371.74  .19 
1983  9 20 263 12 1371.60  .20 
1983  9 21 264 13 1371.79  .14 
1983  9 22 265 14 1371.84  .19 
1983  9 23 266 14 1371.85  .20 
1983  9 24 267 13 1371.71  .09 
1983  9 25 268 12 1371.51  .16 
1983  9 26 269 13 1371.39  .14 
1983  9 27 270 13 1371.17  .19 
1983  9 28 271 13 1371.19  .16 
1983  9 29 272 13 1371.31  .13 
1983  9 30 273 13 1371.38  .18 
1983 10  1 274 12 1371.46  .17 
1983 10  2 275 13 1371.58  .20 
1983 10  3 276 13 1371.55  .19 
1983 10  4 277 13 1371.55  .18 
1983 10  5 278 13 1371.34  .22 
1983 10  6 279 13 1371.21  .18 
1983 10  7 280 12 1371.14  .08 
1983 10  8 281 13 1371.10  .13 
1983 10  9 282 12 1371.23  .14 
1983 10 10 283 13 1371.25  .21 
1983 10 11 284 13 1371.44  .11 
1983 10 12 285 12 1371.73  .15 
1983 10 13 286 12 1371.72  .15 
1983 10 14 287 13 1371.42  .22 
1983 10 15 288 13 1371.20  .22 
1983 10 16 289 13 1371.26  .09 
1983 10 17 290 13 1371.44  .20 
1983 10 18 291 12 1371.54  .12 
1983 10 19 292 13 1371.57  .09 
1983 10 20 293 13 1371.67  .11 
1983 10 21 294 14 1371.92  .16 
1983 10 22 295 13 1371.72  .19 
1983 10 23 296 13 1371.75  .24 
1983 10 24 297 12 1371.58  .10 
1983 10 25 298 13 1371.61  .12 
1983 10 26 299 13 1371.59  .16 
1983 10 27 300 13 1371.57  .10 
1983 10 28 301 13 1371.74  .14 
1983 10 29 302 13 1371.63  .17 
1983 10 30 303 12 1371.67  .14 
1983 10 31 304 13 1371.67  .12 
1983 11  1 305 13 1371.51  .17 
1983 11  2 306 13 1371.60  .16 
1983 11  3 307 13 1371.56  .16 
1983 11  4 308 13 1371.80  .23 
1983 11  5 309 11 1371.66  .18 
1983 11  6 310 13 1371.66  .19 
1983 11  7 311 13 1371.60  .18 
1983 11  8 312 12 1371.69  .15 
1983 11  9 313 13 1371.58  .16 
1983 11 10 314 12 1371.63  .20 
1983 11 11 315 13 1371.62  .10 
1983 11 12 316 13 1371.64  .12 
1983 11 13 317 13 1371.60  .14 
1983 11 14 318 13 1371.56  .15 
1983 11 15 319 13 1371.51  .15 
1983 11 16 320 12 1371.27  .12 
1983 11 17 321 13 1371.35  .11 
1983 11 18 322 12 1371.42  .16 
1983 11 19 323 13 1371.42  .12 
1983 11 20 324 13 1371.47  .10 
1983 11 21 325 12 1371.44  .16 
1983 11 22 326 13 1371.36  .13 
1983 11 23 327 13 1371.38  .14 
1983 11 24 328 13 1371.41  .16 
1983 11 25 329 13 1371.42  .14 
1983 11 26 330 13 1371.45  .13 
1983 11 27 331 12 1371.30  .23 
1983 11 28 332 13 1371.41  .18 
1983 11 29 333 13 1371.53  .11 
1983 11 30 334 13 1371.56  .12 
1983 12  1 335 13 1371.54  .20 
1983 12  2 336 13 1371.68  .19 
1983 12  3 337 12 1371.67  .13 
1983 12  4 338 13 1371.67  .16 
1983 12  5 339 13 1371.53  .12 
1983 12  6 340 13 1371.59  .11 
1983 12  7 341 13 1371.44  .19 
1983 12  8 342 12 1371.48  .15 
1983 12  9 343 13 1371.42  .16 
1983 12 10 344 13 1371.36  .17 
1983 12 11 345 13 1371.37  .14 
1983 12 12 346 13 1371.38  .17 
1983 12 13 347 13 1371.55  .18 
1983 12 14 348 12 1371.68  .20 
1983 12 15 349 13 1371.55  .20 
1983 12 16 350 12 1371.47  .16 
1983 12 17 351 13 1371.31  .13 
1983 12 18 352 13 1371.33  .11 
1983 12 19 353 12 1371.22  .11 
1983 12 20 354 12 1371.28  .16 
1983 12 21 355 13 1371.28  .18 
1983 12 22 356 13 1371.33  .16 
1983 12 23 357 13 1371.32  .15 
1983 12 24 358 13 1371.37  .17 
1983 12 25 359 12 1371.34  .16 
1983 12 26 360 13 1371.39  .18 
1983 12 27 361 13 1371.40  .18 
1983 12 28 362 13 1371.37  .17 
1983 12 29 363 13 1371.39  .16 
1983 12 30 364 13 1371.45  .13 
1983 12 31 365 12 1371.36  .17 
1984  1  1   1 12 1371.54  .16 
1984  1  2   2 13 1371.52  .12 
1984  1  3   3 13 1371.61  .19 
1984  1  4   4 13 1371.67  .12 
1984  1  5   5 13 1371.67  .16 
1984  1  6   6 12 1371.47  .12 
1984  1  7   7 13 1371.58  .19 
1984  1  8   8 13 1371.53  .12 
1984  1  9   9 12 1371.60  .12 
1984  1 10  10 13 1371.53  .16 
1984  1 11  11 13 1371.51  .12 
1984  1 12  12 12 1371.30  .16 
1984  1 13  13 13 1371.11  .21 
1984  1 14  14 12 1370.83  .15 
1984  1 15  15 13 1370.95  .13 
1984  1 16  16 13 1370.91  .16 
1984  1 17  17 12 1371.09  .11 
1984  1 18  18 13 1371.03  .15 
1984  1 19  19 13 1371.36  .15 
1984  1 20  20 13 1371.27  .10 
1984  1 21  21 13 1371.29  .17 
1984  1 22  22 13 1371.32  .18 
1984  1 23  23 12 1371.28  .12 
1984  1 24  24 13 1370.79  .18 
1984  1 25  25 13 1370.32  .30 
1984  1 26  26 13 1369.62  .22 
1984  1 27  27 13 1368.87  .26 
1984  1 28  28 12 1368.67  .18 
1984  1 29  29 13 1368.58  .19 
1984  1 30  30 13 1368.95  .21 
1984  1 31  31 13 1369.52  .27 
1984  2  1  32 13 1370.21  .33 
1984  2  2  33 13 1371.07  .19 
1984  2  3  34 12 1371.32  .13 
1984  2  4  35 13 1371.57  .19 
1984  2  5  36 13 1371.40  .12 
1984  2  6  37 13 1371.35  .15 
1984  2  7  38 13 1371.21  .12 
1984  2  8  39 13 1370.90  .22 
1984  2  9  40 12 1370.49  .14 
1984  2 10  41 13 1370.51  .13 
1984  2 11  42 13 1370.53  .17 
1984  2 12  43 13 1370.89  .14 
1984  2 13  44 13 1370.96  .13 
1984  2 14  45 12 1371.45  .12 
1984  2 15  46 12 1371.56  .17 
1984  2 16  47 13 1371.59  .14 
1984  2 17  48 13 1371.45  .14 
1984  2 18  49 13 1371.64  .16 
1984  2 19  50 13 1371.20  .19 
1984  2 20  51 12 1371.27  .13 
1984  2 21  52 13 1370.85  .15 
1984  2 22  53 13 1370.58  .21 
1984  2 23  54 12 1370.35  .14 
1984  2 24  55 13 1370.52  .14 
1984  2 25  56 13 1370.56  .25 
1984  2 26  57 12 1370.87  .18 
1984  2 27  58 13 1371.18  .21 
1984  2 28  59 13 1371.62  .17 
1984  2 29  60 14 1371.77  .23 
1984  3  1  61 13 1371.68  .16 
1984  3  2  62 12 1371.65  .16 
1984  3  3  63 13 1371.76  .14 
1984  3  4  64 13 1371.64  .15 
1984  3  5  65 14 1371.85  .20 
1984  3  6  66 13 1371.61  .16 
1984  3  7  67 12 1371.51  .21 
1984  3  8  68 12 1371.35  .13 
1984  3  9  69 13 1371.42  .16 
1984  3 10  70 13 1371.35  .13 
1984  3 11  71 13 1371.52  .13 
1984  3 12  72 13 1371.32  .12 
1984  3 13  73 13 1371.35  .18 
1984  3 14  74 12 1371.29  .08 
1984  3 15  75 12 1371.53  .13 
1984  3 16  76 13 1371.64  .18 
1984  3 17  77 13 1371.79  .15 
1984  3 18  78 14 1371.86  .18 
1984  3 19  79 12 1371.94  .15 
1984  3 20  80 13 1371.95  .16 
1984  3 21  81 14 1371.92  .18 
1984  3 22  80 13 1371.62  .11 
1984  3 23  83 13 1371.71  .14 
1984  3 24  84 13 1371.65  .10 
1984  3 25  85 13 1371.90  .19 
1984  3 26  86 13 1371.75  .10 
1984  3 27  87 12 1371.89  .11 
1984  3 28  88 13 1371.56  .14 
1984  3 29  89 13 1371.17  .18 
1984  3 30  90 11 1370.80  .14 
1984  3 31  91 13 1370.69  .17 
1984  4  1  92 13 1370.57  .12 
1984  4  2  93 13 1370.76  .16 
1984  4  3  94 13 1371.02  .18 
1984  4  4  95 13 1371.28  .19 
1984  4  5  96 12 1371.42  .12 
1984  4  6  97 13 1371.62  .18 
1984  4  7  98 13 1371.61  .14 
1984  4  8  99 13 1371.73  .16 
1984  4  9 100 13 1371.52  .14 
1984  4 10 101 13 1371.58  .21 
1984  4 11 102 12 1371.47  .14 
1984  4 12 103 13 1371.56  .18 
1984  4 13 104 12 1371.47  .14 
1984  4 14 105 13 1371.40  .13 
1984  4 15 106 13 1371.30  .18 
1984  4 16 107 12 1371.34  .15 
1984  4 17 108                 
1984  4 18 109 12 1371.20  .11 
1984  4 19 110 13 1371.45  .14 
1984  4 20 111 13 1371.76  .16 
1984  4 21 112                 
1984  4 22 113 12 1371.64  .16 
1984  4 23 114 13 1371.31  .18 
1984  4 24 115 13 1370.70  .25 
1984  4 25 116                 
1984  4 26 117 13 1369.09  .16 
1984  4 27 118 13 1368.92  .10 
1984  4 28 119 12 1368.86  .17 
1984  4 29 120                 
1984  4 30 121 13 1369.34  .35 
1984  5  1 122 13 1370.13  .28 
1984  5  2 123 12 1370.89  .25 
1984  5  3 124                 
1984  5  4 125 12 1371.51  .19 
1984  5  5 126 13 1371.43  .20 
1984  5  6 127 13 1371.41  .16 
1984  5  7 128                 
1984  5  8 129 13 1370.84  .23 
1984  5  9 130 12 1370.49  .10 
1984  5 10 131 13 1370.21  .21 
1984  5 11 132                 
1984  5 12 133 13 1370.11  .21 
1984  5 13 134 13 1370.23  .19 
1984  5 14 135 13 1370.71  .18 
1984  5 15 136                 
1984  5 16 137 12 1371.59  .18 
1984  5 17 138 12 1371.69  .13 
1984  5 18 139 14 1371.89  .18 
1984  5 19 140                 
1984  5 20 141 11 1371.67  .29 
1984  5 21 142 13 1371.56  .08 
1984  5 22 143 13 1371.54  .14 
1984  5 23 144                 
1984  5 24 145 13 1371.12  .16 
1984  5 25 146 13 1371.24  .09 
1984  5 26 147 12 1371.52  .22 
1984  5 27 148                 
1984  5 28 149 12 1371.97  .12 
1984  5 29 150 13 1371.78  .16 
1984  5 30 151 13 1371.62  .21 
1984  5 31 152                 
1984  6  1 153 12 1371.27  .19 
1984  6  2 154 12 1371.56  .20 
1984  6  3 155 12 1371.78  .10 
1984  6  4 156                 
1984  6  5 157 12 1371.70  .19 
1984  6  6 158 12 1371.69  .15 
1984  6  7 159 13 1371.79  .12 
1984  6  8 160                 
1984  6  9 161 11 1371.83  .09 
1984  6 10 162 14 1371.91  .16 
1984  6 11 163 14 1372.05  .17 
1984  6 12 164                 
1984  6 13 165 12 1371.80  .13 
1984  6 14 166 13 1371.80  .13 
1984  6 15 167 13 1371.54  .21 
1984  6 16 168                 
1984  6 17 169 13 1371.48  .19 
1984  6 18 170 12 1371.43  .19 
1984  6 19 171 13 1371.47  .12 
1984  6 20 172                 
1984  6 21 173 13 1371.61  .14 
1984  6 22 174 13 1371.58  .17 
1984  6 23 175 12 1371.53  .22 
1984  6 24 176                 
1984  6 25 177 12 1371.39  .11 
1984  6 26 178 13 1371.34  .16 
1984  6 27 179 13 1371.40  .10 
1984  6 28 180                 
1984  6 29 181 12 1371.50  .15 
1984  6 30 182 13 1371.52  .13 
1984  7  1 183 13 1371.60  .19 
1984  7  2 184                 
1984  7  3 185 13 1371.61  .14 
1984  7  4 186 14 1371.79  .25 
1984  7  5 187 13 1371.89  .22 
1984  7  6 188                 
1984  7  7 189 14 1372.00  .19 
1984  7  8 190 14 1372.07  .22 
1984  7  9 191 13 1372.13  .16 
1984  7 10 192                 
1984  7 11 193 13 1371.87  .18 
1984  7 12 194 13 1371.59  .18 
1984  7 13 195 12 1371.79  .09 
1984  7 14 196                 
1984  7 15 197 12 1371.62  .11 
1984  7 16 198 12 1371.55  .15 
1984  7 17 199 13 1371.64  .13 
1984  7 18 200                 
1984  7 19 201 13 1371.59  .12 
1984  7 20 202 13 1371.43  .20 
1984  7 21 203 12 1371.55  .21 
1984  7 22 204                 
1984  7 23 205 12 1371.44  .13 
1984  7 24 206 13 1371.35  .16 
1984  7 25 207 13 1371.38  .12 
1984  7 26 208                 
1984  7 27 209 11 1371.39  .16 
1984  7 28 210 13 1371.35  .17 
1984  7 29 211 13 1371.49  .12 
1984  7 30 212                 
1984  7 31 213 13 1372.09  .13 
1984  8  1 214 13 1371.89  .18 
1984  8  2 215 13 1372.03  .13 
1984  8  3 216  1 1372.22  .00 
1984  8  4 217 11 1372.04  .20 
1984  8  5 218 14 1371.91  .23 
1984  8  6 219 14 1372.11  .12 
1984  8  7 220                 
1984  8  8 221 12 1371.91  .19 
1984  8  9 222 13 1371.75  .15 
1984  8 10 223 13 1371.88  .20 
1984  8 11 224                 
1984  8 12 225 13 1372.03  .16 
1984  8 13 226 11 1371.99  .16 
1984  8 14 227 13 1371.86  .14 
1984  8 15 228                 
1984  8 16 229 13 1371.72  .15 
1984  8 17 230 13 1371.65  .15 
1984  8 18 231 13 1371.68  .15 
1984  8 19 232                 
1984  8 20 233 12 1371.58  .14 
1984  8 21 234 13 1371.62  .18 
1984  8 22 235 13 1371.67  .14 
1984  8 23 236                 
1984  8 24 237 13 1371.58  .11 
1984  8 25 238 12 1371.54  .19 
1984  8 26 239 13 1371.75  .10 
1984  8 27 240                 
1984  8 28 241 12 1371.70  .17 
1984  8 29 242 13 1371.46  .19 
1984  8 30 243 13 1371.57  .17 
1984  8 31 244                 
1984  9  1 245 12 1371.50  .15 
1984  9  2 246 13 1371.60  .17 
1984  9  3 247 12 1371.84  .09 
1984  9  4 248                 
1984  9  5 249 12 1371.89  .18 
1984  9  6 250 13 1371.66  .18 
1984  9  7 251 13 1371.87  .13 
1984  9  8 252                 
1984  9  9 253 13 1371.78  .12 
1984  9 10 254 12 1371.69  .17 
1984  9 11 255 12 1371.77  .15 
1984  9 12 256  1 1372.22  .00 
1984  9 13 257 13 1371.63  .16 
1984  9 14 258 12 1371.49  .13 
1984  9 15 259 13 1371.55  .16 
1984  9 16 260                 
1984  9 17 261 12 1371.59  .11 
1984  9 18 262 13 1371.41  .18 
1984  9 19 263 13 1371.59  .10 
1984  9 20 264                 
1984  9 21 265 13 1371.57  .20 
1984  9 22 266 12 1371.61  .10 
1984  9 23 267 13 1371.57  .19 
1984  9 24 268                 
1984  9 25 269 13 1371.58  .13 
1984  9 26 270 13 1371.53  .13 
1984  9 27 271 12 1371.75  .11 
1984  9 28 272                 
1984  9 29 273 12 1371.71  .19 
1984  9 30 274 13 1371.55  .22 
1984 10  1 275 12 1371.63  .19 
1984 10  2 276                 
1984 10  3 277 13 1371.56  .17 
1984 10  4 278 12 1371.61  .14 
1984 10  5 279 13 1371.68  .10 
1984 10  6 280                 
1984 10  7 281 12 1371.61  .15 
1984 10  8 282 13 1371.48  .18 
1984 10  9 283 13 1371.49  .20 
1984 10 10 284                 
1984 10 11 285 12 1371.35  .15 
1984 10 12 286 12 1371.32  .14 
1984 10 13 287 13 1371.51  .11 
1984 10 14 288                 
1984 10 15 289 12 1371.32  .15 
1984 10 16 290 13 1371.33  .21 
1984 10 17 291 13 1371.38  .17 
1984 10 18 292                 
1984 10 19 293 13 1371.26  .21 
1984 10 20 294 12 1371.32  .16 
1984 10 21 295 12 1371.42  .14 
1984 10 22 296                 
1984 10 23 297 13 1371.55  .18 
1984 10 24 298 13 1371.44  .19 
1984 10 25 299 13 1371.55  .18 
1984 10 26 300                 
1984 10 27 301 11 1371.47  .18 
1984 10 28 302 13 1371.30  .13 
1984 10 29 303 13 1371.43  .15 
1984 10 30 304 13 1371.29  .14 
1984 10 31 305 13 1371.36  .20 
1984 11  1 306 12 1371.31  .17 
1984 11  2 307 13 1371.31  .15 
1984 11  3 308 13 1371.35  .15 
1984 11  4 309 13 1371.31  .14 
1984 11  5 310 13 1371.32  .21 
1984 11  6 311 13 1371.41  .08 
1984 11  7 312 12 1371.27  .14 
1984 11  8 313 13 1371.24  .17 
1984 11  9 314 13 1371.20  .17 
1984 11 10 315 12 1371.21  .08 
1984 11 11 316 10 1371.31  .15 
1984 11 12 317 13 1371.28  .11 
1984 11 13 318 12 1371.31  .09 
1984 11 14 319 13 1371.38  .10 
1984 11 15 320 13 1371.39  .15 
1984 11 16 321 13 1371.31  .16 
1984 11 17 322 13 1371.24  .10 
1984 11 18 323 12 1371.35  .08 
1984 11 19 324 13 1371.34  .16 
1984 11 20 325 13 1371.15  .17 
1984 11 21 326 13 1371.20  .19 
1984 11 22 327 13 1371.22  .07 
1984 11 23 328 13 1371.12  .13 
1984 11 24 329 11 1371.05  .15 
1984 11 25 330 13 1370.95  .17 
1984 11 26 331 13 1370.77  .13 
1984 11 27 332 13 1370.84  .14 
1984 11 28 333 13 1371.02  .10 
1984 11 29 334 13 1371.12  .18 
1984 11 30 335 10 1371.39  .12 
1984 12  1 336 12 1371.41  .13 
1984 12  2 337 13 1371.36  .16 
1984 12  3 338 13 1371.36  .16 
1984 12  4 339 13 1371.33  .13 
1984 12  5 340 13 1371.27  .17 
1984 12  6 341 12 1371.36  .18 
1984 12  7 342 13 1371.21  .19 
1984 12  8 343 13 1371.30  .16 
1984 12  9 344 12 1371.22  .18 
1984 12 10 345 12 1371.31  .13 
1984 12 11 346 12 1371.12  .15 
1984 12 12 347 13 1371.30  .10 
1984 12 13 348 13 1371.18  .24 
1984 12 14 349 13 1371.28  .11 
1984 12 15 350 13 1371.22  .15 
1984 12 16 351 13 1371.31  .14 
1984 12 17 352 12 1371.31  .17 
1984 12 18 353 13 1371.35  .11 
1984 12 19 354 13 1371.29  .10 
1984 12 20 355 13 1371.49  .16 
1984 12 21 356 13 1371.32  .15 
1984 12 22 357 13 1371.36  .12 
1984 12 23 358 10 1371.32  .21 
1984 12 24 359 13 1371.45  .17 
1984 12 25 360 13 1371.38  .12 
1984 12 26 361 13 1371.42  .18 
1984 12 27 362 13 1371.50  .09 
1984 12 28 363 12 1371.45  .16 
1984 12 29 364 11 1371.65  .12 
1984 12 30 365 13 1371.45  .14 
1984 12 31 366 13 1371.52  .15 
1985  1  1   1 11 1371.69  .07 
1985  1  2   2 13 1371.55  .16 
1985  1  3   3 12 1371.57  .12 
1985  1  4   4 13 1371.54  .18 
1985  1  5   5 13 1371.72  .16 
1985  1  6   6 13 1371.52  .14 
1985  1  7   7 13 1371.55  .16 
1985  1  8   8 13 1371.53  .19 
1985  1  9   9 12 1371.65  .14 
1985  1 10  10 13 1371.58  .16 
1985  1 11  11 13 1371.53  .15 
1985  1 12  12 13 1371.49  .17 
1985  1 13  13 12 1371.52  .11 
1985  1 14  14 12 1371.40  .16 
1985  1 15  15 13 1371.44  .15 
1985  1 16  16 13 1371.42  .14 
1985  1 17  17 13 1371.54  .14 
1985  1 18  18 13 1371.59  .15 
1985  1 19  19 12 1371.61  .18 
1985  1 20  20 12 1371.23  .16 
1985  1 21  21 13 1371.13  .16 
1985  1 22  22 13 1371.35  .19 
1985  1 23  23 13 1371.67  .13 
1985  1 24  24 13 1371.53  .15 
1985  1 25  25 12 1371.70  .09 
1985  1 26  26 12 1371.67  .11 
1985  1 27  27 13 1371.53  .20 
1985  1 28  28 12 1371.50  .16 
1985  1 29  29 13 1371.47  .16 
1985  1 30  30 13 1371.47  .09 
1985  1 31  31 12 1371.62  .09 
1985  2  1  32 13 1371.44  .22 
1985  2  2  33 13 1371.50  .19 
1985  2  3  34 13 1371.63  .16 
1985  2  4  35 13 1371.60  .18 
1985  2  5  36 13 1371.66  .15 
1985  2  6  37 12 1371.60  .19 
1985  2  7  38 13 1371.40  .13 
1985  2  8  39 13 1371.56  .20 
1985  2  9  40 13 1371.49  .18 
1985  2 10  41 13 1371.62  .16 
1985  2 11  42 13 1371.66  .10 
1985  2 12  43 12 1371.62  .14 
1985  2 13  44 13 1371.64  .14 
1985  2 14  45 13 1371.56  .19 
1985  2 15  46 13 1371.51  .17 
1985  2 16  47 13 1371.55  .17 
1985  2 17  48 12 1371.58  .20 
1985  2 18  49 13 1371.58  .12 
1985  2 19  50 12 1371.47  .10 
1985  2 20  51 13 1371.55  .12 
1985  2 21  52 13 1371.52  .13 
1985  2 22  53 13 1371.47  .18 
1985  2 23  54 12 1371.46  .12 
1985  2 24  55 13 1371.47  .18 
1985  2 25  56 13 1371.37  .16 
1985  2 26  57 12 1371.42  .17 
1985  2 27  58 13 1371.43  .17 
1985  2 28  59 12 1371.47  .12 
1985  3  1  60 13 1371.47  .12 
1985  3  2  61 13 1371.57  .15 
1985  3  3  62 13 1371.41  .16 
1985  3  4  63 13 1371.52  .16 
1985  3  5  64 13 1371.41  .20 
1985  3  6  65 12 1371.44  .14 
1985  3  7  66 13 1371.43  .14 
1985  3  8  67 13 1371.42  .15 
1985  3  9  68 13 1371.43  .25 
1985  3 10  69 13 1371.44  .14 
1985  3 11  70 13 1371.51  .19 
1985  3 12  71 12 1371.51  .20 
1985  3 13  72 13 1371.39  .13 
1985  3 14  73 13 1371.50  .17 
1985  3 15  74 13 1371.34  .15 
1985  3 16  75 12 1371.57  .15 
1985  3 17  76 12 1371.41  .14 
1985  3 18  77 13 1371.50  .18 
1985  3 19  78 13 1371.52  .12 
1985  3 20  79 12 1371.66  .11 
1985  3 21  80 13 1371.48  .16 
1985  3 22  81 13 1371.57  .17 
1985  3 23  80 12 1371.48  .15 
1985  3 24  83 11 1371.56  .14 
1985  3 25  84 13 1371.49  .10 
1985  3 26  85 13 1371.42  .19 
1985  3 27  86 13 1371.48  .10 
1985  3 28  87 13 1371.38  .21 
1985  3 29  88 12 1371.29  .23 
1985  3 30  89 13 1371.48  .21 
1985  3 31  90 13 1371.51  .16 
1985  4  1  91 13 1371.52  .19 
1985  4  2  92 13 1371.60  .13 
1985  4  3  93 12 1371.59  .13 
1985  4  4  94 13 1371.64  .10 
1985  4  5  95 13 1371.55  .18 
1985  4  6  96 13 1371.53  .16 
1985  4  7  97 13 1371.47  .17 
1985  4  8  98 13 1371.34  .19 
1985  4  9  99 12 1371.53  .20 
1985  4 10 100 13 1371.46  .18 
1985  4 11 101 13 1371.52  .13 
1985  4 12 102 13 1371.35  .16 
1985  4 13 103 13 1371.53  .10 
1985  4 14 104 13 1371.49  .19 
1985  4 15 105 11 1371.62  .14 
1985  4 16 106 13 1371.50  .12 
1985  4 17 107 13 1371.51  .15 
1985  4 18 108 13 1371.48  .20 
1985  4 19 109 13 1371.54  .19 
1985  4 20 110 12 1371.48  .11 
1985  4 21 111 13 1371.60  .21 
1985  4 22 112 13 1371.28  .12 
1985  4 23 113 13 1371.04  .13 
1985  4 24 114 13 1370.69  .18 
1985  4 25 115 13 1370.76  .18 
1985  4 26 116 12 1370.78  .19 
1985  4 27 117 13 1370.91  .10 
1985  4 28 118 13 1371.11  .16 
1985  4 29 119 13 1371.34  .19 
1985  4 30 120 13 1371.44  .10 
1985  5  1 121 13 1371.54  .13 
1985  5  2 122 10 1371.39  .16 
1985  5  3 123 13 1371.45  .18 
1985  5  4 124 13 1371.50  .18 
1985  5  5 125 13 1371.51  .20 
1985  5  6 126 13 1371.47  .18 
1985  5  7 127 12 1371.37  .15 
1985  5  8 128 13 1371.33  .14 
1985  5  9 129 13 1371.37  .10 
1985  5 10 130 13 1371.19  .23 
1985  5 11 131 13 1371.16  .23 
1985  5 12 132 13 1371.01  .16 
1985  5 13 133 11 1371.16  .18 
1985  5 14 134 12 1371.04  .14 
1985  5 15 135 13 1371.29  .19 
1985  5 16 136 13 1371.30  .15 
1985  5 17 137 13 1371.71  .16 
1985  5 18 138 13 1371.69  .15 
1985  5 19 139 12 1371.74  .14 
1985  5 20 140 13 1371.58  .11 
1985  5 21 141 13 1371.49  .14 
1985  5 22 142 13 1371.42  .15 
1985  5 23 143 12 1371.72  .10 
1985  5 24 144 12 1371.50  .14 
1985  5 25 145 14 1371.79  .22 
1985  5 26 146 13 1371.55  .17 
1985  5 27 147 12 1371.73  .11 
1985  5 28 148 13 1371.42  .13 
1985  5 29 149 13 1371.63  .14 
1985  5 30 150 12 1371.50  .09 
1985  5 31 151 13 1371.50  .13 
1985  6  1 152 13 1371.38  .18 
1985  6  2 153 13 1371.55  .12 
1985  6  3 154 13 1371.41  .18 
1985  6  4 155 13 1371.58  .12 
1985  6  5 156 12 1371.39  .16 
1985  6  6 157 12 1371.59  .22 
1985  6  7 158 13 1371.54  .12 
1985  6  8 159 11 1371.41  .17 
1985  6  9 160 13 1371.38  .22 
1985  6 10 161 12 1371.29  .20 
1985  6 11 162 13 1371.27  .15 
1985  6 12 163 12 1371.51  .08 
1985  6 13 164 13 1371.78  .20 
1985  6 14 165 14 1371.82  .20 
1985  6 15 166 13 1371.64  .18 
1985  6 16 167 12 1371.69  .14 
1985  6 17 168 14 1371.79  .24 
1985  6 18 169 13 1371.76  .18 
1985  6 19 170 13 1371.51  .12 
1985  6 20 171 13 1371.57  .16 
1985  6 21 172 13 1371.65  .13 
1985  6 22 173 12 1371.69  .12 
1985  6 23 174 13 1371.63  .16 
1985  6 24 175 13 1371.61  .20 
1985  6 25 176 13 1371.55  .19 
1985  6 26 177 13 1371.62  .16 
1985  6 27 178 12 1371.44  .19 
1985  6 28 179 13 1371.55  .15 
1985  6 29 180 13 1371.48  .16 
1985  6 30 181 13 1371.70  .16 
1985  7  1 182 13 1371.56  .16 
1985  7  2 183 13 1371.53  .20 
1985  7  3 184 11 1371.52  .11 
1985  7  4 185 13 1371.56  .19 
1985  7  5 186 13 1371.48  .15 
1985  7  6 187 13 1371.25  .16 
1985  7  7 188 13 1371.10  .18 
1985  7  8 189 13 1371.17  .11 
1985  7  9 190 12 1371.23  .12 
1985  7 10 191 13 1371.48  .13 
1985  7 11 192 13 1371.67  .13 
1985  7 12 193 13 1371.67  .17 
1985  7 13 194 13 1371.67  .13 
1985  7 14 195 12 1371.60  .17 
1985  7 15 196 12 1371.44  .18 
1985  7 16 197 13 1371.71  .10 
1985  7 17 198 13 1371.63  .14 
1985  7 18 199 13 1371.59  .13 
1985  7 19 200 13 1371.47  .17 
1985  7 20 201 12 1371.68  .19 
1985  7 21 202 13 1371.60  .17 
1985  7 22 203 13 1371.55  .13 
1985  7 23 204 12 1371.52  .19 
1985  7 24 205 13 1371.67  .13 
1985  7 25 206 13 1371.57  .16 
1985  7 26 207 12 1371.59  .18 
1985  7 27 208 12 1371.72  .14 
1985  7 28 209 13 1371.90  .16 
1985  7 29 210 13 1371.89  .12 
1985  7 30 211 13 1371.74  .13 
1985  7 31 212 13 1371.85  .23 
1985  8  1 213 14 1371.83  .20 
1985  8  2 214 13 1371.64  .16 
1985  8  3 215 13 1371.96  .15 
1985  8  4 216 13 1371.81  .14 
1985  8  5 217 13 1372.12  .17 
1985  8  6 218 12 1371.93  .15 
1985  8  7 219 13 1372.00  .17 
1985  8  8 220 14 1371.80  .21 
1985  8  9 221 13 1371.59  .13 
1985  8 10 222 12 1371.57  .17 
1985  8 11 223 13 1371.54  .12 
1985  8 12 224 12 1371.55  .24 
1985  8 13 225 13 1371.50  .19 
1985  8 14 226 13 1371.64  .19 
1985  8 15 227 13 1371.52  .11 
1985  8 16 228 13 1371.64  .14 
1985  8 17 229 13 1371.54  .16 
1985  8 18 230 11 1371.55  .16 
1985  8 19 231 13 1371.45  .24 
1985  8 20 232 13 1371.53  .11 
1985  8 21 233 13 1371.49  .20 
1985  8 22 234 13 1371.59  .19 
1985  8 23 235 12 1371.59  .09 
1985  8 24 236 13 1371.62  .23 
1985  8 25 237 14 1371.82  .23 
1985  8 26 238 13 1371.67  .19 
1985  8 27 239 13 1371.87  .11 
1985  8 28 240 13 1371.68  .14 
1985  8 29 241 13 1371.83  .19 
1985  8 30 242 13 1371.75  .16 
1985  8 31 243 13 1371.72  .19 
1985  9  1 244 13 1371.74  .18 
1985  9  2 245 13 1371.76  .14 
1985  9  3 246 13 1371.64  .16 
1985  9  4 247 12 1371.63  .12 
1985  9  5 248 13 1371.69  .15 
1985  9  6 249 13 1371.66  .13 
1985  9  7 250 13 1371.60  .15 
1985  9  8 251 13 1371.68  .18 
1985  9  9 252 12 1371.43  .18 
1985  9 10 253 13 1371.50  .13 
1985  9 11 254 13 1371.59  .14 
1985  9 12 255 13 1371.57  .13 
1985  9 13 256 13 1371.43  .18 
1985  9 14 257 13 1371.55  .15 
1985  9 15 258 12 1371.46  .16 
1985  9 16 259 12 1371.39  .24 
1985  9 17 260 13 1371.52  .20 
1985  9 18 261 13 1371.55  .24 
1985  9 19 262 13 1371.49  .16 
1985  9 20 263 13 1371.46  .18 
1985  9 21 264 12 1371.58  .12 
1985  9 22 265 13 1371.58  .12 
1985  9 23 266 13 1371.63  .16 
1985  9 24 267 13 1371.70  .08 
1985  9 25 268 13 1371.53  .18 
1985  9 26 269 13 1371.60  .13 
1985  9 27 270 12 1371.62  .12 
1985  9 28 271 13 1371.58  .12 
1985  9 29 272 13 1371.49  .14 
1985  9 30 273 12 1371.54  .17 
1985 10  1 274 13 1371.54  .21 
1985 10  2 275 12 1371.46  .23 
1985 10  3 276 13 1371.47  .15 
1985 10  4 277 13 1371.46  .20 
1985 10  5 278 13 1371.47  .17 
1985 10  6 279 13 1371.43  .14 
1985 10  7 280 13 1371.31  .20 
1985 10  8 281 12 1371.38  .17 
1985 10  9 282 13 1371.33  .18 
1985 10 10 283 13 1371.36  .22 
1985 10 11 284  8 1371.41  .20 
1985 10 12 285 13 1371.38  .18 
1985 10 13 286 13 1371.27  .17 
1985 10 14 287 11 1371.36  .13 
1985 10 15 288 13 1371.38  .15 
1985 10 16 289 13 1371.44  .13 
1985 10 17 290 13 1371.34  .18 
1985 10 18 291 13 1371.38  .10 
1985 10 19 292 12 1371.21  .20 
1985 10 20 293 13 1371.21  .22 
1985 10 21 294 13 1371.10  .14 
1985 10 22 295 13 1370.92  .11 
1985 10 23 296 13 1370.98  .18 
1985 10 24 297 13 1371.22  .23 
1985 10 25 298 12 1371.41  .18 
1985 10 26 299 13 1371.70  .13 
1985 10 27 300 13 1371.59  .15 
1985 10 28 301 13 1371.58  .22 
1985 10 29 302 13 1371.28  .24 
1985 10 30 303 13 1371.32  .15 
1985 10 31 304 12 1371.27  .17 
1985 11  1 305 13 1371.39  .13 
1985 11  2 306 13 1371.38  .10 
1985 11  3 307 13 1371.20  .15 
1985 11  4 308 13 1371.21  .16 
1985 11  5 309 12 1371.21  .07 
1985 11  6 310 12 1371.20  .14 
1985 11  7 311 13 1371.40  .18 
1985 11  8 312 13 1371.31  .16 
1985 11  9 313 12 1371.28  .20 
1985 11 10 314 13 1371.29  .20 
1985 11 11 315 12 1371.24  .15 
1985 11 12 316 12 1371.37  .11 
1985 11 13 317 13 1371.47  .12 
1985 11 14 318 13 1371.41  .20 
1985 11 15 319 13 1371.27  .17 
1985 11 16 320 13 1371.29  .14 
1985 11 17 321 12 1371.27  .18 
1985 11 18 322 13 1371.35  .15 
1985 11 19 323 13 1371.43  .14 
1985 11 20 324 13 1371.50  .18 
1985 11 21 325 13 1371.60  .11 
1985 11 22 326 13 1371.43  .15 
1985 11 23 327 12 1371.36  .12 
1985 11 24 328 13 1371.35  .14 
1985 11 25 329 13 1371.18  .16 
1985 11 26 330 13 1371.22  .18 
1985 11 27 331 13 1371.36  .14 
1985 11 28 332 12 1371.32  .15 
1985 11 29 333 13 1371.22  .15 
1985 11 30 334 13 1371.27  .13 
1985 12  1 335 13 1371.36  .11 
1985 12  2 336 13 1371.27  .24 
1985 12  3 337 13 1371.36  .10 
1985 12  4 338 12 1371.27  .21 
1985 12  5 339 13 1371.24  .12 
1985 12  6 340 13 1371.28  .17 
1985 12  7 341 13 1371.31  .20 
1985 12  8 342 13 1371.36  .18 
1985 12  9 343 13 1371.42  .22 
1985 12 10 344 12 1371.52  .16 
1985 12 11 345 13 1371.67  .12 
1985 12 12 346 13 1371.52  .13 
1985 12 13 347 12 1371.60  .12 
1985 12 14 348 13 1371.52  .15 
1985 12 15 349 12 1371.46  .18 
1985 12 16 350 13 1371.35  .18 
1985 12 17 351 13 1371.33  .08 
1985 12 18 352 13 1371.40  .23 
1985 12 19 353 13 1371.62  .11 
1985 12 20 354 13 1371.44  .21 
1985 12 21 355 12 1371.31  .23 
1985 12 22 356 12 1371.20  .15 
1985 12 23 357 13 1371.23  .19 
1985 12 24 358 13 1371.35  .12 
1985 12 25 359 13 1371.42  .15 
1985 12 26 360 13 1371.38  .19 
1985 12 27 361 12 1371.35  .12 
1985 12 28 362 13 1371.37  .15 
1985 12 29 363 13 1371.47  .16 
1985 12 30 364 13 1371.42  .13 
1985 12 31 365 13 1371.39  .07 
1986  1  1   1 12 1371.35  .19 
1986  1  2   2 13 1371.36  .20 
1986  1  3   3 13 1371.40  .17 
1986  1  4   4 13 1371.46  .21 
1986  1  5   5 13 1371.57  .19 
1986  1  6   6 13 1371.60  .23 
1986  1  7   7 12 1371.66  .12 
1986  1  8   8 13 1371.73  .13 
1986  1  9   9 13 1371.63  .13 
1986  1 10  10 13 1371.63  .14 
1986  1 11  11 13 1371.63  .13 
1986  1 12  12 13 1371.63  .10 
1986  1 13  13 12 1371.48  .29 
1986  1 14  14 13 1371.70  .16 
1986  1 15  15 13 1371.76  .13 
1986  1 16  16 13 1371.55  .21 
1986  1 17  17 13 1371.66  .20 
1986  1 18  18 12 1371.54  .23 
1986  1 19  19 13 1371.46  .11 
1986  1 20  20 13 1371.46  .10 
1986  1 21  21 13 1371.42  .17 
1986  1 22  22 13 1371.48  .13 
1986  1 23  23 13 1371.37  .10 
1986  1 24  24 12 1371.46  .16 
1986  1 25  25 13 1371.39  .16 
1986  1 26  26 13 1371.42  .17 
1986  1 27  27 13 1371.42  .13 
1986  1 28  28 13 1371.34  .18 
1986  1 29  29 13 1371.38  .17 
1986  1 30  30 12 1371.42  .15 
1986  1 31  31 13 1371.45  .18 
1986  2  1  32 13 1371.50  .16 
1986  2  2  33 13 1371.35  .20 
1986  2  3  34 13 1371.20  .19 
1986  2  4  35 12 1371.11  .10 
1986  2  5  36 13 1371.07  .16 
1986  2  6  37 13 1371.19  .12 
1986  2  7  38 13 1371.48  .16 
1986  2  8  39 13 1371.51  .23 
1986  2  9  40 12 1371.55  .11 
1986  2 10  41 12 1371.48  .08 
1986  2 11  42 13 1371.34  .15 
1986  2 12  43 13 1371.22  .23 
1986  2 13  44 13 1371.45  .17 
1986  2 14  45 13 1371.48  .20 
1986  2 15  46 13 1371.48  .12 
1986  2 16  47 12 1371.34  .18 
1986  2 17  48 13 1371.31  .17 
1986  2 18  49 13 1371.34  .18 
1986  2 19  50 13 1371.45  .12 
1986  2 20  51 13 1371.39  .20 
1986  2 21  52 12 1371.48  .17 
1986  2 22  53 13 1371.55  .14 
1986  2 23  54 13 1371.52  .16 
1986  2 24  55 13 1371.41  .16 
1986  2 25  56 13 1371.49  .19 
1986  2 26  57 13 1371.50  .11 
1986  2 27  58 12 1371.57  .17 
1986  2 28  59 13 1371.58  .14 
1986  3  1  60 13 1371.55  .16 
1986  3  2  61 13 1371.57  .14 
1986  3  3  62 13 1371.58  .18 
1986  3  4  63 13 1371.45  .17 
1986  3  5  64 12 1371.44  .16 
1986  3  6  65 13 1371.43  .12 
1986  3  7  66 13 1371.40  .19 
1986  3  8  67 13 1371.38  .13 
1986  3  9  68 13 1371.65  .14 
1986  3 10  69 12 1371.53  .14 
1986  3 11  70 13 1371.78  .14 
1986  3 12  71 14 1371.78  .24 
1986  3 13  72 13 1371.41  .15 
1986  3 14  73 13 1371.33  .15 
1986  3 15  74 13 1371.48  .19 
1986  3 16  75 12 1371.39  .15 
1986  3 17  76 13 1371.39  .22 
1986  3 18  77 13 1371.33  .14 
1986  3 19  78 13 1371.55  .13 
1986  3 20  79 13 1371.43  .16 
1986  3 21  80 13 1371.52  .19 
1986  3 22  81 12 1371.47  .21 
1986  3 23  82 12 1371.62  .20 
1986  3 24  83 13 1371.34  .15 
1986  3 25  84 13 1371.45  .19 
1986  3 26  85 13 1371.50  .10 
1986  3 27  86 10 1371.58  .16 
1986  3 28  87 13 1371.57  .13 
1986  3 29  88 13 1371.62  .20 
1986  3 30  89 13 1371.71  .18 
1986  3 31  90 13 1371.72  .16 
1986  4  1  91 11 1371.66  .08 
1986  4  2  92 10 1371.59  .07 
1986  4  3  93 11 1371.58  .13 
1986  4  4  94 10 1371.64  .12 
1986  4  5  95 11 1371.66  .14 
1986  4  6  96 11 1371.49  .15 
1986  4  7  97 10 1371.51  .11 
1986  4  8  98 10 1371.45  .07 
1986  4  9  99 11 1371.43  .15 
1986  4 10 100  8 1371.38  .12 
1986  4 11 101 11 1371.43  .12 
1986  4 12 102 10 1371.32  .10 
1986  4 13 103 11 1371.40  .16 
1986  4 14 104 10 1371.34  .10 
1986  4 15 105 10 1371.51  .31 
1986  4 16 106  9 1371.24  .20 
1986  4 17 107 12 1371.38  .12 
1986  4 18 108 10 1371.28  .15 
1986  4 19 109 11 1371.36  .17 
1986  4 20 110 10 1371.21  .19 
1986  4 21 111 11 1371.38  .14 
1986  4 22 112 11 1371.71  .52 
1986  4 23 113  9 1371.20  .21 
1986  4 24 114 12 1370.95  .24 
1986  4 25 115  9 1371.07  .12 
1986  4 26 116 10 1370.94  .25 
1986  4 27 117 12 1371.25  .14 
1986  4 28 118 10 1371.20  .10 
1986  4 29 119 11 1371.48  .16 
1986  4 30 120  9 1371.40  .15 
1986  5  1 121  6 1371.63  .07 
1986  5  2 122 10 1371.44  .15 
1986  5  3 123 10 1371.50  .10 
1986  5  4 124  9 1371.23  .11 
1986  5  5 125  9 1371.48  .20 
1986  5  6 126  7 1371.24  .17 
1986  5  7 127 10 1371.44  .15 
1986  5  8 128  9 1371.25  .18 
1986  5  9 129 10 1371.42  .16 
1986  5 10 130  8 1371.21  .13 
1986  5 11 131 10 1371.55  .18 
1986  5 12 132  9 1371.38  .20 
1986  5 13 133  9 1371.39  .24 
1986  5 14 134  8 1371.16  .15 
1986  5 15 135  8 1371.49  .21 
1986  5 16 136  9 1371.44  .15 
1986  5 17 137  5 1371.70  .33 
1986  5 18 138  8 1371.56  .13 
1986  5 19 139  4 1371.83  .30 
1986  5 20 140  7 1371.71  .36 
1986  5 21 141  6 1371.88  .19 
1986  5 22 142  8 1371.57  .20 
1986  5 23 143  5 1371.93  .21 
1986  5 24 144 10 1371.63  .08 
1986  5 25 145  6 1371.78  .34 
1986  5 26 146  9 1371.78  .08 
1986  5 27 147  4 1371.80  .31 
1986  5 28 148 12 1371.72  .25 
1986  5 29 149  6 1371.86  .21 
1986  5 30 150  8 1371.68  .14 
1986  5 31 151  5 1371.77  .26 
1986  6  1 152 12 1371.33  .15 
1986  6  2 153  5 1371.64  .37 
1986  6  3 154  8 1371.33  .15 
1986  6  4 155  5 1371.58  .05 
1986  6  5 156 10 1371.15  .23 
1986  6  6 157  6 1371.34  .07 
1986  6  7 158  7 1371.41  .12 
1986  6  8 159  6 1371.53  .40 
1986  6  9 160  9 1371.37  .27 
1986  6 10 161  6 1371.64  .38 
1986  6 11 162  9 1371.40  .17 
1986  6 12 163  5 1371.77  .27 
1986  6 13 164 11 1371.39  .12 
1986  6 14 165  6 1371.89  .29 
1986  6 15 166  8 1371.76  .13 
1986  6 16 167  8 1371.76  .25 
1986  6 17 168  9 1371.66  .13 
1986  6 18 169  6 1371.85  .27 
1986  6 19 170 12 1371.50  .12 
1986  6 20 171  6 1371.81  .29 
1986  6 21 172 11 1371.68  .20 
1986  6 22 173  7 1371.69  .33 
1986  6 23 174 10 1371.45  .19 
1986  6 24 175 11 1371.30  .20 
1986  6 25 176 13 1371.52  .15 
1986  6 26 177 12 1371.37  .15 
1986  6 27 178 13 1371.44  .17 
1986  6 28 179 13 1371.30  .12 
1986  6 29 180 13 1371.46  .17 
1986  6 30 181 12 1371.26  .17 
1986  7  1 182 13 1371.39  .16 
1986  7  2 183 12 1371.40  .18 
1986  7  3 184 13 1371.38  .21 
1986  7  4 185 13 1371.38  .18 
1986  7  5 186 13 1371.48  .17 
1986  7  6 187 13 1371.44  .20 
1986  7  7 188 12 1371.57  .19 
1986  7  8 189 13 1371.48  .16 
1986  7  9 190 12 1371.65  .13 
1986  7 10 191 13 1371.51  .18 
1986  7 11 192 13 1371.47  .23 
1986  7 12 193 13 1371.55  .15 
1986  7 13 194 12 1371.54  .19 
1986  7 14 195 13 1371.62  .16 
1986  7 15 196 14 1371.82  .22 
1986  7 16 197 13 1371.70  .17 
1986  7 17 198 13 1371.70  .18 
1986  7 18 199 14 1371.79  .25 
1986  7 19 200 12 1371.76  .13 
1986  7 20 201 13 1371.60  .13 
1986  7 21 202 13 1371.63  .13 
1986  7 22 203 13 1371.45  .13 
1986  7 23 204 13 1371.61  .17 
1986  7 24 205 12 1371.53  .15 
1986  7 25 206 13 1371.56  .13 
1986  7 26 207 13 1371.49  .20 
1986  7 27 208 13 1371.58  .14 
1986  7 28 209 13 1371.51  .12 
1986  7 29 210 13 1371.46  .18 
1986  7 30 211 12 1371.36  .17 
1986  7 31 212 13 1371.43  .12 
1986  8  1 213 13 1371.23  .24 
1986  8  2 214 13 1371.37  .18 
1986  8  3 215 13 1371.22  .17 
1986  8  4 216 13 1371.42  .19 
1986  8  5 217 12 1371.44  .15 
1986  8  6 218 13 1371.52  .20 
1986  8  7 219 13 1371.58  .13 
1986  8  8 220 13 1371.62  .17 
1986  8  9 221 13 1371.52  .16 
1986  8 10 222 13 1371.54  .21 
1986  8 11 223 12 1371.53  .18 
1986  8 12 224 13 1371.58  .16 
1986  8 13 225 13 1371.43  .17 
1986  8 14 226 13 1371.60  .13 
1986  8 15 227 13 1371.40  .19 
1986  8 16 228 12 1371.45  .19 
1986  8 17 229 13 1371.43  .22 
1986  8 18 230 13 1371.30  .10 
1986  8 19 231 13 1371.29  .09 
1986  8 20 232 13 1371.55  .13 
1986  8 21 233 13 1371.42  .21 
1986  8 22 234 12 1371.40  .11 
1986  8 23 235 13 1371.40  .15 
1986  8 24 236 12 1371.37  .20 
1986  8 25 237 13 1371.31  .20 
1986  8 26 238 13 1371.45  .23 
1986  8 27 239 13 1371.16  .16 
1986  8 28 240 12 1371.32  .12 
1986  8 29 241 13 1371.21  .15 
1986  8 30 242 13 1371.21  .10 
1986  8 31 243 13 1371.15  .10 
1986  9  1 244 13 1371.23  .06 
1986  9  2 245 12 1371.19  .10 
1986  9  3 246 13 1371.27  .21 
1986  9  4 247 13 1371.41  .15 
1986  9  5 248 13 1371.38  .15 
1986  9  6 249 13 1371.34  .13 
1986  9  7 250 13 1371.39  .10 
1986  9  8 251 12 1371.22  .15 
1986  9  9 252 13 1371.26  .16 
1986  9 10 253 13 1371.23  .17 
1986  9 11 254 13 1371.33  .13 
1986  9 12 255 13 1371.30  .13 
1986  9 13 256 13 1371.38  .19 
1986  9 14 257 12 1371.23  .21 
1986  9 15 258 13 1371.26  .10 
1986  9 16 259 13 1371.17  .17 
1986  9 17 260 13 1371.26  .16 
1986  9 18 261 13 1371.16  .17 
1986  9 19 262 13 1371.37  .15 
1986  9 20 263 12 1371.26  .16 
1986  9 21 264 13 1371.40  .13 
1986  9 22 265 13 1371.34  .15 
1986  9 23 266 13 1371.41  .10 
1986  9 24 267 13 1371.25  .17 
1986  9 25 268 12 1371.30  .15 
1986  9 26 269 13 1371.39  .17 
1986  9 27 270 13 1371.48  .12 
1986  9 28 271 13 1371.31  .11 
1986  9 29 272 13 1371.37  .14 
1986  9 30 273 13 1371.25  .16 
1986 10  1 274 12 1371.23  .23 
1986 10  2 275 13 1371.18  .19 
1986 10  3 276 13 1371.48  .15 
1986 10  4 277 13 1371.29  .17 
1986 10  5 278 12 1371.46  .14 
1986 10  6 279 13 1371.31  .15 
1986 10  7 280 12 1371.38  .11 
1986 10  8 281 13 1371.21  .19 
1986 10  9 282 13 1371.38  .22 
1986 10 10 283 13 1371.35  .16 
1986 10 11 284 13 1371.41  .21 
1986 10 12 285 12 1371.41  .20 
1986 10 13 286 13 1371.28  .12 
1986 10 14 287 13 1371.12  .16 
1986 10 15 288 13 1371.25  .11 
1986 10 16 289 13 1371.19  .19 
1986 10 17 290 13 1371.22  .10 
1986 10 18 291 12 1371.12  .13 
1986 10 19 292 13 1371.05  .14 
1986 10 20 293 13 1370.91  .17 
1986 10 21 294 13 1371.03  .16 
1986 10 22 295 13 1371.10  .18 
1986 10 23 296 13 1371.06  .19 
1986 10 24 297 12 1371.08  .12 
1986 10 25 298 13 1371.25  .12 
1986 10 26 299 13 1371.17  .16 
1986 10 27 300 13 1371.33  .16 
1986 10 28 301 13 1371.33  .16 
1986 10 29 302 13 1371.45  .10 
1986 10 30 303 12 1371.12  .22 
1986 10 31 304 13 1370.93  .12 
1986 11  1 305 13 1370.92  .13 
1986 11  2 306 13 1371.22  .15 
1986 11  3 307 13 1371.21  .15 
1986 11  4 308 12 1371.36  .13 
1986 11  5 309 13 1371.18  .18 
1986 11  6 310  7 1371.34  .15 
1986 11  7 311 12 1371.29  .18 
1986 11  8 312 13 1371.40  .12 
1986 11  9 313 13 1371.17  .19 
1986 11 10 314 12 1371.14  .13 
1986 11 11 315 13 1371.11  .16 
1986 11 12 316 13 1371.20  .15 
1986 11 13 317 13 1371.05  .17 
1986 11 14 318 13 1371.35  .13 
1986 11 15 319 13 1371.25  .13 
1986 11 16 320 12 1371.32  .22 
1986 11 17 321 13 1371.30  .19 
1986 11 18 322 13 1371.32  .14 
1986 11 19 323 13 1371.21  .12 
1986 11 20 324 13 1371.46  .15 
1986 11 21 325 12 1371.38  .21 
1986 11 22 326 13 1371.47  .16 
1986 11 23 327 13 1371.45  .22 
1986 11 24 328 12 1371.64  .11 
1986 11 25 329 13 1371.47  .13 
1986 11 26 330 13 1371.52  .08 
1986 11 27 331 12 1371.39  .17 
1986 11 28 332 13 1371.44  .23 
1986 11 29 333 13 1371.13  .20 
1986 11 30 334 13 1371.23  .11 
1986 12  1 335 13 1370.97  .15 
1986 12  2 336 13 1371.16  .11 
1986 12  3 337 12 1371.17  .12 
1986 12  4 338 13 1371.26  .16 
1986 12  5 339 13 1371.16  .16 
1986 12  6 340 13 1371.10  .17 
1986 12  7 341 13 1371.14  .14 
1986 12  8 342 13 1371.12  .16 
1986 12  9 343 11 1371.17  .12 
1986 12 10 344 13 1371.21  .22 
1986 12 11 345 13 1371.30  .18 
1986 12 12 346 13 1371.34  .15 
1986 12 13 347 13 1371.28  .15 
1986 12 14 348 12 1371.42  .14 
1986 12 15 349 13 1371.40  .16 
1986 12 16 350                 
1986 12 17 351                 
1986 12 18 352                 
1986 12 19 353 13 1371.46  .14 
1986 12 20 354 12 1371.62  .13 
1986 12 21 355 13 1371.56  .13 
1986 12 22 356 13 1371.43  .13 
1986 12 23 357 13 1371.42  .15 
1986 12 24 358 13 1371.50  .13 
1986 12 25 359 13 1371.34  .17 
1986 12 26 360 12 1371.41  .12 
1986 12 27 361 13 1371.15  .12 
1986 12 28 362 13 1371.22  .12 
1986 12 29 363 13 1371.16  .12 
1986 12 30 364 13 1371.26  .15 
1986 12 31 365 12 1371.11  .13 
1987  1  1   1 12 1371.32  .11 
1987  1  2   2 12 1371.24  .10 
1987  1  3   3 13 1371.34  .13 
1987  1  4   4 13 1371.33  .10 
1987  1  5   5 13 1371.42  .09 
1987  1  6   6 12 1371.34  .20 
1987  1  7   7 13 1371.58  .12 
1987  1  8   8 13 1371.35  .11 
1987  1  9   9 13 1371.39  .09 
1987  1 10  10 13 1371.28  .16 
1987  1 11  11 13 1371.45  .14 
1987  1 12  12 12 1371.45  .09 
1987  1 13  13 13 1371.56  .12 
1987  1 14  14 13 1371.40  .14 
1987  1 15  15 13 1371.46  .10 
1987  1 16  16 13 1371.50  .13 
1987  1 17  17 12 1371.57  .16 
1987  1 18  18 13 1371.45  .18 
1987  1 19  19 13 1371.58  .16 
1987  1 20  20 13 1371.37  .18 
1987  1 21  21 13 1371.58  .15 
1987  1 22  22 13 1371.48  .17 
1987  1 23  23 12 1371.55  .16 
1987  1 24  24 13 1371.55  .09 
1987  1 25  25 13 1371.64  .17 
1987  1 26  26 13 1371.47  .11 
1987  1 27  27 13 1371.47  .11 
1987  1 28  28 13 1371.38  .17 
1987  1 29  29 12 1371.39  .16 
1987  1 30  30 13 1371.18  .17 
1987  1 31  31 13 1371.44  .15 
1987  2  1  32                 
1987  2  2  33 13 1371.43  .15 
1987  2  3  34 12 1371.41  .10 
1987  2  4  35 13 1371.36  .18 
1987  2  5  36 13 1371.17  .18 
1987  2  6  37 13 1371.30  .12 
1987  2  7  38 13 1371.20  .18 
1987  2  8  39 13 1371.40  .19 
1987  2  9  40 12 1371.30  .14 
1987  2 10  41 13 1371.32  .14 
1987  2 11  42                 
1987  2 12  43                 
1987  2 13  44                 
1987  2 14  45                 
1987  2 15  46                 
1987  2 16  47                 
1987  2 17  48 13 1371.25  .09 
1987  2 18  49 13 1371.34  .19 
1987  2 19  50 13 1371.29  .17 
1987  2 20  51 12 1371.35  .15 
1987  2 21  52 13 1371.37  .09 
1987  2 22  53 13 1371.38  .18 
1987  2 23  54 13 1371.10  .12 
1987  2 24  55 13 1371.31  .19 
1987  2 25  56 13 1371.39  .20 
1987  2 26  57 12 1371.37  .17 
1987  2 27  58 13 1371.42  .10 
1987  2 28  59 13 1371.34  .19 
1987  3  1  60 13 1371.24  .10 
1987  3  2  61 10 1371.30  .17 
1987  3  3  62 13 1371.17  .15 
1987  3  4  63 12 1371.41  .14 
1987  3  5  64 13 1371.26  .19 
1987  3  6  65 13 1371.34  .13 
1987  3  7  66 13 1370.99  .13 
1987  3  8  67 13 1371.33  .11 
1987  3  9  68 12 1371.40  .10 
1987  3 10  69 13 1371.30  .13 
1987  3 11  70 13 1371.31  .11 
1987  3 12  71 13 1371.39  .18 
1987  3 13  72 13 1371.36  .14 
1987  3 14  73 13 1371.50  .14 
1987  3 15  74 12 1371.44  .17 
1987  3 16  75 13 1371.57  .11 
1987  3 17  76 13 1371.35  .13 
1987  3 18  77 13 1371.44  .18 
1987  3 19  78 13 1371.41  .15 
1987  3 20  79 13 1371.46  .15 
1987  3 21  80 12 1371.41  .18 
1987  3 22  81 12 1371.52  .15 
1987  3 23  80 13 1371.49  .12 
1987  3 24  83 13 1371.37  .19 
1987  3 25  84 13 1371.58  .10 
1987  3 26  85 12 1371.45  .20 
1987  3 27  86 13 1371.38  .14 
1987  3 28  87 13 1371.29  .15 
1987  3 29  88  8 1371.21  .10 
1987  3 30  89  4 1371.49  .49 
1987  3 31  90  1 1371.22  .00 
1987  4  1  91 12 1371.15  .14 
1987  4  2  92 13 1371.13  .08 
1987  4  3  93 13 1371.17  .15 
1987  4  4  94 13 1371.22  .08 
1987  4  5  95 13 1371.21  .10 
1987  4  6  96 13 1371.16  .13 
1987  4  7  97 12 1370.93  .17 
1987  4  8  98 13 1371.02  .17 
1987  4  9  99 13 1370.77  .12 
1987  4 10 100 12 1370.84  .17 
1987  4 11 101 13 1370.83  .15 
1987  4 12 102                 
1987  4 13 103                 
1987  4 14 104                 
1987  4 15 105 12 1371.28  .09 
1987  4 16 106 13 1371.38  .10 
1987  4 17 107 13 1371.50  .11 
1987  4 18 108 12 1371.49  .15 
1987  4 19 109 13 1371.57  .16 
1987  4 20 110 13 1371.42  .16 
1987  4 21 111 12 1371.38  .18 
1987  4 22 112                 
1987  4 23 113 12 1371.33  .11 
1987  4 24 114                 
1987  4 25 115 13 1371.02  .16 
1987  4 26 116                 
1987  4 27 117 13 1371.20  .17 
1987  4 28 118                 
1987  4 29 119 12 1371.12  .14 
1987  4 30 120                 
1987  5  1 121 12 1371.32  .20 
1987  5  2 122                 
1987  5  3 123 13 1371.36  .11 
1987  5  4 124                 
1987  5  5 125 12 1371.27  .08 
1987  5  6 126                 
1987  5  7 127 13 1371.33  .24 
1987  5  8 128                 
1987  5  9 129 13 1371.37  .16 
1987  5 10 130                 
1987  5 11 131 12 1371.60  .09 
1987  5 12 132                 
1987  5 13 133 13 1371.42  .16 
1987  5 14 134                 
1987  5 15 135 13 1371.63  .12 
1987  5 16 136                 
1987  5 17 137 12 1371.37  .13 
1987  5 18 138                 
1987  5 19 139 13 1371.03  .13 
1987  5 20 140                 
1987  5 21 141 12 1371.12  .09 
1987  5 22 142                 
1987  5 23 143 13 1371.11  .19 
1987  5 24 144                 
1987  5 25 145 12 1371.26  .09 
1987  5 26 146                 
1987  5 27 147 12 1371.36  .11 
1987  5 28 148                 
1987  5 29 149 13 1371.30  .14 
1987  5 30 150                 
1987  5 31 151 13 1371.21  .09 
1987  6  1 152                 
1987  6  2 153 12 1371.47  .13 
1987  6  3 154                 
1987  6  4 155 13 1371.43  .14 
1987  6  5 156                 
1987  6  6 157 13 1371.50  .23 
1987  6  7 158                 
1987  6  8 159 12 1371.72  .10 
1987  6  9 160                 
1987  6 10 161 13 1371.36  .20 
1987  6 11 162                 
1987  6 12 163 13 1371.37  .25 
1987  6 13 164                 
1987  6 14 165 12 1371.59  .14 
1987  6 15 166                 
1987  6 16 167 13 1371.44  .22 
1987  6 17 168                 
1987  6 18 169 13 1371.50  .17 
1987  6 19 170                 
1987  6 20 171 14 1371.66  .31 
1987  6 21 172                 
1987  6 22 173 13 1371.41  .18 
1987  6 23 174                 
1987  6 24 175 12 1371.08  .17 
1987  6 25 176                 
1987  6 26 177 13 1371.36  .15 
1987  6 27 178                 
1987  6 28 179 13 1371.43  .16 
1987  6 29 180                 
1987  6 30 181 13 1371.54  .17 
1987  7  1 182                 
1987  7  2 183 12 1371.27  .16 
1987  7  3 184                 
1987  7  4 185 13 1371.38  .14 
1987  7  5 186                 
1987  7  6 187 12 1371.18  .19 
1987  7  7 188                 
1987  7  8 189 13 1371.35  .13 
1987  7  9 190                 
1987  7 10 191 13 1371.35  .18 
1987  7 11 192                 
1987  7 12 193 12 1371.39  .17 
1987  7 13 194                 
1987  7 14 195 13 1371.36  .08 
1987  7 15 196                 
1987  7 16 197 13 1371.48  .14 
1987  7 17 198                 
1987  7 18 199 12 1371.43  .16 
1987  7 19 200                 
1987  7 20 201 13 1371.64  .19 
1987  7 21 202                 
1987  7 22 203 13 1371.63  .20 
1987  7 23 204                 
1987  7 24 205 12 1371.57  .16 
1987  7 25 206                 
1987  7 26 207 13 1371.55  .15 
1987  7 27 208                 
1987  7 28 209 12 1371.64  .08 
1987  7 29 210                 
1987  7 30 211 14 1371.66  .29 
1987  7 31 212                 
1987  8  1 213 13 1371.38  .15 
1987  8  2 214                 
1987  8  3 215 13 1371.39  .13 
1987  8  4 216                 
1987  8  5 217 13 1371.43  .27 
1987  8  6 218                 
1987  8  7 219 13 1371.16  .17 
1987  8  8 220                 
1987  8  9 221 13 1371.34  .16 
1987  8 10 222                 
1987  8 11 223 13 1371.55  .16 
1987  8 12 224                 
1987  8 13 225 13 1371.44  .16 
1987  8 14 226                 
1987  8 15 227 11 1371.22  .18 
1987  8 16 228 13 1371.16  .16 
1987  8 17 229 13 1371.27  .19 
1987  8 18 230 13 1372.12  .10 
1987  8 19 231 12 1371.39  .16 
1987  8 20 232  8 1371.74  .34 
1987  8 21 233 13 1371.82  .24 
1987  8 22 234 13 1371.83  .14 
1987  8 23 235 13 1371.87  .17 
1987  8 24 236 13 1371.75  .15 
1987  8 25 237 13 1371.68  .14 
1987  8 26 238 13 1371.69  .17 
1987  8 27 239 12 1371.72  .14 
1987  8 28 240 13 1371.68  .16 
1987  8 29 241 13 1371.73  .12 
1987  8 30 242 13 1371.59  .11 
1987  8 31 243 13 1371.82  .09 
1987  9  1 244 12 1372.01  .12 
1987  9  2 245 13 1371.85  .13 
1987  9  3 246 14 1371.87  .21 
1987  9  4 247 13 1371.62  .22 
1987  9  5 248 13 1371.82  .18 
1987  9  6 249 13 1371.71  .17 
1987  9  7 250 12 1371.62  .16 
1987  9  8 251 13 1371.40  .19 
1987  9  9 252 13 1371.61  .23 
1987  9 10 253 14 1371.81  .24 
1987  9 11 254 14 1371.89  .19 
1987  9 12 255 14 1371.90  .17 
1987  9 13 256 13 1371.93  .15 
1987  9 14 257 13 1371.86  .13 
1987  9 15 258 14 1371.86  .20 
1987  9 16 259 13 1371.75  .18 
1987  9 17 260 14 1371.93  .15 
1987  9 18 261 14 1371.86  .20 
1987  9 19 262 13 1371.97  .16 
1987  9 20 263 13 1371.78  .17 
1987  9 21 264 13 1371.82  .12 
1987  9 22 265 13 1371.69  .16 
1987  9 23 266 13 1371.62  .13 
1987  9 24 267 12 1371.58  .16 
1987  9 25 268 14 1371.85  .26 
1987  9 26 269 14 1372.21  .09 
1987  9 27 270 14 1372.14  .14 
1987  9 28 271 14 1371.86  .19 
1987  9 29 272 14 1372.09  .16 
1987  9 30 273 13 1372.03  .16 
1987 10  1 274 14 1371.93  .18 
1987 10  2 275 14 1371.88  .23 
1987 10  3 276 14 1371.81  .25 
1987 10  4 277 14 1371.74  .25 
1987 10  5 278 13 1371.77  .16 
1987 10  6 279 12 1371.88  .13 
1987 10  7 280 14 1371.97  .15 
1987 10  8 281 14 1372.04  .20 
1987 10  9 282 14 1372.11  .13 
1987 10 10 283 13 1371.91  .12 
1987 10 11 284 13 1371.96  .14 
1987 10 12 285 13 1371.75  .26 
1987 10 13 286 12 1371.92  .09 
1987 10 14 287 13 1371.64  .16 
1987 10 15 288 13 1371.64  .12 
1987 10 16 289 13 1371.64  .14 
1987 10 17 290 11 1371.71  .18 
1987 10 18 291 13 1371.96  .19 
1987 10 19 292 14 1372.09  .16 
1987 10 20 293 13 1372.09  .12 
1987 10 21 294 13 1372.10  .11 
1987 10 22 295 14 1371.93  .22 
1987 10 23 296 13 1371.93  .17 
1987 10 24 297 14 1371.91  .17 
1987 10 25 298 14 1371.98  .17 
1987 10 26 299 13 1371.96  .10 
1987 10 27 300 14 1371.97  .15 
1987 10 28 301 13 1371.73  .17 
1987 10 29 302 12 1371.69  .20 
1987 10 30 303 13 1371.76  .18 
1987 10 31 304 13 1371.78  .17 
1987 11  1 305 13 1371.84  .15 
1987 11  2 306 14 1371.87  .20 
1987 11  3 307 12 1371.88  .11 
1987 11  4 308 14 1372.07  .13 
1987 11  5 309 13 1372.05  .10 
1987 11  6 310 14 1371.87  .21 
1987 11  7 311 14 1371.94  .17 
1987 11  8 312 14 1372.04  .12 
1987 11  9 313 13 1372.08  .13 
1987 11 10 314 13 1372.14  .15 
1987 11 11 315 14 1372.06  .15 
1987 11 12 316 14 1372.03  .23 
1987 11 13 317 14 1372.13  .17 
1987 11 14 318 14 1372.03  .17 
1987 11 15 319 13 1371.87  .18 
1987 11 16 320 13 1371.74  .17 
1987 11 17 321 13 1371.81  .12 
1987 11 18 322 14 1371.88  .18 
1987 11 19 323 13 1371.67  .11 
1987 11 20 324 13 1371.57  .18 
1987 11 21 325 12 1371.59  .21 
1987 11 22 326 14 1371.87  .18 
1987 11 23 327 14 1372.05  .11 
1987 11 24 328 14 1372.07  .17 
1987 11 25 329 13 1372.18  .09 
1987 11 26 330 13 1372.21  .14 
1987 11 27 331 14 1372.21  .15 
1987 11 28 332 13 1372.07  .14 
1987 11 29 333 14 1371.98  .18 
1987 11 30 334 12 1371.97  .15 
1987 12  1 335 13 1372.03  .15 
1987 12  2 336 13 1372.07  .16 
1987 12  3 337 13 1371.96  .10 
1987 12  4 338 14 1372.08  .17 
1987 12  5 339 13 1371.88  .12 
1987 12  6 340 13 1371.73  .14 
1987 12  7 341 13 1371.72  .13 
1987 12  8 342 12 1371.78  .14 
1987 12  9 343 13 1371.76  .11 
1987 12 10 344 13 1371.78  .16 
1987 12 11 345 13 1371.90  .09 
1987 12 12 346 13 1371.63  .14 
1987 12 13 347 12 1371.61  .12 
1987 12 14 348 14 1371.91  .27 
1987 12 15 349 14 1372.03  .13 
1987 12 16 350 13 1371.85  .11 
1987 12 17 351 13 1372.06  .08 
1987 12 18 352 13 1371.95  .09 
1987 12 19 353 12 1372.15  .11 
1987 12 20 354 14 1371.97  .13 
1987 12 21 355 13 1371.85  .10 
1987 12 22 356 14 1372.13  .10 
1987 12 23 357 14 1372.03  .12 
1987 12 24 358 13 1372.14  .10 
1987 12 25 359 13 1372.04  .13 
1987 12 26 360 14 1372.00  .14 
1987 12 27 361 13 1371.86  .15 
1987 12 28 362 13 1371.95  .11 
1987 12 29 363 13 1371.77  .13 
1987 12 30 364 12 1371.61  .09 
1987 12 31 365 13 1371.64  .12 
1988  1  1   1 12 1371.68  .12 
1988  1  2   2 13 1371.83  .18 
1988  1  3   3 13 1371.92  .07 
1988  1  4   4 14 1371.92  .15 
1988  1  5   5 12 1372.10  .12 
1988  1  6   6 13 1372.17  .07 
1988  1  7   7 13 1372.10  .12 
1988  1  8   8 13 1371.68  .18 
1988  1  9   9 13 1371.61  .18 
1988  1 10  10 13 1371.68  .14 
1988  1 11  11 12 1371.94  .16 
1988  1 12  12 12 1372.08  .11 
1988  1 13  13 14 1372.15  .12 
1988  1 14  14 14 1372.19  .08 
1988  1 15  15 13 1372.20  .12 
1988  1 16  16 13 1371.76  .10 
1988  1 17  17 12 1371.83  .09 
1988  1 18  18 14 1371.76  .23 
1988  1 19  19 13 1371.50  .12 
1988  1 20  20 13 1371.58  .10 
1988  1 21  21 13 1371.60  .13 
1988  1 22  22 12 1371.69  .11 
1988  1 23  23 13 1371.83  .14 
1988  1 24  24 14 1372.05  .10 
1988  1 25  25 14 1372.09  .11 
1988  1 26  26 13 1371.74  .09 
1988  1 27  27 13 1371.94  .18 
1988  1 28  28 12 1371.79  .13 
1988  1 29  29 13 1371.85  .09 
1988  1 30  30 13 1372.03  .12 
1988  1 31  31 13 1371.82  .14 
1988  2  1  32 13 1371.83  .14 
1988  2  2  33 13 1372.08  .12 
1988  2  3  34 13 1372.05  .26 
1988  2  4  35 14 1372.03  .12 
1988  2  5  36 14 1372.03  .21 
1988  2  6  37 13 1372.11  .09 
1988  2  7  38 14 1371.90  .18 
1988  2  8  39 13 1372.18  .15 
1988  2  9  40 14 1372.17  .12 
1988  2 10  41 13 1372.30  .11 
1988  2 11  42 14 1372.11  .11 
1988  2 12  43 14 1372.09  .19 
1988  2 13  44 14 1371.98  .16 
1988  2 14  45 12 1371.97  .13 
1988  2 15  46 13 1371.83  .14 
1988  2 16  47 13 1371.70  .11 
1988  2 17  48 13 1371.71  .14 
1988  2 18  49 13 1371.65  .18 
1988  2 19  50 13 1371.58  .15 
1988  2 20  51 12 1371.60  .13 
1988  2 21  52 13 1371.82  .16 
1988  2 22  53 14 1371.89  .17 
1988  2 23  54 13 1371.82  .13 
1988  2 24  55 14 1372.03  .15 
1988  2 25  56 12 1372.07  .09 
1988  2 26  57 13 1372.00  .15 
1988  2 27  58 14 1371.95  .17 
1988  2 28  59 14 1371.88  .19 
1988  2 29  60 14 1371.86  .21 
1988  3  1  61 13 1371.69  .16 
1988  3  2  62 12 1371.66  .17 
1988  3  3  63 13 1371.71  .18 
1988  3  4  64 12 1371.64  .21 
1988  3  5  65 13 1371.74  .11 
1988  3  6  66 14 1371.81  .22 
1988  3  7  67 14 1371.86  .21 
1988  3  8  68 13 1371.84  .21 
1988  3  9  69 13 1371.92  .17 
1988  3 10  70 13 1371.85  .13 
1988  3 11  71 14 1371.81  .24 
1988  3 12  72 14 1371.91  .17 
1988  3 13  73 13 1372.03  .17 
1988  3 14  74 13 1371.53  .20 
1988  3 15  75 13 1371.48  .17 
1988  3 16  76 13 1371.38  .17 
1988  3 17  77 13 1371.25  .16 
1988  3 18  78 13 1371.17  .21 
1988  3 19  79 12 1371.24  .14 
1988  3 20  80 13 1371.54  .10 
1988  3 21  81 14 1371.79  .22 
1988  3 22  82 13 1371.73  .15 
1988  3 23  83 13 1371.69  .18 
1988  3 24  84 12 1371.72  .16 
1988  3 25  85 13 1371.64  .15 
1988  3 26  86 13 1371.45  .23 
1988  3 27  87 13 1371.64  .10 
1988  3 28  88 13 1371.55  .13 
1988  3 29  89 13 1371.45  .15 
1988  3 30  90 12 1371.47  .18 
1988  3 31  91 13 1371.52  .21 
1988  4  1  92 13 1371.46  .15 
1988  4  2  93 13 1371.73  .14 
1988  4  3  94 14 1371.97  .15 
1988  4  4  95 13 1371.91  .12 
1988  4  5  96 13 1371.90  .16 
1988  4  6  97 13 1371.67  .10 
1988  4  7  98 13 1371.75  .15 
1988  4  8  99 14 1371.93  .23 
1988  4  9 100 14 1372.11  .16 
1988  4 10 101 13 1372.07  .14 
1988  4 11 102 14 1372.14  .16 
1988  4 12 103 14 1372.16  .12 
1988  4 13 104 14 1371.99  .13 
1988  4 14 105 12 1371.71  .15 
1988  4 15 106 13 1371.50  .14 
1988  4 16 107 12 1371.37  .15 
1988  4 17 108 13 1371.46  .13 
1988  4 18 109 13 1371.64  .14 
1988  4 19 110 13 1371.75  .16 
1988  4 20 111 14 1372.02  .14 
1988  4 21 112 14 1372.05  .19 
1988  4 22 113 12 1372.27  .14 
1988  4 23 114 13 1372.31  .12 
1988  4 24 115 14 1372.24  .15 
1988  4 25 116 14 1372.09  .19 
1988  4 26 117 14 1371.95  .22 
1988  4 27 118 12 1371.80  .15 
1988  4 28 119 13 1371.91  .18 
1988  4 29 120 14 1371.90  .21 
1988  4 30 121 13 1371.99  .08 
1988  5  1 122 14 1371.81  .23 
1988  5  2 123 13 1372.06  .16 
1988  5  3 124 13 1372.09  .13 
1988  5  4 125 14 1372.11  .18 
1988  5  5 126 14 1372.10  .12 
1988  5  6 127 13 1372.08  .13 
1988  5  7 128 13 1372.16  .12 
1988  5  8 129 13 1372.17  .08 
1988  5  9 130 12 1372.15  .15 
1988  5 10 131 13 1372.18  .10 
1988  5 11 132 13 1372.22  .17 
1988  5 12 133 13 1372.23  .12 
1988  5 13 134 14 1372.18  .15 
1988  5 14 135 13 1372.26  .20 
1988  5 15 136 14 1372.16  .12 
1988  5 16 137 13 1372.06  .13 
1988  5 17 138 13 1371.90  .12 
1988  5 18 139 14 1371.97  .14 
1988  5 19 140 14 1372.11  .20 
1988  5 20 141 13 1372.08  .14 
1988  5 21 142 14 1372.25  .13 
1988  5 22 143 14 1372.31  .17 
1988  5 23 144 13 1372.18  .16 
1988  5 24 145 13 1372.04  .16 
1988  5 25 146 13 1371.76  .18 
1988  5 26 147 11 1371.67  .17 
1988  5 27 148 12 1371.93  .09 
1988  5 28 149 14 1371.84  .20 
1988  5 29 150 14 1371.98  .13 
1988  5 30 151 13 1372.28  .10 
1988  5 31 152 13 1372.05  .16 
1988  6  1 153 14 1372.08  .15 
1988  6  2 154 14 1371.95  .23 
1988  6  3 155 14 1371.76  .25 
1988  6  4 156 13 1371.65  .13 
1988  6  5 157 12 1371.92  .09 
1988  6  6 158 11 1371.68  .10 
1988  6  7 159 14 1371.89  .20 
1988  6  8 160 13 1372.15  .10 
1988  6  9 161 14 1372.27  .13 
1988  6 10 162 14 1372.25  .21 
1988  6 11 163 14 1372.22  .11 
1988  6 12 164 13 1372.09  .19 
1988  6 13 165 14 1372.00  .14 
1988  6 14 166 13 1372.10  .11 
1988  6 15 167 14 1372.07  .23 
1988  6 16 168 14 1371.99  .12 
1988  6 17 169 14 1372.02  .11 
1988  6 18 170 13 1371.86  .18 
1988  6 19 171 13 1371.86  .22 
1988  6 20 172 13 1371.52  .10 
1988  6 21 173 13 1371.57  .13 
1988  6 22 174 13 1371.60  .16 
1988  6 23 175 12 1371.64  .14 
1988  6 24 176 13 1371.82  .08 
1988  6 25 177 14 1372.03  .17 
1988  6 26 178 13 1372.07  .10 
1988  6 27 179 14 1371.76  .29 
1988  6 28 180 13 1370.84  .33 
1988  6 29 181 12 1370.00  .18 
1988  6 30 182 13 1369.52  .29 
1988  7  1 183 13 1369.48  .21 
1988  7  2 184 12 1369.50  .30 
1988  7  3 185 13 1370.15  .33 
1988  7  4 186 13 1371.12  .35 
1988  7  5 187 13 1371.91  .24 
1988  7  6 188 13 1372.31  .11 
1988  7  7 189 12 1372.45  .17 
1988  7  8 190 14 1372.04  .10 
1988  7  9 191 13 1371.84  .08 
1988  7 10 192 12 1371.74  .10 
1988  7 11 193 13 1371.63  .14 
1988  7 12 194 13 1371.62  .23 
1988  7 13 195 13 1371.86  .10 
1988  7 14 196 13 1371.67  .15 
1988  7 15 197 13 1371.51  .10 
1988  7 16 198 12 1371.40  .11 
1988  7 17 199 13 1371.29  .13 
1988  7 18 200 13 1371.51  .25 
1988  7 19 201 13 1371.62  .14 
1988  7 20 202 14 1371.79  .25 
1988  7 21 203 13 1372.06  .09 
1988  7 22 204 13 1372.25  .17 
1988  7 23 205 13 1372.34  .11 
1988  7 24 206 14 1372.46  .17 
1988  7 25 207 13 1372.50  .11 
1988  7 26 208 14 1372.27  .15 
1988  7 27 209 14 1372.01  .15 
1988  7 28 210 12 1371.71  .14 
1988  7 29 211 13 1371.50  .12 
1988  7 30 212 13 1371.46  .13 
1988  7 31 213 13 1371.43  .27 
1988  8  1 214 13 1371.66  .20 
1988  8  2 215 12 1372.10  .09 
1988  8  3 216 14 1372.01  .18 
1988  8  4 217 13 1372.20  .07 
1988  8  5 218 13 1371.91  .11 
1988  8  6 219 13 1372.27  .10 
1988  8  7 220 14 1372.05  .12 
1988  8  8 221 13 1371.93  .22 
1988  8  9 222 14 1371.67  .31 
1988  8 10 223 13 1371.02  .20 
1988  8 11 224 13 1370.81  .23 
1988  8 12 225 13 1370.83  .13 
1988  8 13 226 13 1371.11  .13 
1988  8 14 227 12 1371.44  .15 
1988  8 15 228 13 1371.62  .17 
1988  8 16 229 14 1372.13  .24 
1988  8 17 230 13 1372.21  .18 
1988  8 18 231 14 1372.43  .23 
1988  8 19 232 13 1372.45  .17 
1988  8 20 233 14 1372.43  .20 
1988  8 21 234 14 1372.39  .18 
1988  8 22 235 13 1372.32  .16 
1988  8 23 236 13 1372.37  .15 
1988  8 24 237 13 1372.24  .15 
1988  8 25 238 13 1372.26  .08 
1988  8 26 239 14 1372.52  .20 
1988  8 27 240 14 1372.62  .21 
1988  8 28 241 14 1372.57  .20 
1988  8 29 242 14 1371.97  .21 
1988  8 30 243 13 1371.52  .20 
1988  8 31 244 12 1370.98  .16 
1988  9  1 245 13 1370.96  .14 
1988  9  2 246 13 1371.15  .28 
1988  9  3 247 14 1371.76  .26 
1988  9  4 248 14 1372.33  .18 
1988  9  5 249 13 1372.65  .16 
1988  9  6 250 12 1372.81  .16 
1988  9  7 251 13 1372.60  .13 
1988  9  8 252 14 1372.46  .12 
1988  9  9 253 14 1372.39  .16 
1988  9 10 254 13 1372.24  .10 
1988  9 11 255 12 1372.44  .17 
1988  9 12 256 13 1372.49  .14 
1988  9 13 257 14 1372.29  .18 
1988  9 14 258 14 1372.23  .16 
1988  9 15 259 14 1372.19  .14 
1988  9 16 260 13 1372.19  .12 
1988  9 17 261 13 1372.22  .15 
1988  9 18 262 14 1372.32  .13 
1988  9 19 263 14 1372.36  .20 
1988  9 20 264 12 1372.31  .15 
1988  9 21 265 14 1372.35  .19 
1988  9 22 266 13 1372.26  .13 
1988  9 23 267 11 1372.27  .15 
1988  9 24 268 14 1372.30  .12 
1988  9 25 269 13 1372.40  .13 
1988  9 26 270 14 1372.38  .12 
1988  9 27 271 14 1372.37  .13 
1988  9 28 272 13 1372.33  .07 
1988  9 29 273 12 1372.28  .13 
1988  9 30 274 13 1372.32  .13 
1988 10  1 275 13 1372.09  .15 
1988 10  2 276 13 1372.07  .17 
1988 10  3 277 13 1372.05  .17 
1988 10  4 278 12 1372.01  .12 
1988 10  5 279 13 1371.63  .20 
1988 10  6 280 11 1371.46  .23 
1988 10  7 281 13 1371.08  .13 
1988 10  8 282 13 1371.04  .20 
1988 10  9 283 13 1371.22  .22 
1988 10 10 284 12 1371.70  .28 
1988 10 11 285 13 1372.17  .16 
1988 10 12 286 12 1372.41  .11 
1988 10 13 287 14 1372.40  .17 
1988 10 14 288 14 1372.43  .12 
1988 10 15 289 14 1372.42  .15 
1988 10 16 290 13 1372.17  .18 
1988 10 17 291 13 1372.15  .10 
1988 10 18 292 14 1372.16  .14 
1988 10 19 293 14 1372.10  .20 
1988 10 20 294 13 1371.86  .18 
1988 10 21 295 14 1371.81  .22 
1988 10 22 296 12 1371.40  .18 
1988 10 23 297 13 1371.28  .14 
1988 10 24 298 13 1371.31  .16 
1988 10 25 299 13 1371.41  .20 
1988 10 26 300 13 1371.82  .09 
1988 10 27 301 13 1372.13  .11 
1988 10 28 302 14 1372.27  .16 
1988 10 29 303 14 1372.31  .19 
1988 10 30 304 14 1372.33  .20 
1988 10 31 305 13 1372.14  .13 
1988 11  1 306 14 1371.99  .20 
1988 11  2 307 13 1371.68  .28 
1988 11  3 308 12 1371.36  .17 
1988 11  4 309 12 1370.99  .14 
1988 11  5 310 13 1370.92  .19 
1988 11  6 311 13 1371.04  .16 
1988 11  7 312 13 1371.45  .16 
1988 11  8 313 12 1371.66  .16 
1988 11  9 314 14 1371.83  .21 
1988 11 10 315 14 1372.04  .13 
1988 11 11 316 14 1372.04  .12 
1988 11 12 317 13 1372.04  .10 
1988 11 13 318 12 1371.68  .20 
1988 11 14 319 13 1371.76  .16 
1988 11 15 320 14 1371.92  .21 
1988 11 16 321 14 1371.94  .21 
1988 11 17 322 14 1371.98  .15 
1988 11 18 323 14 1372.10  .13 
1988 11 19 324 13 1372.08  .12 
1988 11 20 325 13 1372.13  .15 
1988 11 21 326 13 1372.16  .15 
1988 11 22 327 14 1372.25  .14 
1988 11 23 328 13 1372.35  .15 
1988 11 24 329 14 1372.50  .18 
1988 11 25 330 13 1372.63  .22 
1988 11 26 331 14 1372.34  .15 
1988 11 27 332 14 1372.41  .16 
1988 11 28 333 14 1372.14  .16 
1988 11 29 334 14 1372.21  .14 
1988 11 30 335 13 1371.97  .14 
1988 12  1 336 12 1371.78  .14 
1988 12  2 337 13 1371.72  .20 
1988 12  3 338 13 1371.71  .11 
1988 12  4 339 13 1372.09  .12 
1988 12  5 340 14 1372.27  .11 
1988 12  6 341 13 1372.43  .11 
1988 12  7 342 14 1372.36  .17 
1988 12  8 343 11 1372.49  .07 
1988 12  9 344 14 1372.44  .15 
1988 12 10 345 14 1372.43  .13 
1988 12 11 346 13 1372.38  .12 
1988 12 12 347 13 1372.41  .12 
1988 12 13 348 13 1372.32  .16 
1988 12 14 349 14 1372.41  .13 
1988 12 15 350 13 1372.02  .17 
1988 12 16 351 13 1371.75  .14 
1988 12 17 352 13 1371.51  .10 
1988 12 18 353 12 1371.26  .09 
1988 12 19 354 12 1371.08  .14 
1988 12 20 355 11 1371.04  .09 
1988 12 21 356 13 1371.33  .19 
1988 12 22 357 13 1371.20  .18 
1988 12 23 358 12 1371.45  .14 
1988 12 24 359 13 1371.59  .24 
1988 12 25 360 13 1371.89  .10 
1988 12 26 361 13 1371.57  .15 
1988 12 27 362 13 1371.36  .16 
1988 12 28 363 13 1371.37  .10 
1988 12 29 364 12 1371.58  .24 
1988 12 30 365 14 1371.87  .21 
1988 12 31 366 14 1372.17  .09 
1989  1  1   1 14 1372.13  .14 
1989  1  2   2 14 1372.12  .10 
1989  1  3   3 13 1372.21  .12 
1989  1  4   4 12 1372.18  .11 
1989  1  5   5 12 1372.21  .10 
1989  1  6   6 13 1372.29  .16 
1989  1  7   7 12 1372.17  .15 
1989  1  8   8 13 1371.82  .16 
1989  1  9   9 13 1371.80  .11 
1989  1 10  10 12 1371.84  .11 
1989  1 11  11 12 1372.28  .09 
1989  1 12  12 14 1372.16  .14 
1989  1 13  13 14 1371.91  .16 
1989  1 14  14 14 1371.67  .31 
1989  1 15  15 12 1370.90  .14 
1989  1 16  16 13 1370.98  .10 
1989  1 17  17 13 1371.14  .14 
1989  1 18  18 14 1371.77  .30 
1989  1 19  19 13 1372.27  .10 
1989  1 20  20 14 1372.80  .30 
1989  1 21  21 12 1372.89  .20 
1989  1 22  22 12 1372.73  .09 
1989  1 23  23 13 1372.07  .15 
1989  1 24  24 14 1371.78  .25 
1989  1 25  25 13 1371.70  .15 
1989  1 26  26 12 1371.35  .17 
1989  1 27  27 12 1371.48  .12 
1989  1 28  28 11 1371.58  .17 
1989  1 29  29 13 1371.71  .20 
1989  1 30  30 14 1372.27  .24 
1989  1 31  31 13 1372.31  .13 
1989  2  1  32 13 1372.50  .29 
1989  2  2  33 13 1372.10  .11 
1989  2  3  34 12 1372.31  .07 
1989  2  4  35 14 1372.45  .17 
1989  2  5  36 13 1372.71  .12 
1989  2  6  37 14 1372.55  .17 
1989  2  7  38 11 1372.84  .12 
1989  2  8  39 12 1372.58  .07 
1989  2  9  40 13 1372.17  .13 
1989  2 10  41 14 1371.95  .14 
1989  2 11  42 13 1371.79  .12 
1989  2 12  43 14 1371.89  .17 
1989  2 13  44 12 1371.83  .13 
1989  2 14  45 14 1371.81  .22 
1989  2 15  46 14 1372.00  .15 
1989  2 16  47 13 1372.45  .14 
1989  2 17  48 14 1372.59  .22 
1989  2 18  49 12 1372.83  .13 
1989  2 19  50 13 1372.85  .13 
1989  2 20  51 13 1372.22  .19 
1989  2 21  52 14 1371.85  .22 
1989  2 22  53 13 1371.55  .18 
1989  2 23  54 13 1371.46  .14 
1989  2 24  55 12 1371.85  .20 
1989  2 25  56 14 1372.31  .18 
1989  2 26  57 13 1372.39  .11 
1989  2 27  58 13 1372.56  .18 
1989  2 28  59 14 1372.44  .14 
1989  3  1  60 13 1372.25  .12 
1989  3  2  61 13 1372.04  .14 
1989  3  3  62 14 1372.12  .19 
1989  3  4  63 14 1372.22  .15 
1989  3  5  64 14 1372.57  .19 
1989  3  6  65 13 1372.69  .17 
1989  3  7  66 13 1372.59  .18 
1989  3  8  67 14 1372.35  .18 
1989  3  9  68 14 1371.98  .17 
1989  3 10  69 13 1371.50  .21 
1989  3 11  70 13 1371.02  .19 
1989  3 12  71 13 1370.81  .16 
1989  3 13  72 11 1370.94  .18 
1989  3 14  73 11 1371.39  .14 
1989  3 15  74 14 1371.87  .28 
1989  3 16  75 14 1372.23  .18 
1989  3 17  76 13 1372.88  .20 
1989  3 18  77 13 1372.87  .13 
1989  3 19  78 13 1372.57  .25 
1989  3 20  79 13 1372.18  .14 
1989  3 21  80 13 1371.78  .14 
1989  3 22  81 12 1371.67  .16 
1989  3 23  82 12 1371.82  .12 
1989  3 24  83 14 1372.04  .14 
1989  3 25  84 13 1372.17  .13 
1989  3 26  85 14 1372.36  .17 
1989  3 27  86 14 1372.35  .17 
1989  3 28  87 13 1372.13  .11 
1989  3 29  88 14 1372.38  .14 
1989  3 30  89 12 1372.23  .13 
1989  3 31  90 14 1372.20  .17 
1989  4  1  91 14 1372.13  .13 
1989  4  2  92 13 1371.95  .13 
1989  4  3  93 13 1371.78  .15 
1989  4  4  94 14 1371.95  .16 
1989  4  5  95 12 1372.14  .12 
1989  4  6  96 14 1372.35  .21 
1989  4  7  97 14 1372.53  .20 
1989  4  8  98 13 1372.83  .19 
1989  4  9  99 13 1373.27  .25 
1989  4 10 100 13 1373.52  .16 
1989  4 11 101 12 1373.70  .16 
1989  4 12 102 13 1373.64  .11 
1989  4 13 103 13 1373.42  .20 
1989  4 14 104 14 1372.78  .29 
1989  4 15 105 13 1372.37  .12 
1989  4 16 106 13 1372.05  .16 
1989  4 17 107 14 1371.82  .24 
1989  4 18 108 13 1371.68  .21 
1989  4 19 109 13 1371.76  .13 
1989  4 20 110 14 1371.95  .15 
1989  4 21 111 13 1372.14  .10 
1989  4 22 112 13 1372.06  .15 
1989  4 23 113 14 1371.95  .17 
1989  4 24 114 14 1371.85  .19 
1989  4 25 115 14 1372.10  .20 
1989  4 26 116 14 1372.12  .17 
1989  4 27 117 14 1372.27  .18 
1989  4 28 118 12 1372.34  .14 
1989  4 29 119 14 1372.34  .17 
1989  4 30 120 14 1372.24  .19 
1989  5  1 121 14 1372.23  .20 
1989  5  2 122 13 1372.21  .12 
1989  5  3 123 13 1372.29  .15 
1989  5  4 124 13 1372.26  .16 
1989  5  5 125 14 1372.42  .22 
1989  5  6 126 14 1372.69  .26 
1989  5  7 127 13 1372.96  .17 
1989  5  8 128 13 1373.18  .14 
1989  5  9 129 12 1373.22  .13 
1989  5 10 130 13 1373.33  .17 
1989  5 11 131 13 1373.25  .17 
1989  5 12 132 13 1373.24  .14 
1989  5 13 133 13 1373.16  .16 
1989  5 14 134 13 1372.94  .17 
1989  5 15 135 12 1372.70  .11 
1989  5 16 136 14 1372.37  .17 
1989  5 17 137 14 1372.25  .19 
1989  5 18 138 13 1372.22  .13 
1989  5 19 139 13 1372.02  .13 
1989  5 20 140 12 1371.39  .18 
1989  5 21 141 13 1371.32  .18 
1989  5 22 142 13 1371.53  .14 
1989  5 23 143 12 1371.63  .16 
1989  5 24 144 14 1371.86  .19 
1989  5 25 145 14 1371.84  .19 
1989  5 26 146 12 1371.75  .12 
1989  5 27 147 14 1371.91  .17 
1989  5 28 148 13 1371.84  .20 
1989  5 29 149 14 1371.94  .23 
1989  5 30 150 12 1371.85  .11 
1989  5 31 151 13 1371.67  .09 
1989  6  1 152 12 1371.89  .11 
1989  6  2 153 14 1372.23  .13 
1989  6  3 154 13 1372.60  .10 
1989  6  4 155 13 1372.94  .11 
1989  6  5 156 13 1372.88  .19 
1989  6  6 157 13 1372.87  .10 
1989  6  7 158 12 1372.71  .15 
1989  6  8 159 13 1372.84  .23 
1989  6  9 160 14 1372.62  .28 
1989  6 10 161 13 1372.19  .14 
1989  6 11 162 13 1371.65  .22 
1989  6 12 163 12 1371.06  .30 
1989  6 13 164 13 1370.42  .26 
1989  6 14 165 13 1369.93  .22 
1989  6 15 166 13 1369.69  .18 
1989  6 16 167 13 1370.12  .23 
1989  6 17 168 13 1370.74  .30 
1989  6 18 169 12 1371.57  .17 
1989  6 19 170 14 1372.37  .22 
1989  6 20 171 13 1372.71  .11 
1989  6 21 172 13 1372.72  .15 
1989  6 22 173 13 1372.23  .10 
1989  6 23 174 12 1371.52  .24 
1989  6 24 175 12 1371.14  .15 
1989  6 25 176 13 1371.03  .23 
1989  6 26 177 13 1370.98  .20 
1989  6 27 178 13 1370.91  .13 
1989  6 28 179 13 1370.96  .13 
1989  6 29 180 13 1371.41  .24 
1989  6 30 181 12 1371.92  .11 
1989  7  1 182 12 1372.62  .13 
1989  7  2 183 12 1372.87  .17 
1989  7  3 184 13 1372.91  .15 
1989  7  4 185 13 1372.66  .11 
1989  7  5 186 12 1372.66  .09 
1989  7  6 187 13 1372.72  .12 
1989  7  7 188 13 1373.13  .20 
1989  7  8 189 13 1373.21  .10 
1989  7  9 190 13 1373.13  .14 
1989  7 10 191 13 1373.04  .13 
1989  7 11 192 12 1372.97  .12 
1989  7 12 193 13 1372.87  .13 
1989  7 13 194 13 1372.72  .09 
1989  7 14 195 13 1372.57  .11 
1989  7 15 196 14 1372.66  .26 
1989  7 16 197 14 1372.63  .42 
1989  7 17 198 13 1372.33  .14 
1989  7 18 199 13 1372.19  .07 
1989  7 19 200 13 1372.11  .09 
1989  7 20 201 12 1371.86  .08 
1989  7 21 202 13 1371.66  .08 
1989  7 22 203 13 1371.49  .08 
1989  7 23 204 12 1371.37  .07 
1989  7 24 205 13 1371.61  .19 
1989  7 25 206 13 1371.80  .12 
1989  7 26 207 14 1372.09  .14 
1989  7 27 208 14 1372.17  .19 
1989  7 28 209 12 1372.11  .11 
1989  7 29 210 14 1371.91  .20 
1989  7 30 211 13 1371.62  .11 
1989  7 31 212 13 1371.49  .15 
1989  8  1 213 13 1371.64  .11 
1989  8  2 214 13 1371.67  .09 
1989  8  3 215 12 1371.72  .06 
1989  8  4 216 14 1372.23  .12 
1989  8  5 217 13 1372.30  .13 
1989  8  6 218 14 1372.06  .14 
1989  8  7 219 13 1371.71  .13 
1989  8  8 220 13 1371.45  .21 
1989  8  9 221 12 1371.50  .16 
1989  8 10 222 13 1371.58  .19 
1989  8 11 223 14 1371.84  .24 
1989  8 12 224 14 1372.06  .16 
1989  8 13 225 13 1372.28  .09 
1989  8 14 226 14 1371.86  .18 
1989  8 15 227 12 1371.39  .19 
1989  8 16 228 13 1371.02  .15 
1989  8 17 229 13 1370.95  .15 
1989  8 18 230 13 1371.01  .19 
1989  8 19 231 13 1371.36  .22 
1989  8 20 232 13 1371.90  .25 
1989  8 21 233 14 1372.25  .23 
1989  8 22 234 13 1372.62  .24 
1989  8 23 235 13 1372.84  .20 
1989  8 24 236 13 1372.77  .16 
1989  8 25 237 13 1372.90  .12 
1989  8 26 238 13 1372.59  .21 
1989  8 27 239 13 1372.69  .16 
1989  8 28 240 13 1372.86  .18 
1989  8 29 241 13 1372.74  .20 
1989  8 30 242 14 1372.60  .19 
1989  8 31 243 12 1372.17  .16 
1989  9  1 244 12 1371.62  .19 
1989  9  2 245 13 1371.11  .21 
1989  9  3 246 13 1370.63  .17 
1989  9  4 247 13 1370.52  .14 
1989  9  5 248 13 1370.51  .18 
1989  9  6 249 13 1370.72  .17 
1989  9  7 250 12 1371.20  .20 
1989  9  8 251 12 1371.67  .13 
1989  9  9 252 12 1371.84  .15 
1989  9 10 253 14 1371.92  .18 
1989  9 11 254 12 1371.57  .16 
1989  9 12 255 12 1371.45  .15 
1989  9 13 256 13 1371.62  .17 
1989  9 14 257 14 1372.00  .15 
1989  9 15 258 14 1372.20  .22 
1989  9 16 259 13 1372.26  .18 
1989  9 17 260 14 1372.30  .19 
1989  9 18 261 13 1372.30  .18 
1989  9 19 262 13 1371.87  .12 
1989  9 20 263 13 1371.91  .18 
1989  9 21 264 12 1371.73  .16 
1989  9 22 265 13 1371.59  .21 
1989  9 23 266 13 1371.62  .22 
1989  9 24 267  4 1371.98  .18 
1989  9 25 268                 
1989  9 26 269                 
1989  9 27 270                 
1989  9 28 271  5 1372.76  .34 
1989  9 29 272 13 1373.07  .21 
1989  9 30 273 12 1372.99  .22 
1989 10  1 274 13 1372.79  .13 
1989 10  2 275 13 1372.80  .21 
1989 10  3 276 13 1373.01  .17 
1989 10  4 277 13 1373.27  .12 
1989 10  5 278 13 1373.39  .12 
1989 10  6 279 12 1373.37  .11 
1989 10  7 280 13 1373.20  .16 
1989 10  8 281 13 1373.34  .14 
1989 10  9 282 13 1373.27  .13 
1989 10 10 283 13 1373.14  .16 
1989 10 11 284 12 1373.07  .15 
1989 10 12 285 13 1373.27  .22 
1989 10 13 286 13 1372.91  .20 
1989 10 14 287 14 1372.55  .23 
1989 10 15 288 13 1372.34  .10 
1989 10 16 289 14 1372.18  .17 
1989 10 17 290 13 1372.21  .16 
1989 10 18 291 14 1372.18  .14 
1989 10 19 292 14 1372.20  .20 
1989 10 20 293 14 1372.17  .14 
1989 10 21 294 13 1372.45  .17 
1989 10 22 295 14 1372.46  .18 
1989 10 23 296 13 1372.43  .15 
1989 10 24 297 14 1372.54  .21 
1989 10 25 298 13 1373.06  .17 
1989 10 26 299 13 1372.85  .18 
1989 10 27 300 13 1372.78  .21 
1989 10 28 301 13 1372.82  .16 
1989 10 29 302 12 1372.81  .17 
1989 10 30 303 13 1372.83  .17 
1989 10 31 304 13 1372.86  .17 
1989 11  1 305 13 1372.71  .18 
1989 11  2 306 14 1372.61  .21 
1989 11  3 307 12 1372.42  .17 
1989 11  4 308 14 1372.47  .18 
1989 11  5 309 14 1372.39  .15 
1989 11  6 310 12 1372.34  .09 
1989 11  7 311 14 1372.52  .20 
1989 11  8 312 13 1372.67  .16 
1989 11  9 313 13 1372.45  .19 
1989 11 10 314 14 1372.39  .17 
1989 11 11 315 14 1372.49  .15 
1989 11 12 316 13 1372.74  .14 
1989 11 13 317 13 1372.83  .14 
1989 11 14 318 13 1372.76  .14 
1989 11 15 319 12 1372.80  .19 
1989 11 16 320 13 1373.04  .18 
1989 11 17 321 13 1373.28  .16 
1989 11 18 322 13 1373.04  .17 
1989 11 19 323 13 1372.93  .15 
1989 11 20 324 13 1372.86  .19 
1989 11 21 325 12 1372.80  .14 
1989 11 22 326 13 1372.85  .16 
1989 11 23 327 13 1372.51  .11 
1989 11 24 328 13 1372.54  .10 
1989 11 25 329 13 1372.31  .16 
1989 11 26 330 14 1371.85  .23 
1989 11 27 331 12 1371.94  .06 
1989 11 28 332 13 1372.35  .28 
1989 11 29 333 13 1372.60  .14 
1989 11 30 334 13 1372.65  .14 
1989 12  1 335 13 1372.81  .10 
1989 12  2 336 12 1372.85  .15 
1989 12  3 337 14 1372.67  .24 
1989 12  4 338 13 1372.74  .11 
1989 12  5 339 13 1372.68  .12 
1989 12  6 340 13 1372.66  .11 
1989 12  7 341 12 1372.48  .09 
1989 12  8 342 12 1372.81  .14 
1989 12  9 343 13 1373.05  .20 
1989 12 10 344 13 1373.01  .13 
1989 12 11 345 13 1373.13  .15 
1989 12 12 346 13 1373.04  .12 
1989 12 13 347 13 1373.20  .11 
1989 12 14 348 12 1373.04  .11 
1989 12 15 349 13 1373.02  .10 
1989 12 16 350 13 1372.83  .11 
1989 12 17 351 13 1372.77  .19 
1989 12 18 352  3 1372.42  .34 
1989 12 19 353 12 1372.52  .16 
1989 12 20 354 13 1369.71 1.63 
1989 12 21 355 14 1372.61  .22 
1989 12 22 356 14 1372.74  .27 
1989 12 23 357 13 1373.04  .12 
1989 12 24 358 13 1373.03  .19 
1989 12 25 359 12 1372.58  .11 
1989 12 26 360 13 1372.32  .09 
1989 12 27 361 14 1372.00  .20 
1989 12 28 362 13 1371.73  .13 
1989 12 29 363 13 1371.50  .12 
1989 12 30 364 13 1371.53  .16 
1989 12 31 365 11 1372.07  .10 
1990  1  1   1 11 1372.57  .22 
1990  1  2   2 10 1372.80  .07 
1990  1  3   3 10 1372.89  .11 
1990  1  4   4 11 1372.82  .13 
1990  1  5   5 12 1372.60  .24 
1990  1  6   6 10 1372.88  .12 
1990  1  7   7 10 1372.89  .11 
1990  1  8   8 10 1372.73  .13 
1990  1  9   9 11 1372.57  .21 
1990  1 10  10 12 1372.51  .19 
1990  1 11  11 12 1372.71  .25 
1990  1 12  12 10 1373.10  .11 
1990  1 13  13 10 1373.04  .08 
1990  1 14  14 10 1373.02  .08 
1990  1 15  15 11 1372.93  .11 
1990  1 16  16 12 1372.78  .30 
1990  1 17  17 10 1372.88  .11 
1990  1 18  18 10 1372.79  .15 
1990  1 19  19 10 1372.93  .20 
1990  1 20  20 10 1373.28  .17 
1990  1 21  21 11 1373.53  .12 
1990  1 22  22 11 1373.32  .20 
1990  1 23  23 10 1373.00  .24 
1990  1 24  24 10 1372.26  .12 
1990  1 25  25 11 1372.04  .19 
1990  1 26  26 10 1371.97  .14 
1990  1 27  27 12 1372.14  .14 
1990  1 28  28 12 1372.23  .09 
1990  1 29  29 11 1372.20  .16 
1990  1 30  30 10 1372.41  .17 
1990  1 31  31 11 1372.56  .21 
1990  2  1  32 10 1372.61  .12 
1990  2  2  33 11 1372.83  .10 
1990  2  3  34 11 1372.56  .12 
1990  2  4  35 10 1372.73  .17 
1990  2  5  36 11 1372.42  .19 
1990  2  6  37 10 1372.76  .18 
1990  2  7  38 11 1372.75  .15 
1990  2  8  39 11 1372.96  .12 
1990  2  9  40 10 1372.81  .15 
1990  2 10  41 11 1372.60  .21 
1990  2 11  42 11 1372.47  .13 
1990  2 12  43 10 1372.34  .11 
1990  2 13  44 12 1372.22  .17 
1990  2 14  45 11 1372.51  .16 
1990  2 15  46  9 1372.76  .14 
1990  2 16  47 10 1373.02  .22 
1990  2 17  48 10 1373.09  .15 
1990  2 18  49 10 1373.44  .10 
1990  2 19  50 11 1373.35  .18 
1990  2 20  51 11 1373.08  .18 
1990  2 21  52 11 1372.52  .22 
1990  2 22  53 10 1372.20  .13 
1990  2 23  54 11 1371.96  .17 
1990  2 24  55 12 1371.87  .21 
1990  2 25  56 12 1371.92  .23 
1990  2 26  57 12 1372.31  .14 
1990  2 27  58 11 1372.23  .14 
1990  2 28  59 10 1372.19  .07 
1990  3  1  60 11 1372.37  .19 
1990  3  2  61 11 1372.63  .15 
1990  3  3  62 12 1372.63  .21 
1990  3  4  63 10 1372.39  .14 
1990  3  5  64 11 1372.26  .08 
1990  3  6  65 11 1372.03  .14 
1990  3  7  66 11 1371.94  .15 
1990  3  8  67 11 1372.02  .11 
1990  3  9  68 12 1372.19  .10 
1990  3 10  69 11 1372.39  .16 
1990  3 11  70 10 1372.45  .08 
1990  3 12  71 11 1372.28  .15 
1990  3 13  72 11 1372.42  .16 
1990  3 14  73 12 1372.40  .17 
1990  3 15  74 12 1372.48  .17 
1990  3 16  75 10 1372.58  .12 
1990  3 17  76 10 1372.65  .10 
1990  3 18  77 10 1372.85  .14 
1990  3 19  78 11 1373.05  .26 
1990  3 20  79 11 1373.02  .13 
1990  3 21  80 10 1372.75  .12 
1990  3 22  81 11 1372.33  .24 
1990  3 23  82 11 1372.36  .25 
1990  3 24  83 11 1372.37  .22 
1990  3 25  84 12 1372.34  .14 
1990  3 26  85 12 1372.33  .16 
1990  3 27  86 10 1372.75  .17 
1990  3 28  87  7 1372.83  .32 
1990  3 29  88 11 1372.34  .77 
1990  3 30  89 11 1371.85 1.97 
1990  3 31  90 11 1372.91  .19 
1990  4  1  91 12 1372.62  .21 
1990  4  2  92 11 1372.44  .20 
1990  4  3  93 10 1372.34  .14 
1990  4  4  94 11 1372.35  .13 
1990  4  5  95 11 1372.30  .14 
1990  4  6  96 12 1372.38  .19 
1990  4  7  97 12 1372.44  .14 
1990  4  8  98 10 1372.67  .14 
1990  4  9  99 10 1372.77  .15 
1990  4 10 100 10 1373.15  .12 
1990  4 11 101 11 1372.86  .18 
1990  4 12 102 11 1372.95  .14 
1990  4 13 103 10 1373.08  .20 
1990  4 14 104 10 1373.29  .17 
1990  4 15 105 10 1373.28  .17 
1990  4 16 106 10 1373.16  .15 
1990  4 17 107 12 1372.79  .29 
1990  4 18 108 12 1372.49  .15 
1990  4 19 109 10 1372.57  .10 
1990  4 20 110 10 1372.88  .14 
1990  4 21 111 10 1373.18  .22 
1990  4 22 112 10 1373.33  .21 
1990  4 23 113 11 1373.52  .16 
1990  4 24 114 11 1373.45  .25 
1990  4 25 115 10 1373.21  .09 
1990  4 26 116 10 1372.78  .20 
1990  4 27 117 10 1372.40  .13 
1990  4 28 118 11 1372.50  .20 
1990  4 29 119 12 1372.62  .20 
1990  4 30 120 11 1372.71  .16 
1990  5  1 121 11 1372.53  .23 
1990  5  2 122 11 1372.36  .19 
1990  5  3 123 10 1372.62  .14 
1990  5  4 124 12 1372.46  .19 
1990  5  5 125 12 1372.47  .23 
1990  5  6 126 11 1372.29  .16 
1990  5  7 127 10 1372.57  .15 
1990  5  8 128 11 1372.43  .13 
1990  5  9 129 10 1373.03  .09 
1990  5 10 130 11 1372.98  .16 
1990  5 11 131 11 1373.54  .13 
1990  5 12 132 10 1373.84  .17 
1990  5 13 133 10 1373.84  .12 
1990  5 14 134 10 1373.49  .22 
1990  5 15 135 10 1373.05  .23 
1990  5 16 136 11 1372.48  .15 
1990  5 17 137 11 1372.19  .16 
1990  5 18 138 11 1371.89  .27 
1990  5 19 139 11 1371.92  .20 
1990  5 20 140 11 1372.09  .13 
1990  5 21 141 11 1372.31  .12 
1990  5 22 142 11 1372.54  .19 
1990  5 23 143 12 1372.44  .15 
1990  5 24 144 11 1372.56  .17 
1990  5 25 145 10 1372.94  .15 
1990  5 26 146 10 1372.84  .10 
1990  5 27 147 11 1373.05  .13 
1990  5 28 148 11 1372.79  .08 
1990  5 29 149 10 1372.96  .13 
1990  5 30 150 10 1372.81  .14 
1990  5 31 151 11 1372.70  .29 
1990  6  1 152 10 1372.70  .10 
1990  6  2 153 11 1372.89  .23 
1990  6  3 154 11 1372.93  .16 
1990  6  4 155 10 1372.93  .15 
1990  6  5 156 10 1373.20  .10 
1990  6  6 157 10 1372.93  .15 
1990  6  7 158 10 1373.18  .12 
1990  6  8 159 11 1373.30  .30 
1990  6  9 160 11 1373.22  .16 
1990  6 10 161 10 1373.38  .10 
1990  6 11 162 10 1373.42  .13 
1990  6 12 163 10 1373.35  .22 
1990  6 13 164 10 1373.54  .19 
1990  6 14 165 11 1373.34  .15 
1990  6 15 166 10 1373.33  .18 
1990  6 16 167 10 1373.24  .17 
1990  6 17 168 10 1373.26  .10 
1990  6 18 169 10 1373.42  .12 
1990  6 19 170 11 1373.54  .13 
1990  6 20 171 11 1373.26  .17 
1990  6 21 172 11 1373.20  .09 
1990  6 22 173 10 1373.15  .13 
1990  6 23 174 10 1372.92  .22 
1990  6 24 175 10 1372.66  .13 
1990  6 25 176 12 1372.52  .21 
1990  6 26 177 12 1372.40  .21 
1990  6 27 178 10 1372.27  .07 
1990  6 28 179 11 1372.35  .15 
1990  6 29 180 10 1372.34  .12 
1990  6 30 181 11 1371.90  .19 
1990  7  1 182 11 1371.34  .14 
1990  7  2 183 11 1370.93  .30 
1990  7  3 184 10 1371.05  .16 
1990  7  4 185 10 1371.35  .22 
1990  7  5 186 10 1372.05  .12 
1990  7  6 187 10 1372.71  .07 
1990  7  7 188 11 1373.14  .23 
1990  7  8 189 11 1373.37  .10 
1990  7  9 190 10 1373.37  .17 
1990  7 10 191 10 1373.55  .24 
1990  7 11 192 10 1373.39  .26 
1990  7 12 193 10 1373.08  .13 
1990  7 13 194 11 1373.00  .12 
1990  7 14 195 11 1372.88  .12 
1990  7 15 196  9 1373.25  .21 
1990  7 16 197 10 1373.28  .16 
1990  7 17 198 10 1373.26  .12 
1990  7 18 199 11 1373.06  .12 
1990  7 19 200 11 1372.87  .14 
1990  7 20 201 11 1372.55  .17 
1990  7 21 202 11 1372.26  .19 
1990  7 22 203 10 1372.15  .09 
1990  7 23 204 10 1371.99  .08 
1990  7 24 205 11 1371.86  .12 
1990  7 25 206 11 1372.11  .18 
1990  7 26 207 11 1372.25  .13 
1990  7 27 208 11 1372.62  .22 
1990  7 28 209 10 1373.02  .11 
1990  7 29 210 10 1373.20  .22 
1990  7 30 211 11 1373.16  .16 
1990  7 31 212 11 1373.28  .15 
1990  8  1 213 10 1373.23  .20 
1990  8  2 214 10 1372.98  .14 
1990  8  3 215 10 1372.84  .20 
1990  8  4 216 10 1372.90  .14 
1990  8  5 217 11 1372.65  .15 
1990  8  6 218 12 1372.41  .11 
1990  8  7 219 10 1372.63  .13 
1990  8  8 220 11 1372.54  .20 
1990  8  9 221 10 1372.83  .14 
1990  8 10 222 10 1373.04  .20 
1990  8 11 223 11 1373.03  .20 
1990  8 12 224 11 1373.02  .17 
1990  8 13 225 10 1372.62  .12 
1990  8 14 226 11 1372.47  .16 
1990  8 15 227 11 1372.21  .14 
1990  8 16 228 12 1372.41  .15 
1990  8 17 229 11 1372.25  .14 
1990  8 18 230 12 1372.23  .14 
1990  8 19 231 11 1371.96  .14 
1990  8 20 232 10 1371.99  .11 
1990  8 21 233 10 1371.52  .16 
1990  8 22 234 11 1371.07  .18 
1990  8 23 235 11 1371.02  .15 
1990  8 24 236 10 1371.06  .24 
1990  8 25 237 10 1371.38  .18 
1990  8 26 238 11 1371.72  .28 
1990  8 27 239 11 1371.90  .19 
1990  8 28 240 12 1372.40  .27 
1990  8 29 241 11 1372.86  .17 
1990  8 30 242 10 1372.99  .15 
1990  8 31 243 11 1372.65  .22 
1990  9  1 244 10 1372.64  .10 
1990  9  2 245 10 1372.71  .09 
1990  9  3 246 11 1372.90  .19 
1990  9  4 247 11 1373.18  .16 
1990  9  5 248  9 1372.81  .09 
1990  9  6 249 10 1372.72  .45 
1990  9  7 250 10 1373.19  .13 
1990  9  8 251 10 1373.33  .16 
1990  9  9 252 11 1373.32  .15 
1990  9 10 253 11 1373.28  .17 
1990  9 11 254 10 1373.31  .09 
1990  9 12 255 10 1373.30  .16 
1990  9 13 256 10 1373.19  .21 
1990  9 14 257 11 1373.06  .10 
1990  9 15 258 11 1373.09  .10 
1990  9 16 259 11 1373.06  .16 
1990  9 17 260 10 1372.96  .18 
1990  9 18 261 10 1372.94  .16 
1990  9 19 262 10 1373.10  .15 
1990  9 20 263 11 1373.12  .23 
1990  9 21 264 11 1373.23  .15 
1990  9 22 265 10 1373.24  .14 
1990  9 23 266 10 1373.21  .14 
1990  9 24 267 10 1373.00  .18 
1990  9 25 268 10 1372.92  .22 
1990  9 26 269 12 1372.71  .26 
1990  9 27 270 12 1372.55  .19 
1990  9 28 271 11 1372.52  .20 
1990  9 29 272 10 1372.58  .12 
1990  9 30 273 11 1372.46  .19 
1990 10  1 274 11 1372.43  .18 
1990 10  2 275 12 1372.27  .13 
1990 10  3 276 11 1372.51  .16 
1990 10  4 277 10 1372.49  .13 
1990 10  5 278 11 1372.58  .20 
1990 10  6 279 11 1372.56  .25 
1990 10  7 280 11 1372.64  .22 
1990 10  8 281 12 1372.49  .20 
1990 10  9 282 12 1372.53  .16 
1990 10 10 283 10 1372.30  .07 
1990 10 11 284 11 1372.12  .18 
1990 10 12 285 11 1372.16  .12 
1990 10 13 286 11 1372.18  .12 
1990 10 14 287 12 1372.15  .10 
1990 10 15 288 12 1372.02  .13 
1990 10 16 289 11 1372.20  .15 
1990 10 17 290 11 1372.56  .20 
1990 10 18 291 10 1372.89  .19 
1990 10 19 292 11 1373.17  .13 
1990 10 20 293 11 1373.46  .10 
1990 10 21 294 11 1373.36  .17 
1990 10 22 295 10 1373.26  .16 
1990 10 23 296 10 1373.10  .09 
1990 10 24 297 10 1372.94  .17 
1990 10 25 298 11 1372.85  .15 
1990 10 26 299 11 1372.83  .16 
1990 10 27 300 11 1372.68  .23 
1990 10 28 301 10 1372.79  .12 
1990 10 29 302 11 1372.48  .14 
1990 10 30 303 10 1372.26  .10 
1990 10 31 304 12 1372.29  .09 
1990 11  1 305 12 1372.29  .19 
1990 11  2 306 10 1372.26  .12 
1990 11  3 307 10 1372.35  .08 
1990 11  4 308 11 1372.33  .14 
1990 11  5 309 11 1372.62  .22 
1990 11  6 310 11 1372.79  .17 
1990 11  7 311 12 1372.53  .17 
1990 11  8 312 10 1372.63  .14 
1990 11  9 313 10 1372.75  .10 
1990 11 10 314 10 1372.78  .14 
1990 11 11 315 11 1372.62  .24 
1990 11 12 316 12 1372.63  .21 
1990 11 13 317 11 1372.74  .13 
1990 11 14 318 10 1372.68  .13 
1990 11 15 319 10 1372.59  .18 
1990 11 16 320 10 1371.51  .11 
1990 11 17 321 11 1371.03  .30 
1990 11 18 322 11 1370.74  .25 
1990 11 19 323 11 1370.33  .16 
1990 11 20 324 10 1370.22  .12 
1990 11 21 325 10 1370.59  .22 
1990 11 22 326 10 1371.16  .23 
1990 11 23 327 12 1371.60  .33 
1990 11 24 328 11 1372.07  .10 
1990 11 25 329 11 1372.52  .19 
1990 11 26 330 10 1372.40  .10 
1990 11 27 331 10 1372.62  .11 
1990 11 28 332 10 1372.75  .10 
1990 11 29 333 11 1372.96  .12 
1990 11 30 334 11 1372.89  .17 
1990 12  1 335 10 1372.88  .12 
1990 12  2 336 10 1373.14  .14 
1990 12  3 337 10 1373.17  .18 
1990 12  4 338 10 1373.23  .12 
1990 12  5 339 11 1372.97  .10 
1990 12  6 340 11 1372.89  .18 
1990 12  7 341 10 1372.82  .12 
1990 12  8 342 10 1372.84  .18 
1990 12  9 343 10 1372.99  .17 
1990 12 10 344 10 1373.40  .16 
1990 12 11 345 11 1373.59  .10 
1990 12 12 346 11 1373.32  .24 
1990 12 13 347 10 1372.84  .16 
1990 12 14 348 11 1372.19  .31 
1990 12 15 349  9 1371.72  .10 
1990 12 16 350 10 1371.45  .09 
1990 12 17 351 11 1371.04  .14 
1990 12 18 352 11 1371.17  .20 
1990 12 19 353 11 1371.59  .33 
1990 12 20 354 11 1372.23  .24 
1990 12 21 355 11 1372.55  .22 
1990 12 22 356 10 1372.89  .12 
1990 12 23 357 11 1373.02  .11 
1990 12 24 358 10 1372.79  .13 
1990 12 25 359 10 1372.58  .12 
1990 12 26 360 11 1372.60  .23 
1990 12 27 361 10 1372.87  .11 
1990 12 28 362 11 1372.78  .10 
1990 12 29 363 11 1373.18  .24 
1990 12 30 364 10 1373.40  .20 
1990 12 31 365  9 1373.62  .17 
1991  1  1   1 10 1373.34  .15 
1991  1  2   2 10 1373.22  .07 
1991  1  3   3 11 1373.18  .09 
1991  1  4   4 11 1373.17  .09 
1991  1  5   5 10 1373.42  .18 
1991  1  6   6 10 1373.70  .16 
1991  1  7   7 10 1373.51  .12 
1991  1  8   8 10 1373.24  .08 
1991  1  9   9 11 1372.98  .19 
1991  1 10  10 12 1372.50  .25 
1991  1 11  11  9 1372.17  .06 
1991  1 12  12 10 1371.66  .12 
1991  1 13  13 10 1371.59  .07 
1991  1 14  14 11 1371.57  .17 
1991  1 15  15 11 1371.09  .32 
1991  1 16  16 11 1371.13  .21 
1991  1 17  17 10 1371.70  .14 
1991  1 18  18 11 1372.02  .23 
1991  1 19  19 11 1372.65  .22 
1991  1 20  20 11 1372.97  .09 
1991  1 21  21 11 1373.11  .16 
1991  1 22  22 10 1372.88  .10 
1991  1 23  23 10 1372.36  .17 
1991  1 24  24 11 1372.28  .16 
1991  1 25  25 10 1372.09  .12 
1991  1 26  26 12 1371.72  .26 
1991  1 27  27 11 1371.29  .24 
1991  1 28  28 10 1370.99  .21 
1991  1 29  29  9 1370.63  .32 
1991  1 30  30 10 1370.45  .13 
1991  1 31  31 10 1370.48  .10 
1991  2  1  32 11 1370.91  .21 
1991  2  2  33 12 1371.91  .18 
1991  2  3  34 10 1372.33  .13 
1991  2  4  35 10 1372.84  .14 
1991  2  5  36 10 1373.19  .14 
1991  2  6  37 10 1373.58  .13 
1991  2  7  38 11 1373.40  .14 
1991  2  8  39 11 1373.01  .07 
1991  2  9  40 11 1372.56  .24 
1991  2 10  41 11 1372.51  .22 
1991  2 11  42 11 1372.58  .18 
1991  2 12  43 11 1372.97  .14 
1991  2 13  44 11 1372.89  .14 
1991  2 14  45  6 1373.34  .17 
1991  2 15  46 10 1373.23  .27 
1991  2 16  47 10 1373.42  .23 
1991  2 17  48 10 1373.38  .13 
1991  2 18  49 11 1373.21  .11 
1991  2 19  50 11 1372.89  .19 
1991  2 20  51 11 1372.44  .27 
1991  2 21  52 11 1372.16  .15 
1991  2 22  53 11 1372.06  .15 
1991  2 23  54 11 1371.99  .19 
1991  2 24  55 11 1371.90  .09 
1991  2 25  56 11 1372.31  .10 
1991  2 26  57 11 1372.52  .26 
1991  2 27  58 11 1372.78  .32 
1991  2 28  59 10 1373.32  .16 
1991  3  1  60 10 1373.56  .18 
1991  3  2  61 11 1373.69  .14 
1991  3  3  62 11 1373.70  .18 
1991  3  4  63  9 1373.77  .13 
1991  3  5  64 10 1374.00  .20 
1991  3  6  65 10 1374.03  .22 
1991  3  7  66 11 1373.88  .22 
1991  3  8  67 11 1373.75  .15 
1991  3  9  68 11 1373.29  .19 
1991  3 10  69 10 1372.88  .20 
1991  3 11  70 10 1372.77  .18 
1991  3 12  71 10 1372.80  .14 
1991  3 13  72 11 1372.72  .25 
1991  3 14  73 11 1372.94  .19 
1991  3 15  74 10 1373.23  .07 
1991  3 16  75 10 1373.41  .11 
1991  3 17  76 10 1373.47  .10 
1991  3 18  77 10 1373.28  .19 
1991  3 19  78 11 1372.95  .17 
1991  3 20  79 12 1372.55  .17 
1991  3 21  80 11 1372.39  .14 
1991  3 22  81 11 1371.96  .19 
1991  3 23  82 10 1371.32  .16 
1991  3 24  83 10 1371.21  .15 
1991  3 25  84 11 1371.31  .22 
1991  3 26  85 12 1371.93  .22 
1991  3 27  86 11 1372.23  .17 
1991  3 28  87 10 1372.98  .14 
1991  3 29  88 10 1373.31  .16 
1991  3 30  89 11 1373.15  .15 
1991  3 31  90 11 1373.07  .10 
1991  4  1  91 11 1372.82  .14 
1991  4  2  92 10 1372.66  .14 
1991  4  3  93 10 1372.84  .17 
1991  4  4  94 10 1373.08  .17 
1991  4  5  95 11 1373.32  .21 
1991  4  6  96 11 1373.49  .15 
1991  4  7  97 10 1374.03  .16 
1991  4  8  98 10 1374.15  .16 
1991  4  9  99 10 1373.94  .19 
1991  4 10 100 10 1374.11  .15 
1991  4 11 101 11 1373.88  .16 
1991  4 12 102 11 1373.70  .18 
1991  4 13 103 10 1373.57  .21 
1991  4 14 104 10 1373.52  .18 
1991  4 15 105 10 1373.47  .15 
1991  4 16 106 10 1373.35  .17 
1991  4 17 107 11 1373.16  .23 
1991  4 18 108 11 1373.35  .15 
1991  4 19 109 10 1373.38  .18 
1991  4 20 110 10 1373.67  .18 
1991  4 21 111 10 1373.76  .18 
1991  4 22 112 10 1373.67  .16 
1991  4 23 113 11 1373.55  .17 
1991  4 24 114 11 1373.58  .09 
1991  4 25 115 10 1373.44  .13 
1991  4 26 116 10 1373.28  .13 
1991  4 27 117 10 1373.24  .12 
1991  4 28 118 11 1372.91  .24 
1991  4 29 119 11 1372.97  .14 
1991  4 30 120 11 1372.93  .27 
1991  5  1 121 10 1373.11  .16 
1991  5  2 122 10 1373.50  .12 
1991  5  3 123 10 1373.51  .11 
1991  5  4 124 10 1373.34  .18 
1991  5  5 125 11 1373.04  .23 
1991  5  6 126 11 1372.44  .12 
1991  5  7 127 11 1372.24  .12 
1991  5  8 128 11 1371.99  .19 
1991  5  9 129 11 1372.08  .17 
1991  5 10 130 11 1372.48  .20 
1991  5 11 131 12 1372.45  .21 
1991  5 12 132 11 1372.23  .15 
1991  5 13 133 10 1372.24  .09 
1991  5 14 134 10 1372.77  .09 
1991  5 15 135 10 1372.81  .15 
1991  5 16 136 11 1373.13  .19 
1991  5 17 137 11 1373.47  .16 
1991  5 18 138 10 1373.33  .38 
1991  5 19 139 10 1373.20  .15 
1991  5 20 140 10 1373.18  .18 
1991  5 21 141 10 1373.27  .14 
1991  5 22 142 11 1373.27  .18 
1991  5 23 143 11 1373.22  .13 
1991  5 24 144 10 1373.27  .23 
1991  5 25 145 11 1372.70  .26 
1991  5 26 146 10 1372.30  .12 
1991  5 27 147 11 1372.34  .16 
1991  5 28 148 12 1372.31  .11 
1991  5 29 149 11 1372.40  .20 
1991  5 30 150 11 1372.44  .14 
1991  5 31 151 10 1372.78  .14 
1991  6  1 152 10 1372.64  .13 
1991  6  2 153 12 1372.63  .23 
1991  6  3 154 11 1372.95  .12 
1991  6  4 155 10 1372.71  .10 
1991  6  5 156 11 1372.49  .23 
1991  6  6 157 11 1372.12  .24 
1991  6  7 158 11 1371.76  .27 
1991  6  8 159 11 1371.21  .25 
1991  6  9 160 11 1371.12  .13 
1991  6 10 161  9 1371.27  .20 
1991  6 11 162 10 1371.68  .14 
1991  6 12 163 11 1372.10  .14 
1991  6 13 164 10 1373.00  .15 
1991  6 14 165 11 1373.14  .28 
1991  6 15 166 11 1373.29  .17 
1991  6 16 167 10 1372.95  .12 
1991  6 17 168 10 1373.10  .13 
1991  6 18 169 10 1372.99  .24 
1991  6 19 170  9 1372.71  .12 
1991  6 20 171 11 1372.78  .17 
1991  6 21 172 11 1372.92  .07 
1991  6 22 173 10 1373.06  .14 
1991  6 23 174 10 1373.45  .18 
1991  6 24 175 10 1373.69  .20 
1991  6 25 176 11 1373.47  .15 
1991  6 26 177 12 1372.97  .42 
1991  6 27 178 10 1372.68  .15 
1991  6 28 179 10 1372.26  .08 
1991  6 29 180 10 1372.27  .10 
1991  6 30 181 10 1372.70  .14 
1991  7  1 182 11 1372.99  .24 
1991  7  2 183 11 1373.35  .21 
1991  7  3 184 10 1373.90  .13 
1991  7  4 185 10 1373.63  .31 
1991  7  5 186 10 1373.32  .12 
1991  7  6 187 10 1373.28  .13 
1991  7  7 188 11 1373.17  .26 
1991  7  8 189 11 1373.41  .16 
1991  7  9 190 10 1373.61  .18 
1991  7 10 191 10 1373.21  .14 
1991  7 11 192 10 1373.08  .13 
1991  7 12 193 10 1372.94  .09 
1991  7 13 194 11 1372.73  .14 
1991  7 14 195 11 1372.67  .08 
1991  7 15 196 10 1372.79  .14 
1991  7 16 197 10 1373.04  .15 
1991  7 17 198 10 1373.05  .08 
1991  7 18 199  9 1373.04  .07 
1991  7 19 200 11 1373.25  .19 
1991  7 20 201 11 1373.21  .07 
1991  7 21 202 10 1372.94  .08 
1991  7 22 203 10 1372.56  .19 
1991  7 23 204 10 1371.83  .09 
1991  7 24 205 10 1371.53  .10 
1991  7 25 206 11 1371.29  .11 
1991  7 26 207 11 1371.48  .23 
1991  7 27 208 10 1372.11  .19 
1991  7 28 209 10 1372.74  .07 
1991  7 29 210 10 1373.26  .09 
1991  7 30 211 11 1373.57  .19 
1991  7 31 212 11 1373.56  .10 
1991  8  1 213 11 1373.20  .11 
1991  8  2 214 11 1372.59  .19 
1991  8  3 215 10 1372.46  .10 
1991  8  4 216 10 1372.90  .06 
1991  8  5 217 12 1372.93  .38 
1991  8  6 218 11 1373.34  .29 
1991  8  7 219 10 1373.57  .15 
1991  8  8 220 10 1373.77  .12 
1991  8  9 221 10 1373.65  .21 
1991  8 10 222 10 1373.48  .14 
1991  8 11 223 11 1373.10  .16 
1991  8 12 224 11 1373.41  .13 
1991  8 13 225 10 1373.36  .17 
1991  8 14 226 10 1373.31  .13 
1991  8 15 227 10 1373.22  .20 
1991  8 16 228 10 1372.97  .17 
1991  8 17 229 12 1372.54  .20 
1991  8 18 230 12 1372.51  .23 
1991  8 19 231 11 1372.03  .25 
1991  8 20 232 10 1371.62  .14 
1991  8 21 233 10 1371.67  .19 
1991  8 22 234 10 1372.16  .14 
1991  8 23 235 12 1372.78  .30 
1991  8 24 236 10 1373.55  .10 
1991  8 25 237 10 1373.71  .07 
1991  8 26 238 10 1373.59  .15 
1991  8 27 239  9 1373.32  .24 
1991  8 28 240 10 1373.07  .16 
1991  8 29 241 11 1372.78  .12 
1991  8 30 242 11 1372.20  .14 
1991  8 31 243 11 1372.32  .17 
1991  9  1 244 11 1372.68  .24 
1991  9  2 245 10 1373.02  .18 
1991  9  3 246 10 1373.03  .10 
1991  9  4 247 11 1373.05  .16 
1991  9  5 248 10 1373.13  .10 
1991  9  6 249 10 1372.85  .14 
1991  9  7 250 11 1372.58  .21 
1991  9  8 251 11 1372.39  .17 
1991  9  9 252 11 1372.32  .11 
1991  9 10 253 10 1372.60  .06 
1991  9 11 254 12 1372.91  .37 
1991  9 12 255 10 1373.30  .22 
1991  9 13 256 10 1373.50  .15 
1991  9 14 257 10 1373.63  .18 
1991  9 15 258 11 1373.60  .18 
1991  9 16 259 11 1373.39  .15 
1991  9 17 260 10 1373.47  .18 
1991  9 18 261 10 1373.38  .18 
1991  9 19 262 10 1373.34  .16 
1991  9 20 263 10 1373.51  .10 
1991  9 21 264 11 1373.64  .16 
1991  9 22 265 11 1373.82  .15 
1991  9 23 266 10 1373.80  .14 
1991  9 24 267 10 1373.76  .17 
1991  9 25 268  9 1373.55  .10 
1991  9 26 269 10 1373.00  .19 
1991  9 27 270 11 1372.71  .18 
1991  9 28 271 12 1372.36  .17 
1991  9 29 272 10 1371.73  .16 
1991  9 30 273 10 1371.29  .32 
1991 10  1 274 10 1370.85  .19 
1991 10  2 275 10 1370.84  .23 
1991 10  3 276 11 1370.94  .13 
1991 10  4 277 11 1371.47  .15 
1991 10  5 278 11 1371.93  .22 
1991 10  6 279 10 1372.51  .24 
1991 10  7 280 10 1373.07  .18 
1991 10  8 281 10 1373.08  .13 
1991 10  9 282 11 1373.34  .27 
1991 10 10 283 11 1373.52  .14 
1991 10 11 284 10 1373.44  .17 
1991 10 12 285 10 1373.11  .18 
1991 10 13 286 10 1372.91  .14 
1991 10 14 287 10 1372.87  .14 
1991 10 15 288 10 1372.92  .12 
1991 10 16 289 11 1372.81  .15 
1991 10 17 290 10 1373.21  .18 
1991 10 18 291  9 1373.43  .11 
1991 10 19 292  9 1373.48  .13 
1991 10 20 293 11 1373.36  .16 
1991 10 21 294 11 1373.35  .12 
1991 10 22 295 11 1373.15  .15 
1991 10 23 296 11 1372.62  .25 
1991 10 24 297 11 1371.95  .19 
1991 10 25 298 10 1371.18  .14 
1991 10 26 299 11 1370.57  .20 
1991 10 27 300 11 1370.23  .13 
1991 10 28 301 10 1370.36  .17 
1991 10 29 302 10 1370.51  .14 
1991 10 30 303 10 1370.89  .20 
1991 10 31 304 10 1371.58  .20 
1991 11  1 305 11 1372.31  .27 
1991 11  2 306 11 1373.15  .20 
1991 11  3 307 10 1373.26  .14 
1991 11  4 308 10 1373.04  .21 
1991 11  5 309 10 1372.73  .17 
1991 11  6 310 10 1372.72  .16 
1991 11  7 311 11 1372.86  .12 
1991 11  8 312 11 1372.89  .19 
1991 11  9 313 10 1372.83  .15 
1991 11 10 314  9 1372.88  .19 
1991 11 11 315  1 1372.22  .00 
1991 11 12 316  7 1372.14  .10 
1991 11 13 317  1 1372.22  .00 
1991 11 14 318 12 1372.64  .22 
1991 11 15 319  9 1372.91  .18 
1991 11 16 320 10 1372.89  .17 
1991 11 17 321 10 1373.06  .11 
1991 11 18 322 10 1373.02  .15 
1991 11 19 323 11 1373.12  .16 
1991 11 20 324 11 1373.26  .16 
1991 11 21 325 10 1373.23  .10 
1991 11 22 326 10 1372.92  .14 
1991 11 23 327 10 1373.01  .13 
1991 11 24 328 10 1373.00  .17 
1991 11 25 329 11 1372.96  .17 
1991 11 26 330 11 1372.89  .09 
1991 11 27 331 11 1372.53  .17 
1991 11 28 332 10 1372.71  .13 
1991 11 29 333 11 1372.55  .25 
1991 11 30 334 10 1372.56  .11 
1991 12  1 335 10 1372.79  .12 
1991 12  2 336 11 1372.78  .14 
1991 12  3 337 10 1372.64  .12 
1991 12  4 338  9 1372.76  .13 
1991 12  5 339 11 1372.51  .15 
1991 12  6 340 12 1372.58  .21 
1991 12  7 341 11 1372.38  .12 
1991 12  8 342 12 1372.36  .11 
1991 12  9 343 11 1371.75  .23 
1991 12 10 344 10 1371.72  .12 
1991 12 11 345 11 1371.54  .34 
1991 12 12 346 10 1371.43  .16 
1991 12 13 347 11 1371.52  .15 
1991 12 14 348  9 1371.55  .11 
1991 12 15 349 10 1371.48  .19 
1991 12 16 350 11 1371.92  .26 
1991 12 17 351 10 1372.30  .12 
1991 12 18 352 11 1372.63  .09 
1991 12 19 353 10 1372.80  .14 
1991 12 20 354  9 1372.74  .11 
1991 12 21 355 11 1372.11  .09 
1991 12 22 356  9 1371.84  .11 
1991 12 23 357 10 1371.69  .24 
1991 12 24 358 10 1371.55  .12 
1991 12 25 359 11 1371.40  .10 
1991 12 26 360 10 1371.15  .11 
1991 12 27 361 10 1370.84  .21 
1991 12 28 362 10 1370.61  .11 
1991 12 29 363 10 1371.08  .12 
1991 12 30 364 11 1371.74  .11 
1991 12 31 365 11 1372.38  .10 
1992  1  1   1 11 1372.68  .26 
1992  1  2   2 10 1373.00  .09 
1992  1  3   3 11 1372.46  .19 
1992  1  4   4 10 1372.34  .10 
1992  1  5   5 10 1371.89  .10 
1992  1  6   6 12 1371.88  .18 
1992  1  7   7 10 1372.06  .12 
1992  1  8   8 10 1372.43  .11 
1992  1  9   9 10 1372.60  .11 
1992  1 10  10 10 1372.89  .37 
1992  1 11  11  9 1373.43  .08 
1992  1 12  12 11 1373.59  .06 
1992  1 13  13 10 1373.64  .10 
1992  1 14  14 10 1373.61  .13 
1992  1 15  15  4 1373.00  .52 
1992  1 16  16                 
1992  1 17  17                 
1992  1 18  18                 
1992  1 19  19                 
1992  1 20  20                 
1992  1 21  21                 
1992  1 22  22                 
1992  1 23  23                 
1992  1 24  24 10 1373.00  .16 
1992  1 25  25 10 1373.27  .19 
1992  1 26  26 10 1373.54  .16 
1992  1 27  27  9 1373.03  .24 
1992  1 28  28 11 1372.78  .13 
1992  1 29  29 12 1372.49  .19 
1992  1 30  30 11 1372.46  .19 
1992  1 31  31 11 1372.40  .14 
1992  2  1  32 10 1372.80  .12 
1992  2  2  33 11 1372.75  .42 
1992  2  3  34 11 1372.41  .17 
1992  2  4  35 11 1372.78  .12 
1992  2  5  36 10 1372.99  .10 
1992  2  6  37 10 1373.11  .14 
1992  2  7  38 10 1373.27  .11 
1992  2  8  39 10 1373.66  .09 
1992  2  9  40 11 1373.37  .12 
1992  2 10  41 11 1372.77  .19 
1992  2 11  42 10 1372.80  .07 
1992  2 12  43 10 1372.64  .11 
1992  2 13  44  9 1372.78  .16 
1992  2 14  45 12 1372.63  .23 
1992  2 15  46 11 1372.79  .11 
1992  2 16  47 11 1372.86  .14 
1992  2 17  48 10 1373.15  .14 
1992  2 18  49 10 1373.47  .13 
1992  2 19  50 10 1373.56  .13 
1992  2 20  51 11 1373.59  .21 
1992  2 21  52 11 1373.46  .21 
1992  2 22  53 10 1372.98  .11 
1992  2 23  54 11 1372.60  .23 
1992  2 24  55 11 1372.27  .17 
1992  2 25  56 11 1372.11  .09 
1992  2 26  57 12 1371.97  .25 
1992  2 27  58 12 1372.40  .19 
1992  2 28  59 11 1372.64  .22 
1992  2 29  60 10 1373.32  .17 
1992  3  1  61 10 1373.67  .14 
1992  3  2  62 10 1373.87  .23 
1992  3  3  63 11 1373.82  .16 
1992  3  4  64 10 1373.59  .20 
1992  3  5  65  9 1373.45  .21 
1992  3  6  66 10 1373.44  .10 
1992  3  7  67 10 1373.42  .19 
1992  3  8  68 10 1373.21  .13 
1992  3  9  69 11 1373.15  .12 
1992  3 10  70 11 1373.04  .08 
1992  3 11  71 10 1373.36  .15 
1992  3 12  72 10 1373.34  .18 
1992  3 13  73  9 1373.16  .21 
1992  3 14  74 11 1373.09  .18 
1992  3 15  75 11 1373.03  .09 
1992  3 16  76 11 1373.30  .20 
1992  3 17  77 10 1373.45  .22 
1992  3 18  78 10 1373.65  .14 
1992  3 19  79 10 1373.72  .17 
1992  3 20  80 11 1373.67  .13 
1992  3 21  81 11 1373.67  .17 
1992  3 22  80 10 1373.47  .24 
1992  3 23  83 10 1373.47  .21 
1992  3 24  84 10 1373.41  .20 
1992  3 25  85 10 1373.24  .10 
1992  3 26  86 12 1372.77  .28 
1992  3 27  87 12 1372.35  .16 
1992  3 28  88 11 1371.90  .18 
1992  3 29  89  9 1371.33  .12 
1992  3 30  90 10 1371.43  .14 
1992  3 31  91 11 1371.87  .20 
1992  4  1  92 11 1372.25  .11 
1992  4  2  93 11 1372.93  .22 
1992  4  3  94 10 1373.06  .16 
1992  4  4  95 10 1372.81  .14 
1992  4  5  96 10 1372.71  .12 
1992  4  6  97 10 1372.85  .13 
1992  4  7  98 11 1372.79  .15 
1992  4  8  99 11 1372.85  .21 
1992  4  9 100 10 1372.83  .18 
1992  4 10 101  9 1372.86  .17 
1992  4 11 102 10 1372.92  .13 
1992  4 12 103 10 1372.88  .19 
1992  4 13 104 10 1372.98  .17 
1992  4 14 105 11 1372.90  .13 
1992  4 15 106 10 1372.92  .12 
1992  4 16 107 10 1373.01  .17 
1992  4 17 108 10 1372.75  .18 
1992  4 18 109 11 1372.76  .17 
1992  4 19 110 11 1372.88  .19 
1992  4 20 111 10 1373.02  .23 
1992  4 21 112  8 1372.94  .20 
1992  4 22 113  9 1372.75  .12 
1992  4 23 114 10 1372.76  .26 
1992  4 24 115 11 1372.66  .21 
1992  4 25 116 11 1372.99  .15 
1992  4 26 117 10 1372.81  .21 
1992  4 27 118 10 1373.18  .15 
1992  4 28 119 10 1373.12  .16 
1992  4 29 120  9 1372.88  .14 
1992  4 30 121 12 1372.61  .23 
1992  5  1 122 12 1372.58  .20 
1992  5  2 123 11 1372.51  .19 
1992  5  3 124  9 1372.62  .27 
1992  5  4 125 10 1372.72  .10 
1992  5  5 126 10 1372.59  .20 
1992  5  6 127 10 1372.54  .19 
1992  5  7 128 12 1372.54  .21 
1992  5  8 129 11 1372.50  .23 
1992  5  9 130 10 1372.46  .19 
1992  5 10 131  9 1372.63  .12 
1992  5 11 132 11 1372.77  .29 
1992  5 12 133 11 1373.09  .18 
1992  5 13 134 11 1373.08  .12 
1992  5 14 135 10 1373.15  .21 
1992  5 15 136  8 1373.14  .12 
1992  5 16 137  9 1373.20  .18 
1992  5 17 138 11 1373.13  .28 
1992  5 18 139 11 1373.34  .22 
1992  5 19 140 11 1373.00  .28 
1992  5 20 141 11 1372.71  .29 
1992  5 21 142 10 1372.34  .11 
1992  5 22 143 10 1372.41  .07 
1992  5 23 144 12 1372.40  .13 
1992  5 24 145 12 1372.42  .21 
1992  5 25 146 10 1372.53  .14 
1992  5 26 147 11 1372.54  .17 
1992  5 27 148  9 1372.53  .16 
1992  5 28 149 10 1372.74  .12 
1992  5 29 150 11 1372.66  .16 
1992  5 30 151 11 1372.68  .16 
1992  5 31 152 10 1372.69  .12 
1992  6  1 153 11 1372.47  .13 
1992  6  2 154 11 1372.47  .23 
1992  6  3 155 11 1372.43  .12 
1992  6  4 156 12 1372.52  .18 
1992  6  5 157 12 1372.42  .12 
1992  6  6 158 11 1372.40  .17 
1992  6  7 159 11 1372.40  .13 
1992  6  8 160 10 1372.65  .15 
1992  6  9 161 11 1372.45  .20 
1992  6 10 162 11 1372.76  .17 
1992  6 11 163 11 1373.01  .33 
1992  6 12 164 10 1373.17  .45 
1992  6 13 165  9 1373.35  .21 
1992  6 14 166 10 1373.13  .34 
1992  6 15 167  7 1372.36 1.00 
1992  6 16 168  8 1372.41  .61 
1992  6 17 169  4 1372.73  .42 
1992  6 18 170 
1992  6 19 171 
1992  6 20 172 
1992  6 21 173 
1992  6 22 174 
1992  6 23 175 
1992  6 24 176 
1992  6 25 177 
1992  6 26 178 
1992  6 27 179 
1992  6 28 180 
1992  6 29 181 
1992  6 30 182 
1992  7  1 183 
1992  7  2 184 
1992  7  3 185 
1992  7  4 186 
1992  7  5 187 
1992  7  6 188 
1992  7  7 189 
1992  7  8 190 
1992  7  9 191 
1992  7 10 192 
1992  7 11 193 
1992  7 12 194 
1992  7 13 195 
1992  7 14 196 
1992  7 15 197 
1992  7 16 198 
1992  7 17 199 
1992  7 18 200 
1992  7 19 201 
1992  7 20 202 
1992  7 21 203 
1992  7 22 204 
1992  7 23 205 
1992  7 24 206 
1992  7 25 207 
1992  7 26 208 
1992  7 27 209 
1992  7 28 210 
1992  7 29 211 
1992  7 30 212 
1992  7 31 213 
1992  8  1 214 
1992  8  2 215 
1992  8  3 216 
1992  8  4 217 
1992  8  5 218 
1992  8  6 219 
1992  8  7 220 
1992  8  8 221 
1992  8  9 222 
1992  8 10 223 
1992  8 11 224 
1992  8 12 225 
1992  8 13 226 
1992  8 14 227 
1992  8 15 228 
1992  8 16 229 
1992  8 17 230 
1992  8 18 231 
1992  8 19 232 
1992  8 20 233 
1992  8 21 234 
1992  8 22 235 
1992  8 23 236 
1992  8 24 237 
1992  8 25 238 
1992  8 26 239 
1992  8 27 240 
1992  8 28 241 
1992  8 29 242 
1992  8 30 243 
1992  8 31 244 
1992  9  1 245 
1992  9  2 246 
1992  9  3 247  8 1372.82  .28 
1992  9  4 248 10 1372.86  .19 
1992  9  5 249 10 1372.57  .10 
1992  9  6 250 11 1372.22  .17 
1992  9  7 251 12 1372.53  .22 
1992  9  8 252 10 1372.94  .16 
1992  9  9 253 10 1372.97  .14 
1992  9 10 254 10 1372.94  .17 
1992  9 11 255 10 1372.85  .11 
1992  9 12 256 11 1372.77  .15 
1992  9 13 257 10 1372.75  .09 
1992  9 14 258 10 1372.80  .16 
1992  9 15 259 10 1372.86  .16 
1992  9 16 260 10 1372.64  .14 
1992  9 17 261 10 1372.76  .14 
1992  9 18 262 11 1372.86  .14 
1992  9 19 263 11 1372.97  .17 
1992  9 20 264 10 1372.95  .14 
1992  9 21 265 11 1372.52  .17 
1992  9 22 266 11 1372.45  .13 
1992  9 23 267 11 1372.47  .19 
1992  9 24 268 12 1372.49  .17 
1992  9 25 269 11 1372.49  .18 
1992  9 26 270 11 1372.54  .17 
1992  9 27 271 10 1372.35  .14 
1992  9 28 272 10 1372.07  .09 
1992  9 29 273  9 1372.17  .03 
1992  9 30 274 11 1372.22  .14 
1992 10  1 275 11 1372.34  .15 
1992 10  2 276 11 1372.42  .14 
1992 10  3 277 11 1372.43  .15 
1992 10  4 278 10 1372.43  .21 
1992 10  5 279  9 1372.35  .13 
1992 10  6 280 12 1372.41  .11 
1992 10  7 281 12 1372.39  .11 
1992 10  8 282  8 1372.55  .09 
1992 10  9 283 11 1372.61  .23 
1992 10 10 284 10 1372.68  .10 
1992 10 11 285 11 1372.71  .19 
1992 10 12 286 11 1372.72  .07 
1992 10 13 287 12 1372.58  .22 
1992 10 14 288 11 1372.58  .28 
1992 10 15 289 10 1372.78  .09 
1992 10 16 290 11 1372.58  .19 
1992 10 17 291 12 1372.46  .18 
1992 10 18 292 12 1372.54  .16 
1992 10 19 293 11 1371.94  .18 
1992 10 20 294 10 1371.59  .17 
1992 10 21 295 10 1371.24  .19 
1992 10 22 296 10 1371.32  .12 
1992 10 23 297 11 1371.49  .19 
1992 10 24 298 11 1371.74  .15 
1992 10 25 299 10 1371.56  .12 
1992 10 26 300 10 1371.43  .14 
1992 10 27 301  9 1371.25  .15 
1992 10 28 302  9 1371.32  .15 
1992 10 29 303 11 1371.53  .18 
1992 10 30 304 12 1371.85  .21 
1992 10 31 305 10 1372.17  .11 
1992 11  1 306 11 1372.35  .19 
1992 11  2 307 10 1372.40  .21 
1992 11  3 308 11 1372.28  .12 
1992 11  4 309 12 1372.20  .13 
1992 11  5 310 11 1372.12  .11 
1992 11  6 311 11 1372.07  .21 
1992 11  7 312 11 1372.07  .18 
1992 11  8 313 11 1372.04  .14 
1992 11  9 314  8 1371.64  .15 
1992 11 10 315 10 1371.88  .20 
1992 11 11 316 11 1372.16  .20 
1992 11 12 317 11 1372.36  .16 
1992 11 13 318 10 1372.34  .17 
1992 11 14 319 10 1372.44  .18 
1992 11 15 320 11 1372.56  .20 
1992 11 16 321 11 1372.79  .13 
1992 11 17 322 10 1372.78  .15 
1992 11 18 323  9 1372.79  .12 
1992 11 19 324 11 1372.53  .17 
1992 11 20 325 11 1372.50  .15 
1992 11 21 326 10 1372.64  .08 
1992 11 22 327 12 1372.41  .13 
1992 11 23 328 11 1372.34  .12 
1992 11 24 329 10 1372.56  .12 
1992 11 25 330 10 1372.76  .09 
1992 11 26 331 10 1372.77  .14 
1992 11 27 332  9 1372.63  .09 
1992 11 28 333 12 1372.17  .35 
1992 11 29 334 11 1371.87  .12 
1992 11 30 335 10 1371.93  .16 
1992 12  1 336 11 1371.98  .17 
1992 12  2 337 11 1372.15  .16 
1992 12  3 338 12 1372.32  .10 
1992 12  4 339 12 1372.44  .14 
1992 12  5 340 11 1372.24  .13 
1992 12  6 341 11 1372.24  .14 
1992 12  7 342 11 1372.42  .25 
1992 12  8 343 11 1372.38  .09 
1992 12  9 344 11 1372.54  .17 
1992 12 10 345 11 1372.25  .12 
1992 12 11 346 12 1371.93  .18 
1992 12 12 347  9 1371.82  .22 
1992 12 13 348  9 1371.98  .15 
1992 12 14 349 11 1372.25  .16 
1992 12 15 350 12 1372.74  .27 
1992 12 16 351 11 1373.09  .17 
1992 12 17 352 10 1373.08  .18 
1992 12 18 353 10 1373.19  .09 
1992 12 19 354 10 1372.98  .11 
1992 12 20 355 10 1372.99  .13 
1992 12 21 356 11 1373.18  .15 
1992 12 22 357 11 1373.38  .15 
1992 12 23 358 10 1373.27  .14 
1992 12 24 359 10 1373.14  .09 
1992 12 25 360 10 1372.99  .10 
1992 12 26 361  9 1372.80  .13 
1992 12 27 362 11 1372.93  .23 
1992 12 28 363 10 1373.02  .08 
1992 12 29 364 10 1372.68  .26 
1992 12 30 365 11 1372.58  .18 
1992 12 31 366 11 1372.66  .22 
1993  1  1   1                 
1993  1  2   2                 
1993  1  3   3 11 1372.79  .13 
1993  1  4   4  9 1372.70  .11 
1993  1  5   5 11 1372.50  .18 
1993  1  6   6 10 1372.49  .08 
1993  1  7   7 11 1372.38  .10 
1993  1  8   8 12 1372.50  .15 
1993  1  9   9 11 1372.87  .22 
1993  1 10  10 11 1372.88  .34 
1993  1 11  11 10 1373.18  .20 
1993  1 12  12  8 1373.02  .21 
1993  1 13  13 10 1372.99  .11 
1993  1 14  14 11 1372.94  .26 
1993  1 15  15 11 1373.18  .15 
1993  1 16  16 10 1372.86  .18 
1993  1 17  17 10 1372.92  .10 
1993  1 18  18 11 1372.71  .25 
1993  1 19  19 11 1372.71  .10 
1993  1 20  20 12 1372.74  .27 
1993  1 21  21 11 1372.65  .15 
1993  1 22  22 10 1372.86  .14 
1993  1 23  23 10 1373.05  .18 
1993  1 24  24  8 1372.69  .41 
1993  1 25  25  3 1371.85  .86 
1993  1 26  26 
1993  1 27  27 
1993  1 28  28 
1993  1 29  29 
1993  1 30  30 
1993  1 31  31 
1993  2  1  32 
1993  2  2  33 
1993  2  3  34 
1993  2  4  35 
1993  2  5  36 
1993  2  6  37 
1993  2  7  38 
1993  2  8  39 
1993  2  9  40 
1993  2 10  41 
1993  2 11  42 
1993  2 12  43 
1993  2 13  44 
1993  2 14  45 
1993  2 15  46 
1993  2 16  47 
1993  2 17  48 
1993  2 18  49 
1993  2 19  50 
1993  2 20  51 
1993  2 21  52 
1993  2 22  53 
1993  2 23  54 
1993  2 24  55 
1993  2 25  56 
1993  2 26  57 
1993  2 27  58 
1993  2 28  59 
1993  3  1  60 
1993  3  2  61 
1993  3  3  62 
1993  3  4  63 
1993  3  5  64 
1993  3  6  65 
1993  3  7  66 
1993  3  8  67 
1993  3  9  68 
1993  3 10  69 
1993  3 11  70 
1993  3 12  71 
1993  3 13  72 
1993  3 14  73 
1993  3 15  74 
1993  3 16  75 
1993  3 17  76 
1993  3 18  77 
1993  3 19  78 
1993  3 20  79 
1993  3 21  80 
1993  3 22  81 
1993  3 23  82 
1993  3 24  83 
1993  3 25  84 
1993  3 26  85 
1993  3 27  86 
1993  3 28  87 
1993  3 29  88 
1993  3 30  89 
1993  3 31  90 
1993  4  1  91 
1993  4  2  92 
1993  4  3  93 
1993  4  4  94 
1993  4  5  95 
1993  4  6  96 
1993  4  7  97 
1993  4  8  98 
1993  4  9  99 
1993  4 10 100 
1993  4 11 101 
1993  4 12 102 
1993  4 13 103 
1993  4 14 104 
1993  4 15 105 
1993  4 16 106 
1993  4 17 107 
1993  4 18 108 
1993  4 19 109 
1993  4 20 110 
1993  4 21 111 
1993  4 22 112 
1993  4 23 113 
1993  4 24 114 
1993  4 25 115 
1993  4 26 116 
1993  4 27 117 
1993  4 28 118 
1993  4 29 119 
1993  4 30 120 
1993  5  1 121 
1993  5  2 122 
1993  5  3 123 
1993  5  4 124 
1993  5  5 125 
1993  5  6 126 
1993  5  7 127 
1993  5  8 128 
1993  5  9 129 
1993  5 10 130 
1993  5 11 131 
1993  5 12 132 
1993  5 13 133 
1993  5 14 134 
1993  5 15 135 
1993  5 16 136 
1993  5 17 137 
1993  5 18 138 
1993  5 19 139 
1993  5 20 140 
1993  5 21 141 
1993  5 22 142 
1993  5 23 143 
1993  5 24 144 
1993  5 25 145 
1993  5 26 146 
1993  5 27 147 
1993  5 28 148 
1993  5 29 149 
1993  5 30 150 
1993  5 31 151 
1993  6  1 152 
1993  6  2 153 
1993  6  3 154 
1993  6  4 155 
1993  6  5 156 
1993  6  6 157 
1993  6  7 158 
1993  6  8 159 
1993  6  9 160 
1993  6 10 161 
1993  6 11 162 
1993  6 12 163 
1993  6 13 164 
1993  6 14 165 
1993  6 15 166 
1993  6 16 167 
1993  6 17 168 
1993  6 18 169 
1993  6 19 170 
1993  6 20 171 
1993  6 21 172 
1993  6 22 173 
1993  6 23 174 
1993  6 24 175 
1993  6 25 176 
1993  6 26 177 
1993  6 27 178 
1993  6 28 179 
1993  6 29 180 
1993  6 30 181 
1993  7  1 182 
1993  7  2 183 
1993  7  3 184 
1993  7  4 185 
1993  7  5 186 
1993  7  6 187 
1993  7  7 188 
1993  7  8 189 
1993  7  9 190 
1993  7 10 191 
1993  7 11 192 
1993  7 12 193 
1993  7 13 194 
1993  7 14 195 
1993  7 15 196 
1993  7 16 197 
1993  7 17 198 
1993  7 18 199 
1993  7 19 200 
1993  7 20 201 
1993  7 21 202 
1993  7 22 203 
1993  7 23 204 
1993  7 24 205 
1993  7 25 206 
1993  7 26 207 
1993  7 27 208 
1993  7 28 209 
1993  7 29 210 
1993  7 30 211 
1993  7 31 212 
1993  8  1 213 
1993  8  2 214 
1993  8  3 215 
1993  8  4 216 
1993  8  5 217 
1993  8  6 218 
1993  8  7 219 
1993  8  8 220 
1993  8  9 221 
1993  8 10 222 
1993  8 11 223 
1993  8 12 224 
1993  8 13 225 
1993  8 14 226 
1993  8 15 227 
1993  8 16 228 
1993  8 17 229 
1993  8 18 230 
1993  8 19 231 
1993  8 20 232 
1993  8 21 233 
1993  8 22 234 
1993  8 23 235 
1993  8 24 236 
1993  8 25 237 
1993  8 26 238 
1993  8 27 239 
1993  8 28 240 
1993  8 29 241 
1993  8 30 242 
1993  8 31 243 
1993  9  1 244 
1993  9  2 245 
1993  9  3 246 
1993  9  4 247 
1993  9  5 248 
1993  9  6 249 
1993  9  7 250 
1993  9  8 251 
1993  9  9 252 
1993  9 10 253 
1993  9 11 254 
1993  9 12 255 
1993  9 13 256 
1993  9 14 257 
1993  9 15 258 
1993  9 16 259 
1993  9 17 260 
1993  9 18 261 
1993  9 19 262 
1993  9 20 263 
1993  9 21 264 
1993  9 22 265 
1993  9 23 266 
1993  9 24 267 
1993  9 25 268 
1993  9 26 269 
1993  9 27 270 
1993  9 28 271 
1993  9 29 272 
1993  9 30 273 
1993 10  1 274 
1993 10  2 275 
1993 10  3 276 
1993 10  4 277 
1993 10  5 278 
1993 10  6 279 
1993 10  7 280 
1993 10  8 281 
1993 10  9 282 
1993 10 10 283 
1993 10 11 284 
1993 10 12 285 
1993 10 13 286 
1993 10 14 287 
1993 10 15 288 
1993 10 16 289 
1993 10 17 290 
1993 10 18 291 
1993 10 19 292 
1993 10 20 293 
1993 10 21 294 
1993 10 22 295 
1993 10 23 296 
1993 10 24 297 
1993 10 25 298 
1993 10 26 299 
1993 10 27 300 
1993 10 28 301 
1993 10 29 302 
1993 10 30 303 
1993 10 31 304 
1993 11  1 305 
1993 11  2 306 
1993 11  3 307 
1993 11  4 308 
1993 11  5 309 
1993 11  6 310 
1993 11  7 311 
1993 11  8 312 
1993 11  9 313 
1993 11 10 314 
1993 11 11 315 
1993 11 12 316  6 1373.05  .43 
1993 11 13 317 
1993 11 14 318 
1993 11 15 319 10 1372.87  .17 
1993 11 16 320 12 1372.62  .22 
1993 11 17 321 10 1372.66  .07 
1993 11 18 322  8 1372.39  .11 
1993 11 19 323 11 1372.42  .17 
1993 11 20 324  8 1372.65  .22 
1993 11 21 325 10 1372.91  .13 
1993 11 22 326  9 1373.10  .14 
1993 11 23 327 10 1373.15  .12 
1993 11 24 328  1 1372.22  .00 
1993 11 25 329                 
1993 11 26 330                 
1993 11 27 331                 
1993 11 28 332 11 1372.86  .14 
1993 11 29 333 10 1372.94  .17 
1993 11 30 334  8 1372.81  .17 
1993 12  1 335  9 1372.79  .07 
1993 12  2 336 10 1372.75  .18 
1993 12  3 337  9 1372.82  .13 
1993 12  4 338 11 1373.10  .08 
1993 12  5 339 11 1372.66  .22 
1993 12  6 340  9 1372.67  .10 
1993 12  7 341 10 1372.63  .23 
1993 12  8 342 10 1372.55  .19 
1993 12  9 343 10 1372.77  .31 
1993 12 10 344 10 1372.98  .39 
1993 12 11 345  9 1373.03  .24 
1993 12 12 346  4 1372.57  .40 
1993 12 13 347  5 1372.39  .47 
1993 12 14 348 
1993 12 15 349 
1993 12 16 350 
1993 12 17 351 
1993 12 18 352 
1993 12 19 353 
1993 12 20 354 
1993 12 21 355 
1993 12 22 356 
1993 12 23 357 
1993 12 24 358 
1993 12 25 359 
1993 12 26 360 
1993 12 27 361 
1993 12 28 362 
1993 12 29 363 
1993 12 30 364 
1993 12 31 365                  
