; TCTE TIM Total Solar Irradiance
; 
; ***SELECTION CRITERIA***
; data_set_name: TCTE Level 3 Total Solar Irradiance
; date_range: 20131213 to 20190702
; cadence: 24 hours
; version:            3
; number_of_data:         2028
; ***END SELECTION CRITERIA***
;
; ***DATA DEFINITIONS***, number = 15 [field name, type, format, (Col. #, description)]
; nominal_date_yyyymmdd                 R8   f12.3 (Column  1: Nominal Data Time, YYYYMMDD)
; nominal_date_jdn                      R8   f12.3 (Column  2: Nominal Data Time, Julian Day Number)
; avg_measurement_date_jdn              R8   f15.6 (Column  3: Average Data Time, Julian Day Number)
; std_dev_measurement_date              R4    f7.4 (Column  4: Stdev of Average Data Time, days, 1 sigma)
; tsi_1au                               R8   f10.4 (Column  5: Total Solar Irradiance (TSI) at 1-AU, W/m^2)
; instrument_accuracy_1au               R4   e10.3 (Column  6: Instrument Accuracy in 1-AU TSI, W/m^2, 1 sigma)
; instrument_precision_1au              R4   e10.3 (Column  7: Instrument Precision in TSI at 1-AU, W/m^2, 1 sigma)
; solar_standard_deviation_1au          R4   e10.3 (Column  8: Solar Standard Deviation in 1-AU TSI, W/m^2, 1 sigma)
; measurement_uncertainty_1au           R4   e10.3 (Column  9: Total Uncertainty in TSI at 1-AU, W/m^2, 1 sigma)
; tsi_true_earth                        R8   f10.4 (Column 10: Total Solar Irradiance at Earth distance, W/m^2)
; instrument_accuracy_true_earth        R4   e10.3 (Column 11: Instrument Accuracy at Earth distance, W/m^2, 1 sigma)
; instrument_precision_true_earth       R4   e10.3 (Column 12: Instrument Precision at Earth distance, W/m^2, 1 sigma)
; solar_standard_deviation_true_earth   R4   e10.3 (Column 13: Solar Standard Deviation in TSI at Earth, W/m^2, 1 sigma)
; measurement_uncertainty_true_earth    R4   e10.3 (Column 14: Total Uncertainty in TSI at Earth distance, W/m^2, 1 sigma)
; provisional_flag                      I2      i2 (Column 15: Provisional Flag, 1=provisional data, 0=final data)
; ***END DATA DEFINITIONS***
;
; ***FORTRAN FORMAT SPECIFIER***
; (f12.3,f12.3,f15.6,f7.4,f10.4,e10.3,e10.3,e10.3,e10.3,f10.4,e10.3,e10.3,e10.3,e10.3,i2)
; ***END FORTRAN FORMAT SPECIFIER***
;
; 
; Background for the TCTE TIM instrument and TSI measurements
; 
; The TCTE Total Irradiance Monitor (TIM) measures the total solar
; irradiance (TSI), a measure of the absolute intensity of solar radiation
; integrated over the entire solar disk and the entire solar spectrum.
; The TCTE Level 3 TSI data products are the daily and 6-hourly mean
; irradiances, reported at both a mean solar distance of 1 astronomical
; unit (AU) and at the true Earth-to-Sun distance of date, and zero
; relative line-of-sight velocity with respect to the Sun. These products
; respectively indicate emitted solar radiation variability (useful for
; solar studies) and the solar energy input to the top of the Earth's
; atmosphere (useful for Earth climate studies).
; 
; The TIM instrument is proving very stable with usage and solar exposure,
; its long-term repeatability having uncertainties estimated to be less
; than 0.014 W/m^2/yr (10 ppm/yr). Accuracy is currently estimated to be
; 0.61 W/m^2 (450 ppm). This uncertainty is consistent with the agreement between
; all four TIM radiometers and includes uncertainties due to on-orbit degradation.
; The lower TSI value reported by the TIM from predecessor TSI instruments has
; been resolved as being largely due to internal instrument scatter in those prior
; instrument designs (Kopp & Lean 2011) and has been validated on the new
; TSI Radiometer Facility (described by Kopp et al. 2007).  The following
; paragraphs discuss the four different uncertainties reported with the TSI
; measurements.
; 
; INSTRUMENT UNCERTAINTY reflects the instrument's relative standard
; uncertainty (absolute accuracy) and includes all known uncertainties from
; ground- and space-based calibrations plus a time-dependent estimate of
; uncertainty due to degradation. This value is roughly 450 ppm, and varies
; slightly with measured instrument temperature or the time to the nearest
; on-orbit calibration. This value is useful when comparing different TSI
; instruments reporting data from the same time range on an absolute scale.
; 
; INSTRUMENT PRECISION reflects the TIM's sensitivity to a change in signal,
; and is useful for determining relative changes in the TIM TSI due purely
; to the Sun over time scales of two months or less (so that degradation
; uncertainty does not have significant effect). This value of 5 ppm is
; constant, and indicates the instrument's noise level.
; 
; High-cadence Level 2 data are averaged (un-weighted mean) to produce daily
; and 6-hourly averaged Level 3 data. The standard deviation of the Level 2
; values averaged to produce each Level 3 value is indicative of the solar
; variability during the reported Level 3 measurement interval, and is
; called the SOLAR STANDARD DEVIATION. This uncertainty redundantly includes
; -- but is generally much larger than -- the Instrument Precision. The Solar
; Standard Deviation is useful for estimating potential variations in TSI
; within the time range of a Level 3 data value, such as when comparing TIM
; TSI values with solar images or other TSI instruments reporting data at
; slightly different times.
; 
; MEASUREMENT UNCERTAINTY is the net uncertainty of a reported Level 3 data
; value, and is the root sum square of Instrument Uncertainty and Solar
; Standard Deviation. Measurement Uncertainty is the value that should be
; used when comparing absolute scale TSI data from non-identical time ranges.
; 
; RELEASE NOTES for the latest version of TIM Level 3 data may be found at:
; http://lasp.colorado.edu/home/tcte/data/tcte-tim-data-products-release-notes/
; 
; The 1-AU and at-Earth TIM irradiances are tabulated below ("DATA RECORDS"),
; with each row giving the nominal and measurement dates, the reported
; irradiances, and estimated uncertainties. Each field (column) is defined
; and described in the "DATA DEFINITIONS" section above. An IDL file reader
; (read_lasp_ascii_file.pro) is available which will read this file and
; return an array of structures whose field names and types are taken from
; the "DATA DEFINITIONS" section.
; 
; Details of the TIM design and calibrations are given in:
; 
; Kopp, G. and Lawrence, G., "The Total Irradiance Monitor (TIM): Instrument
; Design," Solar Physics, 230, 1, Aug. 2005, pp. 91-109.
; 
; Kopp, G., Heuerman, K., and Lawrence, G., "The Total Irradiance Monitor
; (TIM): Instrument Calibration," Solar Physics, 230, 1, Aug. 2005,
; pp. 111-127.
; 
; Citing the daily data:
; 
; Kopp, G. (2019), TCTE Level 3 Total Solar Irradiance Daily Means, version 003,
; Greenbelt, MD, USA: NASA Goddard Earth Science Data and Information Services Center (GES DISC),
; Accessed <Enter User Data Access Date> at doi:10.5067/TCTE/TIM/DATA306
; 
; Citing the 6-hourly data:
; 
; Kopp, G. (2019), TCTE Level 3 Total Solar Irradiance 6-Hourly Means, version 003,
; Greenbelt, MD, USA: NASA Goddard Earth Science Data and Information Services Center (GES DISC),
; Accessed <Enter User Data Access Date> at doi:10.5067/TCTE/TIM/DATA305
; 
; This data file and other TCTE TIM information may also be obtained from:
; http://lasp.colorado.edu/home/tcte/data/
; 
; For news and general information about the TCTE mission, see:
; http://lasp.colorado.edu/home/tcte
;
; Columns:
;     1           2            3          4        5         6         7         8         9        10        11        12        13        14    15
; ***DATA RECORDS***, number =      2028
20131213.500 2456640.000 2456640.000000 0.0000    0.0000 0.000e+00 0.000e+00 0.000e+00 0.000e+00    0.0000 0.000e+00 0.000e+00 0.000e+00 0.000e+00 0
20131214.500 2456641.000 2456641.000000 0.0000    0.0000 0.000e+00 0.000e+00 0.000e+00 0.000e+00    0.0000 0.000e+00 0.000e+00 0.000e+00 0.000e+00 0
20131215.500 2456642.000 2456642.000000 0.0000    0.0000 0.000e+00 0.000e+00 0.000e+00 0.000e+00    0.0000 0.000e+00 0.000e+00 0.000e+00 0.000e+00 0
20131216.500 2456643.000 2456643.425477 0.0089 1362.0017 6.129e-01 6.800e-03 3.059e-02 6.137e-01 1406.4537 6.329e-01 6.800e-03 3.165e-02 6.337e-01 0
20131217.500 2456644.000 2456644.411003 0.0089 1361.8773 6.128e-01 6.800e-03 3.968e-02 6.141e-01 1406.5688 6.330e-01 6.800e-03 4.106e-02 6.343e-01 0
20131218.500 2456645.000 2456645.068394 0.0089 1361.9147 6.129e-01 6.800e-03 6.651e-02 6.165e-01 1406.7606 6.330e-01 6.800e-03 6.856e-02 6.367e-01 0
20131219.500 2456646.000 2456646.185284 0.0089 1361.7851 6.128e-01 6.800e-03 8.260e-02 6.183e-01 1406.8696 6.331e-01 6.800e-03 8.680e-02 6.390e-01 0
20131220.500 2456647.000 2456647.171388 0.0089 1361.7842 6.128e-01 6.800e-03 5.248e-02 6.150e-01 1407.0653 6.332e-01 6.800e-03 5.537e-02 6.356e-01 0
20131221.500 2456648.000 2456647.927169 0.2313 1361.8137 6.128e-01 6.800e-03 7.140e-02 6.170e-01 1407.2348 6.333e-01 6.800e-03 7.670e-02 6.379e-01 0
20131222.500 2456649.000 2456649.142727 0.0088 1361.7281 6.128e-01 6.800e-03 4.442e-02 6.144e-01 1407.3512 6.333e-01 6.800e-03 4.606e-02 6.350e-01 0
20131223.500 2456650.000 2456649.964190 0.2313 1361.5993 6.127e-01 6.800e-03 6.506e-02 6.162e-01 1407.3422 6.333e-01 6.800e-03 9.395e-02 6.402e-01 0
20131224.500 2456651.000 2456651.180026 0.0089 1361.6324 6.127e-01 6.800e-03 6.175e-02 6.158e-01 1407.5417 6.334e-01 6.800e-03 6.338e-02 6.366e-01 0
20131225.500 2456652.000 2456651.971152 0.2643 1361.4488 6.127e-01 6.800e-03 4.641e-02 6.144e-01 1407.4467 6.334e-01 6.800e-03 5.647e-02 6.359e-01 0
20131226.500 2456653.000 2456653.085972 0.0088 1361.7481 6.128e-01 6.800e-03 5.903e-02 6.156e-01 1407.8754 6.335e-01 6.800e-03 6.132e-02 6.365e-01 0
20131227.500 2456654.000 2456654.268834 0.0088 1361.7821 6.128e-01 6.800e-03 7.077e-02 6.169e-01 1408.0182 6.336e-01 6.800e-03 7.380e-02 6.379e-01 0
20131228.500 2456655.000 2456654.984191 0.0206 1361.8514 6.128e-01 6.800e-03 4.774e-02 6.147e-01 1408.1462 6.337e-01 6.800e-03 4.949e-02 6.356e-01 0
20131229.500 2456656.000 2456655.858975 0.3270 1361.8197 6.128e-01 6.800e-03 5.615e-02 6.154e-01 1408.1734 6.337e-01 6.800e-03 5.699e-02 6.362e-01 0
20131230.500 2456657.000 2456657.062037 0.0342 1361.8457 6.128e-01 6.800e-03 6.049e-02 6.158e-01 1408.2699 6.337e-01 6.800e-03 6.190e-02 6.367e-01 0
20131231.500 2456658.000 2456658.048309 0.0343 1361.8536 6.128e-01 6.800e-03 4.332e-02 6.144e-01 1408.3233 6.337e-01 6.800e-03 4.532e-02 6.354e-01 0
20140101.500 2456659.000 2456659.099638 0.0342 1361.9315 6.129e-01 6.800e-03 5.890e-02 6.157e-01 1408.4412 6.338e-01 6.800e-03 6.097e-02 6.367e-01 0
20140102.500 2456660.000 2456660.092235 0.0319 1362.0553 6.129e-01 6.800e-03 5.652e-02 6.155e-01 1408.5942 6.339e-01 6.800e-03 5.863e-02 6.366e-01 0
20140103.500 2456661.000 2456661.158021 0.0245 1361.8533 6.128e-01 6.800e-03 4.734e-02 6.147e-01 1408.4012 6.338e-01 6.800e-03 4.896e-02 6.357e-01 0
20140104.500 2456662.000 2456661.956998 0.0131 1361.5083 6.127e-01 6.800e-03 6.525e-02 6.161e-01 1408.0483 6.336e-01 6.800e-03 6.748e-02 6.372e-01 0
20140105.500 2456663.000 2456662.944675 0.0088 1360.8450 6.124e-01 6.800e-03 4.687e-02 6.142e-01 1407.3570 6.333e-01 6.800e-03 4.847e-02 6.352e-01 0
20140106.500 2456664.000 2456663.930490 0.0089 1360.3952 6.122e-01 6.800e-03 4.425e-02 6.138e-01 1406.8748 6.331e-01 6.800e-03 4.575e-02 6.347e-01 0
20140107.500 2456665.000 2456664.981697 0.0088 1360.1878 6.121e-01 6.800e-03 8.284e-02 6.177e-01 1406.6280 6.330e-01 6.800e-03 8.536e-02 6.387e-01 0
20140108.500 2456666.000 2456665.934815 0.1654 1360.2250 6.121e-01 6.800e-03 7.520e-02 6.167e-01 1406.6236 6.330e-01 6.800e-03 7.177e-02 6.370e-01 0
20140109.500 2456667.000 2456667.000000 0.0000    0.0000 0.000e+00 0.000e+00 0.000e+00 0.000e+00    0.0000 0.000e+00 0.000e+00 0.000e+00 0.000e+00 0
20140110.500 2456668.000 2456668.004522 0.0089 1361.2050 6.125e-01 6.800e-03 8.769e-02 6.188e-01 1407.4974 6.334e-01 6.800e-03 9.137e-02 6.399e-01 0
20140111.500 2456669.000 2456668.990047 0.0089 1361.5865 6.127e-01 6.800e-03 6.111e-02 6.158e-01 1407.8012 6.335e-01 6.800e-03 6.380e-02 6.367e-01 0
20140112.500 2456670.000 2456669.975572 0.0089 1361.8324 6.128e-01 6.800e-03 5.296e-02 6.151e-01 1407.9484 6.336e-01 6.800e-03 5.467e-02 6.359e-01 0
20140113.500 2456671.000 2456670.961098 0.0089 1361.9820 6.129e-01 6.800e-03 6.179e-02 6.160e-01 1407.9794 6.336e-01 6.800e-03 6.472e-02 6.369e-01 0
20140114.500 2456672.000 2456672.012016 0.0089 1361.9088 6.129e-01 6.800e-03 3.064e-02 6.136e-01 1407.7531 6.335e-01 6.800e-03 3.169e-02 6.343e-01 0
20140115.500 2456673.000 2456672.933847 0.1983 1361.9193 6.129e-01 6.800e-03 5.997e-02 6.158e-01 1407.6156 6.334e-01 6.800e-03 5.103e-02 6.355e-01 0
20140116.500 2456674.000 2456673.983345 0.0091 1362.0649 6.129e-01 6.800e-03 4.927e-02 6.149e-01 1407.5795 6.334e-01 6.800e-03 5.120e-02 6.355e-01 0
20140117.500 2456675.000 2456675.034553 0.0089 1362.0897 6.129e-01 6.800e-03 7.143e-02 6.171e-01 1407.3983 6.333e-01 6.800e-03 7.490e-02 6.377e-01 0
20140118.500 2456676.000 2456676.020368 0.0091 1362.0437 6.129e-01 6.800e-03 4.228e-02 6.144e-01 1407.1394 6.332e-01 6.800e-03 4.299e-02 6.347e-01 0
20140119.500 2456677.000 2456677.006183 0.0093 1362.0297 6.129e-01 6.800e-03 6.756e-02 6.166e-01 1406.8967 6.331e-01 6.800e-03 7.089e-02 6.371e-01 0
20140120.500 2456678.000 2456677.991997 0.0091 1361.7940 6.128e-01 6.800e-03 4.668e-02 6.146e-01 1406.4087 6.329e-01 6.800e-03 4.762e-02 6.347e-01 0
20140121.500 2456679.000 2456678.977812 0.0093 1361.8127 6.128e-01 6.800e-03 4.924e-02 6.148e-01 1406.1677 6.328e-01 6.800e-03 4.921e-02 6.347e-01 0
20140122.500 2456680.000 2456679.931219 0.1654 1361.7598 6.128e-01 6.800e-03 4.639e-02 6.145e-01 1405.8465 6.326e-01 6.800e-03 7.557e-02 6.371e-01 0
20140123.500 2456681.000 2456680.950888 0.0094 1361.5418 6.127e-01 6.800e-03 5.542e-02 6.152e-01 1405.3217 6.324e-01 6.800e-03 5.918e-02 6.352e-01 0
20140124.500 2456682.000 2456682.002963 0.0094 1361.8349 6.128e-01 6.800e-03 4.348e-02 6.144e-01 1405.2993 6.324e-01 6.800e-03 4.639e-02 6.341e-01 0
20140125.500 2456683.000 2456682.989935 0.0096 1361.8111 6.128e-01 6.800e-03 5.131e-02 6.150e-01 1404.9564 6.322e-01 6.800e-03 5.021e-02 6.342e-01 0
20140126.500 2456684.000 2456683.976618 0.0096 1361.8757 6.128e-01 6.800e-03 4.194e-02 6.143e-01 1404.6929 6.321e-01 6.800e-03 4.233e-02 6.335e-01 0
20140127.500 2456685.000 2456684.963300 0.0096 1362.0321 6.129e-01 6.800e-03 4.416e-02 6.145e-01 1404.5132 6.320e-01 6.800e-03 4.403e-02 6.336e-01 0
20140128.500 2456686.000 2456685.950272 0.0094 1362.1624 6.130e-01 6.800e-03 3.753e-02 6.141e-01 1404.2965 6.319e-01 6.800e-03 3.687e-02 6.330e-01 0
20140129.500 2456687.000 2456687.002348 0.0094 1361.8888 6.128e-01 6.800e-03 3.922e-02 6.141e-01 1403.6303 6.316e-01 6.800e-03 4.060e-02 6.329e-01 0
20140130.500 2456688.000 2456687.887854 0.2314 1361.9134 6.129e-01 6.800e-03 6.801e-02 6.166e-01 1403.3248 6.315e-01 6.800e-03 1.324e-01 6.452e-01 0
20140131.500 2456689.000 2456688.711536 0.0093 1361.5910 6.127e-01 6.800e-03 3.950e-02 6.140e-01 1402.6796 6.312e-01 6.800e-03 3.943e-02 6.324e-01 0
20140201.500 2456690.000 2456689.697351 0.0091 1360.8668 6.124e-01 6.800e-03 3.855e-02 6.136e-01 1401.5517 6.307e-01 6.800e-03 4.037e-02 6.320e-01 0
20140202.500 2456691.000 2456690.683166 0.0093 1360.0944 6.120e-01 6.800e-03 6.743e-02 6.157e-01 1400.3665 6.302e-01 6.800e-03 7.090e-02 6.341e-01 0
20140203.500 2456692.000 2456691.668981 0.0091 1359.8207 6.119e-01 6.800e-03 5.943e-02 6.148e-01 1399.6868 6.299e-01 6.800e-03 6.254e-02 6.330e-01 0
20140204.500 2456693.000 2456693.081581 0.3632 1360.1908 6.121e-01 6.800e-03 2.237e-01 6.517e-01 1399.4810 6.298e-01 6.800e-03 8.836e-02 6.359e-01 0
20140205.500 2456694.000 2456693.771096 0.0089 1360.3419 6.122e-01 6.800e-03 2.926e-02 6.129e-01 1399.3438 6.297e-01 6.800e-03 3.047e-02 6.304e-01 0
20140206.500 2456695.000 2456694.822593 0.0089 1361.1244 6.125e-01 6.800e-03 7.023e-02 6.165e-01 1399.6913 6.299e-01 6.800e-03 7.092e-02 6.338e-01 0
20140207.500 2456696.000 2456695.807829 0.0088 1361.7195 6.128e-01 6.800e-03 4.467e-02 6.144e-01 1399.8630 6.299e-01 6.800e-03 4.822e-02 6.318e-01 0
20140208.500 2456697.000 2456696.793065 0.0089 1362.1086 6.129e-01 6.800e-03 4.595e-02 6.147e-01 1399.8111 6.299e-01 6.800e-03 4.816e-02 6.318e-01 0
20140209.500 2456698.000 2456697.778301 0.0088 1362.0012 6.129e-01 6.800e-03 6.736e-02 6.166e-01 1399.2367 6.297e-01 6.800e-03 6.654e-02 6.332e-01 0
20140210.500 2456699.000 2456698.763826 0.0088 1361.6949 6.128e-01 6.800e-03 5.735e-02 6.154e-01 1398.4455 6.293e-01 6.800e-03 5.931e-02 6.321e-01 0
20140211.500 2456700.000 2456700.143150 0.3301 1361.4582 6.127e-01 6.800e-03 1.067e-01 6.219e-01 1397.5133 6.289e-01 6.800e-03 2.698e-01 6.843e-01 0
20140212.500 2456701.000 2456700.865651 0.0088 1361.0768 6.125e-01 6.800e-03 4.350e-02 6.140e-01 1396.7518 6.285e-01 6.800e-03 4.246e-02 6.300e-01 0
20140213.500 2456702.000 2456701.785204 0.0088 1361.0355 6.125e-01 6.800e-03 3.261e-02 6.133e-01 1396.2271 6.283e-01 6.800e-03 3.581e-02 6.293e-01 0
20140214.500 2456703.000 2456702.836412 0.0089 1360.8591 6.124e-01 6.800e-03 2.741e-02 6.130e-01 1395.4808 6.280e-01 6.800e-03 2.751e-02 6.286e-01 0
20140215.500 2456704.000 2456703.861835 0.0313 1360.9331 6.124e-01 6.800e-03 4.803e-02 6.143e-01 1394.9905 6.277e-01 6.800e-03 4.697e-02 6.295e-01 0
20140216.500 2456705.000 2456704.840159 0.0340 1361.3383 6.126e-01 6.800e-03 7.979e-02 6.178e-01 1394.8522 6.277e-01 6.800e-03 6.925e-02 6.315e-01 0
20140217.500 2456706.000 2456705.825673 0.0340 1361.7098 6.128e-01 6.800e-03 6.668e-02 6.164e-01 1394.6622 6.276e-01 6.800e-03 5.817e-02 6.303e-01 0
20140218.500 2456707.000 2456706.877043 0.0342 1361.8713 6.128e-01 6.800e-03 5.711e-02 6.155e-01 1394.2049 6.274e-01 6.800e-03 5.658e-02 6.299e-01 0
20140219.500 2456708.000 2456708.421141 0.0091 1361.8627 6.128e-01 6.800e-03 6.912e-02 6.167e-01 1393.2570 6.270e-01 6.800e-03 6.784e-02 6.306e-01 0
20140220.500 2456709.000 2456708.847770 0.0342 1361.8370 6.128e-01 6.800e-03 4.531e-02 6.145e-01 1392.9663 6.268e-01 6.800e-03 4.982e-02 6.288e-01 0
20140221.500 2456710.000 2456709.866733 0.0091 1361.7205 6.128e-01 6.800e-03 5.563e-02 6.153e-01 1392.2080 6.265e-01 6.800e-03 5.527e-02 6.289e-01 0
20140222.500 2456711.000 2456710.918231 0.0091 1361.4936 6.127e-01 6.800e-03 2.770e-02 6.133e-01 1391.3056 6.261e-01 6.800e-03 2.819e-02 6.267e-01 0
20140223.500 2456712.000 2456711.838074 0.0089 1361.3433 6.126e-01 6.800e-03 6.219e-02 6.158e-01 1390.5576 6.258e-01 6.800e-03 6.229e-02 6.288e-01 0
20140224.500 2456713.000 2456712.852259 0.0332 1361.6164 6.127e-01 6.800e-03 4.931e-02 6.147e-01 1390.1734 6.256e-01 6.800e-03 5.136e-02 6.277e-01 0
20140225.500 2456714.000 2456713.841938 0.0342 1361.8839 6.128e-01 6.800e-03 5.867e-02 6.156e-01 1389.7927 6.254e-01 6.800e-03 5.413e-02 6.277e-01 0
20140226.500 2456715.000 2456715.157479 0.2655 1362.2679 6.130e-01 6.800e-03 9.204e-02 6.199e-01 1389.3068 6.252e-01 6.800e-03 1.363e-01 6.399e-01 0
20140227.500 2456716.000 2456715.879123 0.0343 1362.2774 6.130e-01 6.800e-03 6.813e-02 6.168e-01 1388.8322 6.250e-01 6.800e-03 5.863e-02 6.277e-01 0
20140228.500 2456717.000 2456717.061696 0.0340 1362.0608 6.129e-01 6.800e-03 6.364e-02 6.162e-01 1387.8135 6.245e-01 6.800e-03 6.573e-02 6.280e-01 0
20140301.500 2456718.000 2456717.652837 0.0343 1361.9386 6.129e-01 6.800e-03 4.671e-02 6.147e-01 1387.2887 6.243e-01 6.800e-03 4.959e-02 6.262e-01 0
20140302.500 2456719.000 2456718.858105 0.0227 1361.7770 6.128e-01 6.800e-03 6.020e-02 6.157e-01 1386.3051 6.238e-01 6.800e-03 5.747e-02 6.265e-01 0
20140303.500 2456720.000 2456719.853330 0.0088 1361.7953 6.128e-01 6.800e-03 5.125e-02 6.149e-01 1385.6446 6.235e-01 6.800e-03 5.345e-02 6.258e-01 0
20140304.500 2456721.000 2456720.838856 0.0088 1362.0682 6.129e-01 6.800e-03 8.704e-02 6.191e-01 1385.2468 6.234e-01 6.800e-03 8.639e-02 6.293e-01 0
20140305.500 2456722.000 2456721.821394 0.2643 1362.3288 6.130e-01 6.800e-03 6.939e-02 6.170e-01 1384.8349 6.232e-01 6.800e-03 1.665e-01 6.450e-01 0
20140306.500 2456723.000 2456722.874720 0.0088 1362.6350 6.132e-01 6.800e-03 5.521e-02 6.157e-01 1384.4165 6.230e-01 6.800e-03 5.620e-02 6.255e-01 0
20140307.500 2456724.000 2456723.859654 0.0088 1362.5301 6.131e-01 6.800e-03 5.049e-02 6.152e-01 1383.6233 6.226e-01 6.800e-03 4.733e-02 6.244e-01 0
20140308.500 2456725.000 2456724.844890 0.0089 1362.4514 6.131e-01 6.800e-03 5.793e-02 6.158e-01 1382.8518 6.223e-01 6.800e-03 5.655e-02 6.248e-01 0
20140309.500 2456726.000 2456725.895519 0.0088 1362.3043 6.130e-01 6.800e-03 3.845e-02 6.142e-01 1381.9593 6.219e-01 6.800e-03 3.810e-02 6.230e-01 0
20140310.500 2456727.000 2456726.880755 0.0089 1362.0994 6.129e-01 6.800e-03 4.174e-02 6.144e-01 1381.0490 6.215e-01 6.800e-03 3.946e-02 6.227e-01 0
20140311.500 2456728.000 2456727.931673 0.0089 1361.7162 6.128e-01 6.800e-03 3.147e-02 6.136e-01 1379.9046 6.210e-01 6.800e-03 3.518e-02 6.220e-01 0
20140312.500 2456729.000 2456729.000000 0.0000    0.0000 0.000e+00 0.000e+00 0.000e+00 0.000e+00    0.0000 0.000e+00 0.000e+00 0.000e+00 0.000e+00 0
20140313.500 2456730.000 2456729.902133 0.0089 1361.6961 6.128e-01 6.800e-03 6.891e-02 6.166e-01 1378.4476 6.203e-01 6.800e-03 6.832e-02 6.241e-01 0
20140314.500 2456731.000 2456730.887079 0.0089 1361.8708 6.128e-01 6.800e-03 5.816e-02 6.156e-01 1377.8961 6.201e-01 6.800e-03 5.566e-02 6.225e-01 0
20140315.500 2456732.000 2456731.872604 0.0089 1361.9841 6.129e-01 6.800e-03 3.347e-02 6.138e-01 1377.2750 6.198e-01 6.800e-03 3.257e-02 6.206e-01 0
20140316.500 2456733.000 2456732.857840 0.0091 1362.0738 6.129e-01 6.800e-03 6.752e-02 6.166e-01 1376.6232 6.195e-01 6.800e-03 6.457e-02 6.228e-01 0
20140317.500 2456734.000 2456733.909337 0.0091 1362.1036 6.129e-01 6.800e-03 7.574e-02 6.176e-01 1375.8533 6.191e-01 6.800e-03 7.369e-02 6.235e-01 0
20140318.500 2456735.000 2456734.894862 0.0091 1362.1138 6.130e-01 6.800e-03 6.463e-02 6.163e-01 1375.1068 6.188e-01 6.800e-03 7.073e-02 6.228e-01 0
20140319.500 2456736.000 2456735.792277 0.0826 1362.2199 6.130e-01 6.800e-03 6.000e-02 6.159e-01 1374.5193 6.185e-01 6.800e-03 8.350e-02 6.241e-01 0
20140320.500 2456737.000 2456736.865912 0.0091 1362.1272 6.130e-01 6.800e-03 4.992e-02 6.150e-01 1373.5883 6.181e-01 6.800e-03 4.998e-02 6.201e-01 0
20140321.500 2456738.000 2456737.917410 0.0091 1362.1382 6.130e-01 6.800e-03 7.839e-02 6.180e-01 1372.7732 6.177e-01 6.800e-03 7.307e-02 6.221e-01 0
20140322.500 2456739.000 2456738.902923 0.0091 1362.0998 6.129e-01 6.800e-03 7.173e-02 6.171e-01 1371.9557 6.174e-01 6.800e-03 7.084e-02 6.214e-01 0
20140323.500 2456740.000 2456739.888448 0.0091 1362.1149 6.130e-01 6.800e-03 7.156e-02 6.171e-01 1371.1887 6.170e-01 6.800e-03 6.770e-02 6.207e-01 0
20140324.500 2456741.000 2456740.873684 0.0089 1362.0484 6.129e-01 6.800e-03 3.896e-02 6.142e-01 1370.3374 6.167e-01 6.800e-03 3.806e-02 6.178e-01 0
20140325.500 2456742.000 2456741.858920 0.0091 1362.0059 6.129e-01 6.800e-03 4.937e-02 6.149e-01 1369.5090 6.163e-01 6.800e-03 5.457e-02 6.187e-01 0
20140326.500 2456743.000 2456742.842425 0.1980 1362.3216 6.130e-01 6.800e-03 6.505e-02 6.165e-01 1369.0420 6.161e-01 6.800e-03 1.536e-01 6.349e-01 0
20140327.500 2456744.000 2456743.895074 0.0089 1362.4111 6.131e-01 6.800e-03 5.215e-02 6.153e-01 1368.2933 6.157e-01 6.800e-03 4.949e-02 6.177e-01 0
20140328.500 2456745.000 2456744.879731 0.0088 1362.4854 6.131e-01 6.800e-03 5.331e-02 6.154e-01 1367.5856 6.154e-01 6.800e-03 4.782e-02 6.173e-01 0
20140329.500 2456746.000 2456745.864666 0.0088 1362.4895 6.131e-01 6.800e-03 6.398e-02 6.164e-01 1366.8100 6.151e-01 6.800e-03 5.906e-02 6.179e-01 0
20140330.500 2456747.000 2456746.783929 0.0089 1362.5191 6.131e-01 6.800e-03 6.484e-02 6.166e-01 1366.1152 6.148e-01 6.800e-03 6.248e-02 6.179e-01 0
20140331.500 2456748.000 2456747.637222 0.0088 1362.4577 6.131e-01 6.800e-03 6.607e-02 6.167e-01 1365.3841 6.144e-01 6.800e-03 6.073e-02 6.174e-01 0
20140401.500 2456749.000 2456748.983276 0.3630 1362.1463 6.130e-01 6.800e-03 1.138e-01 6.234e-01 1364.0224 6.138e-01 6.800e-03 3.904e-01 7.274e-01 0
20140402.500 2456750.000 2456750.000000 0.0000    0.0000 0.000e+00 0.000e+00 0.000e+00 0.000e+00    0.0000 0.000e+00 0.000e+00 0.000e+00 0.000e+00 0
20140403.500 2456751.000 2456750.657454 0.0088 1361.8390 6.128e-01 6.800e-03 3.809e-02 6.140e-01 1362.4187 6.131e-01 6.800e-03 3.521e-02 6.141e-01 0
20140404.500 2456752.000 2456751.642967 0.0081 1361.6726 6.128e-01 6.800e-03 3.923e-02 6.140e-01 1361.4942 6.127e-01 6.800e-03 4.011e-02 6.140e-01 0
20140405.500 2456753.000 2456752.626467 0.0089 1361.7716 6.128e-01 6.800e-03 7.158e-02 6.170e-01 1360.8396 6.124e-01 6.800e-03 6.634e-02 6.160e-01 0
20140406.500 2456754.000 2456753.578427 0.0343 1361.9443 6.129e-01 6.800e-03 7.682e-02 6.177e-01 1360.2850 6.121e-01 6.800e-03 7.568e-02 6.168e-01 0
20140407.500 2456755.000 2456754.628767 0.0343 1362.1722 6.130e-01 6.800e-03 8.866e-02 6.194e-01 1359.7126 6.119e-01 6.800e-03 7.196e-02 6.161e-01 0
20140408.500 2456756.000 2456756.073195 0.3629 1362.1642 6.130e-01 6.800e-03 6.248e-02 6.161e-01 1358.6074 6.114e-01 6.800e-03 2.520e-01 6.613e-01 0
20140409.500 2456757.000 2456756.762709 0.0091 1362.0738 6.129e-01 6.800e-03 6.079e-02 6.159e-01 1357.9943 6.111e-01 6.800e-03 6.473e-02 6.145e-01 0
20140410.500 2456758.000 2456757.616291 0.0091 1362.3115 6.130e-01 6.800e-03 4.144e-02 6.144e-01 1357.5845 6.109e-01 6.800e-03 3.704e-02 6.120e-01 0
20140411.500 2456759.000 2456758.666631 0.0091 1362.2298 6.130e-01 6.800e-03 7.978e-02 6.182e-01 1356.7077 6.105e-01 6.800e-03 7.397e-02 6.150e-01 0
20140412.500 2456760.000 2456759.652156 0.0091 1362.0453 6.129e-01 6.800e-03 5.241e-02 6.152e-01 1355.7781 6.101e-01 6.800e-03 4.712e-02 6.119e-01 0
20140413.500 2456761.000 2456760.637391 0.0093 1361.9838 6.129e-01 6.800e-03 5.645e-02 6.155e-01 1354.9711 6.097e-01 6.800e-03 5.268e-02 6.120e-01 0
20140414.500 2456762.000 2456761.622916 0.0093 1361.8042 6.128e-01 6.800e-03 5.391e-02 6.152e-01 1354.0464 6.093e-01 6.800e-03 5.003e-02 6.114e-01 0
20140415.500 2456763.000 2456763.071625 0.3961 1361.3903 6.126e-01 6.800e-03 9.681e-02 6.202e-01 1352.5377 6.086e-01 6.800e-03 3.840e-01 7.196e-01 0
20140416.500 2456764.000 2456763.708027 0.0274 1361.0345 6.125e-01 6.800e-03 4.303e-02 6.140e-01 1351.7022 6.083e-01 6.800e-03 4.749e-02 6.101e-01 0
20140417.500 2456765.000 2456764.644872 0.0093 1361.2967 6.126e-01 6.800e-03 4.584e-02 6.143e-01 1351.2528 6.081e-01 6.800e-03 4.225e-02 6.095e-01 0
20140418.500 2456766.000 2456765.827733 0.0093 1361.3969 6.126e-01 6.800e-03 7.696e-02 6.174e-01 1350.4563 6.077e-01 6.800e-03 7.302e-02 6.121e-01 0
20140419.500 2456767.000 2456766.812687 0.0093 1361.8611 6.128e-01 6.800e-03 6.948e-02 6.168e-01 1350.1714 6.076e-01 6.800e-03 6.381e-02 6.109e-01 0
20140420.500 2456768.000 2456767.995268 0.0091 1362.3094 6.130e-01 6.800e-03 9.342e-02 6.201e-01 1349.7228 6.074e-01 6.800e-03 8.857e-02 6.138e-01 0
20140421.500 2456769.000 2456768.914539 0.0093 1362.4772 6.131e-01 6.800e-03 5.404e-02 6.155e-01 1349.1976 6.071e-01 6.800e-03 4.858e-02 6.091e-01 0
20140422.500 2456770.000 2456770.129527 0.2310 1362.2579 6.130e-01 6.800e-03 5.201e-02 6.152e-01 1348.0718 6.066e-01 6.800e-03 2.103e-01 6.421e-01 0
20140423.500 2456771.000 2456770.884732 0.0091 1362.0657 6.129e-01 6.800e-03 6.291e-02 6.161e-01 1347.3205 6.063e-01 6.800e-03 6.728e-02 6.100e-01 0
20140424.500 2456772.000 2456771.935071 0.0091 1362.1269 6.130e-01 6.800e-03 3.752e-02 6.141e-01 1346.6066 6.060e-01 6.800e-03 3.565e-02 6.070e-01 0
20140425.500 2456773.000 2456772.854046 0.0091 1362.2232 6.130e-01 6.800e-03 5.598e-02 6.156e-01 1346.0307 6.057e-01 6.800e-03 5.154e-02 6.079e-01 0
20140426.500 2456774.000 2456773.805509 0.0342 1362.1835 6.130e-01 6.800e-03 6.714e-02 6.166e-01 1345.3037 6.054e-01 6.800e-03 5.636e-02 6.080e-01 0
20140427.500 2456775.000 2456774.790328 0.0340 1362.1776 6.130e-01 6.800e-03 7.942e-02 6.181e-01 1344.5945 6.051e-01 6.800e-03 6.602e-02 6.087e-01 0
20140428.500 2456776.000 2456775.853637 0.0289 1362.1142 6.130e-01 6.800e-03 6.275e-02 6.162e-01 1343.7829 6.047e-01 6.800e-03 6.237e-02 6.079e-01 0
20140429.500 2456777.000 2456776.857732 0.0089 1361.9814 6.129e-01 6.800e-03 5.786e-02 6.156e-01 1342.9546 6.043e-01 6.800e-03 5.427e-02 6.068e-01 0
20140430.500 2456778.000 2456777.847006 0.0061 1361.6763 6.128e-01 6.800e-03 3.354e-02 6.137e-01 1341.9768 6.039e-01 6.800e-03 3.491e-02 6.049e-01 0
20140501.500 2456779.000 2456778.826744 0.0088 1361.5818 6.127e-01 6.800e-03 5.968e-02 6.156e-01 1341.2229 6.036e-01 6.800e-03 5.568e-02 6.061e-01 0
20140502.500 2456780.000 2456779.811401 0.0089 1361.1715 6.125e-01 6.800e-03 5.792e-02 6.153e-01 1340.1642 6.031e-01 6.800e-03 6.039e-02 6.061e-01 0
20140503.500 2456781.000 2456780.795769 0.0089 1361.2372 6.126e-01 6.800e-03 5.851e-02 6.153e-01 1339.5837 6.028e-01 6.800e-03 5.660e-02 6.055e-01 0
20140504.500 2456782.000 2456781.845819 0.0088 1361.6536 6.127e-01 6.800e-03 5.298e-02 6.150e-01 1339.3149 6.027e-01 6.800e-03 5.066e-02 6.048e-01 0
20140505.500 2456783.000 2456782.830476 0.0089 1361.8602 6.128e-01 6.800e-03 3.949e-02 6.141e-01 1338.8904 6.025e-01 6.800e-03 3.811e-02 6.037e-01 0
20140506.500 2456784.000 2456784.044865 0.2310 1361.9702 6.129e-01 6.800e-03 6.605e-02 6.164e-01 1338.2356 6.022e-01 6.800e-03 1.817e-01 6.290e-01 0
20140507.500 2456785.000 2456784.865460 0.0088 1361.7256 6.128e-01 6.800e-03 6.447e-02 6.162e-01 1337.4860 6.019e-01 6.800e-03 6.637e-02 6.055e-01 0
20140508.500 2456786.000 2456785.784435 0.0088 1361.7652 6.128e-01 6.800e-03 5.789e-02 6.155e-01 1336.9607 6.016e-01 6.800e-03 5.880e-02 6.045e-01 0
20140509.500 2456787.000 2456787.000000 0.0000    0.0000 0.000e+00 0.000e+00 0.000e+00 0.000e+00    0.0000 0.000e+00 0.000e+00 0.000e+00 0.000e+00 0
20140510.500 2456788.000 2456788.000000 0.0000    0.0000 0.000e+00 0.000e+00 0.000e+00 0.000e+00    0.0000 0.000e+00 0.000e+00 0.000e+00 0.000e+00 0
20140511.500 2456789.000 2456788.803799 0.0089 1361.4682 6.127e-01 6.800e-03 4.649e-02 6.144e-01 1334.8551 6.007e-01 6.800e-03 4.489e-02 6.024e-01 0
20140512.500 2456790.000 2456790.000000 0.0000    0.0000 0.000e+00 0.000e+00 0.000e+00 0.000e+00    0.0000 0.000e+00 0.000e+00 0.000e+00 0.000e+00 0
20140513.500 2456791.000 2456790.936062 0.1652 1361.6646 6.127e-01 6.800e-03 6.699e-02 6.164e-01 1333.7980 6.002e-01 6.800e-03 8.067e-02 6.056e-01 0
20140514.500 2456792.000 2456792.000000 0.0000    0.0000 0.000e+00 0.000e+00 0.000e+00 0.000e+00    0.0000 0.000e+00 0.000e+00 0.000e+00 0.000e+00 0
20140515.500 2456793.000 2456792.808387 0.0089 1362.0425 6.129e-01 6.800e-03 4.393e-02 6.145e-01 1333.0889 5.999e-01 6.800e-03 4.317e-02 6.014e-01 0
20140516.500 2456794.000 2456794.000000 0.0000    0.0000 0.000e+00 0.000e+00 0.000e+00 0.000e+00    0.0000 0.000e+00 0.000e+00 0.000e+00 0.000e+00 0
20140517.500 2456795.000 2456795.000000 0.0000    0.0000 0.000e+00 0.000e+00 0.000e+00 0.000e+00    0.0000 0.000e+00 0.000e+00 0.000e+00 0.000e+00 0
20140518.500 2456796.000 2456795.827740 0.0088 1362.6235 6.132e-01 6.800e-03 3.106e-02 6.140e-01 1331.9535 5.994e-01 6.800e-03 3.181e-02 6.002e-01 0
20140519.500 2456797.000 2456797.000000 0.0000    0.0000 0.000e+00 0.000e+00 0.000e+00 0.000e+00    0.0000 0.000e+00 0.000e+00 0.000e+00 0.000e+00 0
20140520.500 2456798.000 2456797.798495 0.1980 1362.1109 6.129e-01 6.800e-03 1.139e-01 6.234e-01 1330.3713 5.987e-01 6.800e-03 2.132e-01 6.355e-01 0
20140521.500 2456799.000 2456799.000000 0.0000    0.0000 0.000e+00 0.000e+00 0.000e+00 0.000e+00    0.0000 0.000e+00 0.000e+00 0.000e+00 0.000e+00 0
20140522.500 2456800.000 2456800.000000 0.0000    0.0000 0.000e+00 0.000e+00 0.000e+00 0.000e+00    0.0000 0.000e+00 0.000e+00 0.000e+00 0.000e+00 0
20140523.500 2456801.000 2456801.000000 0.0000    0.0000 0.000e+00 0.000e+00 0.000e+00 0.000e+00    0.0000 0.000e+00 0.000e+00 0.000e+00 0.000e+00 0
20140524.500 2456802.000 2456801.825996 0.1949 1362.0212 6.129e-01 6.800e-03 1.754e-01 6.375e-01 1328.1835 5.977e-01 6.800e-03 8.734e-02 6.040e-01 0
20140525.500 2456803.000 2456803.000000 0.0000    0.0000 0.000e+00 0.000e+00 0.000e+00 0.000e+00    0.0000 0.000e+00 0.000e+00 0.000e+00 0.000e+00 0
20140526.500 2456804.000 2456804.000000 0.0000    0.0000 0.000e+00 0.000e+00 0.000e+00 0.000e+00    0.0000 0.000e+00 0.000e+00 0.000e+00 0.000e+00 0
20140527.500 2456805.000 2456805.000000 0.0000    0.0000 0.000e+00 0.000e+00 0.000e+00 0.000e+00    0.0000 0.000e+00 0.000e+00 0.000e+00 0.000e+00 0
20140528.500 2456806.000 2456806.000000 0.0000    0.0000 0.000e+00 0.000e+00 0.000e+00 0.000e+00    0.0000 0.000e+00 0.000e+00 0.000e+00 0.000e+00 0
20140529.500 2456807.000 2456807.000000 0.0000    0.0000 0.000e+00 0.000e+00 0.000e+00 0.000e+00    0.0000 0.000e+00 0.000e+00 0.000e+00 0.000e+00 0
20140530.500 2456808.000 2456808.000000 0.0000    0.0000 0.000e+00 0.000e+00 0.000e+00 0.000e+00    0.0000 0.000e+00 0.000e+00 0.000e+00 0.000e+00 0
20140531.500 2456809.000 2456808.820386 0.1982 1362.1344 6.130e-01 6.800e-03 1.565e-01 6.326e-01 1325.1264 5.963e-01 6.800e-03 8.140e-02 6.018e-01 0
20140601.500 2456810.000 2456810.000000 0.0000    0.0000 0.000e+00 0.000e+00 0.000e+00 0.000e+00    0.0000 0.000e+00 0.000e+00 0.000e+00 0.000e+00 0
20140602.500 2456811.000 2456811.000000 0.0000    0.0000 0.000e+00 0.000e+00 0.000e+00 0.000e+00    0.0000 0.000e+00 0.000e+00 0.000e+00 0.000e+00 0
20140603.500 2456812.000 2456812.000000 0.0000    0.0000 0.000e+00 0.000e+00 0.000e+00 0.000e+00    0.0000 0.000e+00 0.000e+00 0.000e+00 0.000e+00 0
20140604.500 2456813.000 2456813.000000 0.0000    0.0000 0.000e+00 0.000e+00 0.000e+00 0.000e+00    0.0000 0.000e+00 0.000e+00 0.000e+00 0.000e+00 0
20140605.500 2456814.000 2456814.000000 0.0000    0.0000 0.000e+00 0.000e+00 0.000e+00 0.000e+00    0.0000 0.000e+00 0.000e+00 0.000e+00 0.000e+00 0
20140606.500 2456815.000 2456815.000000 0.0000    0.0000 0.000e+00 0.000e+00 0.000e+00 0.000e+00    0.0000 0.000e+00 0.000e+00 0.000e+00 0.000e+00 0
20140607.500 2456816.000 2456815.847229 0.1984 1361.4431 6.126e-01 6.800e-03 7.889e-02 6.177e-01 1321.9230 5.949e-01 6.800e-03 1.278e-01 6.084e-01 0
20140608.500 2456817.000 2456817.000000 0.0000    0.0000 0.000e+00 0.000e+00 0.000e+00 0.000e+00    0.0000 0.000e+00 0.000e+00 0.000e+00 0.000e+00 0
20140609.500 2456818.000 2456818.000000 0.0000    0.0000 0.000e+00 0.000e+00 0.000e+00 0.000e+00    0.0000 0.000e+00 0.000e+00 0.000e+00 0.000e+00 0
20140610.500 2456819.000 2456819.000000 0.0000    0.0000 0.000e+00 0.000e+00 0.000e+00 0.000e+00    0.0000 0.000e+00 0.000e+00 0.000e+00 0.000e+00 0
20140611.500 2456820.000 2456820.000000 0.0000    0.0000 0.000e+00 0.000e+00 0.000e+00 0.000e+00    0.0000 0.000e+00 0.000e+00 0.000e+00 0.000e+00 0
20140612.500 2456821.000 2456821.000000 0.0000    0.0000 0.000e+00 0.000e+00 0.000e+00 0.000e+00    0.0000 0.000e+00 0.000e+00 0.000e+00 0.000e+00 0
20140613.500 2456822.000 2456822.000000 0.0000    0.0000 0.000e+00 0.000e+00 0.000e+00 0.000e+00    0.0000 0.000e+00 0.000e+00 0.000e+00 0.000e+00 0
20140614.500 2456823.000 2456822.875819 0.1979 1362.0842 6.129e-01 6.800e-03 1.390e-01 6.285e-01 1320.5204 5.942e-01 6.800e-03 1.845e-01 6.222e-01 0
20140615.500 2456824.000 2456824.000000 0.0000    0.0000 0.000e+00 0.000e+00 0.000e+00 0.000e+00    0.0000 0.000e+00 0.000e+00 0.000e+00 0.000e+00 0
20140616.500 2456825.000 2456825.000000 0.0000    0.0000 0.000e+00 0.000e+00 0.000e+00 0.000e+00    0.0000 0.000e+00 0.000e+00 0.000e+00 0.000e+00 0
20140617.500 2456826.000 2456826.000000 0.0000    0.0000 0.000e+00 0.000e+00 0.000e+00 0.000e+00    0.0000 0.000e+00 0.000e+00 0.000e+00 0.000e+00 0
20140618.500 2456827.000 2456827.000000 0.0000    0.0000 0.000e+00 0.000e+00 0.000e+00 0.000e+00    0.0000 0.000e+00 0.000e+00 0.000e+00 0.000e+00 0
20140619.500 2456828.000 2456828.000000 0.0000    0.0000 0.000e+00 0.000e+00 0.000e+00 0.000e+00    0.0000 0.000e+00 0.000e+00 0.000e+00 0.000e+00 0
20140620.500 2456829.000 2456829.000000 0.0000    0.0000 0.000e+00 0.000e+00 0.000e+00 0.000e+00    0.0000 0.000e+00 0.000e+00 0.000e+00 0.000e+00 0
20140621.500 2456830.000 2456829.798499 0.2001 1361.7562 6.128e-01 6.800e-03 8.021e-02 6.180e-01 1318.6278 5.934e-01 6.800e-03 8.585e-02 5.996e-01 0
20140622.500 2456831.000 2456831.000000 0.0000    0.0000 0.000e+00 0.000e+00 0.000e+00 0.000e+00    0.0000 0.000e+00 0.000e+00 0.000e+00 0.000e+00 0
20140623.500 2456832.000 2456832.000000 0.0000    0.0000 0.000e+00 0.000e+00 0.000e+00 0.000e+00    0.0000 0.000e+00 0.000e+00 0.000e+00 0.000e+00 0
20140624.500 2456833.000 2456833.000000 0.0000    0.0000 0.000e+00 0.000e+00 0.000e+00 0.000e+00    0.0000 0.000e+00 0.000e+00 0.000e+00 0.000e+00 0
20140625.500 2456834.000 2456834.000000 0.0000    0.0000 0.000e+00 0.000e+00 0.000e+00 0.000e+00    0.0000 0.000e+00 0.000e+00 0.000e+00 0.000e+00 0
20140626.500 2456835.000 2456835.000000 0.0000    0.0000 0.000e+00 0.000e+00 0.000e+00 0.000e+00    0.0000 0.000e+00 0.000e+00 0.000e+00 0.000e+00 0
20140627.500 2456836.000 2456836.000000 0.0000    0.0000 0.000e+00 0.000e+00 0.000e+00 0.000e+00    0.0000 0.000e+00 0.000e+00 0.000e+00 0.000e+00 0
20140628.500 2456837.000 2456836.853689 0.1980 1361.6771 6.128e-01 6.800e-03 1.101e-01 6.226e-01 1317.5870 5.929e-01 6.800e-03 1.203e-01 6.050e-01 0
20140629.500 2456838.000 2456838.000000 0.0000    0.0000 0.000e+00 0.000e+00 0.000e+00 0.000e+00    0.0000 0.000e+00 0.000e+00 0.000e+00 0.000e+00 0
20140630.500 2456839.000 2456839.000000 0.0000    0.0000 0.000e+00 0.000e+00 0.000e+00 0.000e+00    0.0000 0.000e+00 0.000e+00 0.000e+00 0.000e+00 0
20140701.500 2456840.000 2456840.000000 0.0000    0.0000 0.000e+00 0.000e+00 0.000e+00 0.000e+00    0.0000 0.000e+00 0.000e+00 0.000e+00 0.000e+00 0
20140702.500 2456841.000 2456841.000000 0.0000    0.0000 0.000e+00 0.000e+00 0.000e+00 0.000e+00    0.0000 0.000e+00 0.000e+00 0.000e+00 0.000e+00 0
20140703.500 2456842.000 2456842.000000 0.0000    0.0000 0.000e+00 0.000e+00 0.000e+00 0.000e+00    0.0000 0.000e+00 0.000e+00 0.000e+00 0.000e+00 0
20140704.500 2456843.000 2456843.000000 0.0000    0.0000 0.000e+00 0.000e+00 0.000e+00 0.000e+00    0.0000 0.000e+00 0.000e+00 0.000e+00 0.000e+00 0
20140705.500 2456844.000 2456843.841183 0.1651 1361.1442 6.125e-01 6.800e-03 9.493e-02 6.198e-01 1316.8554 5.926e-01 6.800e-03 8.918e-02 5.993e-01 0
20140706.500 2456845.000 2456845.000000 0.0000    0.0000 0.000e+00 0.000e+00 0.000e+00 0.000e+00    0.0000 0.000e+00 0.000e+00 0.000e+00 0.000e+00 0
20140707.500 2456846.000 2456846.000000 0.0000    0.0000 0.000e+00 0.000e+00 0.000e+00 0.000e+00    0.0000 0.000e+00 0.000e+00 0.000e+00 0.000e+00 0
20140708.500 2456847.000 2456847.000000 0.0000    0.0000 0.000e+00 0.000e+00 0.000e+00 0.000e+00    0.0000 0.000e+00 0.000e+00 0.000e+00 0.000e+00 0
20140709.500 2456848.000 2456848.000000 0.0000    0.0000 0.000e+00 0.000e+00 0.000e+00 0.000e+00    0.0000 0.000e+00 0.000e+00 0.000e+00 0.000e+00 0
20140710.500 2456849.000 2456849.000000 0.0000    0.0000 0.000e+00 0.000e+00 0.000e+00 0.000e+00    0.0000 0.000e+00 0.000e+00 0.000e+00 0.000e+00 0
20140711.500 2456850.000 2456850.000000 0.0000    0.0000 0.000e+00 0.000e+00 0.000e+00 0.000e+00    0.0000 0.000e+00 0.000e+00 0.000e+00 0.000e+00 0
20140712.500 2456851.000 2456850.833543 0.1981 1361.9121 6.129e-01 6.800e-03 8.762e-02 6.191e-01 1317.9833 5.931e-01 6.800e-03 7.249e-02 5.975e-01 0
20140713.500 2456852.000 2456852.000000 0.0000    0.0000 0.000e+00 0.000e+00 0.000e+00 0.000e+00    0.0000 0.000e+00 0.000e+00 0.000e+00 0.000e+00 0
20140714.500 2456853.000 2456853.000000 0.0000    0.0000 0.000e+00 0.000e+00 0.000e+00 0.000e+00    0.0000 0.000e+00 0.000e+00 0.000e+00 0.000e+00 0
20140715.500 2456854.000 2456854.000000 0.0000    0.0000 0.000e+00 0.000e+00 0.000e+00 0.000e+00    0.0000 0.000e+00 0.000e+00 0.000e+00 0.000e+00 0
20140716.500 2456855.000 2456855.000000 0.0000    0.0000 0.000e+00 0.000e+00 0.000e+00 0.000e+00    0.0000 0.000e+00 0.000e+00 0.000e+00 0.000e+00 0
20140717.500 2456856.000 2456856.000000 0.0000    0.0000 0.000e+00 0.000e+00 0.000e+00 0.000e+00    0.0000 0.000e+00 0.000e+00 0.000e+00 0.000e+00 0
20140718.500 2456857.000 2456857.000000 0.0000    0.0000 0.000e+00 0.000e+00 0.000e+00 0.000e+00    0.0000 0.000e+00 0.000e+00 0.000e+00 0.000e+00 0
20140719.500 2456858.000 2456858.000000 0.0000    0.0000 0.000e+00 0.000e+00 0.000e+00 0.000e+00    0.0000 0.000e+00 0.000e+00 0.000e+00 0.000e+00 0
20140720.500 2456859.000 2456858.831818 0.1980 1361.5437 6.127e-01 6.800e-03 6.230e-02 6.159e-01 1318.6170 5.934e-01 6.800e-03 5.276e-02 5.957e-01 0
20140721.500 2456860.000 2456860.000000 0.0000    0.0000 0.000e+00 0.000e+00 0.000e+00 0.000e+00    0.0000 0.000e+00 0.000e+00 0.000e+00 0.000e+00 0
20140722.500 2456861.000 2456861.000000 0.0000    0.0000 0.000e+00 0.000e+00 0.000e+00 0.000e+00    0.0000 0.000e+00 0.000e+00 0.000e+00 0.000e+00 0
20140723.500 2456862.000 2456862.000000 0.0000    0.0000 0.000e+00 0.000e+00 0.000e+00 0.000e+00    0.0000 0.000e+00 0.000e+00 0.000e+00 0.000e+00 0
20140724.500 2456863.000 2456863.000000 0.0000    0.0000 0.000e+00 0.000e+00 0.000e+00 0.000e+00    0.0000 0.000e+00 0.000e+00 0.000e+00 0.000e+00 0
20140725.500 2456864.000 2456864.000000 0.0000    0.0000 0.000e+00 0.000e+00 0.000e+00 0.000e+00    0.0000 0.000e+00 0.000e+00 0.000e+00 0.000e+00 0
20140726.500 2456865.000 2456864.838381 0.1651 1361.8048 6.128e-01 6.800e-03 1.903e-01 6.417e-01 1320.1301 5.941e-01 6.800e-03 1.441e-01 6.113e-01 0
20140727.500 2456866.000 2456866.000000 0.0000    0.0000 0.000e+00 0.000e+00 0.000e+00 0.000e+00    0.0000 0.000e+00 0.000e+00 0.000e+00 0.000e+00 0
20140728.500 2456867.000 2456867.000000 0.0000    0.0000 0.000e+00 0.000e+00 0.000e+00 0.000e+00    0.0000 0.000e+00 0.000e+00 0.000e+00 0.000e+00 0
20140729.500 2456868.000 2456868.000000 0.0000    0.0000 0.000e+00 0.000e+00 0.000e+00 0.000e+00    0.0000 0.000e+00 0.000e+00 0.000e+00 0.000e+00 0
20140730.500 2456869.000 2456869.000000 0.0000    0.0000 0.000e+00 0.000e+00 0.000e+00 0.000e+00    0.0000 0.000e+00 0.000e+00 0.000e+00 0.000e+00 0
20140731.500 2456870.000 2456870.000000 0.0000    0.0000 0.000e+00 0.000e+00 0.000e+00 0.000e+00    0.0000 0.000e+00 0.000e+00 0.000e+00 0.000e+00 0
20140801.500 2456871.000 2456871.000000 0.0000    0.0000 0.000e+00 0.000e+00 0.000e+00 0.000e+00    0.0000 0.000e+00 0.000e+00 0.000e+00 0.000e+00 0
20140802.500 2456872.000 2456871.833401 0.1979 1362.4052 6.131e-01 6.800e-03 1.225e-01 6.252e-01 1322.8438 5.953e-01 6.800e-03 7.827e-02 6.004e-01 0
20140803.500 2456873.000 2456873.000000 0.0000    0.0000 0.000e+00 0.000e+00 0.000e+00 0.000e+00    0.0000 0.000e+00 0.000e+00 0.000e+00 0.000e+00 0
20140804.500 2456874.000 2456874.000000 0.0000    0.0000 0.000e+00 0.000e+00 0.000e+00 0.000e+00    0.0000 0.000e+00 0.000e+00 0.000e+00 0.000e+00 0
20140805.500 2456875.000 2456875.000000 0.0000    0.0000 0.000e+00 0.000e+00 0.000e+00 0.000e+00    0.0000 0.000e+00 0.000e+00 0.000e+00 0.000e+00 0
20140806.500 2456876.000 2456876.000000 0.0000    0.0000 0.000e+00 0.000e+00 0.000e+00 0.000e+00    0.0000 0.000e+00 0.000e+00 0.000e+00 0.000e+00 0
20140807.500 2456877.000 2456877.000000 0.0000    0.0000 0.000e+00 0.000e+00 0.000e+00 0.000e+00    0.0000 0.000e+00 0.000e+00 0.000e+00 0.000e+00 0
20140808.500 2456878.000 2456878.000000 0.0000    0.0000 0.000e+00 0.000e+00 0.000e+00 0.000e+00    0.0000 0.000e+00 0.000e+00 0.000e+00 0.000e+00 0
20140809.500 2456879.000 2456878.822793 0.2001 1361.7332 6.128e-01 6.800e-03 1.071e-01 6.221e-01 1324.9128 5.962e-01 6.800e-03 5.603e-02 5.988e-01 0
20140810.500 2456880.000 2456880.000000 0.0000    0.0000 0.000e+00 0.000e+00 0.000e+00 0.000e+00    0.0000 0.000e+00 0.000e+00 0.000e+00 0.000e+00 0
20140811.500 2456881.000 2456881.000000 0.0000    0.0000 0.000e+00 0.000e+00 0.000e+00 0.000e+00    0.0000 0.000e+00 0.000e+00 0.000e+00 0.000e+00 0
20140812.500 2456882.000 2456882.000000 0.0000    0.0000 0.000e+00 0.000e+00 0.000e+00 0.000e+00    0.0000 0.000e+00 0.000e+00 0.000e+00 0.000e+00 0
20140813.500 2456883.000 2456883.000000 0.0000    0.0000 0.000e+00 0.000e+00 0.000e+00 0.000e+00    0.0000 0.000e+00 0.000e+00 0.000e+00 0.000e+00 0
20140814.500 2456884.000 2456884.000000 0.0000    0.0000 0.000e+00 0.000e+00 0.000e+00 0.000e+00    0.0000 0.000e+00 0.000e+00 0.000e+00 0.000e+00 0
20140815.500 2456885.000 2456885.000000 0.0000    0.0000 0.000e+00 0.000e+00 0.000e+00 0.000e+00    0.0000 0.000e+00 0.000e+00 0.000e+00 0.000e+00 0
20140816.500 2456886.000 2456885.876097 0.1980 1361.4200 6.126e-01 6.800e-03 4.534e-02 6.143e-01 1327.7287 5.975e-01 6.800e-03 1.159e-01 6.086e-01 0
20140817.500 2456887.000 2456887.000000 0.0000    0.0000 0.000e+00 0.000e+00 0.000e+00 0.000e+00    0.0000 0.000e+00 0.000e+00 0.000e+00 0.000e+00 0
20140818.500 2456888.000 2456888.000000 0.0000    0.0000 0.000e+00 0.000e+00 0.000e+00 0.000e+00    0.0000 0.000e+00 0.000e+00 0.000e+00 0.000e+00 0
20140819.500 2456889.000 2456889.000000 0.0000    0.0000 0.000e+00 0.000e+00 0.000e+00 0.000e+00    0.0000 0.000e+00 0.000e+00 0.000e+00 0.000e+00 0
20140820.500 2456890.000 2456890.000000 0.0000    0.0000 0.000e+00 0.000e+00 0.000e+00 0.000e+00    0.0000 0.000e+00 0.000e+00 0.000e+00 0.000e+00 0
20140821.500 2456891.000 2456891.000000 0.0000    0.0000 0.000e+00 0.000e+00 0.000e+00 0.000e+00    0.0000 0.000e+00 0.000e+00 0.000e+00 0.000e+00 0
20140822.500 2456892.000 2456892.000000 0.0000    0.0000 0.000e+00 0.000e+00 0.000e+00 0.000e+00    0.0000 0.000e+00 0.000e+00 0.000e+00 0.000e+00 0
20140823.500 2456893.000 2456892.892857 0.1980 1361.6841 6.128e-01 6.800e-03 1.186e-01 6.241e-01 1331.5325 5.992e-01 6.800e-03 5.959e-02 6.021e-01 0
20140824.500 2456894.000 2456894.000000 0.0000    0.0000 0.000e+00 0.000e+00 0.000e+00 0.000e+00    0.0000 0.000e+00 0.000e+00 0.000e+00 0.000e+00 0
20140825.500 2456895.000 2456895.000000 0.0000    0.0000 0.000e+00 0.000e+00 0.000e+00 0.000e+00    0.0000 0.000e+00 0.000e+00 0.000e+00 0.000e+00 0
20140826.500 2456896.000 2456896.000000 0.0000    0.0000 0.000e+00 0.000e+00 0.000e+00 0.000e+00    0.0000 0.000e+00 0.000e+00 0.000e+00 0.000e+00 0
20140827.500 2456897.000 2456897.000000 0.0000    0.0000 0.000e+00 0.000e+00 0.000e+00 0.000e+00    0.0000 0.000e+00 0.000e+00 0.000e+00 0.000e+00 0
20140828.500 2456898.000 2456898.000000 0.0000    0.0000 0.000e+00 0.000e+00 0.000e+00 0.000e+00    0.0000 0.000e+00 0.000e+00 0.000e+00 0.000e+00 0
20140829.500 2456899.000 2456899.000000 0.0000    0.0000 0.000e+00 0.000e+00 0.000e+00 0.000e+00    0.0000 0.000e+00 0.000e+00 0.000e+00 0.000e+00 0
20140830.500 2456900.000 2456899.883785 0.2310 1361.8914 6.129e-01 6.800e-03 7.548e-02 6.175e-01 1335.8361 6.011e-01 6.800e-03 1.861e-01 6.293e-01 0
20140831.500 2456901.000 2456901.000000 0.0000    0.0000 0.000e+00 0.000e+00 0.000e+00 0.000e+00    0.0000 0.000e+00 0.000e+00 0.000e+00 0.000e+00 0
20140901.500 2456902.000 2456902.000000 0.0000    0.0000 0.000e+00 0.000e+00 0.000e+00 0.000e+00    0.0000 0.000e+00 0.000e+00 0.000e+00 0.000e+00 0
20140902.500 2456903.000 2456903.000000 0.0000    0.0000 0.000e+00 0.000e+00 0.000e+00 0.000e+00    0.0000 0.000e+00 0.000e+00 0.000e+00 0.000e+00 0
20140903.500 2456904.000 2456904.000000 0.0000    0.0000 0.000e+00 0.000e+00 0.000e+00 0.000e+00    0.0000 0.000e+00 0.000e+00 0.000e+00 0.000e+00 0
20140904.500 2456905.000 2456905.000000 0.0000    0.0000 0.000e+00 0.000e+00 0.000e+00 0.000e+00    0.0000 0.000e+00 0.000e+00 0.000e+00 0.000e+00 0
20140905.500 2456906.000 2456906.000000 0.0000    0.0000 0.000e+00 0.000e+00 0.000e+00 0.000e+00    0.0000 0.000e+00 0.000e+00 0.000e+00 0.000e+00 0
20140906.500 2456907.000 2456906.873017 0.1980 1361.8589 6.128e-01 6.800e-03 1.376e-01 6.281e-01 1340.3774 6.032e-01 6.800e-03 6.761e-02 6.069e-01 0
20140907.500 2456908.000 2456908.000000 0.0000    0.0000 0.000e+00 0.000e+00 0.000e+00 0.000e+00    0.0000 0.000e+00 0.000e+00 0.000e+00 0.000e+00 0
20140908.500 2456909.000 2456909.000000 0.0000    0.0000 0.000e+00 0.000e+00 0.000e+00 0.000e+00    0.0000 0.000e+00 0.000e+00 0.000e+00 0.000e+00 0
20140909.500 2456910.000 2456910.000000 0.0000    0.0000 0.000e+00 0.000e+00 0.000e+00 0.000e+00    0.0000 0.000e+00 0.000e+00 0.000e+00 0.000e+00 0
20140910.500 2456911.000 2456911.000000 0.0000    0.0000 0.000e+00 0.000e+00 0.000e+00 0.000e+00    0.0000 0.000e+00 0.000e+00 0.000e+00 0.000e+00 0
20140911.500 2456912.000 2456912.000000 0.0000    0.0000 0.000e+00 0.000e+00 0.000e+00 0.000e+00    0.0000 0.000e+00 0.000e+00 0.000e+00 0.000e+00 0
20140912.500 2456913.000 2456913.000000 0.0000    0.0000 0.000e+00 0.000e+00 0.000e+00 0.000e+00    0.0000 0.000e+00 0.000e+00 0.000e+00 0.000e+00 0
20140913.500 2456914.000 2456913.856739 0.2001 1362.0343 6.129e-01 6.800e-03 7.864e-02 6.179e-01 1345.3255 6.054e-01 6.800e-03 2.028e-01 6.385e-01 0
20140914.500 2456915.000 2456915.000000 0.0000    0.0000 0.000e+00 0.000e+00 0.000e+00 0.000e+00    0.0000 0.000e+00 0.000e+00 0.000e+00 0.000e+00 0
20140915.500 2456916.000 2456916.000000 0.0000    0.0000 0.000e+00 0.000e+00 0.000e+00 0.000e+00    0.0000 0.000e+00 0.000e+00 0.000e+00 0.000e+00 0
20140916.500 2456917.000 2456917.000000 0.0000    0.0000 0.000e+00 0.000e+00 0.000e+00 0.000e+00    0.0000 0.000e+00 0.000e+00 0.000e+00 0.000e+00 0
20140917.500 2456918.000 2456918.000000 0.0000    0.0000 0.000e+00 0.000e+00 0.000e+00 0.000e+00    0.0000 0.000e+00 0.000e+00 0.000e+00 0.000e+00 0
20140918.500 2456919.000 2456919.000000 0.0000    0.0000 0.000e+00 0.000e+00 0.000e+00 0.000e+00    0.0000 0.000e+00 0.000e+00 0.000e+00 0.000e+00 0
20140919.500 2456920.000 2456920.000000 0.0000    0.0000 0.000e+00 0.000e+00 0.000e+00 0.000e+00    0.0000 0.000e+00 0.000e+00 0.000e+00 0.000e+00 0
20140920.500 2456921.000 2456920.877800 0.1651 1362.1192 6.130e-01 6.800e-03 1.826e-01 6.396e-01 1350.3930 6.077e-01 6.800e-03 7.583e-02 6.124e-01 0
20140921.500 2456922.000 2456922.000000 0.0000    0.0000 0.000e+00 0.000e+00 0.000e+00 0.000e+00    0.0000 0.000e+00 0.000e+00 0.000e+00 0.000e+00 0
20140922.500 2456923.000 2456923.000000 0.0000    0.0000 0.000e+00 0.000e+00 0.000e+00 0.000e+00    0.0000 0.000e+00 0.000e+00 0.000e+00 0.000e+00 0
20140923.500 2456924.000 2456924.000000 0.0000    0.0000 0.000e+00 0.000e+00 0.000e+00 0.000e+00    0.0000 0.000e+00 0.000e+00 0.000e+00 0.000e+00 0
20140924.500 2456925.000 2456925.000000 0.0000    0.0000 0.000e+00 0.000e+00 0.000e+00 0.000e+00    0.0000 0.000e+00 0.000e+00 0.000e+00 0.000e+00 0
20140925.500 2456926.000 2456926.000000 0.0000    0.0000 0.000e+00 0.000e+00 0.000e+00 0.000e+00    0.0000 0.000e+00 0.000e+00 0.000e+00 0.000e+00 0
20140926.500 2456927.000 2456927.000000 0.0000    0.0000 0.000e+00 0.000e+00 0.000e+00 0.000e+00    0.0000 0.000e+00 0.000e+00 0.000e+00 0.000e+00 0
20140927.500 2456928.000 2456927.899452 0.1651 1361.3467 6.126e-01 6.800e-03 6.982e-02 6.166e-01 1354.9207 6.097e-01 6.800e-03 1.557e-01 6.293e-01 0
20140928.500 2456929.000 2456929.000000 0.0000    0.0000 0.000e+00 0.000e+00 0.000e+00 0.000e+00    0.0000 0.000e+00 0.000e+00 0.000e+00 0.000e+00 0
20140929.500 2456930.000 2456930.000000 0.0000    0.0000 0.000e+00 0.000e+00 0.000e+00 0.000e+00    0.0000 0.000e+00 0.000e+00 0.000e+00 0.000e+00 0
20140930.500 2456931.000 2456931.000000 0.0000    0.0000 0.000e+00 0.000e+00 0.000e+00 0.000e+00    0.0000 0.000e+00 0.000e+00 0.000e+00 0.000e+00 0
20141001.500 2456932.000 2456932.000000 0.0000    0.0000 0.000e+00 0.000e+00 0.000e+00 0.000e+00    0.0000 0.000e+00 0.000e+00 0.000e+00 0.000e+00 0
20141002.500 2456933.000 2456933.000000 0.0000    0.0000 0.000e+00 0.000e+00 0.000e+00 0.000e+00    0.0000 0.000e+00 0.000e+00 0.000e+00 0.000e+00 0
20141003.500 2456934.000 2456934.000000 0.0000    0.0000 0.000e+00 0.000e+00 0.000e+00 0.000e+00    0.0000 0.000e+00 0.000e+00 0.000e+00 0.000e+00 0
20141004.500 2456935.000 2456934.915698 0.1651 1362.1697 6.130e-01 6.800e-03 1.052e-01 6.219e-01 1361.2868 6.126e-01 6.800e-03 7.297e-02 6.169e-01 0
20141005.500 2456936.000 2456936.000000 0.0000    0.0000 0.000e+00 0.000e+00 0.000e+00 0.000e+00    0.0000 0.000e+00 0.000e+00 0.000e+00 0.000e+00 0
20141006.500 2456937.000 2456937.000000 0.0000    0.0000 0.000e+00 0.000e+00 0.000e+00 0.000e+00    0.0000 0.000e+00 0.000e+00 0.000e+00 0.000e+00 0
20141007.500 2456938.000 2456938.000000 0.0000    0.0000 0.000e+00 0.000e+00 0.000e+00 0.000e+00    0.0000 0.000e+00 0.000e+00 0.000e+00 0.000e+00 0
20141008.500 2456939.000 2456939.000000 0.0000    0.0000 0.000e+00 0.000e+00 0.000e+00 0.000e+00    0.0000 0.000e+00 0.000e+00 0.000e+00 0.000e+00 0
20141009.500 2456940.000 2456940.000000 0.0000    0.0000 0.000e+00 0.000e+00 0.000e+00 0.000e+00    0.0000 0.000e+00 0.000e+00 0.000e+00 0.000e+00 0
20141010.500 2456941.000 2456941.000000 0.0000    0.0000 0.000e+00 0.000e+00 0.000e+00 0.000e+00    0.0000 0.000e+00 0.000e+00 0.000e+00 0.000e+00 0
20141011.500 2456942.000 2456941.932652 0.1649 1362.1097 6.129e-01 6.800e-03 5.674e-02 6.156e-01 1366.7365 6.150e-01 6.800e-03 1.229e-01 6.272e-01 0
20141012.500 2456943.000 2456943.000000 0.0000    0.0000 0.000e+00 0.000e+00 0.000e+00 0.000e+00    0.0000 0.000e+00 0.000e+00 0.000e+00 0.000e+00 0
20141013.500 2456944.000 2456944.000000 0.0000    0.0000 0.000e+00 0.000e+00 0.000e+00 0.000e+00    0.0000 0.000e+00 0.000e+00 0.000e+00 0.000e+00 0
20141014.500 2456945.000 2456945.000000 0.0000    0.0000 0.000e+00 0.000e+00 0.000e+00 0.000e+00    0.0000 0.000e+00 0.000e+00 0.000e+00 0.000e+00 0
20141015.500 2456946.000 2456946.000000 0.0000    0.0000 0.000e+00 0.000e+00 0.000e+00 0.000e+00    0.0000 0.000e+00 0.000e+00 0.000e+00 0.000e+00 0
20141016.500 2456947.000 2456947.000000 0.0000    0.0000 0.000e+00 0.000e+00 0.000e+00 0.000e+00    0.0000 0.000e+00 0.000e+00 0.000e+00 0.000e+00 0
20141017.500 2456948.000 2456948.000000 0.0000    0.0000 0.000e+00 0.000e+00 0.000e+00 0.000e+00    0.0000 0.000e+00 0.000e+00 0.000e+00 0.000e+00 0
20141018.500 2456949.000 2456948.954822 0.1651 1361.8250 6.128e-01 6.800e-03 1.488e-01 6.306e-01 1371.8121 6.173e-01 6.800e-03 7.556e-02 6.219e-01 0
20141019.500 2456950.000 2456950.000000 0.0000    0.0000 0.000e+00 0.000e+00 0.000e+00 0.000e+00    0.0000 0.000e+00 0.000e+00 0.000e+00 0.000e+00 0
20141020.500 2456951.000 2456951.000000 0.0000    0.0000 0.000e+00 0.000e+00 0.000e+00 0.000e+00    0.0000 0.000e+00 0.000e+00 0.000e+00 0.000e+00 0
20141021.500 2456952.000 2456952.000000 0.0000    0.0000 0.000e+00 0.000e+00 0.000e+00 0.000e+00    0.0000 0.000e+00 0.000e+00 0.000e+00 0.000e+00 0
20141022.500 2456953.000 2456953.000000 0.0000    0.0000 0.000e+00 0.000e+00 0.000e+00 0.000e+00    0.0000 0.000e+00 0.000e+00 0.000e+00 0.000e+00 0
20141023.500 2456954.000 2456954.000000 0.0000    0.0000 0.000e+00 0.000e+00 0.000e+00 0.000e+00    0.0000 0.000e+00 0.000e+00 0.000e+00 0.000e+00 0
20141024.500 2456955.000 2456955.000000 0.0000    0.0000 0.000e+00 0.000e+00 0.000e+00 0.000e+00    0.0000 0.000e+00 0.000e+00 0.000e+00 0.000e+00 0
20141025.500 2456956.000 2456955.974206 0.1649 1359.8254 6.119e-01 6.800e-03 8.915e-02 6.184e-01 1375.1155 6.188e-01 6.800e-03 2.053e-01 6.520e-01 0
20141026.500 2456957.000 2456957.000000 0.0000    0.0000 0.000e+00 0.000e+00 0.000e+00 0.000e+00    0.0000 0.000e+00 0.000e+00 0.000e+00 0.000e+00 0
20141027.500 2456958.000 2456958.000000 0.0000    0.0000 0.000e+00 0.000e+00 0.000e+00 0.000e+00    0.0000 0.000e+00 0.000e+00 0.000e+00 0.000e+00 0
20141028.500 2456959.000 2456959.000000 0.0000    0.0000 0.000e+00 0.000e+00 0.000e+00 0.000e+00    0.0000 0.000e+00 0.000e+00 0.000e+00 0.000e+00 0
20141029.500 2456960.000 2456960.000000 0.0000    0.0000 0.000e+00 0.000e+00 0.000e+00 0.000e+00    0.0000 0.000e+00 0.000e+00 0.000e+00 0.000e+00 0
20141030.500 2456961.000 2456961.000000 0.0000    0.0000 0.000e+00 0.000e+00 0.000e+00 0.000e+00    0.0000 0.000e+00 0.000e+00 0.000e+00 0.000e+00 0
20141031.500 2456962.000 2456962.000000 0.0000    0.0000 0.000e+00 0.000e+00 0.000e+00 0.000e+00    0.0000 0.000e+00 0.000e+00 0.000e+00 0.000e+00 0
20141101.500 2456963.000 2456962.727965 0.1651 1362.1186 6.130e-01 6.800e-03 1.249e-01 6.256e-01 1382.5239 6.221e-01 6.800e-03 7.078e-02 6.261e-01 0
20141102.500 2456964.000 2456964.000000 0.0000    0.0000 0.000e+00 0.000e+00 0.000e+00 0.000e+00    0.0000 0.000e+00 0.000e+00 0.000e+00 0.000e+00 0
20141103.500 2456965.000 2456965.000000 0.0000    0.0000 0.000e+00 0.000e+00 0.000e+00 0.000e+00    0.0000 0.000e+00 0.000e+00 0.000e+00 0.000e+00 0
20141104.500 2456966.000 2456966.000000 0.0000    0.0000 0.000e+00 0.000e+00 0.000e+00 0.000e+00    0.0000 0.000e+00 0.000e+00 0.000e+00 0.000e+00 0
20141105.500 2456967.000 2456967.000000 0.0000    0.0000 0.000e+00 0.000e+00 0.000e+00 0.000e+00    0.0000 0.000e+00 0.000e+00 0.000e+00 0.000e+00 0
20141106.500 2456968.000 2456968.000000 0.0000    0.0000 0.000e+00 0.000e+00 0.000e+00 0.000e+00    0.0000 0.000e+00 0.000e+00 0.000e+00 0.000e+00 0
20141107.500 2456969.000 2456969.000000 0.0000    0.0000 0.000e+00 0.000e+00 0.000e+00 0.000e+00    0.0000 0.000e+00 0.000e+00 0.000e+00 0.000e+00 0
20141108.500 2456970.000 2456969.902170 0.1458 1362.0406 6.129e-01 6.800e-03 8.120e-02 6.183e-01 1387.5297 6.244e-01 6.800e-03 7.679e-02 6.291e-01 0
20141109.500 2456971.000 2456971.000000 0.0000    0.0000 0.000e+00 0.000e+00 0.000e+00 0.000e+00    0.0000 0.000e+00 0.000e+00 0.000e+00 0.000e+00 0
20141110.500 2456972.000 2456972.000000 0.0000    0.0000 0.000e+00 0.000e+00 0.000e+00 0.000e+00    0.0000 0.000e+00 0.000e+00 0.000e+00 0.000e+00 0
20141111.500 2456973.000 2456973.000000 0.0000    0.0000 0.000e+00 0.000e+00 0.000e+00 0.000e+00    0.0000 0.000e+00 0.000e+00 0.000e+00 0.000e+00 0
20141112.500 2456974.000 2456974.000000 0.0000    0.0000 0.000e+00 0.000e+00 0.000e+00 0.000e+00    0.0000 0.000e+00 0.000e+00 0.000e+00 0.000e+00 0
20141113.500 2456975.000 2456975.000000 0.0000    0.0000 0.000e+00 0.000e+00 0.000e+00 0.000e+00    0.0000 0.000e+00 0.000e+00 0.000e+00 0.000e+00 0
20141114.500 2456976.000 2456976.000000 0.0000    0.0000 0.000e+00 0.000e+00 0.000e+00 0.000e+00    0.0000 0.000e+00 0.000e+00 0.000e+00 0.000e+00 0
20141115.500 2456977.000 2456976.794569 0.1679 1362.5397 6.131e-01 6.800e-03 2.038e-01 6.461e-01 1392.4304 6.266e-01 6.800e-03 1.135e-01 6.368e-01 0
20141116.500 2456978.000 2456978.000000 0.0000    0.0000 0.000e+00 0.000e+00 0.000e+00 0.000e+00    0.0000 0.000e+00 0.000e+00 0.000e+00 0.000e+00 0
20141117.500 2456979.000 2456979.000000 0.0000    0.0000 0.000e+00 0.000e+00 0.000e+00 0.000e+00    0.0000 0.000e+00 0.000e+00 0.000e+00 0.000e+00 0
20141118.500 2456980.000 2456980.000000 0.0000    0.0000 0.000e+00 0.000e+00 0.000e+00 0.000e+00    0.0000 0.000e+00 0.000e+00 0.000e+00 0.000e+00 0
20141119.500 2456981.000 2456981.000000 0.0000    0.0000 0.000e+00 0.000e+00 0.000e+00 0.000e+00    0.0000 0.000e+00 0.000e+00 0.000e+00 0.000e+00 0
20141120.500 2456982.000 2456982.000000 0.0000    0.0000 0.000e+00 0.000e+00 0.000e+00 0.000e+00    0.0000 0.000e+00 0.000e+00 0.000e+00 0.000e+00 0
20141121.500 2456983.000 2456983.000000 0.0000    0.0000 0.000e+00 0.000e+00 0.000e+00 0.000e+00    0.0000 0.000e+00 0.000e+00 0.000e+00 0.000e+00 0
20141122.500 2456984.000 2456983.909671 0.1648 1361.8436 6.128e-01 6.800e-03 6.511e-02 6.163e-01 1395.8427 6.281e-01 6.800e-03 1.137e-01 6.383e-01 0
20141123.500 2456985.000 2456985.000000 0.0000    0.0000 0.000e+00 0.000e+00 0.000e+00 0.000e+00    0.0000 0.000e+00 0.000e+00 0.000e+00 0.000e+00 0
20141124.500 2456986.000 2456986.000000 0.0000    0.0000 0.000e+00 0.000e+00 0.000e+00 0.000e+00    0.0000 0.000e+00 0.000e+00 0.000e+00 0.000e+00 0
20141125.500 2456987.000 2456987.000000 0.0000    0.0000 0.000e+00 0.000e+00 0.000e+00 0.000e+00    0.0000 0.000e+00 0.000e+00 0.000e+00 0.000e+00 0
20141126.500 2456988.000 2456988.000000 0.0000    0.0000 0.000e+00 0.000e+00 0.000e+00 0.000e+00    0.0000 0.000e+00 0.000e+00 0.000e+00 0.000e+00 0
20141127.500 2456989.000 2456989.000000 0.0000    0.0000 0.000e+00 0.000e+00 0.000e+00 0.000e+00    0.0000 0.000e+00 0.000e+00 0.000e+00 0.000e+00 0
20141128.500 2456990.000 2456990.000000 0.0000    0.0000 0.000e+00 0.000e+00 0.000e+00 0.000e+00    0.0000 0.000e+00 0.000e+00 0.000e+00 0.000e+00 0
20141129.500 2456991.000 2456990.833033 0.1253 1361.5200 6.127e-01 6.800e-03 1.497e-01 6.307e-01 1399.1935 6.296e-01 6.800e-03 1.076e-01 6.388e-01 0
20141130.500 2456992.000 2456992.000000 0.0000    0.0000 0.000e+00 0.000e+00 0.000e+00 0.000e+00    0.0000 0.000e+00 0.000e+00 0.000e+00 0.000e+00 0
20141201.500 2456993.000 2456993.000000 0.0000    0.0000 0.000e+00 0.000e+00 0.000e+00 0.000e+00    0.0000 0.000e+00 0.000e+00 0.000e+00 0.000e+00 0
20141202.500 2456994.000 2456994.000000 0.0000    0.0000 0.000e+00 0.000e+00 0.000e+00 0.000e+00    0.0000 0.000e+00 0.000e+00 0.000e+00 0.000e+00 0
20141203.500 2456995.000 2456995.000000 0.0000    0.0000 0.000e+00 0.000e+00 0.000e+00 0.000e+00    0.0000 0.000e+00 0.000e+00 0.000e+00 0.000e+00 0
20141204.500 2456996.000 2456996.000000 0.0000    0.0000 0.000e+00 0.000e+00 0.000e+00 0.000e+00    0.0000 0.000e+00 0.000e+00 0.000e+00 0.000e+00 0
20141205.500 2456997.000 2456997.000000 0.0000    0.0000 0.000e+00 0.000e+00 0.000e+00 0.000e+00    0.0000 0.000e+00 0.000e+00 0.000e+00 0.000e+00 0
20141206.500 2456998.000 2456997.870207 0.1651 1362.1243 6.130e-01 6.800e-03 6.184e-02 6.161e-01 1403.0054 6.314e-01 6.800e-03 9.104e-02 6.379e-01 0
20141207.500 2456999.000 2456999.000000 0.0000    0.0000 0.000e+00 0.000e+00 0.000e+00 0.000e+00    0.0000 0.000e+00 0.000e+00 0.000e+00 0.000e+00 0
20141208.500 2457000.000 2457000.000000 0.0000    0.0000 0.000e+00 0.000e+00 0.000e+00 0.000e+00    0.0000 0.000e+00 0.000e+00 0.000e+00 0.000e+00 0
20141209.500 2457001.000 2457001.000000 0.0000    0.0000 0.000e+00 0.000e+00 0.000e+00 0.000e+00    0.0000 0.000e+00 0.000e+00 0.000e+00 0.000e+00 0
20141210.500 2457002.000 2457002.000000 0.0000    0.0000 0.000e+00 0.000e+00 0.000e+00 0.000e+00    0.0000 0.000e+00 0.000e+00 0.000e+00 0.000e+00 0
20141211.500 2457003.000 2457003.000000 0.0000    0.0000 0.000e+00 0.000e+00 0.000e+00 0.000e+00    0.0000 0.000e+00 0.000e+00 0.000e+00 0.000e+00 0
20141212.500 2457004.000 2457004.000000 0.0000    0.0000 0.000e+00 0.000e+00 0.000e+00 0.000e+00    0.0000 0.000e+00 0.000e+00 0.000e+00 0.000e+00 0
20141213.500 2457005.000 2457004.826753 0.1651 1362.3298 6.130e-01 6.800e-03 1.369e-01 6.282e-01 1405.6084 6.325e-01 6.800e-03 1.048e-01 6.411e-01 0
20141214.500 2457006.000 2457006.000000 0.0000    0.0000 0.000e+00 0.000e+00 0.000e+00 0.000e+00    0.0000 0.000e+00 0.000e+00 0.000e+00 0.000e+00 0
20141215.500 2457007.000 2457007.000000 0.0000    0.0000 0.000e+00 0.000e+00 0.000e+00 0.000e+00    0.0000 0.000e+00 0.000e+00 0.000e+00 0.000e+00 0
20141216.500 2457008.000 2457008.000000 0.0000    0.0000 0.000e+00 0.000e+00 0.000e+00 0.000e+00    0.0000 0.000e+00 0.000e+00 0.000e+00 0.000e+00 0
20141217.500 2457009.000 2457009.000000 0.0000    0.0000 0.000e+00 0.000e+00 0.000e+00 0.000e+00    0.0000 0.000e+00 0.000e+00 0.000e+00 0.000e+00 0
20141218.500 2457010.000 2457010.000000 0.0000    0.0000 0.000e+00 0.000e+00 0.000e+00 0.000e+00    0.0000 0.000e+00 0.000e+00 0.000e+00 0.000e+00 0
20141219.500 2457011.000 2457011.000000 0.0000    0.0000 0.000e+00 0.000e+00 0.000e+00 0.000e+00    0.0000 0.000e+00 0.000e+00 0.000e+00 0.000e+00 0
20141220.500 2457012.000 2457011.840582 0.1648 1361.4630 6.127e-01 6.800e-03 9.736e-02 6.203e-01 1406.4361 6.329e-01 6.800e-03 1.247e-01 6.451e-01 0
20141221.500 2457013.000 2457013.000000 0.0000    0.0000 0.000e+00 0.000e+00 0.000e+00 0.000e+00    0.0000 0.000e+00 0.000e+00 0.000e+00 0.000e+00 0
20141222.500 2457014.000 2457014.000000 0.0000    0.0000 0.000e+00 0.000e+00 0.000e+00 0.000e+00    0.0000 0.000e+00 0.000e+00 0.000e+00 0.000e+00 0
20141223.500 2457015.000 2457015.000000 0.0000    0.0000 0.000e+00 0.000e+00 0.000e+00 0.000e+00    0.0000 0.000e+00 0.000e+00 0.000e+00 0.000e+00 0
20141224.500 2457016.000 2457016.000000 0.0000    0.0000 0.000e+00 0.000e+00 0.000e+00 0.000e+00    0.0000 0.000e+00 0.000e+00 0.000e+00 0.000e+00 0
20141225.500 2457017.000 2457017.000000 0.0000    0.0000 0.000e+00 0.000e+00 0.000e+00 0.000e+00    0.0000 0.000e+00 0.000e+00 0.000e+00 0.000e+00 0
20141226.500 2457018.000 2457018.000000 0.0000    0.0000 0.000e+00 0.000e+00 0.000e+00 0.000e+00    0.0000 0.000e+00 0.000e+00 0.000e+00 0.000e+00 0
20141227.500 2457019.000 2457019.017315 0.3294 1362.0523 6.129e-01 6.800e-03 6.211e-02 6.161e-01 1408.2532 6.337e-01 6.800e-03 4.074e-02 6.350e-01 0
20141228.500 2457020.000 2457020.000000 0.0000    0.0000 0.000e+00 0.000e+00 0.000e+00 0.000e+00    0.0000 0.000e+00 0.000e+00 0.000e+00 0.000e+00 0
20141229.500 2457021.000 2457021.000000 0.0000    0.0000 0.000e+00 0.000e+00 0.000e+00 0.000e+00    0.0000 0.000e+00 0.000e+00 0.000e+00 0.000e+00 0
20141230.500 2457022.000 2457022.000000 0.0000    0.0000 0.000e+00 0.000e+00 0.000e+00 0.000e+00    0.0000 0.000e+00 0.000e+00 0.000e+00 0.000e+00 0
20141231.500 2457023.000 2457023.000000 0.0000    0.0000 0.000e+00 0.000e+00 0.000e+00 0.000e+00    0.0000 0.000e+00 0.000e+00 0.000e+00 0.000e+00 0
20150101.500 2457024.000 2457024.072991 0.1662 1361.6585 6.127e-01 6.800e-03 9.737e-02 6.204e-01 1408.3016 6.337e-01 6.800e-03 9.669e-02 6.411e-01 0
20150102.500 2457025.000 2457024.945985 0.2701 1361.4519 6.127e-01 6.800e-03 9.405e-02 6.198e-01 1408.1232 6.337e-01 6.800e-03 9.401e-02 6.406e-01 0
20150103.500 2457026.000 2457025.929002 0.2702 1361.3377 6.126e-01 6.800e-03 7.946e-02 6.177e-01 1408.0288 6.336e-01 6.800e-03 8.194e-02 6.389e-01 0
20150104.500 2457027.000 2457026.912020 0.2701 1361.4274 6.126e-01 6.800e-03 9.049e-02 6.193e-01 1408.1279 6.337e-01 6.800e-03 9.314e-02 6.405e-01 0
20150105.500 2457028.000 2457027.895126 0.2700 1361.6576 6.127e-01 6.800e-03 1.423e-01 6.290e-01 1408.3546 6.338e-01 6.800e-03 1.425e-01 6.496e-01 0
20150106.500 2457029.000 2457028.944814 0.2697 1362.1526 6.130e-01 6.800e-03 1.577e-01 6.329e-01 1408.8349 6.340e-01 6.800e-03 1.537e-01 6.523e-01 0
20150107.500 2457030.000 2457029.927625 0.2701 1362.4501 6.131e-01 6.800e-03 1.111e-01 6.231e-01 1409.0948 6.341e-01 6.800e-03 1.068e-01 6.430e-01 0
20150108.500 2457031.000 2457030.908479 0.2697 1362.5462 6.131e-01 6.800e-03 9.777e-02 6.209e-01 1409.1292 6.341e-01 6.800e-03 1.104e-01 6.437e-01 0
20150109.500 2457032.000 2457031.892489 0.2700 1362.4331 6.131e-01 6.800e-03 7.761e-02 6.180e-01 1408.9303 6.340e-01 6.800e-03 8.558e-02 6.398e-01 0
20150110.500 2457033.000 2457032.966095 0.2545 1362.4561 6.131e-01 6.800e-03 7.678e-02 6.179e-01 1408.8459 6.340e-01 6.800e-03 9.243e-02 6.407e-01 0
20150111.500 2457034.000 2457033.852971 0.2898 1362.3214 6.130e-01 6.800e-03 9.653e-02 6.206e-01 1408.6028 6.339e-01 6.800e-03 1.226e-01 6.456e-01 0
20150112.500 2457035.000 2457035.039445 0.1649 1362.3134 6.130e-01 6.800e-03 1.712e-01 6.365e-01 1408.4367 6.338e-01 6.800e-03 1.559e-01 6.527e-01 0
20150113.500 2457036.000 2457036.022366 0.1649 1362.6018 6.132e-01 6.800e-03 9.915e-02 6.211e-01 1408.5877 6.339e-01 6.800e-03 1.236e-01 6.458e-01 0
20150114.500 2457037.000 2457036.958698 0.1606 1362.7640 6.132e-01 6.800e-03 8.031e-02 6.185e-01 1408.6023 6.339e-01 6.800e-03 7.768e-02 6.386e-01 0
20150115.500 2457038.000 2457038.053312 0.1649 1362.7964 6.133e-01 6.800e-03 5.069e-02 6.153e-01 1408.4417 6.338e-01 6.800e-03 5.894e-02 6.365e-01 0
20150116.500 2457039.000 2457039.035944 0.1649 1362.7880 6.133e-01 6.800e-03 7.009e-02 6.172e-01 1408.2458 6.337e-01 6.800e-03 8.316e-02 6.391e-01 0
20150117.500 2457040.000 2457040.083679 0.1649 1362.7247 6.132e-01 6.800e-03 7.779e-02 6.181e-01 1407.9682 6.336e-01 6.800e-03 8.682e-02 6.395e-01 0
20150118.500 2457041.000 2457041.000000 0.0000    0.0000 0.000e+00 0.000e+00 0.000e+00 0.000e+00    0.0000 0.000e+00 0.000e+00 0.000e+00 0.000e+00 0
20150119.500 2457042.000 2457041.948527 0.2684 1362.0656 6.129e-01 6.800e-03 6.753e-02 6.166e-01 1406.8802 6.331e-01 6.800e-03 6.581e-02 6.365e-01 0
20150120.500 2457043.000 2457043.029538 0.1648 1362.1037 6.129e-01 6.800e-03 5.576e-02 6.155e-01 1406.6682 6.330e-01 6.800e-03 7.722e-02 6.377e-01 0
20150121.500 2457044.000 2457044.012170 0.1648 1362.1204 6.130e-01 6.800e-03 8.127e-02 6.183e-01 1406.4473 6.329e-01 6.800e-03 9.999e-02 6.408e-01 0
20150122.500 2457045.000 2457045.060485 0.1648 1362.1538 6.130e-01 6.800e-03 8.289e-02 6.185e-01 1406.2176 6.328e-01 6.800e-03 9.261e-02 6.395e-01 0
20150123.500 2457046.000 2457046.044765 0.1649 1362.1219 6.130e-01 6.800e-03 7.095e-02 6.170e-01 1405.9270 6.327e-01 6.800e-03 8.779e-02 6.387e-01 0
20150124.500 2457047.000 2457046.860448 0.2689 1362.0242 6.129e-01 6.800e-03 6.245e-02 6.161e-01 1405.6048 6.325e-01 6.800e-03 1.102e-01 6.420e-01 0
20150125.500 2457048.000 2457047.933587 0.3342 1361.9154 6.129e-01 6.800e-03 7.319e-02 6.172e-01 1405.1903 6.323e-01 6.800e-03 1.470e-01 6.492e-01 0
20150126.500 2457049.000 2457049.061689 0.3394 1361.5116 6.127e-01 6.800e-03 1.736e-01 6.368e-01 1404.4416 6.320e-01 6.800e-03 2.593e-01 6.831e-01 0
20150127.500 2457050.000 2457050.141790 0.2684 1361.4677 6.127e-01 6.800e-03 6.261e-02 6.159e-01 1404.0635 6.318e-01 6.800e-03 1.211e-01 6.433e-01 0
20150128.500 2457051.000 2457051.288886 0.1649 1361.6112 6.127e-01 6.800e-03 5.413e-02 6.151e-01 1403.8406 6.317e-01 6.800e-03 8.483e-02 6.374e-01 0
20150129.500 2457052.000 2457052.104711 0.2707 1361.7961 6.128e-01 6.800e-03 8.027e-02 6.180e-01 1403.7555 6.317e-01 6.800e-03 5.321e-02 6.339e-01 0
20150130.500 2457053.000 2457053.120688 0.2686 1362.0763 6.129e-01 6.800e-03 8.567e-02 6.189e-01 1403.6874 6.317e-01 6.800e-03 5.824e-02 6.343e-01 0
20150131.500 2457054.000 2457053.974912 0.1649 1362.2785 6.130e-01 6.800e-03 1.207e-01 6.248e-01 1403.5837 6.316e-01 6.800e-03 7.526e-02 6.361e-01 0
20150201.500 2457055.000 2457055.080087 0.2958 1362.4077 6.131e-01 6.800e-03 7.726e-02 6.179e-01 1403.2954 6.315e-01 6.800e-03 1.085e-01 6.407e-01 0
20150202.500 2457056.000 2457056.107279 0.2678 1362.4320 6.131e-01 6.800e-03 1.523e-01 6.317e-01 1402.9119 6.313e-01 6.800e-03 7.428e-02 6.357e-01 0
20150203.500 2457057.000 2457057.090585 0.2686 1362.5200 6.131e-01 6.800e-03 7.747e-02 6.180e-01 1402.5958 6.312e-01 6.800e-03 1.030e-01 6.395e-01 0
20150204.500 2457058.000 2457058.071508 0.2681 1362.5736 6.132e-01 6.800e-03 7.759e-02 6.180e-01 1402.2300 6.310e-01 6.800e-03 1.405e-01 6.465e-01 0
20150205.500 2457059.000 2457059.056323 0.2684 1362.6744 6.132e-01 6.800e-03 7.812e-02 6.182e-01 1401.8961 6.309e-01 6.800e-03 7.922e-02 6.358e-01 0
20150206.500 2457060.000 2457060.037012 0.2681 1362.7395 6.132e-01 6.800e-03 5.282e-02 6.155e-01 1401.5125 6.307e-01 6.800e-03 1.221e-01 6.424e-01 0
20150207.500 2457061.000 2457061.021583 0.2684 1362.6893 6.132e-01 6.800e-03 8.043e-02 6.185e-01 1400.9942 6.304e-01 6.800e-03 1.903e-01 6.585e-01 0
20150208.500 2457062.000 2457061.916017 0.2755 1362.5771 6.132e-01 6.800e-03 5.467e-02 6.156e-01 1400.4429 6.302e-01 6.800e-03 1.620e-01 6.507e-01 0
20150209.500 2457063.000 2457062.918886 0.2687 1362.5222 6.131e-01 6.800e-03 1.539e-01 6.321e-01 1399.8845 6.299e-01 6.800e-03 7.647e-02 6.346e-01 0
20150210.500 2457064.000 2457063.968899 0.2684 1362.6989 6.132e-01 6.800e-03 1.342e-01 6.277e-01 1399.5265 6.298e-01 6.800e-03 2.486e-01 6.771e-01 0
20150211.500 2457065.000 2457064.947015 0.2693 1362.6079 6.132e-01 6.800e-03 7.845e-02 6.182e-01 1398.9181 6.295e-01 6.800e-03 1.898e-01 6.575e-01 0
20150212.500 2457066.000 2457065.931375 0.2679 1362.5085 6.131e-01 6.800e-03 7.358e-02 6.175e-01 1398.2870 6.292e-01 6.800e-03 1.817e-01 6.550e-01 0
20150213.500 2457067.000 2457066.915828 0.2676 1362.3708 6.131e-01 6.800e-03 6.459e-02 6.165e-01 1397.6064 6.289e-01 6.800e-03 2.003e-01 6.600e-01 0
20150214.500 2457068.000 2457068.028182 0.2689 1362.2851 6.130e-01 6.800e-03 8.238e-02 6.185e-01 1396.8981 6.286e-01 6.800e-03 2.077e-01 6.620e-01 0
20150215.500 2457069.000 2457068.934220 0.2715 1362.1791 6.130e-01 6.800e-03 6.429e-02 6.163e-01 1396.2764 6.283e-01 6.800e-03 2.028e-01 6.602e-01 0
20150216.500 2457070.000 2457069.954209 0.2962 1362.0516 6.129e-01 6.800e-03 1.101e-01 6.227e-01 1395.5610 6.280e-01 6.800e-03 1.248e-01 6.403e-01 0
20150217.500 2457071.000 2457070.932831 0.3326 1362.1088 6.129e-01 6.800e-03 8.428e-02 6.187e-01 1395.0524 6.278e-01 6.800e-03 2.182e-01 6.646e-01 0
20150218.500 2457072.000 2457071.861947 0.3319 1362.1943 6.130e-01 6.800e-03 8.150e-02 6.184e-01 1394.5964 6.276e-01 6.800e-03 1.624e-01 6.483e-01 0
20150219.500 2457073.000 2457072.941675 0.3623 1362.2345 6.130e-01 6.800e-03 5.346e-02 6.153e-01 1394.0005 6.273e-01 6.800e-03 2.028e-01 6.593e-01 0
20150220.500 2457074.000 2457073.956388 0.3302 1362.2111 6.130e-01 6.800e-03 7.387e-02 6.174e-01 1393.3728 6.270e-01 6.800e-03 2.380e-01 6.707e-01 0
20150221.500 2457075.000 2457074.938421 0.2700 1362.1548 6.130e-01 6.800e-03 6.927e-02 6.169e-01 1392.7261 6.267e-01 6.800e-03 1.947e-01 6.563e-01 0
20150222.500 2457076.000 2457076.083486 0.2764 1362.0962 6.129e-01 6.800e-03 7.248e-02 6.172e-01 1391.9728 6.264e-01 6.800e-03 1.810e-01 6.520e-01 0
20150223.500 2457077.000 2457077.393835 0.0089 1362.1211 6.130e-01 6.800e-03 6.925e-02 6.169e-01 1391.1956 6.260e-01 6.800e-03 6.687e-02 6.296e-01 0
20150224.500 2457078.000 2457078.212406 0.1648 1362.2894 6.130e-01 6.800e-03 5.745e-02 6.157e-01 1390.8598 6.259e-01 6.800e-03 1.497e-01 6.435e-01 0
20150225.500 2457079.000 2457079.293417 0.0091 1362.3374 6.131e-01 6.800e-03 6.808e-02 6.168e-01 1390.2309 6.256e-01 6.800e-03 6.474e-02 6.289e-01 0
20150226.500 2457080.000 2457080.177670 0.1648 1362.4776 6.131e-01 6.800e-03 8.128e-02 6.185e-01 1389.8122 6.254e-01 6.800e-03 1.313e-01 6.390e-01 0
20150227.500 2457081.000 2457081.160302 0.1648 1362.4002 6.131e-01 6.800e-03 7.563e-02 6.177e-01 1389.1013 6.251e-01 6.800e-03 1.229e-01 6.371e-01 0
20150228.500 2457082.000 2457081.815391 0.1648 1362.4270 6.131e-01 6.800e-03 6.553e-02 6.166e-01 1388.7025 6.249e-01 6.800e-03 1.077e-01 6.341e-01 0
20150301.500 2457083.000 2457083.027179 0.2684 1362.4534 6.131e-01 6.800e-03 6.724e-02 6.168e-01 1387.9304 6.246e-01 6.800e-03 1.927e-01 6.536e-01 0
20150302.500 2457084.000 2457083.944956 0.1674 1362.4165 6.131e-01 6.800e-03 1.163e-01 6.240e-01 1387.2787 6.243e-01 6.800e-03 9.460e-02 6.314e-01 0
20150303.500 2457085.000 2457085.057140 0.1677 1362.5537 6.131e-01 6.800e-03 6.680e-02 6.168e-01 1386.6627 6.240e-01 6.800e-03 8.649e-02 6.300e-01 0
20150304.500 2457086.000 2457086.040578 0.1677 1362.7277 6.132e-01 6.800e-03 4.802e-02 6.151e-01 1386.1615 6.238e-01 6.800e-03 1.093e-01 6.333e-01 0
20150305.500 2457087.000 2457087.021674 0.1674 1362.7306 6.132e-01 6.800e-03 6.257e-02 6.164e-01 1385.4783 6.235e-01 6.800e-03 1.473e-01 6.406e-01 0
20150306.500 2457088.000 2457088.079488 0.2387 1362.6849 6.132e-01 6.800e-03 7.035e-02 6.172e-01 1384.6816 6.231e-01 6.800e-03 2.127e-01 6.584e-01 0
20150307.500 2457089.000 2457088.965310 0.2873 1362.6353 6.132e-01 6.800e-03 6.288e-02 6.164e-01 1383.9948 6.228e-01 6.800e-03 2.464e-01 6.698e-01 0
20150308.500 2457090.000 2457089.853897 0.2462 1362.5744 6.132e-01 6.800e-03 7.649e-02 6.179e-01 1383.2878 6.225e-01 6.800e-03 2.161e-01 6.589e-01 0
20150309.500 2457091.000 2457090.985729 0.1649 1362.3210 6.130e-01 6.800e-03 6.414e-02 6.164e-01 1382.1991 6.220e-01 6.800e-03 9.291e-02 6.289e-01 0
20150310.500 2457092.000 2457092.098279 0.1649 1362.2397 6.130e-01 6.800e-03 1.358e-01 6.279e-01 1381.2893 6.216e-01 6.800e-03 2.573e-01 6.727e-01 0
20150311.500 2457093.000 2457093.080621 0.1649 1361.8717 6.128e-01 6.800e-03 7.661e-02 6.176e-01 1380.1785 6.211e-01 6.800e-03 1.683e-01 6.435e-01 0
20150312.500 2457094.000 2457094.062384 0.1649 1361.6295 6.127e-01 6.800e-03 8.141e-02 6.181e-01 1379.1898 6.206e-01 6.800e-03 1.658e-01 6.424e-01 0
20150313.500 2457095.000 2457095.040871 0.1651 1361.7320 6.128e-01 6.800e-03 3.440e-02 6.137e-01 1378.5477 6.203e-01 6.800e-03 1.191e-01 6.317e-01 0
20150314.500 2457096.000 2457095.876386 0.2641 1361.7445 6.128e-01 6.800e-03 5.475e-02 6.152e-01 1377.9199 6.201e-01 6.800e-03 2.208e-01 6.582e-01 0
20150315.500 2457097.000 2457096.945822 0.3419 1361.7156 6.128e-01 6.800e-03 6.653e-02 6.164e-01 1377.0673 6.197e-01 6.800e-03 2.676e-01 6.750e-01 0
20150316.500 2457098.000 2457098.072157 0.3308 1361.8047 6.128e-01 6.800e-03 1.186e-01 6.242e-01 1376.2876 6.193e-01 6.800e-03 1.899e-01 6.478e-01 0
20150317.500 2457099.000 2457099.132434 0.2687 1361.9573 6.129e-01 6.800e-03 6.961e-02 6.168e-01 1375.6217 6.190e-01 6.800e-03 2.035e-01 6.516e-01 0
20150318.500 2457100.000 2457100.118855 0.2679 1362.0144 6.129e-01 6.800e-03 7.477e-02 6.175e-01 1374.9163 6.187e-01 6.800e-03 2.131e-01 6.544e-01 0
20150319.500 2457101.000 2457101.101017 0.2687 1361.9810 6.129e-01 6.800e-03 8.084e-02 6.182e-01 1374.1239 6.184e-01 6.800e-03 1.894e-01 6.467e-01 0
20150320.500 2457102.000 2457102.081410 0.2684 1361.9495 6.129e-01 6.800e-03 7.948e-02 6.180e-01 1373.3362 6.180e-01 6.800e-03 2.060e-01 6.514e-01 0
20150321.500 2457103.000 2457103.061802 0.2687 1361.9719 6.129e-01 6.800e-03 6.297e-02 6.161e-01 1372.6048 6.177e-01 6.800e-03 2.375e-01 6.618e-01 0
20150322.500 2457104.000 2457104.046094 0.2684 1362.0127 6.129e-01 6.800e-03 6.459e-02 6.163e-01 1371.8905 6.174e-01 6.800e-03 1.687e-01 6.400e-01 0
20150323.500 2457105.000 2457105.028726 0.2684 1362.0219 6.129e-01 6.800e-03 9.828e-02 6.207e-01 1371.1473 6.170e-01 6.800e-03 1.523e-01 6.355e-01 0
20150324.500 2457106.000 2457106.011357 0.2684 1362.1190 6.130e-01 6.800e-03 8.460e-02 6.188e-01 1370.4936 6.167e-01 6.800e-03 2.639e-01 6.708e-01 0
20150325.500 2457107.000 2457107.157170 0.1648 1362.0540 6.129e-01 6.800e-03 7.161e-02 6.171e-01 1369.5526 6.163e-01 6.800e-03 1.406e-01 6.321e-01 0
20150326.500 2457108.000 2457107.529563 0.0023 1362.0895 6.129e-01 6.800e-03 3.820e-02 6.141e-01 1369.3038 6.162e-01 6.800e-03 3.775e-02 6.173e-01 0
20150327.500 2457109.000 2457109.152711 0.2679 1362.1245 6.130e-01 6.800e-03 5.309e-02 6.153e-01 1368.0976 6.156e-01 6.800e-03 2.202e-01 6.538e-01 0
20150328.500 2457110.000 2457110.071500 0.2633 1362.1610 6.130e-01 6.800e-03 7.388e-02 6.174e-01 1367.4304 6.153e-01 6.800e-03 1.841e-01 6.423e-01 0
20150329.500 2457111.000 2457110.985921 0.2687 1362.1045 6.129e-01 6.800e-03 6.347e-02 6.162e-01 1366.6718 6.150e-01 6.800e-03 1.770e-01 6.400e-01 0
20150330.500 2457112.000 2457111.970213 0.2690 1362.1991 6.130e-01 6.800e-03 1.509e-01 6.313e-01 1366.0093 6.147e-01 6.800e-03 8.912e-02 6.211e-01 0
20150331.500 2457113.000 2457112.952071 0.2693 1362.4499 6.131e-01 6.800e-03 8.178e-02 6.185e-01 1365.5031 6.145e-01 6.800e-03 1.863e-01 6.421e-01 0
20150401.500 2457114.000 2457113.934125 0.2682 1362.5122 6.131e-01 6.800e-03 6.621e-02 6.167e-01 1364.8052 6.142e-01 6.800e-03 2.003e-01 6.460e-01 0
20150402.500 2457115.000 2457114.985826 0.2697 1362.6300 6.132e-01 6.800e-03 6.738e-02 6.169e-01 1364.1061 6.138e-01 6.800e-03 2.471e-01 6.617e-01 0
20150403.500 2457116.000 2457115.962605 0.2689 1362.5664 6.132e-01 6.800e-03 7.287e-02 6.175e-01 1363.2809 6.135e-01 6.800e-03 2.065e-01 6.473e-01 0
20150404.500 2457117.000 2457116.944186 0.2679 1362.5821 6.132e-01 6.800e-03 6.354e-02 6.164e-01 1362.5289 6.131e-01 6.800e-03 2.539e-01 6.636e-01 0
20150405.500 2457118.000 2457117.923351 0.2683 1362.3812 6.131e-01 6.800e-03 6.094e-02 6.161e-01 1361.5599 6.127e-01 6.800e-03 2.500e-01 6.617e-01 0
20150406.500 2457119.000 2457118.977681 0.2697 1362.1792 6.130e-01 6.800e-03 7.333e-02 6.174e-01 1360.5287 6.122e-01 6.800e-03 1.709e-01 6.356e-01 0
20150407.500 2457120.000 2457119.989380 0.2596 1362.1090 6.129e-01 6.800e-03 1.139e-01 6.234e-01 1359.6608 6.118e-01 6.800e-03 3.040e-01 6.832e-01 0
20150408.500 2457121.000 2457120.926894 0.2623 1361.9808 6.129e-01 6.800e-03 7.791e-02 6.178e-01 1358.7926 6.115e-01 6.800e-03 2.224e-01 6.507e-01 0
20150409.500 2457122.000 2457121.905769 0.2963 1362.0149 6.129e-01 6.800e-03 9.074e-02 6.196e-01 1358.0529 6.111e-01 6.800e-03 2.348e-01 6.547e-01 0
20150410.500 2457123.000 2457122.932112 0.2698 1362.0479 6.129e-01 6.800e-03 8.523e-02 6.188e-01 1357.2745 6.108e-01 6.800e-03 1.896e-01 6.395e-01 0
20150411.500 2457124.000 2457124.470094 0.0091 1362.0088 6.129e-01 6.800e-03 5.279e-02 6.152e-01 1356.0220 6.102e-01 6.800e-03 4.814e-02 6.121e-01 0
20150412.500 2457125.000 2457125.124603 0.2674 1362.0447 6.129e-01 6.800e-03 5.068e-02 6.150e-01 1355.5429 6.100e-01 6.800e-03 2.206e-01 6.487e-01 0
20150413.500 2457126.000 2457126.106367 0.2690 1361.9284 6.129e-01 6.800e-03 8.541e-02 6.188e-01 1354.6576 6.096e-01 6.800e-03 1.930e-01 6.394e-01 0
20150414.500 2457127.000 2457127.090260 0.2679 1361.8906 6.129e-01 6.800e-03 5.711e-02 6.155e-01 1353.8530 6.092e-01 6.800e-03 2.455e-01 6.568e-01 0
20150415.500 2457128.000 2457128.072094 0.2687 1361.6762 6.128e-01 6.800e-03 7.203e-02 6.170e-01 1352.8799 6.088e-01 6.800e-03 2.390e-01 6.540e-01 0
20150416.500 2457129.000 2457129.052235 0.2690 1361.5341 6.127e-01 6.800e-03 6.879e-02 6.165e-01 1351.9863 6.084e-01 6.800e-03 2.308e-01 6.507e-01 0
20150417.500 2457130.000 2457130.034577 0.2684 1361.5759 6.127e-01 6.800e-03 8.568e-02 6.187e-01 1351.2806 6.081e-01 6.800e-03 1.667e-01 6.305e-01 0
20150418.500 2457131.000 2457130.907984 0.2804 1361.6894 6.128e-01 6.800e-03 8.136e-02 6.181e-01 1350.7353 6.078e-01 6.800e-03 1.764e-01 6.329e-01 0
20150419.500 2457132.000 2457131.933868 0.2684 1361.7794 6.128e-01 6.800e-03 8.468e-02 6.186e-01 1350.0598 6.075e-01 6.800e-03 1.565e-01 6.274e-01 0
20150420.500 2457133.000 2457132.916207 0.2684 1361.9913 6.129e-01 6.800e-03 1.819e-01 6.393e-01 1349.5458 6.073e-01 6.800e-03 8.856e-02 6.137e-01 0
20150421.500 2457134.000 2457134.127706 0.1648 1362.2965 6.130e-01 6.800e-03 6.272e-02 6.162e-01 1348.9655 6.070e-01 6.800e-03 1.336e-01 6.216e-01 0
20150422.500 2457135.000 2457135.208137 0.0093 1362.4110 6.131e-01 6.800e-03 5.422e-02 6.155e-01 1348.3013 6.067e-01 6.800e-03 5.093e-02 6.089e-01 0
20150423.500 2457136.000 2457136.092390 0.1648 1362.4981 6.131e-01 6.800e-03 5.434e-02 6.155e-01 1347.7575 6.065e-01 6.800e-03 1.318e-01 6.206e-01 0
20150424.500 2457137.000 2457137.072797 0.1646 1362.3233 6.130e-01 6.800e-03 1.414e-01 6.291e-01 1346.8922 6.061e-01 6.800e-03 2.324e-01 6.491e-01 0
20150425.500 2457138.000 2457137.958020 0.2682 1362.2774 6.130e-01 6.800e-03 7.997e-02 6.182e-01 1346.2268 6.058e-01 6.800e-03 2.219e-01 6.451e-01 0
20150426.500 2457139.000 2457139.167371 0.1646 1362.3077 6.130e-01 6.800e-03 7.952e-02 6.182e-01 1345.4167 6.054e-01 6.800e-03 1.559e-01 6.252e-01 0
20150427.500 2457140.000 2457140.282979 0.1646 1362.2509 6.130e-01 6.800e-03 1.041e-01 6.218e-01 1344.5926 6.051e-01 6.800e-03 5.054e-02 6.072e-01 0
20150428.500 2457141.000 2457141.262780 0.1645 1362.3717 6.131e-01 6.800e-03 6.480e-02 6.165e-01 1344.0421 6.048e-01 6.800e-03 1.167e-01 6.160e-01 0
20150429.500 2457142.000 2457142.244254 0.1645 1362.3175 6.130e-01 6.800e-03 5.156e-02 6.152e-01 1343.3218 6.045e-01 6.800e-03 1.266e-01 6.176e-01 0
20150430.500 2457143.000 2457143.225728 0.1645 1362.2907 6.130e-01 6.800e-03 6.566e-02 6.165e-01 1342.6326 6.042e-01 6.800e-03 1.279e-01 6.176e-01 0
20150501.500 2457144.000 2457144.272584 0.1645 1362.2395 6.130e-01 6.800e-03 6.752e-02 6.167e-01 1341.8790 6.038e-01 6.800e-03 1.455e-01 6.211e-01 0
20150502.500 2457145.000 2457145.123315 0.1647 1362.1547 6.130e-01 6.800e-03 4.613e-02 6.147e-01 1341.2271 6.036e-01 6.800e-03 1.161e-01 6.146e-01 0
20150503.500 2457146.000 2457146.056168 0.1562 1361.9756 6.129e-01 6.800e-03 1.008e-01 6.211e-01 1340.4305 6.032e-01 6.800e-03 1.921e-01 6.331e-01 0
20150504.500 2457147.000 2457147.091300 0.1645 1361.6322 6.127e-01 6.800e-03 8.276e-02 6.183e-01 1339.4079 6.027e-01 6.800e-03 5.190e-02 6.050e-01 0
20150505.500 2457148.000 2457147.965914 0.2683 1361.7045 6.128e-01 6.800e-03 9.081e-02 6.195e-01 1338.9036 6.025e-01 6.800e-03 2.433e-01 6.498e-01 0
20150506.500 2457149.000 2457148.947388 0.2683 1361.6309 6.127e-01 6.800e-03 7.126e-02 6.169e-01 1338.1889 6.022e-01 6.800e-03 2.133e-01 6.389e-01 0
20150507.500 2457150.000 2457149.935742 0.2697 1361.6108 6.127e-01 6.800e-03 5.819e-02 6.155e-01 1337.5263 6.019e-01 6.800e-03 1.998e-01 6.342e-01 0
20150508.500 2457151.000 2457150.982716 0.2677 1361.5546 6.127e-01 6.800e-03 6.043e-02 6.157e-01 1336.7952 6.016e-01 6.800e-03 1.939e-01 6.320e-01 0
20150509.500 2457152.000 2457151.956612 0.2683 1361.5357 6.127e-01 6.800e-03 8.011e-02 6.179e-01 1336.1533 6.013e-01 6.800e-03 1.889e-01 6.303e-01 0
20150510.500 2457153.000 2457152.942740 0.2690 1361.4635 6.127e-01 6.800e-03 5.119e-02 6.148e-01 1335.4572 6.010e-01 6.800e-03 1.701e-01 6.246e-01 0
20150511.500 2457154.000 2457153.920119 0.2676 1361.4732 6.127e-01 6.800e-03 8.590e-02 6.187e-01 1334.8540 6.007e-01 6.800e-03 1.172e-01 6.120e-01 0
20150512.500 2457155.000 2457154.968960 0.2680 1361.6620 6.127e-01 6.800e-03 7.888e-02 6.178e-01 1334.3901 6.005e-01 6.800e-03 1.306e-01 6.145e-01 0
20150513.500 2457156.000 2457155.948354 0.2687 1361.7147 6.128e-01 6.800e-03 6.847e-02 6.166e-01 1333.8449 6.002e-01 6.800e-03 1.460e-01 6.177e-01 0
20150514.500 2457157.000 2457156.931908 0.2673 1361.9064 6.129e-01 6.800e-03 9.005e-02 6.194e-01 1333.4431 6.000e-01 6.800e-03 9.604e-02 6.077e-01 0
20150515.500 2457158.000 2457157.915352 0.2676 1362.1287 6.130e-01 6.800e-03 9.521e-02 6.203e-01 1333.0822 5.999e-01 6.800e-03 1.018e-01 6.085e-01 0
20150516.500 2457159.000 2457158.960237 0.2673 1362.2721 6.130e-01 6.800e-03 8.485e-02 6.189e-01 1332.6205 5.997e-01 6.800e-03 1.816e-01 6.266e-01 0
20150517.500 2457160.000 2457159.943685 0.2676 1362.2988 6.130e-01 6.800e-03 6.610e-02 6.166e-01 1332.0925 5.994e-01 6.800e-03 1.834e-01 6.269e-01 0
20150518.500 2457161.000 2457160.988384 0.2682 1362.2386 6.130e-01 6.800e-03 1.003e-01 6.212e-01 1331.4589 5.992e-01 6.800e-03 7.497e-02 6.038e-01 0
20150519.500 2457162.000 2457161.967498 0.2676 1362.3825 6.131e-01 6.800e-03 1.209e-01 6.249e-01 1331.0737 5.990e-01 6.800e-03 2.439e-01 6.467e-01 0
20150520.500 2457163.000 2457163.105524 0.1651 1362.3491 6.131e-01 6.800e-03 6.017e-02 6.160e-01 1330.4453 5.987e-01 6.800e-03 1.166e-01 6.099e-01 0
20150521.500 2457164.000 2457163.936771 0.2697 1362.2743 6.130e-01 6.800e-03 8.449e-02 6.188e-01 1329.9479 5.985e-01 6.800e-03 1.967e-01 6.300e-01 0
20150522.500 2457165.000 2457164.915532 0.2671 1362.1304 6.130e-01 6.800e-03 7.819e-02 6.179e-01 1329.3183 5.982e-01 6.800e-03 1.893e-01 6.274e-01 0
20150523.500 2457166.000 2457165.957953 0.2685 1362.0154 6.129e-01 6.800e-03 8.513e-02 6.188e-01 1328.6976 5.979e-01 6.800e-03 1.945e-01 6.288e-01 0
20150524.500 2457167.000 2457166.941065 0.2680 1361.9512 6.129e-01 6.800e-03 4.842e-02 6.148e-01 1328.1665 5.977e-01 6.800e-03 1.328e-01 6.123e-01 0
20150525.500 2457168.000 2457167.920070 0.2685 1361.9392 6.129e-01 6.800e-03 9.148e-02 6.197e-01 1327.6987 5.975e-01 6.800e-03 8.048e-02 6.029e-01 0
20150526.500 2457169.000 2457168.968538 0.2680 1362.0567 6.129e-01 6.800e-03 7.975e-02 6.181e-01 1327.3356 5.973e-01 6.800e-03 1.702e-01 6.211e-01 0
20150527.500 2457170.000 2457169.969759 0.2638 1362.0858 6.129e-01 6.800e-03 7.366e-02 6.173e-01 1326.9177 5.971e-01 6.800e-03 1.243e-01 6.099e-01 0
20150528.500 2457171.000 2457170.885883 0.2320 1362.0832 6.129e-01 6.800e-03 6.938e-02 6.169e-01 1326.5147 5.969e-01 6.800e-03 1.189e-01 6.087e-01 0
20150529.500 2457172.000 2457171.948527 0.2347 1361.9954 6.129e-01 6.800e-03 6.578e-02 6.164e-01 1325.9742 5.967e-01 6.800e-03 1.345e-01 6.117e-01 0
20150530.500 2457173.000 2457173.055883 0.3523 1361.9153 6.129e-01 6.800e-03 5.988e-02 6.158e-01 1325.4323 5.964e-01 6.800e-03 1.589e-01 6.173e-01 0
20150531.500 2457174.000 2457174.004078 0.3259 1361.8669 6.128e-01 6.800e-03 6.398e-02 6.162e-01 1324.9953 5.962e-01 6.800e-03 1.586e-01 6.170e-01 0
20150601.500 2457175.000 2457175.260076 0.1342 1361.7779 6.128e-01 6.800e-03 9.139e-02 6.196e-01 1324.4025 5.960e-01 6.800e-03 4.662e-02 5.978e-01 0
20150602.500 2457176.000 2457176.076020 0.3893 1362.1040 6.129e-01 6.800e-03 9.247e-02 6.199e-01 1324.3977 5.960e-01 6.800e-03 1.447e-01 6.133e-01 0
20150603.500 2457177.000 2457177.244839 0.2670 1362.1808 6.130e-01 6.800e-03 8.061e-02 6.183e-01 1324.0184 5.958e-01 6.800e-03 1.405e-01 6.121e-01 0
20150604.500 2457178.000 2457178.255203 0.0093 1362.2687 6.130e-01 6.800e-03 7.410e-02 6.175e-01 1323.7196 5.957e-01 6.800e-03 6.920e-02 5.997e-01 0
20150605.500 2457179.000 2457178.909423 0.3289 1362.2515 6.130e-01 6.800e-03 6.439e-02 6.164e-01 1323.4588 5.956e-01 6.800e-03 1.242e-01 6.084e-01 0
20150606.500 2457180.000 2457179.890897 0.2674 1362.2273 6.130e-01 6.800e-03 8.538e-02 6.189e-01 1323.0748 5.954e-01 6.800e-03 1.255e-01 6.085e-01 0
20150607.500 2457181.000 2457180.890443 0.2646 1362.1547 6.130e-01 6.800e-03 8.613e-02 6.190e-01 1322.6458 5.952e-01 6.800e-03 1.545e-01 6.149e-01 0
20150608.500 2457182.000 2457181.987670 0.2630 1362.0154 6.129e-01 6.800e-03 1.536e-01 6.319e-01 1322.1279 5.950e-01 6.800e-03 7.636e-02 5.998e-01 0
20150609.500 2457183.000 2457182.937273 0.2961 1362.2066 6.130e-01 6.800e-03 9.441e-02 6.202e-01 1321.9925 5.949e-01 6.800e-03 7.668e-02 5.998e-01 0
20150610.500 2457184.000 2457183.917197 0.2963 1362.3058 6.130e-01 6.800e-03 6.115e-02 6.161e-01 1321.7679 5.948e-01 6.800e-03 9.464e-02 6.023e-01 0
20150611.500 2457185.000 2457185.165490 0.1633 1362.4689 6.131e-01 6.800e-03 4.599e-02 6.148e-01 1321.5342 5.947e-01 6.800e-03 7.036e-02 5.988e-01 0
20150612.500 2457186.000 2457186.143752 0.1643 1362.4710 6.131e-01 6.800e-03 5.963e-02 6.160e-01 1321.2439 5.946e-01 6.800e-03 8.829e-02 6.011e-01 0
20150613.500 2457187.000 2457186.960869 0.2679 1362.4770 6.131e-01 6.800e-03 6.181e-02 6.162e-01 1321.0162 5.945e-01 6.800e-03 9.524e-02 6.020e-01 0
20150614.500 2457188.000 2457187.942814 0.2687 1362.3848 6.131e-01 6.800e-03 7.269e-02 6.174e-01 1320.6588 5.943e-01 6.800e-03 1.256e-01 6.074e-01 0
20150615.500 2457189.000 2457188.926514 0.2682 1362.1994 6.130e-01 6.800e-03 1.161e-01 6.239e-01 1320.2254 5.941e-01 6.800e-03 9.301e-02 6.013e-01 0
20150616.500 2457190.000 2457189.973473 0.2682 1362.0695 6.129e-01 6.800e-03 1.257e-01 6.257e-01 1319.8459 5.939e-01 6.800e-03 1.767e-01 6.197e-01 0
20150617.500 2457191.000 2457191.118229 0.1645 1361.7757 6.128e-01 6.800e-03 7.862e-02 6.178e-01 1319.3031 5.937e-01 6.800e-03 1.039e-01 6.027e-01 0
20150618.500 2457192.000 2457191.935931 0.2679 1361.5342 6.127e-01 6.800e-03 9.947e-02 6.207e-01 1318.8979 5.935e-01 6.800e-03 1.424e-01 6.103e-01 0
20150619.500 2457193.000 2457192.916826 0.2679 1361.1792 6.125e-01 6.800e-03 8.719e-02 6.187e-01 1318.3615 5.933e-01 6.800e-03 1.209e-01 6.055e-01 0
20150620.500 2457194.000 2457193.961179 0.2676 1360.9802 6.124e-01 6.800e-03 8.090e-02 6.178e-01 1317.9796 5.931e-01 6.800e-03 1.033e-01 6.020e-01 0
20150621.500 2457195.000 2457195.009692 0.3513 1360.9031 6.124e-01 6.800e-03 8.790e-02 6.187e-01 1317.7311 5.930e-01 6.800e-03 7.163e-02 5.973e-01 0
20150622.500 2457196.000 2457195.996540 0.2999 1360.9684 6.124e-01 6.800e-03 1.018e-01 6.208e-01 1317.6441 5.929e-01 6.800e-03 1.004e-01 6.014e-01 0
20150623.500 2457197.000 2457197.028394 0.3202 1361.0641 6.125e-01 6.800e-03 8.046e-02 6.177e-01 1317.5938 5.929e-01 6.800e-03 6.248e-02 5.962e-01 0
20150624.500 2457198.000 2457198.086876 0.2937 1361.3334 6.126e-01 6.800e-03 1.125e-01 6.228e-01 1317.7218 5.930e-01 6.800e-03 8.306e-02 5.988e-01 0
20150625.500 2457199.000 2457199.092983 0.2695 1361.5191 6.127e-01 6.800e-03 7.724e-02 6.175e-01 1317.7880 5.930e-01 6.800e-03 6.883e-02 5.970e-01 0
20150626.500 2457200.000 2457200.044733 0.2666 1361.6990 6.128e-01 6.800e-03 7.854e-02 6.178e-01 1317.8656 5.930e-01 6.800e-03 6.528e-02 5.966e-01 0
20150627.500 2457201.000 2457201.072012 0.2623 1361.8560 6.128e-01 6.800e-03 6.163e-02 6.159e-01 1317.9244 5.931e-01 6.800e-03 5.248e-02 5.954e-01 0
20150628.500 2457202.000 2457201.907858 0.1647 1361.9202 6.129e-01 6.800e-03 5.162e-02 6.150e-01 1317.9187 5.931e-01 6.800e-03 5.467e-02 5.956e-01 0
20150629.500 2457203.000 2457203.054082 0.2671 1361.9358 6.129e-01 6.800e-03 1.647e-01 6.346e-01 1317.8525 5.930e-01 6.800e-03 1.446e-01 6.104e-01 0
20150630.500 2457204.000 2457204.032222 0.2665 1362.2030 6.130e-01 6.800e-03 9.021e-02 6.196e-01 1318.0511 5.931e-01 6.800e-03 9.847e-02 6.012e-01 0
20150701.500 2457205.000 2457205.015570 0.2671 1362.1566 6.130e-01 6.800e-03 7.541e-02 6.176e-01 1317.9546 5.931e-01 6.800e-03 8.093e-02 5.986e-01 0
20150702.500 2457206.000 2457205.996369 0.2691 1362.1051 6.129e-01 6.800e-03 5.228e-02 6.152e-01 1317.8615 5.930e-01 6.800e-03 4.941e-02 5.951e-01 0
20150703.500 2457207.000 2457206.977642 0.2671 1362.1194 6.130e-01 6.800e-03 4.321e-02 6.145e-01 1317.8404 5.930e-01 6.800e-03 3.933e-02 5.943e-01 0
20150704.500 2457208.000 2457207.956606 0.2680 1362.1564 6.130e-01 6.800e-03 5.606e-02 6.155e-01 1317.8496 5.930e-01 6.800e-03 5.389e-02 5.955e-01 0
20150705.500 2457209.000 2457208.937501 0.2680 1362.1018 6.129e-01 6.800e-03 7.314e-02 6.173e-01 1317.7787 5.930e-01 6.800e-03 7.153e-02 5.973e-01 0
20150706.500 2457210.000 2457209.918396 0.2680 1361.8749 6.128e-01 6.800e-03 7.811e-02 6.178e-01 1317.5504 5.929e-01 6.800e-03 7.496e-02 5.976e-01 0
20150707.500 2457211.000 2457210.964684 0.2680 1361.9543 6.129e-01 6.800e-03 6.936e-02 6.168e-01 1317.6287 5.929e-01 6.800e-03 6.708e-02 5.967e-01 0
20150708.500 2457212.000 2457211.945579 0.2680 1361.9852 6.129e-01 6.800e-03 6.686e-02 6.165e-01 1317.6711 5.930e-01 6.800e-03 6.855e-02 5.969e-01 0
20150709.500 2457213.000 2457212.989853 0.2676 1362.0915 6.129e-01 6.800e-03 7.596e-02 6.176e-01 1317.8000 5.930e-01 6.800e-03 7.652e-02 5.979e-01 0
20150710.500 2457214.000 2457213.973052 0.2680 1362.0597 6.129e-01 6.800e-03 7.211e-02 6.172e-01 1317.8066 5.930e-01 6.800e-03 7.037e-02 5.972e-01 0
20150711.500 2457215.000 2457214.953569 0.2684 1362.1025 6.129e-01 6.800e-03 6.670e-02 6.166e-01 1317.8984 5.931e-01 6.800e-03 7.374e-02 5.976e-01 0
20150712.500 2457216.000 2457215.931719 0.2683 1362.1584 6.130e-01 6.800e-03 5.525e-02 6.155e-01 1318.0168 5.931e-01 6.800e-03 5.810e-02 5.959e-01 0
20150713.500 2457217.000 2457216.987695 0.2678 1362.1888 6.130e-01 6.800e-03 9.795e-02 6.208e-01 1318.1316 5.932e-01 6.800e-03 1.117e-01 6.036e-01 0
20150714.500 2457218.000 2457217.963652 0.2671 1362.2904 6.130e-01 6.800e-03 8.634e-02 6.191e-01 1318.3242 5.932e-01 6.800e-03 6.890e-02 5.972e-01 0
20150715.500 2457219.000 2457219.109778 0.1644 1362.2153 6.130e-01 6.800e-03 7.010e-02 6.170e-01 1318.3810 5.933e-01 6.800e-03 6.215e-02 5.965e-01 0
20150716.500 2457220.000 2457219.990449 0.2691 1362.1546 6.130e-01 6.800e-03 8.722e-02 6.191e-01 1318.4363 5.933e-01 6.800e-03 8.525e-02 5.994e-01 0
20150717.500 2457221.000 2457220.971055 0.2690 1362.1614 6.130e-01 6.800e-03 7.004e-02 6.170e-01 1318.5837 5.934e-01 6.800e-03 7.112e-02 5.976e-01 0
20150718.500 2457222.000 2457221.975852 0.2639 1362.1183 6.130e-01 6.800e-03 7.876e-02 6.180e-01 1318.7018 5.934e-01 6.800e-03 8.351e-02 5.993e-01 0
20150719.500 2457223.000 2457222.934209 0.2563 1361.9579 6.129e-01 6.800e-03 6.971e-02 6.168e-01 1318.7129 5.934e-01 6.800e-03 5.166e-02 5.957e-01 0
20150720.500 2457224.000 2457223.965201 0.2614 1361.8230 6.128e-01 6.800e-03 9.038e-02 6.194e-01 1318.7766 5.934e-01 6.800e-03 1.221e-01 6.059e-01 0
20150721.500 2457225.000 2457224.924194 0.2699 1361.8773 6.128e-01 6.800e-03 7.971e-02 6.180e-01 1319.0233 5.936e-01 6.800e-03 1.112e-01 6.039e-01 0
20150722.500 2457226.000 2457225.741456 0.1674 1361.9162 6.129e-01 6.800e-03 7.597e-02 6.176e-01 1319.2361 5.937e-01 6.800e-03 7.214e-02 5.980e-01 0
20150723.500 2457227.000 2457226.905888 0.3139 1361.8700 6.128e-01 6.800e-03 6.514e-02 6.163e-01 1319.4569 5.938e-01 6.800e-03 1.161e-01 6.050e-01 0
20150724.500 2457228.000 2457228.022978 0.3483 1361.9133 6.129e-01 6.800e-03 8.139e-02 6.182e-01 1319.7692 5.939e-01 6.800e-03 9.226e-02 6.010e-01 0
20150725.500 2457229.000 2457229.121871 0.2856 1361.9062 6.129e-01 6.800e-03 6.742e-02 6.166e-01 1320.0421 5.940e-01 6.800e-03 9.349e-02 6.013e-01 0
20150726.500 2457230.000 2457230.250623 0.1587 1361.8310 6.128e-01 6.800e-03 4.629e-02 6.146e-01 1320.2702 5.941e-01 6.800e-03 5.097e-02 5.963e-01 0
20150727.500 2457231.000 2457231.105003 0.2676 1361.8842 6.128e-01 6.800e-03 1.670e-01 6.352e-01 1320.5586 5.943e-01 6.800e-03 2.249e-01 6.354e-01 0
20150728.500 2457232.000 2457232.084000 0.2679 1362.1310 6.130e-01 6.800e-03 9.490e-02 6.203e-01 1321.0776 5.945e-01 6.800e-03 9.812e-02 6.025e-01 0
20150729.500 2457233.000 2457233.065470 0.2679 1362.2454 6.130e-01 6.800e-03 5.354e-02 6.153e-01 1321.4773 5.947e-01 6.800e-03 1.154e-01 6.057e-01 0
20150730.500 2457234.000 2457234.046937 0.2690 1362.2942 6.130e-01 6.800e-03 6.652e-02 6.166e-01 1321.8212 5.948e-01 6.800e-03 1.225e-01 6.073e-01 0
20150731.500 2457235.000 2457235.028507 0.2682 1362.2891 6.130e-01 6.800e-03 6.619e-02 6.166e-01 1322.1203 5.950e-01 6.800e-03 9.814e-02 6.030e-01 0
20150801.500 2457236.000 2457235.869086 0.2854 1362.2674 6.130e-01 6.800e-03 8.824e-02 6.193e-01 1322.3652 5.951e-01 6.800e-03 1.367e-01 6.106e-01 0
20150802.500 2457237.000 2457236.928675 0.2687 1362.2739 6.130e-01 6.800e-03 5.040e-02 6.151e-01 1322.7142 5.952e-01 6.800e-03 9.031e-02 6.020e-01 0
20150803.500 2457238.000 2457237.973990 0.2674 1362.1923 6.130e-01 6.800e-03 1.107e-01 6.229e-01 1322.9814 5.953e-01 6.800e-03 1.839e-01 6.231e-01 0
20150804.500 2457239.000 2457238.952592 0.2785 1362.2129 6.130e-01 6.800e-03 6.060e-02 6.160e-01 1323.3338 5.955e-01 6.800e-03 9.813e-02 6.035e-01 0
20150805.500 2457240.000 2457239.937227 0.2674 1362.0023 6.129e-01 6.800e-03 1.003e-01 6.211e-01 1323.4722 5.956e-01 6.800e-03 6.163e-02 5.987e-01 0
20150806.500 2457241.000 2457240.983804 0.2679 1361.7096 6.128e-01 6.800e-03 9.889e-02 6.207e-01 1323.5624 5.956e-01 6.800e-03 7.637e-02 6.005e-01 0
20150807.500 2457242.000 2457241.964989 0.2679 1361.3786 6.126e-01 6.800e-03 1.166e-01 6.236e-01 1323.6023 5.956e-01 6.800e-03 7.575e-02 6.004e-01 0
20150808.500 2457243.000 2457242.945884 0.2679 1361.3175 6.126e-01 6.800e-03 7.475e-02 6.171e-01 1323.9151 5.958e-01 6.800e-03 1.445e-01 6.130e-01 0
20150809.500 2457244.000 2457243.992173 0.2679 1361.3832 6.126e-01 6.800e-03 6.814e-02 6.164e-01 1324.3887 5.960e-01 6.800e-03 1.202e-01 6.080e-01 0
20150810.500 2457245.000 2457244.970833 0.2682 1361.5017 6.127e-01 6.800e-03 1.770e-01 6.377e-01 1324.8996 5.962e-01 6.800e-03 2.770e-01 6.574e-01 0
20150811.500 2457246.000 2457246.116028 0.3476 1361.8765 6.128e-01 6.800e-03 8.780e-02 6.191e-01 1325.7435 5.966e-01 6.800e-03 1.971e-01 6.283e-01 0
20150812.500 2457247.000 2457247.156327 0.2576 1362.0202 6.129e-01 6.800e-03 8.364e-02 6.186e-01 1326.3334 5.969e-01 6.800e-03 1.695e-01 6.204e-01 0
20150813.500 2457248.000 2457248.078758 0.2694 1361.9997 6.129e-01 6.800e-03 7.628e-02 6.176e-01 1326.7250 5.970e-01 6.800e-03 8.304e-02 6.028e-01 0
20150814.500 2457249.000 2457249.042649 0.2730 1361.8618 6.128e-01 6.800e-03 7.614e-02 6.175e-01 1327.0330 5.972e-01 6.800e-03 1.455e-01 6.146e-01 0
20150815.500 2457250.000 2457250.026248 0.2689 1361.8439 6.128e-01 6.800e-03 6.087e-02 6.158e-01 1327.4798 5.974e-01 6.800e-03 1.384e-01 6.132e-01 0
20150816.500 2457251.000 2457251.002208 0.2695 1361.8335 6.128e-01 6.800e-03 6.159e-02 6.159e-01 1327.9431 5.976e-01 6.800e-03 1.677e-01 6.207e-01 0
20150817.500 2457252.000 2457252.031941 0.2684 1361.7474 6.128e-01 6.800e-03 1.144e-01 6.234e-01 1328.3720 5.978e-01 6.800e-03 2.106e-01 6.338e-01 0
20150818.500 2457253.000 2457253.014757 0.2690 1361.8020 6.128e-01 6.800e-03 6.411e-02 6.162e-01 1328.9272 5.980e-01 6.800e-03 1.478e-01 6.160e-01 0
20150819.500 2457254.000 2457254.000107 0.2678 1361.7625 6.128e-01 6.800e-03 4.924e-02 6.148e-01 1329.4037 5.982e-01 6.800e-03 1.416e-01 6.148e-01 0
20150820.500 2457255.000 2457254.978160 0.2672 1361.6959 6.128e-01 6.800e-03 8.146e-02 6.182e-01 1329.8609 5.984e-01 6.800e-03 1.274e-01 6.119e-01 0
20150821.500 2457256.000 2457255.973691 0.2692 1361.5265 6.127e-01 6.800e-03 1.146e-01 6.233e-01 1330.2378 5.986e-01 6.800e-03 7.531e-02 6.033e-01 0
20150822.500 2457257.000 2457256.932773 0.2683 1361.2931 6.126e-01 6.800e-03 9.236e-02 6.195e-01 1330.5417 5.987e-01 6.800e-03 1.069e-01 6.082e-01 0
20150823.500 2457258.000 2457257.982921 0.2674 1361.0157 6.125e-01 6.800e-03 1.033e-01 6.211e-01 1330.8630 5.989e-01 6.800e-03 9.978e-02 6.071e-01 0
20150824.500 2457259.000 2457258.961652 0.2680 1360.7868 6.124e-01 6.800e-03 7.606e-02 6.171e-01 1331.1997 5.990e-01 6.800e-03 1.902e-01 6.285e-01 0
20150825.500 2457260.000 2457259.942161 0.2677 1360.9919 6.124e-01 6.800e-03 7.679e-02 6.172e-01 1331.9695 5.994e-01 6.800e-03 1.821e-01 6.264e-01 0
20150826.500 2457261.000 2457260.988257 0.2680 1361.3138 6.126e-01 6.800e-03 1.333e-01 6.269e-01 1332.8991 5.998e-01 6.800e-03 2.779e-01 6.610e-01 0
20150827.500 2457262.000 2457261.969152 0.2680 1361.7086 6.128e-01 6.800e-03 1.140e-01 6.233e-01 1333.8679 6.002e-01 6.800e-03 2.633e-01 6.555e-01 0
20150828.500 2457263.000 2457262.950047 0.2680 1362.0013 6.129e-01 6.800e-03 9.303e-02 6.199e-01 1334.7419 6.006e-01 6.800e-03 2.387e-01 6.463e-01 0
20150829.500 2457264.000 2457263.930943 0.2680 1362.1531 6.130e-01 6.800e-03 6.425e-02 6.163e-01 1335.4823 6.010e-01 6.800e-03 2.009e-01 6.336e-01 0
20150830.500 2457265.000 2457264.977231 0.3513 1362.1961 6.130e-01 6.800e-03 5.762e-02 6.157e-01 1336.1597 6.013e-01 6.800e-03 2.053e-01 6.354e-01 0
20150831.500 2457266.000 2457266.088909 0.2680 1362.1289 6.130e-01 6.800e-03 1.122e-01 6.232e-01 1336.7732 6.015e-01 6.800e-03 2.472e-01 6.503e-01 0
20150901.500 2457267.000 2457267.069796 0.2680 1362.1184 6.130e-01 6.800e-03 5.393e-02 6.153e-01 1337.3665 6.018e-01 6.800e-03 1.504e-01 6.203e-01 0
20150902.500 2457268.000 2457268.048527 0.2674 1362.0511 6.129e-01 6.800e-03 5.650e-02 6.155e-01 1337.9070 6.021e-01 6.800e-03 1.673e-01 6.249e-01 0
20150903.500 2457269.000 2457269.031298 0.2680 1361.9605 6.129e-01 6.800e-03 5.389e-02 6.152e-01 1338.4318 6.023e-01 6.800e-03 1.756e-01 6.274e-01 0
20150904.500 2457270.000 2457270.012000 0.2677 1361.9392 6.129e-01 6.800e-03 5.322e-02 6.152e-01 1339.0290 6.026e-01 6.800e-03 1.768e-01 6.280e-01 0
20150905.500 2457271.000 2457270.992509 0.2680 1361.9180 6.129e-01 6.800e-03 6.180e-02 6.160e-01 1339.6323 6.028e-01 6.800e-03 1.911e-01 6.324e-01 0
20150906.500 2457272.000 2457271.958176 0.2724 1361.8978 6.129e-01 6.800e-03 5.611e-02 6.154e-01 1340.2339 6.031e-01 6.800e-03 1.784e-01 6.289e-01 0
20150907.500 2457273.000 2457272.953053 0.2684 1361.8602 6.128e-01 6.800e-03 9.953e-02 6.209e-01 1340.8446 6.034e-01 6.800e-03 2.640e-01 6.586e-01 0
20150908.500 2457274.000 2457273.941534 0.2729 1361.9161 6.129e-01 6.800e-03 7.738e-02 6.177e-01 1341.5512 6.037e-01 6.800e-03 1.368e-01 6.190e-01 0
20150909.500 2457275.000 2457275.081512 0.1644 1361.7718 6.128e-01 6.800e-03 6.857e-02 6.166e-01 1342.1707 6.040e-01 6.800e-03 8.996e-02 6.106e-01 0
20150910.500 2457276.000 2457275.962172 0.2691 1361.7151 6.128e-01 6.800e-03 5.846e-02 6.156e-01 1342.7115 6.042e-01 6.800e-03 1.572e-01 6.243e-01 0
20150911.500 2457277.000 2457276.946268 0.2671 1361.5756 6.127e-01 6.800e-03 8.176e-02 6.181e-01 1343.2487 6.045e-01 6.800e-03 1.384e-01 6.201e-01 0
20150912.500 2457278.000 2457277.943107 0.2595 1361.3987 6.126e-01 6.800e-03 5.722e-02 6.153e-01 1343.7667 6.047e-01 6.800e-03 1.793e-01 6.307e-01 0
20150913.500 2457279.000 2457279.017336 0.2804 1361.4729 6.127e-01 6.800e-03 7.833e-02 6.176e-01 1344.5963 6.051e-01 6.800e-03 2.512e-01 6.551e-01 0
20150914.500 2457280.000 2457279.979504 0.2693 1361.5553 6.127e-01 6.800e-03 1.121e-01 6.229e-01 1345.3638 6.054e-01 6.800e-03 2.691e-01 6.625e-01 0
20150915.500 2457281.000 2457280.961196 0.2691 1361.6009 6.127e-01 6.800e-03 7.003e-02 6.167e-01 1346.1173 6.058e-01 6.800e-03 1.698e-01 6.291e-01 0
20150916.500 2457282.000 2457281.776848 0.1674 1361.4708 6.127e-01 6.800e-03 7.927e-02 6.178e-01 1346.5832 6.060e-01 6.800e-03 8.606e-02 6.120e-01 0
20150917.500 2457283.000 2457282.953633 0.2669 1361.4326 6.126e-01 6.800e-03 5.425e-02 6.150e-01 1347.4127 6.063e-01 6.800e-03 2.085e-01 6.412e-01 0
20150918.500 2457284.000 2457283.934228 0.2680 1361.4072 6.126e-01 6.800e-03 5.747e-02 6.153e-01 1348.1177 6.067e-01 6.800e-03 2.193e-01 6.451e-01 0
20150919.500 2457285.000 2457284.914834 0.2679 1361.5428 6.127e-01 6.800e-03 8.953e-02 6.192e-01 1348.9886 6.070e-01 6.800e-03 2.801e-01 6.686e-01 0
20150920.500 2457286.000 2457285.961123 0.2679 1361.8190 6.128e-01 6.800e-03 7.879e-02 6.179e-01 1350.0546 6.075e-01 6.800e-03 2.572e-01 6.597e-01 0
20150921.500 2457287.000 2457286.942018 0.2679 1361.8364 6.128e-01 6.800e-03 1.568e-01 6.326e-01 1350.8196 6.079e-01 6.800e-03 3.417e-01 6.973e-01 0
20150922.500 2457288.000 2457287.922914 0.2679 1362.0081 6.129e-01 6.800e-03 6.768e-02 6.166e-01 1351.7417 6.083e-01 6.800e-03 2.008e-01 6.406e-01 0
20150923.500 2457289.000 2457288.969202 0.2679 1361.9534 6.129e-01 6.800e-03 6.374e-02 6.162e-01 1352.4924 6.086e-01 6.800e-03 1.934e-01 6.386e-01 0
20150924.500 2457290.000 2457289.950098 0.2679 1361.8361 6.128e-01 6.800e-03 8.675e-02 6.189e-01 1353.1326 6.089e-01 6.800e-03 1.498e-01 6.271e-01 0
20150925.500 2457291.000 2457290.930993 0.2679 1361.4928 6.127e-01 6.800e-03 1.269e-01 6.257e-01 1353.5487 6.091e-01 6.800e-03 1.212e-01 6.210e-01 0
20150926.500 2457292.000 2457291.977282 0.2679 1361.1801 6.125e-01 6.800e-03 5.506e-02 6.150e-01 1354.0452 6.093e-01 6.800e-03 1.948e-01 6.397e-01 0
20150927.500 2457293.000 2457292.955942 0.2682 1361.1932 6.125e-01 6.800e-03 5.055e-02 6.146e-01 1354.8125 6.097e-01 6.800e-03 2.418e-01 6.559e-01 0
20150928.500 2457294.000 2457294.038255 0.1643 1361.1001 6.125e-01 6.800e-03 1.193e-01 6.240e-01 1355.5520 6.100e-01 6.800e-03 2.402e-01 6.556e-01 0
20150929.500 2457295.000 2457295.063459 0.3343 1361.2475 6.126e-01 6.800e-03 7.737e-02 6.174e-01 1356.4853 6.104e-01 6.800e-03 3.160e-01 6.874e-01 0
20150930.500 2457296.000 2457296.050502 0.3170 1361.4493 6.127e-01 6.800e-03 9.935e-02 6.207e-01 1357.4418 6.108e-01 6.800e-03 3.306e-01 6.946e-01 0
20151001.500 2457297.000 2457297.095553 0.2796 1361.6536 6.127e-01 6.800e-03 6.134e-02 6.158e-01 1358.4439 6.113e-01 6.800e-03 2.449e-01 6.585e-01 0
20151002.500 2457298.000 2457298.087220 0.2698 1361.7295 6.128e-01 6.800e-03 5.630e-02 6.154e-01 1359.2764 6.117e-01 6.800e-03 2.162e-01 6.488e-01 0
20151003.500 2457299.000 2457299.053786 0.2730 1361.7074 6.128e-01 6.800e-03 6.030e-02 6.157e-01 1359.9917 6.120e-01 6.800e-03 2.292e-01 6.535e-01 0
20151004.500 2457300.000 2457300.030148 0.2658 1361.7283 6.128e-01 6.800e-03 5.982e-02 6.157e-01 1360.7577 6.123e-01 6.800e-03 2.351e-01 6.559e-01 0
20151005.500 2457301.000 2457301.016974 0.2719 1361.6982 6.128e-01 6.800e-03 1.165e-01 6.237e-01 1361.4817 6.127e-01 6.800e-03 2.830e-01 6.749e-01 0
20151006.500 2457302.000 2457302.047112 0.2682 1361.7234 6.128e-01 6.800e-03 9.276e-02 6.198e-01 1362.2955 6.130e-01 6.800e-03 1.510e-01 6.314e-01 0
20151007.500 2457303.000 2457303.196266 0.1636 1361.6573 6.127e-01 6.800e-03 6.247e-02 6.159e-01 1363.1114 6.134e-01 6.800e-03 1.269e-01 6.264e-01 0
20151008.500 2457304.000 2457304.007588 0.2672 1361.6057 6.127e-01 6.800e-03 6.151e-02 6.158e-01 1363.6843 6.137e-01 6.800e-03 2.181e-01 6.513e-01 0
20151009.500 2457305.000 2457304.982749 0.2694 1361.6588 6.127e-01 6.800e-03 6.505e-02 6.162e-01 1364.4905 6.140e-01 6.800e-03 2.227e-01 6.532e-01 0
20151010.500 2457306.000 2457306.030533 0.2674 1361.7168 6.128e-01 6.800e-03 6.599e-02 6.163e-01 1365.3605 6.144e-01 6.800e-03 2.296e-01 6.559e-01 0
20151011.500 2457307.000 2457307.010656 0.2672 1361.8094 6.128e-01 6.800e-03 6.216e-02 6.160e-01 1366.2155 6.148e-01 6.800e-03 2.433e-01 6.612e-01 0
20151012.500 2457308.000 2457307.988809 0.2677 1361.6961 6.128e-01 6.800e-03 1.163e-01 6.237e-01 1366.8652 6.151e-01 6.800e-03 2.990e-01 6.839e-01 0
20151013.500 2457309.000 2457308.969030 0.2669 1361.7843 6.128e-01 6.800e-03 6.778e-02 6.165e-01 1367.7214 6.155e-01 6.800e-03 2.396e-01 6.605e-01 0
20151014.500 2457310.000 2457310.016866 0.2674 1361.9121 6.129e-01 6.800e-03 7.083e-02 6.169e-01 1368.6730 6.159e-01 6.800e-03 2.558e-01 6.669e-01 0
20151015.500 2457311.000 2457310.997182 0.2674 1361.9595 6.129e-01 6.800e-03 5.189e-02 6.151e-01 1369.4930 6.163e-01 6.800e-03 2.124e-01 6.518e-01 0
20151016.500 2457312.000 2457311.975952 0.2679 1361.9711 6.129e-01 6.800e-03 6.944e-02 6.168e-01 1370.2774 6.166e-01 6.800e-03 2.009e-01 6.485e-01 0
20151017.500 2457313.000 2457313.021951 0.2679 1362.0331 6.129e-01 6.800e-03 7.288e-02 6.172e-01 1371.1669 6.170e-01 6.800e-03 2.446e-01 6.637e-01 0
20151018.500 2457314.000 2457314.002846 0.2679 1362.2075 6.130e-01 6.800e-03 7.540e-02 6.176e-01 1372.1188 6.175e-01 6.800e-03 2.662e-01 6.724e-01 0
20151019.500 2457315.000 2457315.049135 0.2679 1362.1672 6.130e-01 6.800e-03 9.505e-02 6.203e-01 1372.9058 6.178e-01 6.800e-03 2.635e-01 6.717e-01 0
20151020.500 2457316.000 2457316.030030 0.2679 1362.1380 6.130e-01 6.800e-03 6.972e-02 6.169e-01 1373.6510 6.181e-01 6.800e-03 1.899e-01 6.466e-01 0
20151021.500 2457317.000 2457317.010926 0.2679 1362.0418 6.129e-01 6.800e-03 6.026e-02 6.159e-01 1374.3263 6.184e-01 6.800e-03 2.147e-01 6.546e-01 0
20151022.500 2457318.000 2457317.990007 0.2685 1362.0179 6.129e-01 6.800e-03 5.213e-02 6.151e-01 1375.0699 6.188e-01 6.800e-03 2.283e-01 6.596e-01 0
20151023.500 2457319.000 2457318.973006 0.2679 1362.0948 6.129e-01 6.800e-03 7.374e-02 6.174e-01 1375.9140 6.192e-01 6.800e-03 2.515e-01 6.683e-01 0
20151024.500 2457320.000 2457319.953901 0.2679 1362.1307 6.130e-01 6.800e-03 5.150e-02 6.151e-01 1376.7097 6.195e-01 6.800e-03 1.950e-01 6.495e-01 0
20151025.500 2457321.000 2457320.996758 0.3284 1362.1548 6.130e-01 6.800e-03 7.088e-02 6.171e-01 1377.5342 6.199e-01 6.800e-03 2.152e-01 6.562e-01 0
20151026.500 2457322.000 2457321.980314 0.2677 1362.0330 6.129e-01 6.800e-03 9.685e-02 6.205e-01 1378.1582 6.202e-01 6.800e-03 2.866e-01 6.832e-01 0
20151027.500 2457323.000 2457322.958690 0.2674 1362.1154 6.130e-01 6.800e-03 6.513e-02 6.164e-01 1378.9768 6.205e-01 6.800e-03 2.417e-01 6.660e-01 0
20151028.500 2457324.000 2457323.938894 0.2682 1362.0567 6.129e-01 6.800e-03 7.227e-02 6.172e-01 1379.6455 6.208e-01 6.800e-03 1.816e-01 6.469e-01 0
20151029.500 2457325.000 2457324.986549 0.2669 1361.9520 6.129e-01 6.800e-03 6.278e-02 6.161e-01 1380.3082 6.211e-01 6.800e-03 1.693e-01 6.438e-01 0
20151030.500 2457326.000 2457325.966577 0.2686 1361.7067 6.128e-01 6.800e-03 9.780e-02 6.205e-01 1380.7702 6.213e-01 6.800e-03 1.253e-01 6.338e-01 0
20151031.500 2457327.000 2457327.011998 0.2669 1361.4539 6.127e-01 6.800e-03 1.084e-01 6.222e-01 1381.2633 6.216e-01 6.800e-03 1.498e-01 6.394e-01 0
20151101.500 2457328.000 2457327.992218 0.2677 1361.1512 6.125e-01 6.800e-03 1.162e-01 6.234e-01 1381.6510 6.217e-01 6.800e-03 1.141e-01 6.321e-01 0
20151102.500 2457329.000 2457328.971752 0.2664 1360.8891 6.124e-01 6.800e-03 6.539e-02 6.159e-01 1382.0725 6.219e-01 6.800e-03 2.268e-01 6.620e-01 0
20151103.500 2457330.000 2457329.956446 0.2672 1361.0161 6.125e-01 6.800e-03 6.416e-02 6.158e-01 1382.8864 6.223e-01 6.800e-03 1.691e-01 6.449e-01 0
20151104.500 2457331.000 2457331.164369 0.1644 1361.3806 6.126e-01 6.800e-03 4.828e-02 6.145e-01 1384.0896 6.228e-01 6.800e-03 1.426e-01 6.390e-01 0
20151105.500 2457332.000 2457331.981816 0.2682 1361.4663 6.127e-01 6.800e-03 1.076e-01 6.220e-01 1384.7356 6.231e-01 6.800e-03 2.834e-01 6.846e-01 0
20151106.500 2457333.000 2457332.956825 0.2684 1361.6565 6.127e-01 6.800e-03 7.960e-02 6.179e-01 1385.5914 6.235e-01 6.800e-03 2.527e-01 6.728e-01 0
20151107.500 2457334.000 2457333.960121 0.2650 1361.8156 6.128e-01 6.800e-03 6.019e-02 6.158e-01 1386.4302 6.239e-01 6.800e-03 1.993e-01 6.549e-01 0
20151108.500 2457335.000 2457334.927854 0.2594 1361.8522 6.128e-01 6.800e-03 7.155e-02 6.170e-01 1387.1163 6.242e-01 6.800e-03 2.061e-01 6.574e-01 0
20151109.500 2457336.000 2457335.967596 0.2570 1361.8820 6.128e-01 6.800e-03 8.765e-02 6.191e-01 1387.8390 6.245e-01 6.800e-03 2.343e-01 6.670e-01 0
20151110.500 2457337.000 2457336.923102 0.2655 1361.8601 6.128e-01 6.800e-03 6.247e-02 6.160e-01 1388.4490 6.248e-01 6.800e-03 1.816e-01 6.507e-01 0
20151111.500 2457338.000 2457337.889799 0.2701 1361.8727 6.128e-01 6.800e-03 6.380e-02 6.162e-01 1389.0979 6.251e-01 6.800e-03 2.203e-01 6.628e-01 0
20151112.500 2457339.000 2457338.936195 0.2694 1361.9600 6.129e-01 6.800e-03 6.164e-02 6.160e-01 1389.8709 6.254e-01 6.800e-03 2.158e-01 6.616e-01 0
20151113.500 2457340.000 2457339.915343 0.2693 1362.1267 6.130e-01 6.800e-03 1.067e-01 6.222e-01 1390.6766 6.258e-01 6.800e-03 2.649e-01 6.796e-01 0
20151114.500 2457341.000 2457340.895552 0.2701 1362.3543 6.131e-01 6.800e-03 9.004e-02 6.196e-01 1391.5410 6.262e-01 6.800e-03 2.487e-01 6.738e-01 0
20151115.500 2457342.000 2457341.942046 0.2693 1362.4293 6.131e-01 6.800e-03 6.265e-02 6.163e-01 1392.2869 6.265e-01 6.800e-03 2.108e-01 6.610e-01 0
20151116.500 2457343.000 2457342.920218 0.2693 1362.4079 6.131e-01 6.800e-03 7.297e-02 6.174e-01 1392.8847 6.268e-01 6.800e-03 2.110e-01 6.614e-01 0
20151117.500 2457344.000 2457343.944900 0.2967 1362.3668 6.131e-01 6.800e-03 8.680e-02 6.192e-01 1393.4851 6.271e-01 6.800e-03 1.527e-01 6.454e-01 0
20151118.500 2457345.000 2457344.946739 0.2685 1362.2439 6.130e-01 6.800e-03 6.713e-02 6.167e-01 1393.9799 6.273e-01 6.800e-03 1.418e-01 6.431e-01 0
20151119.500 2457346.000 2457345.926767 0.2701 1362.1876 6.130e-01 6.800e-03 5.258e-02 6.152e-01 1394.5211 6.275e-01 6.800e-03 1.619e-01 6.481e-01 0
20151120.500 2457347.000 2457346.892166 0.2664 1362.2873 6.130e-01 6.800e-03 5.733e-02 6.157e-01 1395.2041 6.278e-01 6.800e-03 1.825e-01 6.538e-01 0
20151121.500 2457348.000 2457347.889464 0.2693 1362.2285 6.130e-01 6.800e-03 5.974e-02 6.159e-01 1395.7333 6.281e-01 6.800e-03 1.787e-01 6.530e-01 0
20151122.500 2457349.000 2457348.944545 0.2625 1362.1728 6.130e-01 6.800e-03 6.257e-02 6.162e-01 1396.2871 6.283e-01 6.800e-03 1.673e-01 6.502e-01 0
20151123.500 2457350.000 2457349.896468 0.2738 1362.2347 6.130e-01 6.800e-03 8.207e-02 6.185e-01 1396.8892 6.286e-01 6.800e-03 1.687e-01 6.508e-01 0
20151124.500 2457351.000 2457350.928638 0.2682 1362.1387 6.130e-01 6.800e-03 7.162e-02 6.171e-01 1397.3606 6.288e-01 6.800e-03 1.099e-01 6.383e-01 0
20151125.500 2457352.000 2457351.971271 0.2676 1362.0044 6.129e-01 6.800e-03 6.178e-02 6.160e-01 1397.7827 6.290e-01 6.800e-03 1.095e-01 6.385e-01 0
20151126.500 2457353.000 2457352.946228 0.2688 1361.9123 6.129e-01 6.800e-03 6.929e-02 6.168e-01 1398.1969 6.292e-01 6.800e-03 1.083e-01 6.384e-01 0
20151127.500 2457354.000 2457353.930747 0.2676 1361.8669 6.128e-01 6.800e-03 6.324e-02 6.161e-01 1398.6495 6.294e-01 6.800e-03 1.258e-01 6.418e-01 0
20151128.500 2457355.000 2457354.995611 0.2692 1361.8603 6.128e-01 6.800e-03 5.129e-02 6.150e-01 1399.1662 6.296e-01 6.800e-03 1.329e-01 6.435e-01 0
20151129.500 2457356.000 2457355.951027 0.2683 1361.8475 6.128e-01 6.800e-03 4.792e-02 6.147e-01 1399.6087 6.298e-01 6.800e-03 1.248e-01 6.421e-01 0
20151130.500 2457357.000 2457356.997850 0.2675 1361.7725 6.128e-01 6.800e-03 9.469e-02 6.201e-01 1400.0161 6.300e-01 6.800e-03 2.051e-01 6.626e-01 0
20151201.500 2457358.000 2457358.139363 0.1644 1361.8408 6.128e-01 6.800e-03 6.855e-02 6.167e-01 1400.5980 6.303e-01 6.800e-03 1.276e-01 6.430e-01 0
20151202.500 2457359.000 2457359.283706 0.0089 1361.8932 6.129e-01 6.800e-03 6.909e-02 6.167e-01 1401.1479 6.305e-01 6.800e-03 7.406e-02 6.349e-01 0
20151203.500 2457360.000 2457360.100252 0.1645 1361.9594 6.129e-01 6.800e-03 5.833e-02 6.157e-01 1401.5598 6.307e-01 6.800e-03 1.129e-01 6.407e-01 0
20151204.500 2457361.000 2457361.145383 0.1645 1361.9494 6.129e-01 6.800e-03 4.655e-02 6.146e-01 1401.9782 6.309e-01 6.800e-03 8.822e-02 6.370e-01 0
20151205.500 2457362.000 2457361.996268 0.1643 1361.9159 6.129e-01 6.800e-03 4.541e-02 6.145e-01 1402.2836 6.310e-01 6.800e-03 9.359e-02 6.379e-01 0
20151206.500 2457363.000 2457363.007445 0.2677 1361.9168 6.129e-01 6.800e-03 5.120e-02 6.150e-01 1402.6779 6.312e-01 6.800e-03 1.092e-01 6.406e-01 0
20151207.500 2457364.000 2457363.989719 0.2674 1361.7936 6.128e-01 6.800e-03 8.853e-02 6.192e-01 1402.9231 6.313e-01 6.800e-03 1.606e-01 6.514e-01 0
20151208.500 2457365.000 2457364.972209 0.2665 1361.8411 6.128e-01 6.800e-03 4.474e-02 6.145e-01 1403.3344 6.315e-01 6.800e-03 1.157e-01 6.420e-01 0
20151209.500 2457366.000 2457366.023791 0.2647 1361.8501 6.128e-01 6.800e-03 4.608e-02 6.146e-01 1403.7211 6.317e-01 6.800e-03 1.185e-01 6.427e-01 0
20151210.500 2457367.000 2457366.989395 0.2664 1362.0337 6.129e-01 6.800e-03 7.125e-02 6.170e-01 1404.2477 6.319e-01 6.800e-03 1.479e-01 6.490e-01 0
20151211.500 2457368.000 2457367.969785 0.2669 1362.1386 6.130e-01 6.800e-03 7.037e-02 6.170e-01 1404.6894 6.321e-01 6.800e-03 1.450e-01 6.485e-01 0
20151212.500 2457369.000 2457369.010396 0.2670 1362.2628 6.130e-01 6.800e-03 5.274e-02 6.153e-01 1405.1617 6.323e-01 6.800e-03 1.059e-01 6.411e-01 0
20151213.500 2457370.000 2457369.994001 0.2689 1362.2869 6.130e-01 6.800e-03 5.692e-02 6.157e-01 1405.5025 6.325e-01 6.800e-03 1.099e-01 6.420e-01 0
20151214.500 2457371.000 2457370.966928 0.2674 1362.1437 6.130e-01 6.800e-03 8.269e-02 6.185e-01 1405.6580 6.325e-01 6.800e-03 1.327e-01 6.463e-01 0
20151215.500 2457372.000 2457371.844749 0.2778 1362.0395 6.129e-01 6.800e-03 1.110e-01 6.229e-01 1405.8156 6.326e-01 6.800e-03 5.578e-02 6.351e-01 0
20151216.500 2457373.000 2457373.029001 0.3626 1361.7509 6.128e-01 6.800e-03 7.402e-02 6.172e-01 1405.8619 6.326e-01 6.800e-03 5.228e-02 6.348e-01 0
20151217.500 2457374.000 2457374.204974 0.2979 1361.6553 6.127e-01 6.800e-03 4.930e-02 6.147e-01 1406.0890 6.327e-01 6.800e-03 7.247e-02 6.369e-01 0
20151218.500 2457375.000 2457374.971191 0.2677 1361.6588 6.127e-01 6.800e-03 5.108e-02 6.149e-01 1406.2954 6.328e-01 6.800e-03 8.638e-02 6.387e-01 0
20151219.500 2457376.000 2457375.950930 0.2677 1361.6479 6.127e-01 6.800e-03 6.329e-02 6.160e-01 1406.5314 6.329e-01 6.800e-03 9.538e-02 6.401e-01 0
20151220.500 2457377.000 2457376.993827 0.2680 1361.7129 6.128e-01 6.800e-03 4.576e-02 6.145e-01 1406.8462 6.331e-01 6.800e-03 7.880e-02 6.380e-01 0
20151221.500 2457378.000 2457377.975510 0.2677 1361.7708 6.128e-01 6.800e-03 1.214e-01 6.247e-01 1407.1236 6.332e-01 6.800e-03 1.769e-01 6.575e-01 0
20151222.500 2457379.000 2457378.952975 0.2680 1361.9447 6.129e-01 6.800e-03 5.464e-02 6.153e-01 1407.5036 6.334e-01 6.800e-03 9.239e-02 6.401e-01 0
20151223.500 2457380.000 2457379.934697 0.2677 1361.9148 6.129e-01 6.800e-03 5.114e-02 6.150e-01 1407.6573 6.334e-01 6.800e-03 6.445e-02 6.367e-01 0
20151224.500 2457381.000 2457380.979443 0.2675 1361.8291 6.128e-01 6.800e-03 7.086e-02 6.169e-01 1407.7458 6.335e-01 6.800e-03 5.102e-02 6.355e-01 0
20151225.500 2457382.000 2457381.960628 0.2676 1361.5758 6.127e-01 6.800e-03 8.894e-02 6.191e-01 1407.6321 6.334e-01 6.800e-03 6.637e-02 6.369e-01 0
20151226.500 2457383.000 2457383.008022 0.2682 1361.4865 6.127e-01 6.800e-03 5.398e-02 6.150e-01 1407.6781 6.335e-01 6.800e-03 5.362e-02 6.357e-01 0
20151227.500 2457384.000 2457383.984919 0.2676 1361.5167 6.127e-01 6.800e-03 8.224e-02 6.182e-01 1407.8202 6.335e-01 6.800e-03 9.914e-02 6.412e-01 0
20151228.500 2457385.000 2457385.029760 0.2676 1361.4100 6.126e-01 6.800e-03 1.039e-01 6.214e-01 1407.8095 6.335e-01 6.800e-03 1.275e-01 6.462e-01 0
20151229.500 2457386.000 2457386.009197 0.2676 1361.6705 6.128e-01 6.800e-03 6.020e-02 6.157e-01 1408.1549 6.337e-01 6.800e-03 7.472e-02 6.381e-01 0
20151230.500 2457387.000 2457387.176061 0.1499 1361.9290 6.129e-01 6.800e-03 6.019e-02 6.158e-01 1408.4920 6.338e-01 6.800e-03 6.688e-02 6.373e-01 0
20151231.500 2457388.000 2457387.996736 0.2623 1362.0163 6.129e-01 6.800e-03 7.862e-02 6.179e-01 1408.6173 6.339e-01 6.800e-03 8.715e-02 6.398e-01 0
20160101.500 2457389.000 2457389.028624 0.2503 1362.0738 6.129e-01 6.800e-03 6.135e-02 6.160e-01 1408.7063 6.339e-01 6.800e-03 6.467e-02 6.372e-01 0
20160102.500 2457390.000 2457389.958332 0.2696 1361.9741 6.129e-01 6.800e-03 7.236e-02 6.171e-01 1408.6160 6.339e-01 6.800e-03 7.361e-02 6.381e-01 0
20160103.500 2457391.000 2457390.919776 0.2711 1361.8209 6.128e-01 6.800e-03 7.461e-02 6.173e-01 1408.4576 6.338e-01 6.800e-03 7.692e-02 6.385e-01 0
20160104.500 2457392.000 2457392.113030 0.1642 1361.7069 6.128e-01 6.800e-03 6.249e-02 6.159e-01 1408.3224 6.337e-01 6.800e-03 6.726e-02 6.373e-01 0
20160105.500 2457393.000 2457392.890385 0.2566 1361.8203 6.128e-01 6.800e-03 6.036e-02 6.158e-01 1408.4179 6.338e-01 6.800e-03 6.202e-02 6.368e-01 0
20160106.500 2457394.000 2457393.909017 0.2669 1361.8566 6.128e-01 6.800e-03 5.664e-02 6.154e-01 1408.4157 6.338e-01 6.800e-03 5.309e-02 6.360e-01 0
20160107.500 2457395.000 2457394.982057 0.2574 1361.9230 6.129e-01 6.800e-03 6.761e-02 6.166e-01 1408.4291 6.338e-01 6.800e-03 6.699e-02 6.373e-01 0
20160108.500 2457396.000 2457395.964113 0.2696 1361.8982 6.129e-01 6.800e-03 6.103e-02 6.159e-01 1408.3414 6.338e-01 6.800e-03 7.207e-02 6.378e-01 0
20160109.500 2457397.000 2457396.945041 0.2692 1361.9095 6.129e-01 6.800e-03 5.493e-02 6.153e-01 1408.2806 6.337e-01 6.800e-03 5.481e-02 6.361e-01 0
20160110.500 2457398.000 2457397.929597 0.2687 1361.9316 6.129e-01 6.800e-03 5.949e-02 6.157e-01 1408.2204 6.337e-01 6.800e-03 7.403e-02 6.380e-01 0
20160111.500 2457399.000 2457398.908605 0.2692 1361.8323 6.128e-01 6.800e-03 8.152e-02 6.182e-01 1408.0251 6.336e-01 6.800e-03 8.341e-02 6.391e-01 0
20160112.500 2457400.000 2457399.983670 0.2631 1361.8342 6.128e-01 6.800e-03 8.197e-02 6.183e-01 1407.9139 6.336e-01 6.800e-03 9.828e-02 6.411e-01 0
20160113.500 2457401.000 2457400.920146 0.2734 1361.8238 6.128e-01 6.800e-03 3.682e-02 6.139e-01 1407.7942 6.335e-01 6.800e-03 4.939e-02 6.354e-01 0
20160114.500 2457402.000 2457401.937493 0.2701 1361.8628 6.128e-01 6.800e-03 5.940e-02 6.157e-01 1407.7049 6.335e-01 6.800e-03 6.831e-02 6.371e-01 0
20160115.500 2457403.000 2457402.988217 0.2676 1361.8797 6.128e-01 6.800e-03 5.428e-02 6.152e-01 1407.5756 6.334e-01 6.800e-03 5.984e-02 6.362e-01 0
20160116.500 2457404.000 2457403.967376 0.2676 1361.9835 6.129e-01 6.800e-03 5.035e-02 6.150e-01 1407.5333 6.334e-01 6.800e-03 5.771e-02 6.360e-01 0
20160117.500 2457405.000 2457404.946536 0.2676 1362.0281 6.129e-01 6.800e-03 6.340e-02 6.162e-01 1407.4166 6.333e-01 6.800e-03 4.817e-02 6.352e-01 0
20160118.500 2457406.000 2457405.925984 0.2676 1362.0425 6.129e-01 6.800e-03 1.006e-01 6.211e-01 1407.2547 6.333e-01 6.800e-03 7.800e-02 6.381e-01 0
20160119.500 2457407.000 2457407.131995 0.1642 1362.1490 6.130e-01 6.800e-03 7.852e-02 6.180e-01 1407.1268 6.332e-01 6.800e-03 6.844e-02 6.369e-01 0
20160120.500 2457408.000 2457408.045761 0.1642 1362.1264 6.130e-01 6.800e-03 5.950e-02 6.158e-01 1406.9071 6.331e-01 6.800e-03 8.085e-02 6.383e-01 0
20160121.500 2457409.000 2457409.026622 0.1644 1361.9370 6.129e-01 6.800e-03 6.138e-02 6.159e-01 1406.4850 6.329e-01 6.800e-03 9.047e-02 6.394e-01 0
20160122.500 2457410.000 2457410.069764 0.1642 1361.7939 6.128e-01 6.800e-03 7.323e-02 6.172e-01 1406.0781 6.327e-01 6.800e-03 9.401e-02 6.397e-01 0
20160123.500 2457411.000 2457410.951123 0.2675 1361.7524 6.128e-01 6.800e-03 6.333e-02 6.161e-01 1405.8012 6.326e-01 6.800e-03 1.084e-01 6.418e-01 0
20160124.500 2457412.000 2457411.997813 0.2680 1361.7527 6.128e-01 6.800e-03 4.381e-02 6.144e-01 1405.5062 6.325e-01 6.800e-03 8.911e-02 6.387e-01 0
20160125.500 2457413.000 2457412.975125 0.2675 1361.7305 6.128e-01 6.800e-03 1.215e-01 6.247e-01 1405.1903 6.323e-01 6.800e-03 6.673e-02 6.358e-01 0
20160126.500 2457414.000 2457413.956963 0.2680 1361.8537 6.128e-01 6.800e-03 5.961e-02 6.157e-01 1405.0068 6.323e-01 6.800e-03 1.272e-01 6.449e-01 0
20160127.500 2457415.000 2457415.164820 0.1643 1361.7206 6.128e-01 6.800e-03 5.978e-02 6.157e-01 1404.4659 6.320e-01 6.800e-03 1.027e-01 6.403e-01 0
20160128.500 2457416.000 2457415.981882 0.2682 1361.6961 6.128e-01 6.800e-03 5.302e-02 6.151e-01 1404.1538 6.319e-01 6.800e-03 9.602e-02 6.391e-01 0
20160129.500 2457417.000 2457416.955688 0.2526 1361.7294 6.128e-01 6.800e-03 6.113e-02 6.158e-01 1403.8333 6.317e-01 6.800e-03 1.077e-01 6.408e-01 0
20160130.500 2457418.000 2457417.943104 0.2652 1361.6937 6.128e-01 6.800e-03 5.695e-02 6.154e-01 1403.4226 6.315e-01 6.800e-03 1.196e-01 6.428e-01 0
20160131.500 2457419.000 2457418.823883 0.1638 1361.6622 6.127e-01 6.800e-03 6.831e-02 6.165e-01 1403.0453 6.314e-01 6.800e-03 1.034e-01 6.398e-01 0
20160201.500 2457420.000 2457419.970059 0.2641 1361.6787 6.128e-01 6.800e-03 1.110e-01 6.227e-01 1402.5978 6.312e-01 6.800e-03 7.634e-02 6.358e-01 0
20160202.500 2457421.000 2457420.940913 0.2668 1361.8491 6.128e-01 6.800e-03 6.885e-02 6.167e-01 1402.3673 6.311e-01 6.800e-03 8.958e-02 6.374e-01 0
20160203.500 2457422.000 2457421.990838 0.2682 1361.9826 6.129e-01 6.800e-03 5.978e-02 6.158e-01 1402.0534 6.309e-01 6.800e-03 8.669e-02 6.369e-01 0
20160204.500 2457423.000 2457422.972834 0.2677 1362.0157 6.129e-01 6.800e-03 9.645e-02 6.204e-01 1401.6548 6.307e-01 6.800e-03 2.148e-01 6.663e-01 0
20160205.500 2457424.000 2457423.950870 0.2672 1361.9975 6.129e-01 6.800e-03 5.899e-02 6.157e-01 1401.1957 6.305e-01 6.800e-03 1.134e-01 6.407e-01 0
20160206.500 2457425.000 2457424.997796 0.2677 1362.0432 6.129e-01 6.800e-03 5.718e-02 6.156e-01 1400.7618 6.303e-01 6.800e-03 1.573e-01 6.497e-01 0
20160207.500 2457426.000 2457425.977333 0.2675 1361.9258 6.129e-01 6.800e-03 4.001e-02 6.142e-01 1400.1831 6.301e-01 6.800e-03 1.422e-01 6.459e-01 0
20160208.500 2457427.000 2457426.956782 0.2675 1361.8664 6.128e-01 6.800e-03 9.899e-02 6.208e-01 1399.6568 6.298e-01 6.800e-03 1.001e-01 6.378e-01 0
20160209.500 2457428.000 2457427.932976 0.3282 1361.9534 6.129e-01 6.800e-03 5.097e-02 6.150e-01 1399.2756 6.297e-01 6.800e-03 1.790e-01 6.546e-01 0
20160210.500 2457429.000 2457428.980784 0.2675 1361.9061 6.129e-01 6.800e-03 5.885e-02 6.157e-01 1398.7146 6.294e-01 6.800e-03 1.529e-01 6.477e-01 0
20160211.500 2457430.000 2457429.959943 0.2675 1361.9408 6.129e-01 6.800e-03 4.794e-02 6.147e-01 1398.2643 6.292e-01 6.800e-03 1.199e-01 6.405e-01 0
20160212.500 2457431.000 2457430.939103 0.2675 1361.9272 6.129e-01 6.800e-03 4.511e-02 6.145e-01 1397.7572 6.290e-01 6.800e-03 1.305e-01 6.424e-01 0
20160213.500 2457432.000 2457431.985391 0.2676 1361.9945 6.129e-01 6.800e-03 6.135e-02 6.160e-01 1397.2908 6.288e-01 6.800e-03 1.597e-01 6.488e-01 0
20160214.500 2457433.000 2457432.964551 0.2676 1362.0148 6.129e-01 6.800e-03 7.061e-02 6.170e-01 1396.8016 6.286e-01 6.800e-03 1.415e-01 6.443e-01 0
20160215.500 2457434.000 2457433.943710 0.2676 1362.0160 6.129e-01 6.800e-03 1.253e-01 6.256e-01 1396.2838 6.283e-01 6.800e-03 9.865e-02 6.360e-01 0
20160216.500 2457435.000 2457434.984547 0.2765 1362.0730 6.129e-01 6.800e-03 5.821e-02 6.157e-01 1395.7796 6.281e-01 6.800e-03 1.852e-01 6.548e-01 0
20160217.500 2457436.000 2457435.966843 0.2676 1361.9856 6.129e-01 6.800e-03 5.256e-02 6.151e-01 1395.1480 6.278e-01 6.800e-03 1.806e-01 6.533e-01 0
20160218.500 2457437.000 2457436.968679 0.2589 1361.8237 6.128e-01 6.800e-03 7.147e-02 6.170e-01 1394.4181 6.275e-01 6.800e-03 1.909e-01 6.559e-01 0
20160219.500 2457438.000 2457437.997392 0.2536 1361.7475 6.128e-01 6.800e-03 7.617e-02 6.175e-01 1393.7481 6.272e-01 6.800e-03 1.791e-01 6.523e-01 0
20160220.500 2457439.000 2457438.934691 0.2691 1361.7020 6.128e-01 6.800e-03 7.596e-02 6.175e-01 1393.1507 6.269e-01 6.800e-03 1.767e-01 6.513e-01 0
20160221.500 2457440.000 2457439.913850 0.2691 1361.7906 6.128e-01 6.800e-03 8.810e-02 6.191e-01 1392.6542 6.267e-01 6.800e-03 1.183e-01 6.378e-01 0
20160222.500 2457441.000 2457440.958569 0.2690 1361.8855 6.128e-01 6.800e-03 1.049e-01 6.218e-01 1392.1114 6.265e-01 6.800e-03 1.217e-01 6.382e-01 0
20160223.500 2457442.000 2457441.937563 0.2693 1362.0300 6.129e-01 6.800e-03 8.237e-02 6.184e-01 1391.6474 6.262e-01 6.800e-03 1.545e-01 6.450e-01 0
20160224.500 2457443.000 2457443.052543 0.2294 1361.9936 6.129e-01 6.800e-03 3.690e-02 6.140e-01 1390.8994 6.259e-01 6.800e-03 1.566e-01 6.452e-01 0
20160225.500 2457444.000 2457443.994261 0.2675 1361.9160 6.129e-01 6.800e-03 7.547e-02 6.175e-01 1390.2084 6.256e-01 6.800e-03 2.212e-01 6.635e-01 0
20160226.500 2457445.000 2457444.975642 0.2672 1361.8207 6.128e-01 6.800e-03 5.597e-02 6.154e-01 1389.4634 6.253e-01 6.800e-03 1.866e-01 6.525e-01 0
20160227.500 2457446.000 2457445.953159 0.2675 1361.7177 6.128e-01 6.800e-03 7.556e-02 6.174e-01 1388.7030 6.249e-01 6.800e-03 2.387e-01 6.690e-01 0
20160228.500 2457447.000 2457447.094420 0.1643 1361.6398 6.127e-01 6.800e-03 5.164e-02 6.149e-01 1387.8472 6.245e-01 6.800e-03 1.016e-01 6.327e-01 0
20160229.500 2457448.000 2457447.975305 0.2680 1361.6428 6.127e-01 6.800e-03 9.362e-02 6.199e-01 1387.2425 6.243e-01 6.800e-03 1.114e-01 6.341e-01 0
20160301.500 2457449.000 2457448.958736 0.2680 1361.8507 6.128e-01 6.800e-03 6.114e-02 6.159e-01 1386.7686 6.240e-01 6.800e-03 1.867e-01 6.514e-01 0
20160302.500 2457450.000 2457449.999592 0.2680 1362.0313 6.129e-01 6.800e-03 3.967e-02 6.142e-01 1386.2189 6.238e-01 6.800e-03 1.866e-01 6.511e-01 0
20160303.500 2457451.000 2457450.948193 0.2691 1362.0654 6.129e-01 6.800e-03 6.419e-02 6.163e-01 1385.5790 6.235e-01 6.800e-03 1.887e-01 6.514e-01 0
20160304.500 2457452.000 2457451.926622 0.2694 1362.0445 6.129e-01 6.800e-03 7.148e-02 6.171e-01 1384.8570 6.232e-01 6.800e-03 2.431e-01 6.689e-01 0
20160305.500 2457453.000 2457452.906801 0.2691 1361.9506 6.129e-01 6.800e-03 5.864e-02 6.157e-01 1384.0551 6.228e-01 6.800e-03 2.157e-01 6.591e-01 0
20160306.500 2457454.000 2457453.951354 0.2691 1361.9217 6.129e-01 6.800e-03 6.576e-02 6.164e-01 1383.2696 6.225e-01 6.800e-03 2.118e-01 6.575e-01 0
20160307.500 2457455.000 2457454.931386 0.2686 1361.8512 6.128e-01 6.800e-03 9.008e-02 6.194e-01 1382.4861 6.221e-01 6.800e-03 1.687e-01 6.446e-01 0
20160308.500 2457456.000 2457455.898500 0.2700 1361.9038 6.129e-01 6.800e-03 7.968e-02 6.180e-01 1381.8353 6.218e-01 6.800e-03 2.065e-01 6.552e-01 0
20160309.500 2457457.000 2457457.118184 0.2666 1361.9020 6.129e-01 6.800e-03 5.766e-02 6.156e-01 1380.9443 6.214e-01 6.800e-03 2.032e-01 6.538e-01 0
20160310.500 2457458.000 2457458.097723 0.2676 1361.9477 6.129e-01 6.800e-03 4.445e-02 6.145e-01 1380.2757 6.211e-01 6.800e-03 1.780e-01 6.461e-01 0
20160311.500 2457459.000 2457459.074351 0.2670 1361.9997 6.129e-01 6.800e-03 6.953e-02 6.168e-01 1379.6149 6.208e-01 6.800e-03 1.739e-01 6.447e-01 0
20160312.500 2457460.000 2457460.055752 0.2676 1361.9408 6.129e-01 6.800e-03 5.899e-02 6.157e-01 1378.8374 6.205e-01 6.800e-03 2.271e-01 6.607e-01 0
20160313.500 2457461.000 2457461.238990 0.3152 1361.8695 6.128e-01 6.800e-03 6.370e-02 6.161e-01 1377.8978 6.201e-01 6.800e-03 2.361e-01 6.635e-01 0
20160314.500 2457462.000 2457461.865747 0.2685 1361.8156 6.128e-01 6.800e-03 1.092e-01 6.225e-01 1377.3827 6.198e-01 6.800e-03 2.929e-01 6.856e-01 0
20160315.500 2457463.000 2457463.121122 0.2675 1361.7116 6.128e-01 6.800e-03 5.083e-02 6.149e-01 1376.3515 6.194e-01 6.800e-03 2.140e-01 6.553e-01 0
20160316.500 2457464.000 2457464.099992 0.3278 1361.7212 6.128e-01 6.800e-03 6.111e-02 6.158e-01 1375.6351 6.190e-01 6.800e-03 2.205e-01 6.571e-01 0
20160317.500 2457465.000 2457465.078862 0.2675 1361.7771 6.128e-01 6.800e-03 7.301e-02 6.171e-01 1374.9617 6.187e-01 6.800e-03 1.733e-01 6.425e-01 0
20160318.500 2457466.000 2457466.123414 0.2675 1361.7987 6.128e-01 6.800e-03 5.677e-02 6.154e-01 1374.1996 6.184e-01 6.800e-03 2.159e-01 6.550e-01 0
20160319.500 2457467.000 2457467.102284 0.2675 1361.7219 6.128e-01 6.800e-03 7.375e-02 6.172e-01 1373.3826 6.180e-01 6.800e-03 2.638e-01 6.720e-01 0
20160320.500 2457468.000 2457468.083665 0.2672 1361.7057 6.128e-01 6.800e-03 5.061e-02 6.149e-01 1372.6197 6.177e-01 6.800e-03 2.101e-01 6.524e-01 0
20160321.500 2457469.000 2457469.058949 0.2672 1361.6000 6.127e-01 6.800e-03 8.404e-02 6.185e-01 1371.7661 6.173e-01 6.800e-03 1.552e-01 6.365e-01 0
20160322.500 2457470.000 2457470.042467 0.2680 1361.6754 6.128e-01 6.800e-03 7.045e-02 6.168e-01 1371.0835 6.170e-01 6.800e-03 2.679e-01 6.727e-01 0
20160323.500 2457471.000 2457471.182972 0.1642 1361.6481 6.127e-01 6.800e-03 6.292e-02 6.160e-01 1370.1700 6.166e-01 6.800e-03 1.011e-01 6.248e-01 0
20160324.500 2457472.000 2457471.999227 0.2675 1361.6060 6.127e-01 6.800e-03 4.689e-02 6.145e-01 1369.4893 6.163e-01 6.800e-03 2.379e-01 6.606e-01 0
20160325.500 2457473.000 2457472.978676 0.2675 1361.6264 6.127e-01 6.800e-03 5.825e-02 6.155e-01 1368.7398 6.159e-01 6.800e-03 2.307e-01 6.577e-01 0
20160326.500 2457474.000 2457473.955987 0.2680 1361.6308 6.127e-01 6.800e-03 6.670e-02 6.164e-01 1367.9716 6.156e-01 6.800e-03 2.131e-01 6.514e-01 0
20160327.500 2457475.000 2457475.002677 0.3937 1361.6183 6.127e-01 6.800e-03 6.286e-02 6.159e-01 1367.1275 6.152e-01 6.800e-03 3.427e-01 7.042e-01 0
20160328.500 2457476.000 2457476.047230 0.2675 1361.4756 6.127e-01 6.800e-03 6.283e-02 6.159e-01 1366.1512 6.148e-01 6.800e-03 1.953e-01 6.450e-01 0
20160329.500 2457477.000 2457477.026389 0.2675 1361.4798 6.127e-01 6.800e-03 5.673e-02 6.153e-01 1365.3720 6.144e-01 6.800e-03 2.385e-01 6.591e-01 0
20160330.500 2457478.000 2457478.003388 0.2669 1361.5542 6.127e-01 6.800e-03 4.744e-02 6.145e-01 1364.6632 6.141e-01 6.800e-03 2.143e-01 6.504e-01 0
20160331.500 2457479.000 2457478.984418 0.2675 1361.5352 6.127e-01 6.800e-03 6.843e-02 6.165e-01 1363.8568 6.137e-01 6.800e-03 2.058e-01 6.473e-01 0
20160401.500 2457480.000 2457479.961377 0.2669 1361.5887 6.127e-01 6.800e-03 3.946e-02 6.140e-01 1363.1264 6.134e-01 6.800e-03 2.284e-01 6.546e-01 0
20160402.500 2457481.000 2457480.990221 0.2705 1361.5981 6.127e-01 6.800e-03 6.671e-02 6.163e-01 1362.3112 6.130e-01 6.800e-03 2.425e-01 6.593e-01 0
20160403.500 2457482.000 2457481.988447 0.2676 1361.6338 6.127e-01 6.800e-03 8.255e-02 6.183e-01 1361.5491 6.127e-01 6.800e-03 2.718e-01 6.703e-01 0
20160404.500 2457483.000 2457482.964432 0.2679 1361.5947 6.127e-01 6.800e-03 9.298e-02 6.197e-01 1360.7329 6.123e-01 6.800e-03 1.685e-01 6.351e-01 0
20160405.500 2457484.000 2457483.943240 0.2680 1361.6787 6.128e-01 6.800e-03 5.027e-02 6.148e-01 1360.0417 6.120e-01 6.800e-03 2.057e-01 6.457e-01 0
20160406.500 2457485.000 2457484.987213 0.2680 1361.7154 6.128e-01 6.800e-03 7.871e-02 6.178e-01 1359.2570 6.117e-01 6.800e-03 2.121e-01 6.474e-01 0
20160407.500 2457486.000 2457486.001826 0.2615 1361.6833 6.128e-01 6.800e-03 7.058e-02 6.168e-01 1358.4328 6.113e-01 6.800e-03 2.368e-01 6.556e-01 0
20160408.500 2457487.000 2457487.038764 0.2427 1361.6516 6.127e-01 6.800e-03 6.096e-02 6.158e-01 1357.5982 6.109e-01 6.800e-03 1.983e-01 6.423e-01 0
20160409.500 2457488.000 2457487.957369 0.2693 1361.5162 6.127e-01 6.800e-03 6.573e-02 6.162e-01 1356.7577 6.105e-01 6.800e-03 2.467e-01 6.585e-01 0
20160410.500 2457489.000 2457488.934851 0.2696 1361.2667 6.126e-01 6.800e-03 8.491e-02 6.184e-01 1355.7639 6.101e-01 6.800e-03 2.741e-01 6.688e-01 0
20160411.500 2457490.000 2457489.587335 0.0340 1361.0480 6.125e-01 6.800e-03 1.090e-01 6.221e-01 1355.0516 6.098e-01 6.800e-03 1.318e-01 6.239e-01 0
20160412.500 2457491.000 2457490.750799 0.2638 1360.8444 6.124e-01 6.800e-03 4.469e-02 6.140e-01 1353.9732 6.093e-01 6.800e-03 2.185e-01 6.473e-01 0
20160413.500 2457492.000 2457492.248556 0.1626 1360.8521 6.124e-01 6.800e-03 5.949e-02 6.153e-01 1352.8619 6.088e-01 6.800e-03 1.401e-01 6.247e-01 0
20160414.500 2457493.000 2457493.013225 0.2624 1360.8724 6.124e-01 6.800e-03 7.446e-02 6.169e-01 1352.3140 6.085e-01 6.800e-03 1.443e-01 6.254e-01 0
20160415.500 2457494.000 2457493.959688 0.2952 1360.9779 6.124e-01 6.800e-03 6.608e-02 6.160e-01 1351.7181 6.083e-01 6.800e-03 2.145e-01 6.450e-01 0
20160416.500 2457495.000 2457494.971544 0.2675 1361.2255 6.126e-01 6.800e-03 9.609e-02 6.200e-01 1351.2171 6.080e-01 6.800e-03 1.376e-01 6.234e-01 0
20160417.500 2457496.000 2457495.950992 0.2675 1361.5074 6.127e-01 6.800e-03 9.600e-02 6.202e-01 1350.7759 6.078e-01 6.800e-03 1.257e-01 6.207e-01 0
20160418.500 2457497.000 2457496.995851 0.2763 1361.7071 6.128e-01 6.800e-03 1.400e-01 6.285e-01 1350.2067 6.076e-01 6.800e-03 1.192e-01 6.192e-01 0
20160419.500 2457498.000 2457497.977346 0.2680 1361.7983 6.128e-01 6.800e-03 5.199e-02 6.150e-01 1349.5778 6.073e-01 6.800e-03 2.219e-01 6.466e-01 0
20160420.500 2457499.000 2457499.118214 0.1642 1361.7013 6.128e-01 6.800e-03 6.938e-02 6.167e-01 1348.6473 6.069e-01 6.800e-03 1.726e-01 6.310e-01 0
20160421.500 2457500.000 2457499.990405 0.2658 1361.5916 6.127e-01 6.800e-03 5.699e-02 6.154e-01 1347.9023 6.066e-01 6.800e-03 2.117e-01 6.424e-01 0
20160422.500 2457501.000 2457500.979696 0.2677 1361.6056 6.127e-01 6.800e-03 5.166e-02 6.149e-01 1347.1956 6.062e-01 6.800e-03 2.188e-01 6.445e-01 0
20160423.500 2457502.000 2457501.959049 0.2675 1361.5924 6.127e-01 6.800e-03 4.628e-02 6.145e-01 1346.4708 6.059e-01 6.800e-03 1.874e-01 6.342e-01 0
20160424.500 2457503.000 2457503.036297 0.1642 1361.5645 6.127e-01 6.800e-03 4.247e-02 6.142e-01 1345.6625 6.055e-01 6.800e-03 1.233e-01 6.180e-01 0
20160425.500 2457504.000 2457504.080850 0.1642 1361.5693 6.127e-01 6.800e-03 1.307e-01 6.265e-01 1344.9129 6.052e-01 6.800e-03 5.253e-02 6.075e-01 0
20160426.500 2457505.000 2457505.255610 0.1642 1361.6303 6.127e-01 6.800e-03 5.195e-02 6.149e-01 1344.1287 6.049e-01 6.800e-03 1.242e-01 6.175e-01 0
20160427.500 2457506.000 2457506.234480 0.1642 1361.5289 6.127e-01 6.800e-03 7.737e-02 6.176e-01 1343.3287 6.045e-01 6.800e-03 1.811e-01 6.310e-01 0
20160428.500 2457507.000 2457507.215019 0.1641 1361.5413 6.127e-01 6.800e-03 4.369e-02 6.142e-01 1342.6439 6.042e-01 6.800e-03 1.342e-01 6.189e-01 0
20160429.500 2457508.000 2457508.029027 0.0089 1361.6157 6.127e-01 6.800e-03 6.940e-02 6.166e-01 1342.1423 6.040e-01 6.800e-03 6.326e-02 6.073e-01 0
20160430.500 2457509.000 2457508.975189 0.2696 1361.5459 6.127e-01 6.800e-03 6.025e-02 6.157e-01 1341.4103 6.036e-01 6.800e-03 1.892e-01 6.326e-01 0
20160501.500 2457510.000 2457509.951791 0.2694 1361.5420 6.127e-01 6.800e-03 5.996e-02 6.156e-01 1340.7282 6.033e-01 6.800e-03 1.875e-01 6.318e-01 0
20160502.500 2457511.000 2457511.144750 0.1963 1361.5973 6.127e-01 6.800e-03 8.153e-02 6.181e-01 1339.9640 6.030e-01 6.800e-03 8.181e-02 6.085e-01 0
20160503.500 2457512.000 2457512.132618 0.1504 1361.7460 6.128e-01 6.800e-03 6.292e-02 6.160e-01 1339.4420 6.027e-01 6.800e-03 1.341e-01 6.175e-01 0
20160504.500 2457513.000 2457513.088955 0.1638 1361.7826 6.128e-01 6.800e-03 6.057e-02 6.158e-01 1338.8406 6.025e-01 6.800e-03 1.387e-01 6.182e-01 0
20160505.500 2457514.000 2457514.038764 0.2651 1361.7687 6.128e-01 6.800e-03 5.873e-02 6.156e-01 1338.2037 6.022e-01 6.800e-03 1.561e-01 6.221e-01 0
20160506.500 2457515.000 2457515.014630 0.2677 1361.7461 6.128e-01 6.800e-03 7.106e-02 6.169e-01 1337.5520 6.019e-01 6.800e-03 2.175e-01 6.400e-01 0
20160507.500 2457516.000 2457515.990749 0.2676 1361.6765 6.128e-01 6.800e-03 9.408e-02 6.199e-01 1336.8651 6.016e-01 6.800e-03 2.298e-01 6.440e-01 0
20160508.500 2457517.000 2457516.974292 0.2683 1361.6839 6.128e-01 6.800e-03 5.629e-02 6.153e-01 1336.2604 6.013e-01 6.800e-03 1.615e-01 6.226e-01 0
20160509.500 2457518.000 2457518.177211 0.1875 1361.5621 6.127e-01 6.800e-03 7.334e-02 6.171e-01 1335.4078 6.009e-01 6.800e-03 1.505e-01 6.195e-01 0
20160510.500 2457519.000 2457519.095831 0.2600 1361.5061 6.127e-01 6.800e-03 6.912e-02 6.166e-01 1334.8043 6.007e-01 6.800e-03 2.011e-01 6.334e-01 0
20160511.500 2457520.000 2457520.099224 0.2675 1361.4592 6.127e-01 6.800e-03 5.497e-02 6.151e-01 1334.1690 6.004e-01 6.800e-03 1.753e-01 6.254e-01 0
20160512.500 2457521.000 2457521.077997 0.2673 1361.5213 6.127e-01 6.800e-03 9.020e-02 6.193e-01 1333.6646 6.001e-01 6.800e-03 1.139e-01 6.109e-01 0
20160513.500 2457522.000 2457522.056963 0.2675 1361.7290 6.128e-01 6.800e-03 7.820e-02 6.177e-01 1333.3114 6.000e-01 6.800e-03 1.569e-01 6.202e-01 0
20160514.500 2457523.000 2457523.035545 0.2675 1361.7434 6.128e-01 6.800e-03 5.567e-02 6.153e-01 1332.7774 5.997e-01 6.800e-03 1.655e-01 6.222e-01 0
20160515.500 2457524.000 2457524.016684 0.2678 1361.7215 6.128e-01 6.800e-03 7.084e-02 6.169e-01 1332.2143 5.995e-01 6.800e-03 1.890e-01 6.286e-01 0
20160516.500 2457525.000 2457524.993283 0.2675 1361.4208 6.126e-01 6.800e-03 9.055e-02 6.193e-01 1331.3885 5.991e-01 6.800e-03 1.560e-01 6.191e-01 0
20160517.500 2457526.000 2457525.972242 0.2673 1361.2543 6.126e-01 6.800e-03 9.918e-02 6.205e-01 1330.6997 5.988e-01 6.800e-03 2.247e-01 6.396e-01 0
20160518.500 2457527.000 2457527.114204 0.1642 1361.1786 6.125e-01 6.800e-03 7.456e-02 6.171e-01 1330.0204 5.985e-01 6.800e-03 1.132e-01 6.091e-01 0
20160519.500 2457528.000 2457527.931793 0.2669 1361.0744 6.125e-01 6.800e-03 6.318e-02 6.157e-01 1329.4909 5.983e-01 6.800e-03 1.422e-01 6.149e-01 0
20160520.500 2457529.000 2457528.961049 0.2642 1361.0240 6.125e-01 6.800e-03 5.761e-02 6.152e-01 1328.9092 5.980e-01 6.800e-03 1.614e-01 6.194e-01 0
20160521.500 2457530.000 2457529.952104 0.2680 1361.0638 6.125e-01 6.800e-03 6.782e-02 6.162e-01 1328.4419 5.978e-01 6.800e-03 1.620e-01 6.194e-01 0
20160522.500 2457531.000 2457530.930449 0.2679 1361.2168 6.125e-01 6.800e-03 9.631e-02 6.201e-01 1328.0975 5.976e-01 6.800e-03 9.874e-02 6.057e-01 0
20160523.500 2457532.000 2457531.976912 0.2696 1361.2933 6.126e-01 6.800e-03 1.096e-01 6.223e-01 1327.6510 5.974e-01 6.800e-03 7.179e-02 6.017e-01 0
20160524.500 2457533.000 2457532.960267 0.2683 1361.4504 6.127e-01 6.800e-03 6.690e-02 6.163e-01 1327.3211 5.973e-01 6.800e-03 1.352e-01 6.124e-01 0
20160525.500 2457534.000 2457534.001420 0.2667 1361.5508 6.127e-01 6.800e-03 6.388e-02 6.160e-01 1326.9149 5.971e-01 6.800e-03 1.036e-01 6.060e-01 0
20160526.500 2457535.000 2457534.975205 0.2680 1361.6184 6.127e-01 6.800e-03 5.390e-02 6.151e-01 1326.5167 5.969e-01 6.800e-03 1.311e-01 6.112e-01 0
20160527.500 2457536.000 2457535.988883 0.2592 1361.6312 6.127e-01 6.800e-03 6.354e-02 6.160e-01 1326.0541 5.967e-01 6.800e-03 1.501e-01 6.153e-01 0
20160528.500 2457537.000 2457536.926060 0.2596 1361.6384 6.127e-01 6.800e-03 5.880e-02 6.156e-01 1325.6301 5.965e-01 6.800e-03 1.250e-01 6.095e-01 0
20160529.500 2457538.000 2457537.943391 0.3286 1361.6453 6.127e-01 6.800e-03 6.685e-02 6.164e-01 1325.1786 5.963e-01 6.800e-03 1.125e-01 6.069e-01 0
20160530.500 2457539.000 2457538.922566 0.2696 1361.6204 6.127e-01 6.800e-03 8.616e-02 6.188e-01 1324.7233 5.961e-01 6.800e-03 1.278e-01 6.097e-01 0
20160531.500 2457540.000 2457539.638980 0.0340 1361.6847 6.128e-01 6.800e-03 5.892e-02 6.156e-01 1324.4771 5.960e-01 6.800e-03 5.210e-02 5.983e-01 0
20160601.500 2457541.000 2457540.976355 0.3278 1361.7922 6.128e-01 6.800e-03 7.194e-02 6.170e-01 1324.0237 5.958e-01 6.800e-03 1.237e-01 6.085e-01 0
20160602.500 2457542.000 2457541.919351 0.2951 1361.8308 6.128e-01 6.800e-03 5.664e-02 6.154e-01 1323.6815 5.957e-01 6.800e-03 1.472e-01 6.136e-01 0
20160603.500 2457543.000 2457542.897926 0.2950 1361.8370 6.128e-01 6.800e-03 5.844e-02 6.156e-01 1323.3070 5.955e-01 6.800e-03 1.518e-01 6.145e-01 0
20160604.500 2457544.000 2457543.977092 0.2672 1361.7734 6.128e-01 6.800e-03 5.988e-02 6.157e-01 1322.8420 5.953e-01 6.800e-03 1.068e-01 6.048e-01 0
20160605.500 2457545.000 2457544.957855 0.2669 1361.7335 6.128e-01 6.800e-03 5.955e-02 6.157e-01 1322.4523 5.951e-01 6.800e-03 9.653e-02 6.029e-01 0
20160606.500 2457546.000 2457546.229945 0.1643 1361.6826 6.128e-01 6.800e-03 1.338e-01 6.272e-01 1321.9692 5.949e-01 6.800e-03 8.403e-02 6.008e-01 0
20160607.500 2457547.000 2457546.979191 0.2623 1361.7288 6.128e-01 6.800e-03 4.610e-02 6.145e-01 1321.7705 5.948e-01 6.800e-03 6.970e-02 5.989e-01 0
20160608.500 2457548.000 2457547.925943 0.2954 1361.7450 6.128e-01 6.800e-03 5.391e-02 6.152e-01 1321.4900 5.947e-01 6.800e-03 9.728e-02 6.026e-01 0
20160609.500 2457549.000 2457548.908137 0.2953 1361.6657 6.127e-01 6.800e-03 9.418e-02 6.199e-01 1321.1190 5.945e-01 6.800e-03 1.630e-01 6.165e-01 0
20160610.500 2457550.000 2457549.918115 0.2626 1361.6445 6.127e-01 6.800e-03 6.148e-02 6.158e-01 1320.8094 5.944e-01 6.800e-03 6.974e-02 5.984e-01 0
20160611.500 2457551.000 2457550.967335 0.2614 1361.7189 6.128e-01 6.800e-03 5.241e-02 6.150e-01 1320.5954 5.943e-01 6.800e-03 6.487e-02 5.978e-01 0
20160612.500 2457552.000 2457551.932432 0.2658 1361.6340 6.127e-01 6.800e-03 6.536e-02 6.162e-01 1320.2618 5.941e-01 6.800e-03 1.148e-01 6.051e-01 0
20160613.500 2457553.000 2457552.988694 0.2674 1361.4396 6.126e-01 6.800e-03 1.090e-01 6.223e-01 1319.8107 5.939e-01 6.800e-03 5.653e-02 5.966e-01 0
20160614.500 2457554.000 2457553.968142 0.2675 1361.4747 6.127e-01 6.800e-03 5.025e-02 6.147e-01 1319.6121 5.938e-01 6.800e-03 8.014e-02 5.992e-01 0
20160615.500 2457555.000 2457555.110495 0.1642 1361.4131 6.126e-01 6.800e-03 5.201e-02 6.148e-01 1319.2938 5.937e-01 6.800e-03 6.704e-02 5.975e-01 0
20160616.500 2457556.000 2457555.992016 0.2716 1361.4302 6.126e-01 6.800e-03 6.558e-02 6.161e-01 1319.1201 5.936e-01 6.800e-03 6.835e-02 5.975e-01 0
20160617.500 2457557.000 2457556.968529 0.2678 1361.4779 6.127e-01 6.800e-03 6.395e-02 6.160e-01 1318.9640 5.935e-01 6.800e-03 5.240e-02 5.958e-01 0
20160618.500 2457558.000 2457557.947110 0.2678 1361.5052 6.127e-01 6.800e-03 5.395e-02 6.150e-01 1318.7966 5.935e-01 6.800e-03 7.390e-02 5.980e-01 0
20160619.500 2457559.000 2457558.990866 0.2669 1361.5308 6.127e-01 6.800e-03 5.362e-02 6.150e-01 1318.6242 5.934e-01 6.800e-03 7.036e-02 5.975e-01 0
20160620.500 2457560.000 2457559.969337 0.2678 1361.5577 6.127e-01 6.800e-03 1.113e-01 6.227e-01 1318.4742 5.933e-01 6.800e-03 7.576e-02 5.981e-01 0
20160621.500 2457561.000 2457560.786666 0.1642 1361.6284 6.127e-01 6.800e-03 6.119e-02 6.158e-01 1318.4016 5.933e-01 6.800e-03 5.516e-02 5.958e-01 0
20160622.500 2457562.000 2457561.960902 0.2692 1361.6425 6.127e-01 6.800e-03 6.111e-02 6.158e-01 1318.2235 5.932e-01 6.800e-03 8.529e-02 5.993e-01 0
20160623.500 2457563.000 2457562.939291 0.2684 1361.5765 6.127e-01 6.800e-03 6.728e-02 6.164e-01 1318.0090 5.931e-01 6.800e-03 8.058e-02 5.986e-01 0
20160624.500 2457564.000 2457563.902920 0.2663 1361.5345 6.127e-01 6.800e-03 6.135e-02 6.158e-01 1317.8287 5.930e-01 6.800e-03 5.863e-02 5.959e-01 0
20160625.500 2457565.000 2457564.946536 0.2671 1361.5651 6.127e-01 6.800e-03 6.473e-02 6.161e-01 1317.7174 5.930e-01 6.800e-03 7.748e-02 5.980e-01 0
20160626.500 2457566.000 2457565.913797 0.2693 1361.5673 6.127e-01 6.800e-03 6.087e-02 6.157e-01 1317.5990 5.929e-01 6.800e-03 6.176e-02 5.961e-01 0
20160627.500 2457567.000 2457566.954837 0.2667 1361.4653 6.127e-01 6.800e-03 1.037e-01 6.214e-01 1317.3823 5.928e-01 6.800e-03 8.216e-02 5.985e-01 0
20160628.500 2457568.000 2457568.009269 0.2628 1361.5769 6.127e-01 6.800e-03 6.449e-02 6.161e-01 1317.3841 5.928e-01 6.800e-03 7.932e-02 5.981e-01 0
20160629.500 2457569.000 2457568.976812 0.2667 1361.5774 6.127e-01 6.800e-03 4.924e-02 6.147e-01 1317.2998 5.928e-01 6.800e-03 4.658e-02 5.946e-01 0
20160630.500 2457570.000 2457569.957634 0.2683 1361.6140 6.127e-01 6.800e-03 7.069e-02 6.168e-01 1317.2626 5.928e-01 6.800e-03 5.675e-02 5.955e-01 0
20160701.500 2457571.000 2457570.998865 0.2657 1361.6340 6.127e-01 6.800e-03 4.915e-02 6.147e-01 1317.2204 5.927e-01 6.800e-03 4.877e-02 5.948e-01 0
20160702.500 2457572.000 2457571.972580 0.2680 1361.5674 6.127e-01 6.800e-03 6.316e-02 6.160e-01 1317.1136 5.927e-01 6.800e-03 6.370e-02 5.961e-01 0
20160703.500 2457573.000 2457572.788375 0.1641 1361.5801 6.127e-01 6.800e-03 5.113e-02 6.148e-01 1317.1017 5.927e-01 6.800e-03 5.007e-02 5.948e-01 0
20160704.500 2457574.000 2457573.997364 0.2669 1361.5281 6.127e-01 6.800e-03 9.638e-02 6.202e-01 1317.0363 5.927e-01 6.800e-03 9.250e-02 5.998e-01 0
20160705.500 2457575.000 2457574.975945 0.2669 1361.6461 6.127e-01 6.800e-03 5.536e-02 6.152e-01 1317.1553 5.927e-01 6.800e-03 5.349e-02 5.951e-01 0
20160706.500 2457576.000 2457575.952324 0.2675 1361.6459 6.127e-01 6.800e-03 5.261e-02 6.150e-01 1317.1754 5.927e-01 6.800e-03 5.358e-02 5.951e-01 0
20160707.500 2457577.000 2457576.996298 0.2675 1361.7182 6.128e-01 6.800e-03 6.326e-02 6.160e-01 1317.2835 5.928e-01 6.800e-03 6.678e-02 5.965e-01 0
20160708.500 2457578.000 2457577.974878 0.2675 1361.7315 6.128e-01 6.800e-03 5.617e-02 6.153e-01 1317.3473 5.928e-01 6.800e-03 5.723e-02 5.956e-01 0
20160709.500 2457579.000 2457578.953458 0.2675 1361.8645 6.128e-01 6.800e-03 6.221e-02 6.160e-01 1317.5409 5.929e-01 6.800e-03 6.831e-02 5.968e-01 0
20160710.500 2457580.000 2457579.980305 0.2640 1361.8792 6.128e-01 6.800e-03 6.521e-02 6.163e-01 1317.6375 5.929e-01 6.800e-03 6.628e-02 5.966e-01 0
20160711.500 2457581.000 2457580.980258 0.2657 1361.7359 6.128e-01 6.800e-03 7.632e-02 6.175e-01 1317.5927 5.929e-01 6.800e-03 9.076e-02 5.998e-01 0
20160712.500 2457582.000 2457581.953969 0.2680 1361.7972 6.128e-01 6.800e-03 7.590e-02 6.175e-01 1317.7556 5.930e-01 6.800e-03 5.230e-02 5.953e-01 0
20160713.500 2457583.000 2457583.097801 0.1643 1361.6955 6.128e-01 6.800e-03 6.977e-02 6.167e-01 1317.7932 5.930e-01 6.800e-03 6.406e-02 5.965e-01 0
20160714.500 2457584.000 2457583.976050 0.2670 1361.6368 6.127e-01 6.800e-03 5.485e-02 6.152e-01 1317.8514 5.930e-01 6.800e-03 5.865e-02 5.959e-01 0
20160715.500 2457585.000 2457584.959303 0.2667 1361.4447 6.127e-01 6.800e-03 1.204e-01 6.244e-01 1317.8038 5.930e-01 6.800e-03 8.572e-02 5.992e-01 0
20160716.500 2457586.000 2457585.937612 0.2677 1361.1798 6.125e-01 6.800e-03 7.853e-02 6.175e-01 1317.6948 5.930e-01 6.800e-03 6.468e-02 5.965e-01 0
20160717.500 2457587.000 2457586.976027 0.2670 1361.0928 6.125e-01 6.800e-03 5.284e-02 6.148e-01 1317.7772 5.930e-01 6.800e-03 5.411e-02 5.955e-01 0
20160718.500 2457588.000 2457587.992146 0.2530 1360.9939 6.124e-01 6.800e-03 1.035e-01 6.211e-01 1317.8541 5.930e-01 6.800e-03 1.364e-01 6.085e-01 0
20160719.500 2457589.000 2457588.922315 0.2624 1361.0079 6.125e-01 6.800e-03 6.734e-02 6.161e-01 1318.0336 5.931e-01 6.800e-03 6.534e-02 5.967e-01 0
20160720.500 2457590.000 2457589.943995 0.2688 1360.9780 6.124e-01 6.800e-03 7.875e-02 6.175e-01 1318.1956 5.932e-01 6.800e-03 1.178e-01 6.048e-01 0
20160721.500 2457591.000 2457590.922133 0.2688 1361.1487 6.125e-01 6.800e-03 7.420e-02 6.170e-01 1318.5520 5.933e-01 6.800e-03 1.145e-01 6.043e-01 0
20160722.500 2457592.000 2457591.736479 0.1668 1361.3199 6.126e-01 6.800e-03 6.353e-02 6.159e-01 1318.8829 5.935e-01 6.800e-03 8.743e-02 5.999e-01 0
20160723.500 2457593.000 2457592.976571 0.2672 1361.5177 6.127e-01 6.800e-03 7.204e-02 6.169e-01 1319.3374 5.937e-01 6.800e-03 1.202e-01 6.057e-01 0
20160724.500 2457594.000 2457593.954958 0.2672 1361.5163 6.127e-01 6.800e-03 6.036e-02 6.156e-01 1319.5532 5.938e-01 6.800e-03 8.761e-02 6.002e-01 0
20160725.500 2457595.000 2457595.000572 0.2669 1361.4415 6.126e-01 6.800e-03 1.188e-01 6.241e-01 1319.7231 5.939e-01 6.800e-03 1.677e-01 6.171e-01 0
20160726.500 2457596.000 2457595.979153 0.2669 1361.5497 6.127e-01 6.800e-03 5.950e-02 6.156e-01 1320.0652 5.940e-01 6.800e-03 8.212e-02 5.997e-01 0
20160727.500 2457597.000 2457596.953706 0.2678 1361.5107 6.127e-01 6.800e-03 5.380e-02 6.150e-01 1320.2744 5.941e-01 6.800e-03 8.356e-02 6.000e-01 0
20160728.500 2457598.000 2457597.999873 0.2675 1361.5090 6.127e-01 6.800e-03 6.601e-02 6.162e-01 1320.5507 5.942e-01 6.800e-03 1.043e-01 6.033e-01 0
20160729.500 2457599.000 2457598.980901 0.2677 1361.5454 6.127e-01 6.800e-03 4.529e-02 6.144e-01 1320.8596 5.944e-01 6.800e-03 8.891e-02 6.010e-01 0
20160730.500 2457600.000 2457599.957902 0.2675 1361.5388 6.127e-01 6.800e-03 4.759e-02 6.145e-01 1321.1387 5.945e-01 6.800e-03 9.601e-02 6.022e-01 0
20160731.500 2457601.000 2457601.165937 0.1645 1361.5563 6.127e-01 6.800e-03 7.166e-02 6.169e-01 1321.5273 5.947e-01 6.800e-03 9.644e-02 6.025e-01 0
20160801.500 2457602.000 2457601.982192 0.2675 1361.4904 6.127e-01 6.800e-03 1.063e-01 6.218e-01 1321.7272 5.948e-01 6.800e-03 1.706e-01 6.188e-01 0
20160802.500 2457603.000 2457602.959901 0.2680 1361.5467 6.127e-01 6.800e-03 5.753e-02 6.154e-01 1322.1106 5.949e-01 6.800e-03 1.154e-01 6.060e-01 0
20160803.500 2457604.000 2457603.941089 0.2675 1361.5984 6.127e-01 6.800e-03 6.324e-02 6.160e-01 1322.5050 5.951e-01 6.800e-03 1.283e-01 6.088e-01 0
20160804.500 2457605.000 2457604.983867 0.2680 1361.6006 6.127e-01 6.800e-03 5.584e-02 6.153e-01 1322.8886 5.953e-01 6.800e-03 1.238e-01 6.080e-01 0
20160805.500 2457606.000 2457605.965090 0.2675 1361.5698 6.127e-01 6.800e-03 3.811e-02 6.139e-01 1323.2320 5.955e-01 6.800e-03 1.003e-01 6.038e-01 0
20160806.500 2457607.000 2457606.945756 0.2669 1361.5364 6.127e-01 6.800e-03 6.269e-02 6.159e-01 1323.5860 5.956e-01 6.800e-03 9.929e-02 6.038e-01 0
20160807.500 2457608.000 2457607.989827 0.2678 1361.5072 6.127e-01 6.800e-03 6.704e-02 6.163e-01 1323.9832 5.958e-01 6.800e-03 1.528e-01 6.151e-01 0
20160808.500 2457609.000 2457608.964380 0.2669 1361.5228 6.127e-01 6.800e-03 1.194e-01 6.242e-01 1324.4082 5.960e-01 6.800e-03 2.152e-01 6.337e-01 0
20160809.500 2457610.000 2457609.944794 0.2681 1361.6512 6.127e-01 6.800e-03 5.723e-02 6.154e-01 1324.9571 5.962e-01 6.800e-03 1.097e-01 6.062e-01 0
20160810.500 2457611.000 2457611.150003 0.1641 1361.6767 6.128e-01 6.800e-03 5.881e-02 6.156e-01 1325.5178 5.965e-01 6.800e-03 1.145e-01 6.074e-01 0
20160811.500 2457612.000 2457611.803576 0.1642 1361.6734 6.128e-01 6.800e-03 3.786e-02 6.139e-01 1325.8118 5.966e-01 6.800e-03 7.297e-02 6.011e-01 0
20160812.500 2457613.000 2457612.977509 0.2688 1361.4512 6.127e-01 6.800e-03 5.760e-02 6.154e-01 1326.1403 5.968e-01 6.800e-03 1.019e-01 6.054e-01 0
20160813.500 2457614.000 2457613.956063 0.2692 1361.3645 6.126e-01 6.800e-03 5.493e-02 6.151e-01 1326.5195 5.969e-01 6.800e-03 1.282e-01 6.105e-01 0
20160814.500 2457615.000 2457614.920300 0.2728 1361.3915 6.126e-01 6.800e-03 5.506e-02 6.151e-01 1327.0107 5.972e-01 6.800e-03 1.551e-01 6.170e-01 0
20160815.500 2457616.000 2457615.982130 0.2615 1361.3868 6.126e-01 6.800e-03 7.151e-02 6.168e-01 1327.5265 5.974e-01 6.800e-03 1.507e-01 6.161e-01 0
20160816.500 2457617.000 2457616.973085 0.2712 1361.5282 6.127e-01 6.800e-03 5.474e-02 6.151e-01 1328.1572 5.977e-01 6.800e-03 1.716e-01 6.218e-01 0
20160817.500 2457618.000 2457617.970897 0.2677 1361.5742 6.127e-01 6.800e-03 5.415e-02 6.151e-01 1328.7048 5.979e-01 6.800e-03 1.446e-01 6.151e-01 0
20160818.500 2457619.000 2457618.946544 0.2681 1361.6149 6.127e-01 6.800e-03 3.972e-02 6.140e-01 1329.2419 5.982e-01 6.800e-03 1.522e-01 6.172e-01 0
20160819.500 2457620.000 2457619.987542 0.2679 1361.5394 6.127e-01 6.800e-03 4.819e-02 6.146e-01 1329.7048 5.984e-01 6.800e-03 1.241e-01 6.111e-01 0
20160820.500 2457621.000 2457620.970566 0.2667 1361.4622 6.127e-01 6.800e-03 4.598e-02 6.144e-01 1330.1417 5.986e-01 6.800e-03 1.391e-01 6.145e-01 0
20160821.500 2457622.000 2457621.962731 0.2624 1361.3892 6.126e-01 6.800e-03 5.823e-02 6.154e-01 1330.5930 5.988e-01 6.800e-03 1.469e-01 6.165e-01 0
20160822.500 2457623.000 2457622.987988 0.2673 1361.3434 6.126e-01 6.800e-03 7.051e-02 6.166e-01 1331.0947 5.990e-01 6.800e-03 1.785e-01 6.250e-01 0
20160823.500 2457624.000 2457623.968357 0.2678 1361.3968 6.126e-01 6.800e-03 5.336e-02 6.149e-01 1331.6760 5.993e-01 6.800e-03 1.392e-01 6.152e-01 0
20160824.500 2457625.000 2457624.944667 0.2664 1361.4955 6.127e-01 6.800e-03 5.820e-02 6.154e-01 1332.3064 5.995e-01 6.800e-03 1.586e-01 6.202e-01 0
20160825.500 2457626.000 2457625.988351 0.2681 1361.5570 6.127e-01 6.800e-03 3.648e-02 6.138e-01 1332.9461 5.998e-01 6.800e-03 1.674e-01 6.227e-01 0
20160826.500 2457627.000 2457626.966927 0.2681 1361.5359 6.127e-01 6.800e-03 5.639e-02 6.153e-01 1333.4776 6.001e-01 6.800e-03 1.358e-01 6.152e-01 0
20160827.500 2457628.000 2457627.945597 0.2672 1361.4329 6.126e-01 6.800e-03 6.189e-02 6.158e-01 1333.9381 6.003e-01 6.800e-03 1.485e-01 6.184e-01 0
20160828.500 2457629.000 2457628.761177 0.1642 1361.3812 6.126e-01 6.800e-03 4.535e-02 6.143e-01 1334.3625 6.005e-01 6.800e-03 1.166e-01 6.117e-01 0
20160829.500 2457630.000 2457629.968054 0.2681 1361.4591 6.127e-01 6.800e-03 7.927e-02 6.178e-01 1335.1556 6.008e-01 6.800e-03 2.268e-01 6.422e-01 0
20160830.500 2457631.000 2457630.946635 0.2681 1361.6130 6.127e-01 6.800e-03 7.047e-02 6.168e-01 1335.8994 6.012e-01 6.800e-03 2.092e-01 6.365e-01 0
20160831.500 2457632.000 2457631.990609 0.2681 1361.6527 6.127e-01 6.800e-03 5.246e-02 6.150e-01 1336.5827 6.015e-01 6.800e-03 1.741e-01 6.261e-01 0
20160901.500 2457633.000 2457633.056368 0.3213 1361.5841 6.127e-01 6.800e-03 5.437e-02 6.151e-01 1337.1860 6.017e-01 6.800e-03 1.714e-01 6.257e-01 0
20160902.500 2457634.000 2457634.075996 0.2678 1361.3593 6.126e-01 6.800e-03 6.818e-02 6.164e-01 1337.6183 6.019e-01 6.800e-03 1.452e-01 6.192e-01 0
20160903.500 2457635.000 2457634.977354 0.2718 1361.2483 6.126e-01 6.800e-03 6.685e-02 6.162e-01 1338.0959 6.021e-01 6.800e-03 1.403e-01 6.183e-01 0
20160904.500 2457636.000 2457635.969552 0.2673 1361.1651 6.125e-01 6.800e-03 4.983e-02 6.145e-01 1338.6696 6.024e-01 6.800e-03 1.942e-01 6.329e-01 0
20160905.500 2457637.000 2457636.935441 0.2659 1361.1955 6.125e-01 6.800e-03 1.120e-01 6.227e-01 1339.3469 6.027e-01 6.800e-03 2.786e-01 6.640e-01 0
20160906.500 2457638.000 2457637.995888 0.2667 1361.3061 6.126e-01 6.800e-03 6.296e-02 6.158e-01 1340.1764 6.031e-01 6.800e-03 1.623e-01 6.245e-01 0
20160907.500 2457639.000 2457639.118452 0.1631 1361.3261 6.126e-01 6.800e-03 5.665e-02 6.152e-01 1340.9693 6.034e-01 6.800e-03 1.079e-01 6.130e-01 0
20160908.500 2457640.000 2457639.949832 0.2681 1361.3312 6.126e-01 6.800e-03 5.368e-02 6.149e-01 1341.5537 6.037e-01 6.800e-03 1.952e-01 6.345e-01 0
20160909.500 2457641.000 2457640.993323 0.2661 1361.3938 6.126e-01 6.800e-03 6.038e-02 6.156e-01 1342.3492 6.041e-01 6.800e-03 2.216e-01 6.434e-01 0
20160910.500 2457642.000 2457641.973854 0.2667 1361.4440 6.126e-01 6.800e-03 6.599e-02 6.162e-01 1343.0945 6.044e-01 6.800e-03 2.039e-01 6.379e-01 0
20160911.500 2457643.000 2457642.974481 0.2616 1361.5544 6.127e-01 6.800e-03 5.093e-02 6.148e-01 1343.9188 6.048e-01 6.800e-03 2.066e-01 6.391e-01 0
20160912.500 2457644.000 2457644.029128 0.2386 1361.5787 6.127e-01 6.800e-03 5.874e-02 6.155e-01 1344.7017 6.051e-01 6.800e-03 1.998e-01 6.372e-01 0
20160913.500 2457645.000 2457644.952219 0.2644 1361.5546 6.127e-01 6.800e-03 6.075e-02 6.157e-01 1345.3455 6.054e-01 6.800e-03 1.981e-01 6.370e-01 0
20160914.500 2457646.000 2457645.913501 0.2688 1361.5606 6.127e-01 6.800e-03 4.989e-02 6.147e-01 1346.0490 6.057e-01 6.800e-03 2.083e-01 6.406e-01 0
20160915.500 2457647.000 2457646.958964 0.2693 1361.5625 6.127e-01 6.800e-03 6.427e-02 6.161e-01 1346.8117 6.061e-01 6.800e-03 2.013e-01 6.386e-01 0
20160916.500 2457648.000 2457647.773707 0.1670 1361.5518 6.127e-01 6.800e-03 4.713e-02 6.145e-01 1347.3949 6.063e-01 6.800e-03 1.192e-01 6.179e-01 0
20160917.500 2457649.000 2457648.946957 0.2672 1361.5200 6.127e-01 6.800e-03 5.288e-02 6.150e-01 1348.2194 6.067e-01 6.800e-03 1.933e-01 6.367e-01 0
20160918.500 2457650.000 2457649.992680 0.2678 1361.4784 6.127e-01 6.800e-03 4.909e-02 6.146e-01 1348.9417 6.070e-01 6.800e-03 1.757e-01 6.319e-01 0
20160919.500 2457651.000 2457650.971152 0.2669 1361.4480 6.127e-01 6.800e-03 8.644e-02 6.187e-01 1349.6266 6.073e-01 6.800e-03 2.680e-01 6.638e-01 0
20160920.500 2457652.000 2457651.949732 0.2669 1361.5566 6.127e-01 6.800e-03 4.814e-02 6.146e-01 1350.4501 6.077e-01 6.800e-03 1.834e-01 6.348e-01 0
20160921.500 2457653.000 2457652.991584 0.2675 1361.4905 6.127e-01 6.800e-03 4.881e-02 6.146e-01 1351.1481 6.080e-01 6.800e-03 2.191e-01 6.463e-01 0
20160922.500 2457654.000 2457653.972287 0.2669 1361.5391 6.127e-01 6.800e-03 6.317e-02 6.159e-01 1351.9173 6.084e-01 6.800e-03 2.224e-01 6.477e-01 0
20160923.500 2457655.000 2457654.950868 0.2669 1361.5807 6.127e-01 6.800e-03 4.099e-02 6.141e-01 1352.6806 6.087e-01 6.800e-03 2.133e-01 6.450e-01 0
20160924.500 2457656.000 2457655.994842 0.2669 1361.5979 6.127e-01 6.800e-03 5.362e-02 6.151e-01 1353.4716 6.091e-01 6.800e-03 1.984e-01 6.405e-01 0
20160925.500 2457657.000 2457657.136162 0.1641 1361.5563 6.127e-01 6.800e-03 4.972e-02 6.147e-01 1354.2814 6.094e-01 6.800e-03 1.085e-01 6.190e-01 0
20160926.500 2457658.000 2457657.952112 0.2678 1361.4780 6.127e-01 6.800e-03 7.156e-02 6.168e-01 1354.8160 6.097e-01 6.800e-03 2.474e-01 6.580e-01 0
20160927.500 2457659.000 2457658.993855 0.2664 1361.5393 6.127e-01 6.800e-03 4.409e-02 6.143e-01 1355.6636 6.100e-01 6.800e-03 2.026e-01 6.428e-01 0
20160928.500 2457660.000 2457659.972146 0.3277 1361.6032 6.127e-01 6.800e-03 8.183e-02 6.182e-01 1356.4714 6.104e-01 6.800e-03 3.184e-01 6.885e-01 0
20160929.500 2457661.000 2457660.787534 0.1642 1361.6544 6.127e-01 6.800e-03 4.605e-02 6.145e-01 1357.1464 6.107e-01 6.800e-03 1.480e-01 6.284e-01 0
20160930.500 2457662.000 2457661.961418 0.2680 1361.5155 6.127e-01 6.800e-03 5.839e-02 6.155e-01 1357.9131 6.111e-01 6.800e-03 1.877e-01 6.392e-01 0
20161001.500 2457663.000 2457662.938475 0.2687 1361.4947 6.127e-01 6.800e-03 5.564e-02 6.152e-01 1358.6511 6.114e-01 6.800e-03 2.270e-01 6.522e-01 0
20161002.500 2457664.000 2457663.917611 0.2687 1361.5289 6.127e-01 6.800e-03 4.615e-02 6.144e-01 1359.4506 6.118e-01 6.800e-03 2.112e-01 6.472e-01 0
20161003.500 2457665.000 2457665.124961 0.1416 1361.5173 6.127e-01 6.800e-03 7.524e-02 6.173e-01 1360.3889 6.122e-01 6.800e-03 1.721e-01 6.359e-01 0
20161004.500 2457666.000 2457666.177262 0.1550 1361.5673 6.127e-01 6.800e-03 5.724e-02 6.154e-01 1361.2717 6.126e-01 6.800e-03 8.323e-02 6.182e-01 0
20161005.500 2457667.000 2457667.277637 0.0076 1361.4408 6.126e-01 6.800e-03 3.856e-02 6.139e-01 1362.0203 6.129e-01 6.800e-03 4.221e-02 6.144e-01 0
20161006.500 2457668.000 2457668.090469 0.1641 1361.3608 6.126e-01 6.800e-03 5.313e-02 6.149e-01 1362.5889 6.132e-01 6.800e-03 1.205e-01 6.249e-01 0
20161007.500 2457669.000 2457669.138688 0.1645 1361.2938 6.126e-01 6.800e-03 4.365e-02 6.141e-01 1363.3604 6.135e-01 6.800e-03 1.190e-01 6.249e-01 0
20161008.500 2457670.000 2457669.952858 0.2657 1361.2559 6.126e-01 6.800e-03 5.190e-02 6.148e-01 1363.9747 6.138e-01 6.800e-03 2.092e-01 6.485e-01 0
20161009.500 2457671.000 2457671.007346 0.2627 1361.2060 6.125e-01 6.800e-03 5.439e-02 6.150e-01 1364.7701 6.141e-01 6.800e-03 2.014e-01 6.463e-01 0
20161010.500 2457672.000 2457671.969430 0.2670 1361.2301 6.126e-01 6.800e-03 7.182e-02 6.167e-01 1365.5653 6.145e-01 6.800e-03 2.752e-01 6.733e-01 0
20161011.500 2457673.000 2457673.046641 0.1641 1361.3622 6.126e-01 6.800e-03 5.138e-02 6.148e-01 1366.5597 6.150e-01 6.800e-03 1.631e-01 6.362e-01 0
20161012.500 2457674.000 2457674.023235 0.1639 1361.4695 6.127e-01 6.800e-03 4.299e-02 6.142e-01 1367.4464 6.154e-01 6.800e-03 1.414e-01 6.314e-01 0
20161013.500 2457675.000 2457674.950900 0.2624 1361.4598 6.127e-01 6.800e-03 5.229e-02 6.149e-01 1368.1736 6.157e-01 6.800e-03 1.936e-01 6.454e-01 0
20161014.500 2457676.000 2457675.946832 0.2664 1361.4402 6.126e-01 6.800e-03 4.818e-02 6.145e-01 1368.9409 6.160e-01 6.800e-03 2.111e-01 6.512e-01 0
20161015.500 2457677.000 2457676.990420 0.2672 1361.4112 6.126e-01 6.800e-03 4.328e-02 6.142e-01 1369.7307 6.164e-01 6.800e-03 2.225e-01 6.553e-01 0
20161016.500 2457678.000 2457677.968808 0.2675 1361.3933 6.126e-01 6.800e-03 5.321e-02 6.149e-01 1370.4747 6.167e-01 6.800e-03 1.985e-01 6.479e-01 0
20161017.500 2457679.000 2457678.945483 0.2678 1361.3771 6.126e-01 6.800e-03 9.425e-02 6.198e-01 1371.2130 6.170e-01 6.800e-03 2.900e-01 6.818e-01 0
20161018.500 2457680.000 2457679.991362 0.2680 1361.4603 6.127e-01 6.800e-03 4.914e-02 6.146e-01 1372.0984 6.174e-01 6.800e-03 2.057e-01 6.508e-01 0
20161019.500 2457681.000 2457680.970232 0.2675 1361.4530 6.127e-01 6.800e-03 5.277e-02 6.149e-01 1372.8352 6.178e-01 6.800e-03 2.290e-01 6.588e-01 0
20161020.500 2457682.000 2457681.950898 0.2669 1361.4819 6.127e-01 6.800e-03 5.252e-02 6.149e-01 1373.6047 6.181e-01 6.800e-03 1.993e-01 6.494e-01 0
20161021.500 2457683.000 2457682.991279 0.2669 1361.4609 6.127e-01 6.800e-03 6.001e-02 6.156e-01 1374.3637 6.185e-01 6.800e-03 1.977e-01 6.493e-01 0
20161022.500 2457684.000 2457683.969860 0.2669 1361.4495 6.127e-01 6.800e-03 5.802e-02 6.154e-01 1375.0819 6.188e-01 6.800e-03 2.083e-01 6.529e-01 0
20161023.500 2457685.000 2457684.950526 0.2664 1361.4468 6.127e-01 6.800e-03 4.923e-02 6.146e-01 1375.8071 6.191e-01 6.800e-03 1.949e-01 6.491e-01 0
20161024.500 2457686.000 2457686.031708 0.2663 1361.3887 6.126e-01 6.800e-03 8.622e-02 6.187e-01 1376.5476 6.194e-01 6.800e-03 2.597e-01 6.717e-01 0
20161025.500 2457687.000 2457686.972791 0.2664 1361.4070 6.126e-01 6.800e-03 6.073e-02 6.156e-01 1377.2593 6.198e-01 6.800e-03 2.021e-01 6.519e-01 0
20161026.500 2457688.000 2457687.951082 0.2681 1361.4627 6.127e-01 6.800e-03 4.626e-02 6.144e-01 1378.0344 6.201e-01 6.800e-03 2.155e-01 6.565e-01 0
20161027.500 2457689.000 2457688.992344 0.2675 1361.4412 6.126e-01 6.800e-03 4.003e-02 6.140e-01 1378.7759 6.204e-01 6.800e-03 1.825e-01 6.467e-01 0
20161028.500 2457690.000 2457689.972480 0.3275 1361.4655 6.127e-01 6.800e-03 4.409e-02 6.142e-01 1379.5172 6.208e-01 6.800e-03 2.581e-01 6.723e-01 0
20161029.500 2457691.000 2457690.948598 0.2676 1361.4603 6.127e-01 6.800e-03 4.422e-02 6.143e-01 1380.2243 6.211e-01 6.800e-03 2.008e-01 6.527e-01 0
20161030.500 2457692.000 2457691.961175 0.2949 1361.4975 6.127e-01 6.800e-03 5.035e-02 6.147e-01 1380.9993 6.214e-01 6.800e-03 2.001e-01 6.529e-01 0
20161031.500 2457693.000 2457692.969572 0.2667 1361.5186 6.127e-01 6.800e-03 7.386e-02 6.171e-01 1381.7533 6.218e-01 6.800e-03 2.422e-01 6.673e-01 0
20161101.500 2457694.000 2457693.934828 0.2698 1361.6111 6.127e-01 6.800e-03 4.885e-02 6.147e-01 1382.5464 6.221e-01 6.800e-03 2.057e-01 6.553e-01 0
20161102.500 2457695.000 2457695.159299 0.1638 1361.5977 6.127e-01 6.800e-03 4.634e-02 6.145e-01 1383.4166 6.225e-01 6.800e-03 1.220e-01 6.344e-01 0
20161103.500 2457696.000 2457695.972519 0.2681 1361.5820 6.127e-01 6.800e-03 5.888e-02 6.155e-01 1383.9850 6.228e-01 6.800e-03 1.773e-01 6.475e-01 0
20161104.500 2457697.000 2457696.952647 0.2657 1361.6097 6.127e-01 6.800e-03 4.607e-02 6.145e-01 1384.7146 6.231e-01 6.800e-03 2.145e-01 6.590e-01 0
20161105.500 2457698.000 2457697.993337 0.2681 1361.5487 6.127e-01 6.800e-03 4.867e-02 6.146e-01 1385.3929 6.234e-01 6.800e-03 1.937e-01 6.528e-01 0
20161106.500 2457699.000 2457698.980672 0.2672 1361.5457 6.127e-01 6.800e-03 5.815e-02 6.154e-01 1386.0873 6.237e-01 6.800e-03 2.048e-01 6.565e-01 0
20161107.500 2457700.000 2457699.922991 0.3363 1361.4831 6.127e-01 6.800e-03 7.973e-02 6.178e-01 1386.6838 6.240e-01 6.800e-03 2.862e-01 6.865e-01 0
20161108.500 2457701.000 2457700.858079 0.3627 1361.5161 6.127e-01 6.800e-03 4.656e-02 6.144e-01 1387.3667 6.243e-01 6.800e-03 2.145e-01 6.601e-01 0
20161109.500 2457702.000 2457702.261717 0.0340 1361.4296 6.126e-01 6.800e-03 4.227e-02 6.141e-01 1388.2412 6.247e-01 6.800e-03 5.069e-02 6.268e-01 0
20161110.500 2457703.000 2457703.239885 0.0339 1361.4359 6.126e-01 6.800e-03 3.742e-02 6.138e-01 1388.9075 6.250e-01 6.800e-03 4.280e-02 6.265e-01 0
20161111.500 2457704.000 2457703.956729 0.2689 1361.3999 6.126e-01 6.800e-03 4.606e-02 6.144e-01 1389.3479 6.252e-01 6.800e-03 1.770e-01 6.498e-01 0
20161112.500 2457705.000 2457704.935965 0.2687 1361.3770 6.126e-01 6.800e-03 5.280e-02 6.149e-01 1389.9673 6.255e-01 6.800e-03 1.668e-01 6.473e-01 0
20161113.500 2457706.000 2457705.913975 0.2687 1361.3751 6.126e-01 6.800e-03 5.373e-02 6.150e-01 1390.5960 6.258e-01 6.800e-03 1.771e-01 6.503e-01 0
20161114.500 2457707.000 2457707.119322 0.1672 1361.3558 6.126e-01 6.800e-03 5.737e-02 6.153e-01 1391.3370 6.261e-01 6.800e-03 1.091e-01 6.355e-01 0
20161115.500 2457708.000 2457708.096779 0.1670 1361.3654 6.126e-01 6.800e-03 5.758e-02 6.153e-01 1391.9494 6.264e-01 6.800e-03 1.289e-01 6.395e-01 0
20161116.500 2457709.000 2457709.073908 0.1669 1361.3482 6.126e-01 6.800e-03 4.874e-02 6.145e-01 1392.5215 6.266e-01 6.800e-03 1.052e-01 6.354e-01 0
20161117.500 2457710.000 2457710.043648 0.1644 1361.3877 6.126e-01 6.800e-03 6.264e-02 6.158e-01 1393.1349 6.269e-01 6.800e-03 1.338e-01 6.410e-01 0
20161118.500 2457711.000 2457711.226514 0.1667 1361.4315 6.126e-01 6.800e-03 5.600e-02 6.152e-01 1393.8629 6.272e-01 6.800e-03 1.146e-01 6.376e-01 0
20161119.500 2457712.000 2457711.896103 0.2659 1361.4295 6.126e-01 6.800e-03 4.856e-02 6.146e-01 1394.2399 6.274e-01 6.800e-03 1.656e-01 6.489e-01 0
20161120.500 2457713.000 2457712.958487 0.2678 1361.3938 6.126e-01 6.800e-03 5.791e-02 6.154e-01 1394.7949 6.277e-01 6.800e-03 1.314e-01 6.413e-01 0
20161121.500 2457714.000 2457713.933640 0.2685 1361.3582 6.126e-01 6.800e-03 6.435e-02 6.160e-01 1395.2911 6.279e-01 6.800e-03 1.538e-01 6.464e-01 0
20161122.500 2457715.000 2457714.893751 0.2724 1361.3644 6.126e-01 6.800e-03 4.516e-02 6.143e-01 1395.8124 6.281e-01 6.800e-03 1.602e-01 6.482e-01 0
20161123.500 2457716.000 2457715.990681 0.2657 1361.3638 6.126e-01 6.800e-03 4.949e-02 6.146e-01 1396.3897 6.284e-01 6.800e-03 1.533e-01 6.468e-01 0
20161124.500 2457717.000 2457716.966441 0.2702 1361.3493 6.126e-01 6.800e-03 5.182e-02 6.148e-01 1396.8797 6.286e-01 6.800e-03 1.325e-01 6.424e-01 0
20161125.500 2457718.000 2457717.943679 0.2681 1361.3272 6.126e-01 6.800e-03 3.916e-02 6.138e-01 1397.3546 6.288e-01 6.800e-03 1.504e-01 6.465e-01 0
20161126.500 2457719.000 2457718.821849 0.1641 1361.3383 6.126e-01 6.800e-03 5.869e-02 6.154e-01 1397.8064 6.290e-01 6.800e-03 7.210e-02 6.331e-01 0
20161127.500 2457720.000 2457720.042347 0.2697 1361.3069 6.126e-01 6.800e-03 4.956e-02 6.146e-01 1398.3756 6.293e-01 6.800e-03 1.254e-01 6.416e-01 0
20161128.500 2457721.000 2457721.102994 0.1639 1361.2221 6.125e-01 6.800e-03 6.425e-02 6.159e-01 1398.8019 6.295e-01 6.800e-03 1.293e-01 6.426e-01 0
20161129.500 2457722.000 2457722.178218 0.0089 1361.2865 6.126e-01 6.800e-03 3.678e-02 6.137e-01 1399.3792 6.297e-01 6.800e-03 3.756e-02 6.308e-01 0
20161130.500 2457723.000 2457723.286428 0.0089 1361.3044 6.126e-01 6.800e-03 5.005e-02 6.146e-01 1399.9147 6.300e-01 6.800e-03 4.863e-02 6.318e-01 0
20161201.500 2457724.000 2457724.037223 0.1641 1361.3308 6.126e-01 6.800e-03 5.013e-02 6.146e-01 1400.2863 6.301e-01 6.800e-03 6.553e-02 6.335e-01 0
20161202.500 2457725.000 2457725.011889 0.1641 1361.3651 6.126e-01 6.800e-03 6.244e-02 6.158e-01 1400.7616 6.303e-01 6.800e-03 1.063e-01 6.392e-01 0
20161203.500 2457726.000 2457725.991270 0.1639 1361.3541 6.126e-01 6.800e-03 4.474e-02 6.142e-01 1401.1838 6.305e-01 6.800e-03 8.542e-02 6.363e-01 0
20161204.500 2457727.000 2457726.936769 0.2672 1361.2510 6.126e-01 6.800e-03 5.835e-02 6.153e-01 1401.4875 6.307e-01 6.800e-03 1.525e-01 6.488e-01 0
20161205.500 2457728.000 2457728.012668 0.1642 1361.2182 6.125e-01 6.800e-03 8.555e-02 6.185e-01 1401.9093 6.309e-01 6.800e-03 1.502e-01 6.485e-01 0
20161206.500 2457729.000 2457728.990959 0.1639 1361.3248 6.126e-01 6.800e-03 7.668e-02 6.174e-01 1402.4222 6.311e-01 6.800e-03 9.983e-02 6.389e-01 0
20161207.500 2457730.000 2457730.140907 0.2678 1361.3941 6.126e-01 6.800e-03 5.488e-02 6.151e-01 1402.9528 6.313e-01 6.800e-03 1.374e-01 6.461e-01 0
20161208.500 2457731.000 2457731.111474 0.2702 1361.4026 6.126e-01 6.800e-03 4.284e-02 6.141e-01 1403.3359 6.315e-01 6.800e-03 8.833e-02 6.376e-01 0
20161209.500 2457732.000 2457732.089030 0.2687 1361.3364 6.126e-01 6.800e-03 4.808e-02 6.145e-01 1403.6316 6.316e-01 6.800e-03 1.105e-01 6.412e-01 0
20161210.500 2457733.000 2457732.938635 0.2823 1361.3032 6.126e-01 6.800e-03 5.273e-02 6.149e-01 1403.9019 6.318e-01 6.800e-03 1.142e-01 6.420e-01 0
20161211.500 2457734.000 2457733.977052 0.2684 1361.3098 6.126e-01 6.800e-03 5.167e-02 6.148e-01 1404.2652 6.319e-01 6.800e-03 1.163e-01 6.425e-01 0
20161212.500 2457735.000 2457734.786974 0.1659 1361.2720 6.126e-01 6.800e-03 7.463e-02 6.171e-01 1404.4921 6.320e-01 6.800e-03 1.163e-01 6.426e-01 0
20161213.500 2457736.000 2457735.615623 0.0096 1361.3326 6.126e-01 6.800e-03 5.774e-02 6.153e-01 1404.8146 6.322e-01 6.800e-03 5.930e-02 6.349e-01 0
20161214.500 2457737.000 2457736.659886 0.0094 1361.3438 6.126e-01 6.800e-03 5.057e-02 6.147e-01 1405.1360 6.323e-01 6.800e-03 5.106e-02 6.344e-01 0
20161215.500 2457738.000 2457737.801371 0.1642 1361.2902 6.126e-01 6.800e-03 4.993e-02 6.146e-01 1405.3966 6.324e-01 6.800e-03 8.180e-02 6.377e-01 0
20161216.500 2457739.000 2457738.781014 0.1640 1361.2903 6.126e-01 6.800e-03 6.370e-02 6.159e-01 1405.6493 6.325e-01 6.800e-03 4.893e-02 6.344e-01 0
20161217.500 2457740.000 2457739.985672 0.2670 1361.2965 6.126e-01 6.800e-03 4.921e-02 6.146e-01 1405.9432 6.327e-01 6.800e-03 9.468e-02 6.397e-01 0
20161218.500 2457741.000 2457740.963674 0.2670 1361.2790 6.126e-01 6.800e-03 5.874e-02 6.154e-01 1406.1410 6.328e-01 6.800e-03 9.645e-02 6.401e-01 0
20161219.500 2457742.000 2457741.941387 0.2670 1361.2899 6.126e-01 6.800e-03 6.793e-02 6.163e-01 1406.3528 6.329e-01 6.800e-03 1.092e-01 6.422e-01 0
20161220.500 2457743.000 2457742.982320 0.2676 1361.3244 6.126e-01 6.800e-03 4.635e-02 6.143e-01 1406.5858 6.330e-01 6.800e-03 7.282e-02 6.371e-01 0
20161221.500 2457744.000 2457743.799302 0.1639 1361.3514 6.126e-01 6.800e-03 4.908e-02 6.146e-01 1406.7579 6.330e-01 6.800e-03 6.244e-02 6.361e-01 0
20161222.500 2457745.000 2457745.265727 0.0088 1361.3413 6.126e-01 6.800e-03 4.626e-02 6.143e-01 1406.9827 6.331e-01 6.800e-03 4.861e-02 6.350e-01 0
20161223.500 2457746.000 2457746.001921 0.2632 1361.3835 6.126e-01 6.800e-03 6.550e-02 6.161e-01 1407.1331 6.332e-01 6.800e-03 5.976e-02 6.360e-01 0
20161224.500 2457747.000 2457746.943042 0.2702 1361.3705 6.126e-01 6.800e-03 3.823e-02 6.138e-01 1407.2468 6.333e-01 6.800e-03 3.227e-02 6.341e-01 0
20161225.500 2457748.000 2457748.037408 0.4260 1361.3932 6.126e-01 6.800e-03 5.251e-02 6.149e-01 1407.4038 6.333e-01 6.800e-03 8.800e-02 6.394e-01 0
20161226.500 2457749.000 2457749.115431 0.2657 1361.3664 6.126e-01 6.800e-03 9.259e-02 6.196e-01 1407.4951 6.334e-01 6.800e-03 1.156e-01 6.438e-01 0
20161227.500 2457750.000 2457750.090813 0.2661 1361.4371 6.126e-01 6.800e-03 4.209e-02 6.141e-01 1407.6639 6.334e-01 6.800e-03 5.294e-02 6.357e-01 0
20161228.500 2457751.000 2457751.234858 0.1640 1361.4136 6.126e-01 6.800e-03 4.271e-02 6.141e-01 1407.7386 6.335e-01 6.800e-03 3.866e-02 6.347e-01 0
20161229.500 2457752.000 2457752.065140 0.2649 1361.4440 6.126e-01 6.800e-03 4.503e-02 6.143e-01 1407.8324 6.335e-01 6.800e-03 4.554e-02 6.352e-01 0
20161230.500 2457753.000 2457753.034259 0.2599 1361.4443 6.126e-01 6.800e-03 5.788e-02 6.154e-01 1407.8963 6.336e-01 6.800e-03 7.000e-02 6.374e-01 0
20161231.500 2457754.000 2457753.969940 0.2688 1361.4345 6.126e-01 6.800e-03 5.114e-02 6.148e-01 1407.9378 6.336e-01 6.800e-03 5.160e-02 6.357e-01 0
20170101.500 2457755.000 2457754.944511 0.2689 1361.4292 6.126e-01 6.800e-03 5.574e-02 6.152e-01 1407.9757 6.336e-01 6.800e-03 6.176e-02 6.366e-01 0
20170102.500 2457756.000 2457755.922550 0.2687 1361.4028 6.126e-01 6.800e-03 5.495e-02 6.151e-01 1407.9808 6.336e-01 6.800e-03 5.578e-02 6.360e-01 0
20170103.500 2457757.000 2457756.965560 0.2686 1361.3854 6.126e-01 6.800e-03 4.934e-02 6.146e-01 1407.9848 6.336e-01 6.800e-03 5.187e-02 6.357e-01 0
20170104.500 2457758.000 2457757.943466 0.2687 1361.3868 6.126e-01 6.800e-03 4.166e-02 6.140e-01 1407.9944 6.336e-01 6.800e-03 4.299e-02 6.351e-01 0
20170105.500 2457759.000 2457758.920322 0.2687 1361.3093 6.126e-01 6.800e-03 5.267e-02 6.148e-01 1407.9096 6.336e-01 6.800e-03 5.326e-02 6.358e-01 0
20170106.500 2457760.000 2457759.965355 0.2687 1361.3052 6.126e-01 6.800e-03 5.724e-02 6.153e-01 1407.8854 6.335e-01 6.800e-03 6.374e-02 6.367e-01 0
20170107.500 2457761.000 2457760.941388 0.2687 1361.2712 6.126e-01 6.800e-03 4.809e-02 6.145e-01 1407.8166 6.335e-01 6.800e-03 5.159e-02 6.356e-01 0
20170108.500 2457762.000 2457761.920278 0.2687 1361.2745 6.126e-01 6.800e-03 5.459e-02 6.150e-01 1407.7709 6.335e-01 6.800e-03 5.949e-02 6.363e-01 0
20170109.500 2457763.000 2457762.961655 0.2651 1361.2841 6.126e-01 6.800e-03 6.099e-02 6.156e-01 1407.7105 6.335e-01 6.800e-03 5.915e-02 6.362e-01 0
20170110.500 2457764.000 2457763.944568 0.2695 1361.3231 6.126e-01 6.800e-03 4.878e-02 6.145e-01 1407.6668 6.335e-01 6.800e-03 5.304e-02 6.357e-01 0
20170111.500 2457765.000 2457764.915614 0.2684 1361.2763 6.126e-01 6.800e-03 5.445e-02 6.150e-01 1407.5179 6.334e-01 6.800e-03 6.382e-02 6.366e-01 0
20170112.500 2457766.000 2457766.006814 0.2563 1361.2592 6.126e-01 6.800e-03 8.285e-02 6.181e-01 1407.3662 6.333e-01 6.800e-03 6.323e-02 6.365e-01 0
20170113.500 2457767.000 2457766.973578 0.2668 1361.2714 6.126e-01 6.800e-03 5.757e-02 6.153e-01 1407.2413 6.333e-01 6.800e-03 4.991e-02 6.352e-01 0
20170114.500 2457768.000 2457767.949542 0.2670 1361.3182 6.126e-01 6.800e-03 4.796e-02 6.145e-01 1407.1334 6.332e-01 6.800e-03 6.679e-02 6.367e-01 0
20170115.500 2457769.000 2457768.992359 0.2670 1361.2838 6.126e-01 6.800e-03 4.482e-02 6.142e-01 1406.9119 6.331e-01 6.800e-03 4.678e-02 6.348e-01 0
20170116.500 2457770.000 2457769.967858 0.2676 1361.2581 6.126e-01 6.800e-03 6.101e-02 6.156e-01 1406.6943 6.330e-01 6.800e-03 6.096e-02 6.359e-01 0
20170117.500 2457771.000 2457770.949791 0.2667 1361.2997 6.126e-01 6.800e-03 3.278e-02 6.135e-01 1406.5290 6.329e-01 6.800e-03 6.145e-02 6.359e-01 0
20170118.500 2457772.000 2457771.975428 0.2710 1361.3034 6.126e-01 6.800e-03 6.281e-02 6.158e-01 1406.2990 6.328e-01 6.800e-03 8.352e-02 6.383e-01 0
20170119.500 2457773.000 2457772.969855 0.2681 1361.3160 6.126e-01 6.800e-03 8.810e-02 6.189e-01 1406.0702 6.327e-01 6.800e-03 5.166e-02 6.348e-01 0
20170120.500 2457774.000 2457773.947375 0.2661 1361.3703 6.126e-01 6.800e-03 5.251e-02 6.149e-01 1405.8750 6.326e-01 6.800e-03 7.151e-02 6.367e-01 0
20170121.500 2457775.000 2457774.986008 0.2667 1361.3122 6.126e-01 6.800e-03 7.958e-02 6.177e-01 1405.5339 6.325e-01 6.800e-03 1.470e-01 6.493e-01 0
20170122.500 2457776.000 2457775.965977 0.2670 1361.2354 6.126e-01 6.800e-03 5.052e-02 6.146e-01 1405.1768 6.323e-01 6.800e-03 7.355e-02 6.366e-01 0
20170123.500 2457777.000 2457777.106594 0.1639 1361.2550 6.126e-01 6.800e-03 5.111e-02 6.147e-01 1404.8595 6.322e-01 6.800e-03 7.626e-02 6.368e-01 0
20170124.500 2457778.000 2457778.084307 0.1642 1361.2903 6.126e-01 6.800e-03 3.902e-02 6.138e-01 1404.5946 6.321e-01 6.800e-03 6.225e-02 6.351e-01 0
20170125.500 2457779.000 2457778.966605 0.2675 1361.2544 6.126e-01 6.800e-03 5.162e-02 6.147e-01 1404.2767 6.319e-01 6.800e-03 1.197e-01 6.432e-01 0
20170126.500 2457780.000 2457779.944692 0.2667 1361.2532 6.126e-01 6.800e-03 6.642e-02 6.162e-01 1403.9552 6.318e-01 6.800e-03 6.431e-02 6.350e-01 0
20170127.500 2457781.000 2457780.915233 0.2663 1361.3538 6.126e-01 6.800e-03 5.247e-02 6.149e-01 1403.7320 6.317e-01 6.800e-03 7.663e-02 6.363e-01 0
20170128.500 2457782.000 2457782.131273 0.1632 1361.4015 6.126e-01 6.800e-03 4.607e-02 6.144e-01 1403.3592 6.315e-01 6.800e-03 5.745e-02 6.341e-01 0
20170129.500 2457783.000 2457782.617260 0.0094 1361.3926 6.126e-01 6.800e-03 4.168e-02 6.140e-01 1403.1777 6.314e-01 6.800e-03 4.352e-02 6.329e-01 0
20170130.500 2457784.000 2457783.996812 0.2610 1361.3651 6.126e-01 6.800e-03 5.066e-02 6.147e-01 1402.6479 6.312e-01 6.800e-03 1.077e-01 6.403e-01 0
20170131.500 2457785.000 2457784.967392 0.2656 1361.3395 6.126e-01 6.800e-03 5.340e-02 6.149e-01 1402.2584 6.310e-01 6.800e-03 1.283e-01 6.439e-01 0
20170201.500 2457786.000 2457785.943891 0.2687 1361.3095 6.126e-01 6.800e-03 6.244e-02 6.158e-01 1401.8531 6.308e-01 6.800e-03 7.044e-02 6.348e-01 0
20170202.500 2457787.000 2457786.990414 0.2665 1361.3167 6.126e-01 6.800e-03 6.660e-02 6.162e-01 1401.4488 6.307e-01 6.800e-03 6.399e-02 6.339e-01 0
20170203.500 2457788.000 2457787.967241 0.2672 1361.3625 6.126e-01 6.800e-03 7.114e-02 6.167e-01 1401.1010 6.305e-01 6.800e-03 1.646e-01 6.516e-01 0
20170204.500 2457789.000 2457788.945339 0.2680 1361.3202 6.126e-01 6.800e-03 4.021e-02 6.139e-01 1400.6510 6.303e-01 6.800e-03 1.270e-01 6.430e-01 0
20170205.500 2457790.000 2457789.986638 0.2675 1361.3033 6.126e-01 6.800e-03 5.096e-02 6.147e-01 1400.1882 6.301e-01 6.800e-03 1.422e-01 6.459e-01 0
20170206.500 2457791.000 2457790.968665 0.2667 1361.2563 6.126e-01 6.800e-03 5.691e-02 6.152e-01 1399.7068 6.299e-01 6.800e-03 1.584e-01 6.495e-01 0
20170207.500 2457792.000 2457791.942315 0.2675 1361.2555 6.126e-01 6.800e-03 5.127e-02 6.147e-01 1399.2635 6.297e-01 6.800e-03 1.443e-01 6.460e-01 0
20170208.500 2457793.000 2457792.987265 0.2670 1361.2472 6.126e-01 6.800e-03 4.714e-02 6.144e-01 1398.7648 6.294e-01 6.800e-03 1.318e-01 6.431e-01 0
20170209.500 2457794.000 2457793.964978 0.2670 1361.2155 6.125e-01 6.800e-03 6.166e-02 6.156e-01 1398.2590 6.292e-01 6.800e-03 1.070e-01 6.383e-01 0
20170210.500 2457795.000 2457794.942402 0.2670 1361.1971 6.125e-01 6.800e-03 6.307e-02 6.158e-01 1397.7526 6.290e-01 6.800e-03 1.779e-01 6.537e-01 0
20170211.500 2457796.000 2457795.985218 0.2670 1361.2347 6.126e-01 6.800e-03 4.310e-02 6.141e-01 1397.2553 6.288e-01 6.800e-03 1.348e-01 6.431e-01 0
20170212.500 2457797.000 2457796.964754 0.2681 1361.2643 6.126e-01 6.800e-03 4.659e-02 6.143e-01 1396.7676 6.285e-01 6.800e-03 1.336e-01 6.426e-01 0
20170213.500 2457798.000 2457797.920745 0.2601 1361.3612 6.126e-01 6.800e-03 6.384e-02 6.159e-01 1396.3482 6.284e-01 6.800e-03 1.216e-01 6.400e-01 0
20170214.500 2457799.000 2457798.984701 0.2681 1361.4076 6.126e-01 6.800e-03 5.045e-02 6.147e-01 1395.8036 6.281e-01 6.800e-03 1.543e-01 6.468e-01 0
20170215.500 2457800.000 2457799.962220 0.2661 1361.4253 6.126e-01 6.800e-03 4.416e-02 6.142e-01 1395.2648 6.279e-01 6.800e-03 1.619e-01 6.484e-01 0
20170216.500 2457801.000 2457800.945941 0.2662 1361.3435 6.126e-01 6.800e-03 8.297e-02 6.182e-01 1394.6089 6.276e-01 6.800e-03 1.103e-01 6.372e-01 0
20170217.500 2457802.000 2457802.029810 0.2468 1361.4059 6.126e-01 6.800e-03 5.233e-02 6.149e-01 1394.0298 6.273e-01 6.800e-03 1.415e-01 6.431e-01 0
20170218.500 2457803.000 2457802.927694 0.2676 1361.3727 6.126e-01 6.800e-03 4.144e-02 6.140e-01 1393.4538 6.271e-01 6.800e-03 1.645e-01 6.483e-01 0
20170219.500 2457804.000 2457803.903667 0.2687 1361.4163 6.126e-01 6.800e-03 4.745e-02 6.145e-01 1392.9004 6.268e-01 6.800e-03 1.582e-01 6.465e-01 0
20170220.500 2457805.000 2457804.946421 0.2683 1361.4493 6.127e-01 6.800e-03 5.531e-02 6.151e-01 1392.2862 6.265e-01 6.800e-03 1.513e-01 6.445e-01 0
20170221.500 2457806.000 2457805.922471 0.2690 1361.4964 6.127e-01 6.800e-03 4.701e-02 6.145e-01 1391.7200 6.263e-01 6.800e-03 1.820e-01 6.522e-01 0
20170222.500 2457807.000 2457806.737843 0.1668 1361.4544 6.127e-01 6.800e-03 4.228e-02 6.141e-01 1391.1588 6.260e-01 6.800e-03 1.264e-01 6.387e-01 0
20170223.500 2457808.000 2457807.976715 0.2670 1361.3986 6.126e-01 6.800e-03 6.027e-02 6.156e-01 1390.3061 6.256e-01 6.800e-03 1.586e-01 6.454e-01 0
20170224.500 2457809.000 2457808.954428 0.2664 1361.4273 6.126e-01 6.800e-03 4.958e-02 6.146e-01 1389.7016 6.254e-01 6.800e-03 1.947e-01 6.550e-01 0
20170225.500 2457810.000 2457810.162106 0.1641 1361.3935 6.126e-01 6.800e-03 5.998e-02 6.156e-01 1388.8783 6.250e-01 6.800e-03 1.419e-01 6.409e-01 0
20170226.500 2457811.000 2457810.812632 0.1639 1361.3812 6.126e-01 6.800e-03 3.727e-02 6.138e-01 1388.4384 6.248e-01 6.800e-03 1.133e-01 6.350e-01 0
20170227.500 2457812.000 2457811.953538 0.2670 1361.3812 6.126e-01 6.800e-03 5.854e-02 6.154e-01 1387.6850 6.245e-01 6.800e-03 2.041e-01 6.570e-01 0
20170228.500 2457813.000 2457812.996644 0.2664 1361.3195 6.126e-01 6.800e-03 3.424e-02 6.135e-01 1386.9294 6.241e-01 6.800e-03 1.819e-01 6.501e-01 0
20170301.500 2457814.000 2457813.811453 0.1639 1361.3408 6.126e-01 6.800e-03 4.484e-02 6.142e-01 1386.4076 6.239e-01 6.800e-03 1.116e-01 6.338e-01 0
20170302.500 2457815.000 2457814.918824 0.2688 1361.3356 6.126e-01 6.800e-03 4.294e-02 6.141e-01 1385.6597 6.235e-01 6.800e-03 1.878e-01 6.512e-01 0
20170303.500 2457816.000 2457815.962811 0.2691 1361.3414 6.126e-01 6.800e-03 6.043e-02 6.156e-01 1384.9609 6.232e-01 6.800e-03 1.598e-01 6.434e-01 0
20170304.500 2457817.000 2457816.939844 0.2683 1361.3166 6.126e-01 6.800e-03 6.035e-02 6.156e-01 1384.2717 6.229e-01 6.800e-03 2.174e-01 6.598e-01 0
20170305.500 2457818.000 2457817.918224 0.2683 1361.2852 6.126e-01 6.800e-03 5.641e-02 6.152e-01 1383.5698 6.226e-01 6.800e-03 2.049e-01 6.555e-01 0
20170306.500 2457819.000 2457818.946392 0.2659 1361.2782 6.126e-01 6.800e-03 5.648e-02 6.152e-01 1382.8524 6.223e-01 6.800e-03 2.057e-01 6.554e-01 0
20170307.500 2457820.000 2457819.940253 0.2686 1361.2507 6.126e-01 6.800e-03 5.391e-02 6.149e-01 1382.1311 6.220e-01 6.800e-03 2.000e-01 6.533e-01 0
20170308.500 2457821.000 2457820.895983 0.2727 1361.2443 6.126e-01 6.800e-03 5.057e-02 6.146e-01 1381.4510 6.217e-01 6.800e-03 2.014e-01 6.535e-01 0
20170309.500 2457822.000 2457821.992707 0.2662 1361.2526 6.126e-01 6.800e-03 5.798e-02 6.153e-01 1380.6775 6.213e-01 6.800e-03 1.746e-01 6.454e-01 0
20170310.500 2457823.000 2457822.970998 0.2661 1361.2414 6.126e-01 6.800e-03 5.804e-02 6.153e-01 1379.9603 6.210e-01 6.800e-03 2.211e-01 6.592e-01 0
20170311.500 2457824.000 2457823.948325 0.2681 1361.2477 6.126e-01 6.800e-03 5.980e-02 6.155e-01 1379.2535 6.207e-01 6.800e-03 2.281e-01 6.612e-01 0
20170312.500 2457825.000 2457824.991141 0.2681 1361.2625 6.126e-01 6.800e-03 4.258e-02 6.140e-01 1378.4986 6.203e-01 6.800e-03 2.187e-01 6.577e-01 0
20170313.500 2457826.000 2457825.968649 0.2661 1361.2550 6.126e-01 6.800e-03 5.804e-02 6.153e-01 1377.7614 6.200e-01 6.800e-03 1.948e-01 6.499e-01 0
20170314.500 2457827.000 2457826.959773 0.2627 1361.2612 6.126e-01 6.800e-03 4.610e-02 6.143e-01 1377.0203 6.197e-01 6.800e-03 2.119e-01 6.549e-01 0
20170315.500 2457828.000 2457827.986671 0.2670 1361.2681 6.126e-01 6.800e-03 6.496e-02 6.160e-01 1376.2455 6.193e-01 6.800e-03 2.350e-01 6.624e-01 0
20170316.500 2457829.000 2457828.966268 0.2676 1361.2748 6.126e-01 6.800e-03 5.917e-02 6.154e-01 1375.4999 6.190e-01 6.800e-03 1.715e-01 6.423e-01 0
20170317.500 2457830.000 2457829.941807 0.2670 1361.2727 6.126e-01 6.800e-03 5.616e-02 6.151e-01 1374.7430 6.186e-01 6.800e-03 2.156e-01 6.551e-01 0
20170318.500 2457831.000 2457830.984624 0.2670 1361.2869 6.126e-01 6.800e-03 5.927e-02 6.154e-01 1373.9451 6.183e-01 6.800e-03 1.727e-01 6.419e-01 0
20170319.500 2457832.000 2457831.962337 0.2664 1361.3264 6.126e-01 6.800e-03 4.326e-02 6.141e-01 1373.2192 6.179e-01 6.800e-03 2.245e-01 6.575e-01 0
20170320.500 2457833.000 2457832.942183 0.2675 1361.3026 6.126e-01 6.800e-03 5.380e-02 6.149e-01 1372.4243 6.176e-01 6.800e-03 2.332e-01 6.601e-01 0
20170321.500 2457834.000 2457833.981311 0.2675 1361.3272 6.126e-01 6.800e-03 5.242e-02 6.148e-01 1371.6290 6.172e-01 6.800e-03 2.257e-01 6.572e-01 0
20170322.500 2457835.000 2457834.959229 0.2667 1361.3331 6.126e-01 6.800e-03 4.093e-02 6.140e-01 1370.8615 6.169e-01 6.800e-03 2.169e-01 6.539e-01 0
20170323.500 2457836.000 2457835.937231 0.2667 1361.3340 6.126e-01 6.800e-03 8.888e-02 6.190e-01 1370.0882 6.165e-01 6.800e-03 1.574e-01 6.363e-01 0
20170324.500 2457837.000 2457836.984483 0.2667 1361.3734 6.126e-01 6.800e-03 4.471e-02 6.142e-01 1369.2990 6.162e-01 6.800e-03 2.197e-01 6.542e-01 0
20170325.500 2457838.000 2457838.123460 0.1639 1361.3703 6.126e-01 6.800e-03 5.556e-02 6.151e-01 1368.3958 6.158e-01 6.800e-03 1.480e-01 6.333e-01 0
20170326.500 2457839.000 2457839.166566 0.1639 1361.3203 6.126e-01 6.800e-03 4.712e-02 6.144e-01 1367.5237 6.154e-01 6.800e-03 1.393e-01 6.310e-01 0
20170327.500 2457840.000 2457839.979530 0.2675 1361.2398 6.126e-01 6.800e-03 6.278e-02 6.158e-01 1366.8045 6.151e-01 6.800e-03 2.517e-01 6.646e-01 0
20170328.500 2457841.000 2457840.959377 0.2681 1361.0511 6.125e-01 6.800e-03 5.093e-02 6.146e-01 1365.8486 6.146e-01 6.800e-03 2.427e-01 6.608e-01 0
20170329.500 2457842.000 2457841.935123 0.2667 1361.0102 6.125e-01 6.800e-03 5.771e-02 6.152e-01 1365.0478 6.143e-01 6.800e-03 2.525e-01 6.641e-01 0
20170330.500 2457843.000 2457842.978023 0.2676 1360.8236 6.124e-01 6.800e-03 6.140e-02 6.154e-01 1364.0528 6.138e-01 6.800e-03 2.049e-01 6.471e-01 0
20170331.500 2457844.000 2457843.979416 0.2942 1360.6519 6.123e-01 6.800e-03 6.019e-02 6.152e-01 1363.1085 6.134e-01 6.800e-03 2.603e-01 6.663e-01 0
20170401.500 2457845.000 2457845.000423 0.2670 1360.6032 6.123e-01 6.800e-03 4.240e-02 6.137e-01 1362.2757 6.130e-01 6.800e-03 1.978e-01 6.442e-01 0
20170402.500 2457846.000 2457845.964789 0.2713 1360.5687 6.123e-01 6.800e-03 4.758e-02 6.141e-01 1361.5030 6.127e-01 6.800e-03 2.266e-01 6.532e-01 0
20170403.500 2457847.000 2457846.956908 0.2661 1360.7764 6.123e-01 6.800e-03 1.084e-01 6.219e-01 1360.9531 6.124e-01 6.800e-03 1.169e-01 6.235e-01 0
20170404.500 2457848.000 2457847.934235 0.2681 1361.0285 6.125e-01 6.800e-03 6.389e-02 6.158e-01 1360.4597 6.122e-01 6.800e-03 1.560e-01 6.318e-01 0
20170405.500 2457849.000 2457848.974235 0.2665 1361.1924 6.125e-01 6.800e-03 5.684e-02 6.152e-01 1359.8305 6.119e-01 6.800e-03 1.782e-01 6.373e-01 0
20170406.500 2457850.000 2457849.953895 0.2681 1361.2527 6.126e-01 6.800e-03 9.575e-02 6.200e-01 1359.1434 6.116e-01 6.800e-03 1.337e-01 6.261e-01 0
20170407.500 2457851.000 2457851.037601 0.2473 1361.2380 6.126e-01 6.800e-03 6.786e-02 6.163e-01 1358.3016 6.112e-01 6.800e-03 2.184e-01 6.491e-01 0
20170408.500 2457852.000 2457851.956142 0.2705 1361.2246 6.126e-01 6.800e-03 4.769e-02 6.144e-01 1357.5861 6.109e-01 6.800e-03 1.918e-01 6.403e-01 0
20170409.500 2457853.000 2457852.917180 0.2682 1361.2413 6.126e-01 6.800e-03 5.039e-02 6.146e-01 1356.8671 6.106e-01 6.800e-03 2.008e-01 6.428e-01 0
20170410.500 2457854.000 2457853.959131 0.2686 1361.3207 6.126e-01 6.800e-03 6.829e-02 6.164e-01 1356.1475 6.103e-01 6.800e-03 1.943e-01 6.405e-01 0
20170411.500 2457855.000 2457854.773196 0.1668 1361.3218 6.126e-01 6.800e-03 4.312e-02 6.141e-01 1355.5237 6.100e-01 6.800e-03 1.345e-01 6.246e-01 0
20170412.500 2457856.000 2457855.946220 0.2670 1361.3440 6.126e-01 6.800e-03 4.622e-02 6.143e-01 1354.6443 6.096e-01 6.800e-03 2.086e-01 6.443e-01 0
20170413.500 2457857.000 2457856.988747 0.2670 1361.2603 6.126e-01 6.800e-03 5.995e-02 6.155e-01 1353.7593 6.092e-01 6.800e-03 1.685e-01 6.321e-01 0
20170414.500 2457858.000 2457857.968594 0.2675 1361.3357 6.126e-01 6.800e-03 4.223e-02 6.141e-01 1353.0809 6.089e-01 6.800e-03 2.041e-01 6.422e-01 0
20170415.500 2457859.000 2457858.944172 0.2670 1361.3191 6.126e-01 6.800e-03 4.865e-02 6.145e-01 1352.3147 6.085e-01 6.800e-03 1.953e-01 6.391e-01 0
20170416.500 2457860.000 2457859.987278 0.2664 1361.3155 6.126e-01 6.800e-03 5.713e-02 6.153e-01 1351.5109 6.082e-01 6.800e-03 1.989e-01 6.399e-01 0
20170417.500 2457861.000 2457860.965280 0.2664 1361.3240 6.126e-01 6.800e-03 4.822e-02 6.145e-01 1350.7710 6.078e-01 6.800e-03 2.070e-01 6.421e-01 0
20170418.500 2457862.000 2457861.943475 0.2672 1361.4093 6.126e-01 6.800e-03 6.506e-02 6.161e-01 1350.1097 6.075e-01 6.800e-03 1.909e-01 6.368e-01 0
20170419.500 2457863.000 2457862.986966 0.2664 1361.4853 6.127e-01 6.800e-03 5.165e-02 6.148e-01 1349.3929 6.072e-01 6.800e-03 1.783e-01 6.329e-01 0
20170420.500 2457864.000 2457863.965257 0.2680 1361.4552 6.127e-01 6.800e-03 5.857e-02 6.154e-01 1348.6247 6.069e-01 6.800e-03 1.760e-01 6.319e-01 0
20170421.500 2457865.000 2457864.943452 0.2672 1361.4797 6.127e-01 6.800e-03 4.919e-02 6.146e-01 1347.9158 6.066e-01 6.800e-03 2.015e-01 6.391e-01 0
20170422.500 2457866.000 2457866.151488 0.1640 1361.4708 6.127e-01 6.800e-03 3.649e-02 6.137e-01 1347.0097 6.062e-01 6.800e-03 1.243e-01 6.188e-01 0
20170423.500 2457867.000 2457866.962849 0.2675 1361.5067 6.127e-01 6.800e-03 5.070e-02 6.148e-01 1346.4487 6.059e-01 6.800e-03 2.218e-01 6.452e-01 0
20170424.500 2457868.000 2457867.940850 0.2675 1361.4459 6.127e-01 6.800e-03 6.258e-02 6.158e-01 1345.6765 6.056e-01 6.800e-03 2.033e-01 6.388e-01 0
20170425.500 2457869.000 2457868.985763 0.2670 1361.4185 6.126e-01 6.800e-03 5.152e-02 6.148e-01 1344.8981 6.052e-01 6.800e-03 1.858e-01 6.331e-01 0
20170426.500 2457870.000 2457869.963192 0.2670 1361.4094 6.126e-01 6.800e-03 4.319e-02 6.142e-01 1344.1958 6.049e-01 6.800e-03 2.066e-01 6.392e-01 0
20170427.500 2457871.000 2457870.940910 0.2670 1361.3984 6.126e-01 6.800e-03 7.514e-02 6.172e-01 1343.5009 6.046e-01 6.800e-03 1.284e-01 6.180e-01 0
20170428.500 2457872.000 2457871.835172 0.1622 1361.4536 6.127e-01 6.800e-03 5.801e-02 6.154e-01 1342.9378 6.043e-01 6.800e-03 1.413e-01 6.206e-01 0
20170429.500 2457873.000 2457872.927109 0.2686 1361.4699 6.127e-01 6.800e-03 4.760e-02 6.145e-01 1342.2111 6.040e-01 6.800e-03 1.986e-01 6.358e-01 0
20170430.500 2457874.000 2457873.785305 0.1719 1361.4231 6.126e-01 6.800e-03 4.857e-02 6.146e-01 1341.5887 6.037e-01 6.800e-03 1.205e-01 6.156e-01 0
20170501.500 2457875.000 2457874.947215 0.2686 1361.3414 6.126e-01 6.800e-03 5.603e-02 6.152e-01 1340.7387 6.033e-01 6.800e-03 2.126e-01 6.397e-01 0
20170502.500 2457876.000 2457875.925995 0.2690 1361.2853 6.126e-01 6.800e-03 5.792e-02 6.153e-01 1340.0436 6.030e-01 6.800e-03 1.927e-01 6.331e-01 0
20170503.500 2457877.000 2457876.875859 0.2711 1361.2078 6.125e-01 6.800e-03 5.173e-02 6.147e-01 1339.3531 6.027e-01 6.800e-03 1.860e-01 6.307e-01 0
20170504.500 2457878.000 2457877.979810 0.2661 1361.1224 6.125e-01 6.800e-03 5.421e-02 6.149e-01 1338.5628 6.024e-01 6.800e-03 1.624e-01 6.239e-01 0
20170505.500 2457879.000 2457878.957137 0.2681 1361.1800 6.125e-01 6.800e-03 4.888e-02 6.145e-01 1338.0003 6.021e-01 6.800e-03 1.757e-01 6.272e-01 0
20170506.500 2457880.000 2457880.022660 0.2607 1361.2372 6.126e-01 6.800e-03 5.642e-02 6.151e-01 1337.3874 6.018e-01 6.800e-03 1.723e-01 6.260e-01 0
20170507.500 2457881.000 2457880.974247 0.2675 1361.2445 6.126e-01 6.800e-03 5.035e-02 6.146e-01 1336.8019 6.016e-01 6.800e-03 1.623e-01 6.231e-01 0
20170508.500 2457882.000 2457881.951318 0.2685 1361.2498 6.126e-01 6.800e-03 3.968e-02 6.138e-01 1336.2033 6.013e-01 6.800e-03 1.712e-01 6.252e-01 0
20170509.500 2457883.000 2457882.996434 0.2681 1361.2595 6.126e-01 6.800e-03 4.435e-02 6.142e-01 1335.5719 6.010e-01 6.800e-03 1.913e-01 6.307e-01 0
20170510.500 2457884.000 2457883.991590 0.2683 1361.2390 6.126e-01 6.800e-03 4.613e-02 6.143e-01 1334.9462 6.007e-01 6.800e-03 1.599e-01 6.216e-01 0
20170511.500 2457885.000 2457884.949159 0.2670 1361.2066 6.125e-01 6.800e-03 5.431e-02 6.149e-01 1334.3363 6.005e-01 6.800e-03 1.475e-01 6.183e-01 0
20170512.500 2457886.000 2457885.991975 0.2670 1361.2267 6.126e-01 6.800e-03 5.466e-02 6.150e-01 1333.7316 6.002e-01 6.800e-03 1.594e-01 6.210e-01 0
20170513.500 2457887.000 2457886.969398 0.2670 1361.2864 6.126e-01 6.800e-03 4.521e-02 6.142e-01 1333.2100 5.999e-01 6.800e-03 1.757e-01 6.251e-01 0
20170514.500 2457888.000 2457887.946822 0.2670 1361.2669 6.126e-01 6.800e-03 4.876e-02 6.145e-01 1332.6163 5.997e-01 6.800e-03 1.647e-01 6.219e-01 0
20170515.500 2457889.000 2457888.989638 0.2670 1361.2788 6.126e-01 6.800e-03 6.596e-02 6.161e-01 1332.0213 5.994e-01 6.800e-03 1.413e-01 6.158e-01 0
20170516.500 2457890.000 2457889.967053 0.2670 1361.3227 6.126e-01 6.800e-03 6.657e-02 6.162e-01 1331.5023 5.992e-01 6.800e-03 1.413e-01 6.156e-01 0
20170517.500 2457891.000 2457890.944472 0.2670 1361.4080 6.126e-01 6.800e-03 5.605e-02 6.152e-01 1331.0307 5.990e-01 6.800e-03 1.373e-01 6.145e-01 0
20170518.500 2457892.000 2457891.987289 0.2670 1361.4251 6.126e-01 6.800e-03 6.267e-02 6.158e-01 1330.4637 5.987e-01 6.800e-03 1.277e-01 6.122e-01 0
20170519.500 2457893.000 2457892.964712 0.2670 1361.4606 6.127e-01 6.800e-03 4.456e-02 6.143e-01 1329.9600 5.985e-01 6.800e-03 1.642e-01 6.206e-01 0
20170520.500 2457894.000 2457894.105127 0.1641 1361.4893 6.127e-01 6.800e-03 4.267e-02 6.142e-01 1329.3714 5.982e-01 6.800e-03 8.940e-02 6.049e-01 0
20170521.500 2457895.000 2457894.986589 0.2661 1361.4962 6.127e-01 6.800e-03 5.950e-02 6.156e-01 1328.9114 5.980e-01 6.800e-03 1.705e-01 6.218e-01 0
20170522.500 2457896.000 2457895.963915 0.2681 1361.4488 6.127e-01 6.800e-03 4.556e-02 6.143e-01 1328.3579 5.978e-01 6.800e-03 1.530e-01 6.170e-01 0
20170523.500 2457897.000 2457896.938444 0.2685 1361.4329 6.126e-01 6.800e-03 5.804e-02 6.154e-01 1327.8485 5.975e-01 6.800e-03 1.643e-01 6.197e-01 0
20170524.500 2457898.000 2457897.981031 0.2675 1361.3925 6.126e-01 6.800e-03 4.273e-02 6.141e-01 1327.2947 5.973e-01 6.800e-03 1.517e-01 6.162e-01 0
20170525.500 2457899.000 2457898.960419 0.2681 1361.3682 6.126e-01 6.800e-03 9.211e-02 6.195e-01 1326.8017 5.971e-01 6.800e-03 7.870e-02 6.022e-01 0
20170526.500 2457900.000 2457899.950255 0.2667 1361.4235 6.126e-01 6.800e-03 5.316e-02 6.149e-01 1326.3951 5.969e-01 6.800e-03 1.462e-01 6.145e-01 0
20170527.500 2457901.000 2457901.024524 0.2444 1361.3677 6.126e-01 6.800e-03 5.245e-02 6.149e-01 1325.8569 5.966e-01 6.800e-03 1.255e-01 6.097e-01 0
20170528.500 2457902.000 2457901.911935 0.2942 1361.3295 6.126e-01 6.800e-03 4.294e-02 6.141e-01 1325.4326 5.964e-01 6.800e-03 1.250e-01 6.094e-01 0
20170529.500 2457903.000 2457902.965511 0.2686 1361.2984 6.126e-01 6.800e-03 5.579e-02 6.151e-01 1324.9565 5.962e-01 6.800e-03 1.316e-01 6.106e-01 0
20170530.500 2457904.000 2457903.779715 0.1668 1361.2407 6.126e-01 6.800e-03 5.823e-02 6.153e-01 1324.5655 5.961e-01 6.800e-03 9.818e-02 6.041e-01 0
20170531.500 2457905.000 2457904.951201 0.2668 1361.1854 6.125e-01 6.800e-03 4.762e-02 6.144e-01 1324.0449 5.958e-01 6.800e-03 1.215e-01 6.081e-01 0
20170601.500 2457906.000 2457905.995653 0.2665 1361.2438 6.126e-01 6.800e-03 5.469e-02 6.150e-01 1323.6988 5.957e-01 6.800e-03 8.746e-02 6.021e-01 0
20170602.500 2457907.000 2457906.970668 0.2670 1361.2905 6.126e-01 6.800e-03 4.582e-02 6.143e-01 1323.3787 5.955e-01 6.800e-03 1.257e-01 6.086e-01 0
20170603.500 2457908.000 2457907.949921 0.2665 1361.3109 6.126e-01 6.800e-03 4.615e-02 6.143e-01 1323.0410 5.954e-01 6.800e-03 1.124e-01 6.059e-01 0
20170604.500 2457909.000 2457908.990614 0.2670 1361.3288 6.126e-01 6.800e-03 4.782e-02 6.145e-01 1322.6887 5.952e-01 6.800e-03 1.096e-01 6.052e-01 0
20170605.500 2457910.000 2457909.970210 0.2667 1361.3230 6.126e-01 6.800e-03 4.854e-02 6.145e-01 1322.3440 5.951e-01 6.800e-03 1.126e-01 6.056e-01 0
20170606.500 2457911.000 2457910.947802 0.2675 1361.2797 6.126e-01 6.800e-03 5.830e-02 6.153e-01 1321.9722 5.949e-01 6.800e-03 1.024e-01 6.036e-01 0
20170607.500 2457912.000 2457911.989040 0.2672 1361.3211 6.126e-01 6.800e-03 5.533e-02 6.151e-01 1321.6701 5.948e-01 6.800e-03 1.211e-01 6.070e-01 0
20170608.500 2457913.000 2457912.969153 0.2669 1361.2751 6.126e-01 6.800e-03 6.208e-02 6.157e-01 1321.3114 5.946e-01 6.800e-03 7.165e-02 5.989e-01 0
20170609.500 2457914.000 2457913.943227 0.2654 1361.3459 6.126e-01 6.800e-03 4.483e-02 6.142e-01 1321.0760 5.945e-01 6.800e-03 8.401e-02 6.004e-01 0
20170610.500 2457915.000 2457914.997012 0.2639 1361.3592 6.126e-01 6.800e-03 4.673e-02 6.144e-01 1320.7686 5.943e-01 6.800e-03 6.728e-02 5.981e-01 0
20170611.500 2457916.000 2457915.959399 0.2659 1361.4041 6.126e-01 6.800e-03 6.508e-02 6.161e-01 1320.5278 5.942e-01 6.800e-03 6.602e-02 5.979e-01 0
20170612.500 2457917.000 2457916.937070 0.2656 1361.4242 6.126e-01 6.800e-03 6.333e-02 6.159e-01 1320.2665 5.941e-01 6.800e-03 7.379e-02 5.987e-01 0
20170613.500 2457918.000 2457917.988704 0.2677 1361.4051 6.126e-01 6.800e-03 5.265e-02 6.149e-01 1319.9555 5.940e-01 6.800e-03 6.549e-02 5.976e-01 0
20170614.500 2457919.000 2457918.968829 0.2680 1361.4042 6.126e-01 6.800e-03 4.787e-02 6.145e-01 1319.6912 5.939e-01 6.800e-03 7.948e-02 5.992e-01 0
20170615.500 2457920.000 2457919.944770 0.2675 1361.3059 6.126e-01 6.800e-03 7.232e-02 6.168e-01 1319.3430 5.937e-01 6.800e-03 8.135e-02 5.993e-01 0
20170616.500 2457921.000 2457920.989357 0.2670 1361.3283 6.126e-01 6.800e-03 5.345e-02 6.149e-01 1319.1051 5.936e-01 6.800e-03 6.828e-02 5.975e-01 0
20170617.500 2457922.000 2457922.129684 0.1639 1361.3133 6.126e-01 6.800e-03 5.906e-02 6.154e-01 1318.8207 5.935e-01 6.800e-03 8.335e-02 5.993e-01 0
20170618.500 2457923.000 2457922.944203 0.2670 1361.3241 6.126e-01 6.800e-03 4.932e-02 6.146e-01 1318.6485 5.934e-01 6.800e-03 8.691e-02 5.997e-01 0
20170619.500 2457924.000 2457923.988669 0.2673 1361.3901 6.126e-01 6.800e-03 5.233e-02 6.149e-01 1318.4902 5.933e-01 6.800e-03 7.086e-02 5.975e-01 0
20170620.500 2457925.000 2457924.961636 0.2673 1361.4061 6.126e-01 6.800e-03 4.641e-02 6.144e-01 1318.3122 5.932e-01 6.800e-03 5.152e-02 5.955e-01 0
20170621.500 2457926.000 2457926.429255 0.0339 1361.4348 6.126e-01 6.800e-03 3.504e-02 6.136e-01 1318.0739 5.931e-01 6.800e-03 3.581e-02 5.942e-01 0
20170622.500 2457927.000 2457927.113443 0.1663 1361.3806 6.126e-01 6.800e-03 5.427e-02 6.150e-01 1317.9092 5.931e-01 6.800e-03 5.420e-02 5.955e-01 0
20170623.500 2457928.000 2457928.090577 0.1668 1361.3792 6.126e-01 6.800e-03 4.332e-02 6.142e-01 1317.7606 5.930e-01 6.800e-03 4.118e-02 5.944e-01 0
20170624.500 2457929.000 2457928.888657 0.2720 1361.3044 6.126e-01 6.800e-03 6.527e-02 6.161e-01 1317.5798 5.929e-01 6.800e-03 8.515e-02 5.990e-01 0
20170625.500 2457930.000 2457929.809765 0.1605 1361.2115 6.125e-01 6.800e-03 5.706e-02 6.152e-01 1317.3770 5.928e-01 6.800e-03 6.337e-02 5.962e-01 0
20170626.500 2457931.000 2457930.955432 0.2646 1361.1902 6.125e-01 6.800e-03 6.960e-02 6.165e-01 1317.2360 5.928e-01 6.800e-03 8.752e-02 5.992e-01 0
20170627.500 2457932.000 2457931.935828 0.2681 1361.1581 6.125e-01 6.800e-03 5.234e-02 6.148e-01 1317.1179 5.927e-01 6.800e-03 4.459e-02 5.944e-01 0
20170628.500 2457933.000 2457932.978160 0.2661 1361.2157 6.125e-01 6.800e-03 5.144e-02 6.147e-01 1317.0970 5.927e-01 6.800e-03 4.223e-02 5.942e-01 0
20170629.500 2457934.000 2457933.952671 0.2665 1361.2274 6.126e-01 6.800e-03 5.955e-02 6.154e-01 1317.0506 5.927e-01 6.800e-03 5.089e-02 5.949e-01 0
20170630.500 2457935.000 2457934.932331 0.2681 1361.2905 6.126e-01 6.800e-03 6.031e-02 6.155e-01 1317.0666 5.927e-01 6.800e-03 6.470e-02 5.962e-01 0
20170701.500 2457936.000 2457935.974755 0.2673 1361.3159 6.126e-01 6.800e-03 4.541e-02 6.143e-01 1317.0567 5.927e-01 6.800e-03 4.377e-02 5.943e-01 0
20170702.500 2457937.000 2457936.949871 0.2670 1361.3274 6.126e-01 6.800e-03 4.282e-02 6.141e-01 1317.0473 5.927e-01 6.800e-03 4.254e-02 5.942e-01 0
20170703.500 2457938.000 2457937.977302 0.2698 1361.2512 6.126e-01 6.800e-03 4.878e-02 6.145e-01 1316.9638 5.926e-01 6.800e-03 4.737e-02 5.945e-01 0
20170704.500 2457939.000 2457938.971652 0.2681 1361.2707 6.126e-01 6.800e-03 5.487e-02 6.150e-01 1316.9841 5.926e-01 6.800e-03 5.398e-02 5.951e-01 0
20170705.500 2457940.000 2457939.953794 0.2668 1361.2918 6.126e-01 6.800e-03 3.896e-02 6.138e-01 1317.0159 5.927e-01 6.800e-03 3.851e-02 5.939e-01 0
20170706.500 2457941.000 2457940.988985 0.2685 1361.2615 6.126e-01 6.800e-03 7.140e-02 6.167e-01 1317.0091 5.927e-01 6.800e-03 7.389e-02 5.972e-01 0
20170707.500 2457942.000 2457941.968820 0.2661 1361.1849 6.125e-01 6.800e-03 5.821e-02 6.153e-01 1316.9658 5.926e-01 6.800e-03 5.160e-02 5.949e-01 0
20170708.500 2457943.000 2457942.944026 0.2670 1361.0151 6.125e-01 6.800e-03 8.938e-02 6.189e-01 1316.8410 5.926e-01 6.800e-03 7.584e-02 5.974e-01 0
20170709.500 2457944.000 2457943.986842 0.2670 1360.7668 6.123e-01 6.800e-03 7.146e-02 6.165e-01 1316.6526 5.925e-01 6.800e-03 6.037e-02 5.956e-01 0
20170710.500 2457945.000 2457944.965807 0.2681 1360.6385 6.123e-01 6.800e-03 3.580e-02 6.133e-01 1316.5862 5.925e-01 6.800e-03 3.061e-02 5.933e-01 0
20170711.500 2457946.000 2457945.943326 0.2661 1360.6841 6.123e-01 6.800e-03 4.992e-02 6.143e-01 1316.6966 5.925e-01 6.800e-03 5.411e-02 5.950e-01 0
20170712.500 2457947.000 2457946.985467 0.2681 1360.7866 6.124e-01 6.800e-03 6.244e-02 6.155e-01 1316.8762 5.926e-01 6.800e-03 7.513e-02 5.973e-01 0
20170713.500 2457948.000 2457947.962986 0.2661 1360.8471 6.124e-01 6.800e-03 6.192e-02 6.155e-01 1317.0196 5.927e-01 6.800e-03 7.997e-02 5.980e-01 0
20170714.500 2457949.000 2457948.937497 0.2665 1361.0327 6.125e-01 6.800e-03 5.218e-02 6.147e-01 1317.2934 5.928e-01 6.800e-03 6.184e-02 5.960e-01 0
20170715.500 2457950.000 2457950.146742 0.1638 1361.2508 6.126e-01 6.800e-03 7.249e-02 6.168e-01 1317.6349 5.929e-01 6.800e-03 8.480e-02 5.990e-01 0
20170716.500 2457951.000 2457950.959479 0.2661 1361.3653 6.126e-01 6.800e-03 4.941e-02 6.146e-01 1317.8429 5.930e-01 6.800e-03 7.149e-02 5.973e-01 0
20170717.500 2457952.000 2457952.022903 0.2631 1361.4017 6.126e-01 6.800e-03 4.769e-02 6.145e-01 1318.0171 5.931e-01 6.800e-03 5.957e-02 5.961e-01 0
20170718.500 2457953.000 2457952.975385 0.2569 1361.3779 6.126e-01 6.800e-03 5.402e-02 6.150e-01 1318.1306 5.932e-01 6.800e-03 5.737e-02 5.959e-01 0
20170719.500 2457954.000 2457953.935707 0.2648 1361.3382 6.126e-01 6.800e-03 5.108e-02 6.147e-01 1318.2424 5.932e-01 6.800e-03 6.790e-02 5.971e-01 0
20170720.500 2457955.000 2457954.964003 0.2685 1361.3045 6.126e-01 6.800e-03 5.370e-02 6.149e-01 1318.3854 5.933e-01 6.800e-03 7.290e-02 5.977e-01 0
20170721.500 2457956.000 2457955.778111 0.1668 1361.3106 6.126e-01 6.800e-03 5.351e-02 6.149e-01 1318.5412 5.933e-01 6.800e-03 6.049e-02 5.964e-01 0
20170722.500 2457957.000 2457956.951561 0.2665 1361.2778 6.126e-01 6.800e-03 5.989e-02 6.155e-01 1318.7448 5.934e-01 6.800e-03 7.439e-02 5.981e-01 0
20170723.500 2457958.000 2457957.989699 0.2673 1361.2201 6.125e-01 6.800e-03 4.688e-02 6.143e-01 1318.9151 5.935e-01 6.800e-03 8.382e-02 5.994e-01 0
20170724.500 2457959.000 2457958.969053 0.2670 1361.1902 6.125e-01 6.800e-03 5.028e-02 6.146e-01 1319.1153 5.936e-01 6.800e-03 6.991e-02 5.977e-01 0
20170725.500 2457960.000 2457959.946187 0.2670 1361.2421 6.126e-01 6.800e-03 4.074e-02 6.139e-01 1319.4093 5.937e-01 6.800e-03 8.454e-02 5.997e-01 0
20170726.500 2457961.000 2457960.989003 0.2670 1361.2518 6.126e-01 6.800e-03 5.320e-02 6.149e-01 1319.6948 5.939e-01 6.800e-03 6.632e-02 5.976e-01 0
20170727.500 2457962.000 2457961.966426 0.2670 1361.2582 6.126e-01 6.800e-03 7.060e-02 6.166e-01 1319.9744 5.940e-01 6.800e-03 1.312e-01 6.083e-01 0
20170728.500 2457963.000 2457962.961020 0.2627 1361.2601 6.126e-01 6.800e-03 5.633e-02 6.152e-01 1320.2678 5.941e-01 6.800e-03 8.353e-02 6.000e-01 0
20170729.500 2457964.000 2457963.989100 0.2667 1361.2760 6.126e-01 6.800e-03 6.402e-02 6.159e-01 1320.5984 5.943e-01 6.800e-03 9.025e-02 6.011e-01 0
20170730.500 2457965.000 2457965.193543 0.1639 1361.2266 6.126e-01 6.800e-03 4.741e-02 6.144e-01 1320.9359 5.944e-01 6.800e-03 7.532e-02 5.992e-01 0
20170731.500 2457966.000 2457966.008833 0.2672 1361.2244 6.126e-01 6.800e-03 5.079e-02 6.147e-01 1321.2045 5.945e-01 6.800e-03 9.986e-02 6.029e-01 0
20170801.500 2457967.000 2457966.987028 0.2672 1361.2414 6.126e-01 6.800e-03 5.553e-02 6.151e-01 1321.5551 5.947e-01 6.800e-03 1.055e-01 6.040e-01 0
20170802.500 2457968.000 2457967.965415 0.2672 1361.2831 6.126e-01 6.800e-03 4.693e-02 6.144e-01 1321.9394 5.949e-01 6.800e-03 1.149e-01 6.059e-01 0
20170803.500 2457969.000 2457968.943513 0.2680 1361.2858 6.126e-01 6.800e-03 7.023e-02 6.166e-01 1322.2950 5.950e-01 6.800e-03 1.482e-01 6.132e-01 0
20170804.500 2457970.000 2457969.984848 0.2675 1361.2936 6.126e-01 6.800e-03 4.896e-02 6.145e-01 1322.6878 5.952e-01 6.800e-03 1.018e-01 6.038e-01 0
20170805.500 2457971.000 2457970.962440 0.2667 1361.1617 6.125e-01 6.800e-03 4.679e-02 6.143e-01 1322.9296 5.953e-01 6.800e-03 9.373e-02 6.027e-01 0
20170806.500 2457972.000 2457971.942044 0.2670 1361.2004 6.125e-01 6.800e-03 4.163e-02 6.140e-01 1323.3457 5.955e-01 6.800e-03 1.138e-01 6.063e-01 0
20170807.500 2457973.000 2457972.982741 0.2665 1361.2191 6.125e-01 6.800e-03 5.038e-02 6.146e-01 1323.7741 5.957e-01 6.800e-03 1.312e-01 6.100e-01 0
20170808.500 2457974.000 2457973.963932 0.2673 1361.2635 6.126e-01 6.800e-03 4.947e-02 6.146e-01 1324.2113 5.959e-01 6.800e-03 1.394e-01 6.120e-01 0
20170809.500 2457975.000 2457974.937009 0.2665 1361.2372 6.126e-01 6.800e-03 4.448e-02 6.142e-01 1324.5834 5.961e-01 6.800e-03 1.039e-01 6.050e-01 0
20170810.500 2457976.000 2457975.818461 0.1636 1361.2634 6.126e-01 6.800e-03 8.796e-02 6.189e-01 1324.9749 5.962e-01 6.800e-03 1.493e-01 6.146e-01 0
20170811.500 2457977.000 2457976.925954 0.2682 1361.3434 6.126e-01 6.800e-03 5.517e-02 6.151e-01 1325.5212 5.965e-01 6.800e-03 1.459e-01 6.141e-01 0
20170812.500 2457978.000 2457977.961111 0.2576 1361.3656 6.126e-01 6.800e-03 6.348e-02 6.159e-01 1325.9891 5.967e-01 6.800e-03 1.148e-01 6.076e-01 0
20170813.500 2457979.000 2457978.930392 0.2657 1361.2968 6.126e-01 6.800e-03 4.756e-02 6.144e-01 1326.3479 5.969e-01 6.800e-03 1.106e-01 6.070e-01 0
20170814.500 2457980.000 2457979.918831 0.2685 1361.2542 6.126e-01 6.800e-03 5.674e-02 6.152e-01 1326.7492 5.970e-01 6.800e-03 1.124e-01 6.075e-01 0
20170815.500 2457981.000 2457980.991522 0.2548 1361.2845 6.126e-01 6.800e-03 4.426e-02 6.142e-01 1327.2698 5.973e-01 6.800e-03 1.313e-01 6.115e-01 0
20170816.500 2457982.000 2457981.973361 0.2675 1361.2270 6.126e-01 6.800e-03 4.930e-02 6.145e-01 1327.6737 5.975e-01 6.800e-03 1.067e-01 6.069e-01 0
20170817.500 2457983.000 2457982.952750 0.2681 1361.0571 6.125e-01 6.800e-03 6.319e-02 6.157e-01 1327.9773 5.976e-01 6.800e-03 1.397e-01 6.137e-01 0
20170818.500 2457984.000 2457983.997224 0.2663 1360.9140 6.124e-01 6.800e-03 6.177e-02 6.155e-01 1328.3507 5.978e-01 6.800e-03 1.253e-01 6.108e-01 0
20170819.500 2457985.000 2457984.971928 0.2661 1360.7876 6.124e-01 6.800e-03 7.711e-02 6.172e-01 1328.7184 5.979e-01 6.800e-03 8.293e-02 6.036e-01 0
20170820.500 2457986.000 2457985.964083 0.2688 1360.7405 6.123e-01 6.800e-03 7.119e-02 6.165e-01 1329.1850 5.981e-01 6.800e-03 1.910e-01 6.279e-01 0
20170821.500 2457987.000 2457986.936662 0.2500 1360.8530 6.124e-01 6.800e-03 6.220e-02 6.155e-01 1329.8099 5.984e-01 6.800e-03 1.620e-01 6.200e-01 0
20170822.500 2457988.000 2457987.965592 0.3198 1360.9277 6.124e-01 6.800e-03 4.210e-02 6.139e-01 1330.4417 5.987e-01 6.800e-03 1.777e-01 6.245e-01 0
20170823.500 2457989.000 2457988.945616 0.2673 1360.9976 6.124e-01 6.800e-03 5.646e-02 6.150e-01 1331.0546 5.990e-01 6.800e-03 1.609e-01 6.202e-01 0
20170824.500 2457990.000 2457989.985865 0.2670 1361.0551 6.125e-01 6.800e-03 6.258e-02 6.157e-01 1331.7021 5.993e-01 6.800e-03 1.999e-01 6.317e-01 0
20170825.500 2457991.000 2457990.963288 0.2670 1361.1295 6.125e-01 6.800e-03 4.797e-02 6.144e-01 1332.3423 5.996e-01 6.800e-03 1.787e-01 6.256e-01 0
20170826.500 2457992.000 2457991.942579 0.2665 1361.1280 6.125e-01 6.800e-03 6.722e-02 6.162e-01 1332.9200 5.998e-01 6.800e-03 1.549e-01 6.195e-01 0
20170827.500 2457993.000 2457993.064227 0.3921 1361.1389 6.125e-01 6.800e-03 6.774e-02 6.162e-01 1333.6066 6.001e-01 6.800e-03 2.350e-01 6.445e-01 0
20170828.500 2457994.000 2457994.090868 0.2670 1361.2169 6.125e-01 6.800e-03 5.120e-02 6.147e-01 1334.3115 6.004e-01 6.800e-03 1.929e-01 6.307e-01 0
20170829.500 2457995.000 2457995.068292 0.2670 1361.3131 6.126e-01 6.800e-03 4.627e-02 6.143e-01 1335.0132 6.008e-01 6.800e-03 1.726e-01 6.250e-01 0
20170830.500 2457996.000 2457996.045715 0.2670 1361.3060 6.126e-01 6.800e-03 5.498e-02 6.151e-01 1335.6211 6.010e-01 6.800e-03 1.363e-01 6.163e-01 0
20170831.500 2457997.000 2457997.023138 0.2670 1361.0996 6.125e-01 6.800e-03 7.633e-02 6.172e-01 1336.0402 6.012e-01 6.800e-03 1.390e-01 6.171e-01 0
20170901.500 2457998.000 2457997.998294 0.2673 1360.8649 6.124e-01 6.800e-03 1.003e-01 6.206e-01 1336.4362 6.014e-01 6.800e-03 9.910e-02 6.095e-01 0
20170902.500 2457999.000 2457998.977695 0.2670 1360.6334 6.123e-01 6.800e-03 9.682e-02 6.199e-01 1336.8432 6.016e-01 6.800e-03 9.903e-02 6.097e-01 0
20170903.500 2458000.000 2457999.952921 0.2665 1360.3533 6.122e-01 6.800e-03 1.113e-01 6.222e-01 1337.2044 6.017e-01 6.800e-03 8.233e-02 6.073e-01 0
20170904.500 2458001.000 2458000.982486 0.2640 1359.8512 6.119e-01 6.800e-03 6.604e-02 6.155e-01 1337.3870 6.018e-01 6.800e-03 1.374e-01 6.173e-01 0
20170905.500 2458002.000 2458001.976417 0.2661 1359.8968 6.120e-01 6.800e-03 5.267e-02 6.142e-01 1338.0884 6.021e-01 6.800e-03 2.110e-01 6.380e-01 0
20170906.500 2458003.000 2458002.950928 0.2665 1360.0099 6.120e-01 6.800e-03 9.100e-02 6.187e-01 1338.8468 6.025e-01 6.800e-03 2.599e-01 6.562e-01 0
20170907.500 2458004.000 2458003.995391 0.2681 1360.4476 6.122e-01 6.800e-03 2.064e-01 6.461e-01 1339.9746 6.030e-01 6.800e-03 3.774e-01 7.113e-01 0
20170908.500 2458005.000 2458004.974972 0.2673 1361.0322 6.125e-01 6.800e-03 1.203e-01 6.242e-01 1341.2073 6.035e-01 6.800e-03 2.952e-01 6.719e-01 0
20170909.500 2458006.000 2458006.112177 0.1637 1361.3813 6.126e-01 6.800e-03 5.336e-02 6.149e-01 1342.3175 6.040e-01 6.800e-03 1.318e-01 6.182e-01 0
20170910.500 2458007.000 2458007.008301 0.2636 1361.3993 6.126e-01 6.800e-03 5.348e-02 6.150e-01 1342.9422 6.043e-01 6.800e-03 1.679e-01 6.272e-01 0
20170911.500 2458008.000 2458007.968061 0.2587 1361.3697 6.126e-01 6.800e-03 6.377e-02 6.159e-01 1343.5661 6.046e-01 6.800e-03 1.721e-01 6.286e-01 0
20170912.500 2458009.000 2458008.929466 0.2705 1361.3347 6.126e-01 6.800e-03 4.356e-02 6.141e-01 1344.1898 6.049e-01 6.800e-03 1.909e-01 6.343e-01 0
20170913.500 2458010.000 2458009.952908 0.2685 1361.2822 6.126e-01 6.800e-03 6.385e-02 6.159e-01 1344.8436 6.052e-01 6.800e-03 1.891e-01 6.340e-01 0
20170914.500 2458011.000 2458010.928753 0.2689 1361.1883 6.125e-01 6.800e-03 5.454e-02 6.150e-01 1345.4291 6.054e-01 6.800e-03 2.037e-01 6.388e-01 0
20170915.500 2458012.000 2458011.744074 0.1663 1361.1711 6.125e-01 6.800e-03 3.982e-02 6.138e-01 1345.9833 6.057e-01 6.800e-03 1.270e-01 6.189e-01 0
20170916.500 2458013.000 2458012.983736 0.2665 1361.1769 6.125e-01 6.800e-03 4.672e-02 6.143e-01 1346.8668 6.061e-01 6.800e-03 2.235e-01 6.460e-01 0
20170917.500 2458014.000 2458013.958751 0.2670 1361.2243 6.126e-01 6.800e-03 6.079e-02 6.156e-01 1347.6122 6.064e-01 6.800e-03 2.266e-01 6.474e-01 0
20170918.500 2458015.000 2458015.003397 0.2665 1361.2301 6.126e-01 6.800e-03 4.392e-02 6.141e-01 1348.3747 6.068e-01 6.800e-03 2.050e-01 6.405e-01 0
20170919.500 2458016.000 2458015.978701 0.2670 1361.2512 6.126e-01 6.800e-03 4.622e-02 6.143e-01 1349.1102 6.071e-01 6.800e-03 2.083e-01 6.418e-01 0
20170920.500 2458017.000 2458016.956125 0.2670 1361.2869 6.126e-01 6.800e-03 5.640e-02 6.152e-01 1349.8694 6.074e-01 6.800e-03 2.433e-01 6.544e-01 0
20170921.500 2458018.000 2458017.998941 0.2670 1361.2908 6.126e-01 6.800e-03 6.777e-02 6.163e-01 1350.6539 6.078e-01 6.800e-03 2.582e-01 6.604e-01 0
20170922.500 2458019.000 2458018.976364 0.2670 1361.3169 6.126e-01 6.800e-03 5.169e-02 6.148e-01 1351.4188 6.081e-01 6.800e-03 1.837e-01 6.353e-01 0
20170923.500 2458020.000 2458019.953788 0.2670 1361.2596 6.126e-01 6.800e-03 3.906e-02 6.138e-01 1352.1075 6.084e-01 6.800e-03 1.961e-01 6.393e-01 0
20170924.500 2458021.000 2458021.224612 0.1639 1361.3091 6.126e-01 6.800e-03 6.909e-02 6.165e-01 1353.1347 6.089e-01 6.800e-03 9.964e-02 6.170e-01 0
20170925.500 2458022.000 2458022.267139 0.1639 1361.3077 6.126e-01 6.800e-03 4.964e-02 6.146e-01 1353.9423 6.093e-01 6.800e-03 1.358e-01 6.242e-01 0
20170926.500 2458023.000 2458023.244563 0.1639 1361.3492 6.126e-01 6.800e-03 4.135e-02 6.140e-01 1354.7464 6.096e-01 6.800e-03 1.449e-01 6.266e-01 0
20170927.500 2458024.000 2458024.287090 0.1639 1361.2576 6.126e-01 6.800e-03 6.046e-02 6.155e-01 1355.4728 6.100e-01 6.800e-03 1.121e-01 6.202e-01 0
20170928.500 2458025.000 2458025.101031 0.0089 1361.0286 6.125e-01 6.800e-03 4.020e-02 6.138e-01 1355.8851 6.101e-01 6.800e-03 3.829e-02 6.113e-01 0
20170929.500 2458026.000 2458026.207664 0.1665 1361.0292 6.125e-01 6.800e-03 5.216e-02 6.147e-01 1356.7584 6.105e-01 6.800e-03 1.514e-01 6.290e-01 0
20170930.500 2458027.000 2458026.957540 0.2680 1361.0580 6.125e-01 6.800e-03 4.762e-02 6.143e-01 1357.3794 6.108e-01 6.800e-03 2.266e-01 6.515e-01 0
20171001.500 2458028.000 2458027.771875 0.1666 1361.0883 6.125e-01 6.800e-03 4.473e-02 6.141e-01 1358.0532 6.111e-01 6.800e-03 1.233e-01 6.234e-01 0
20171002.500 2458029.000 2458028.976184 0.2685 1361.0910 6.125e-01 6.800e-03 4.904e-02 6.145e-01 1359.0070 6.116e-01 6.800e-03 2.381e-01 6.563e-01 0
20171003.500 2458030.000 2458029.925056 0.2733 1361.2034 6.125e-01 6.800e-03 6.274e-02 6.157e-01 1359.8676 6.119e-01 6.800e-03 2.634e-01 6.662e-01 0
20171004.500 2458031.000 2458030.938553 0.2749 1361.3048 6.126e-01 6.800e-03 6.440e-02 6.160e-01 1360.7664 6.123e-01 6.800e-03 2.671e-01 6.681e-01 0
20171005.500 2458032.000 2458031.939105 0.2665 1361.3832 6.126e-01 6.800e-03 8.018e-02 6.178e-01 1361.6293 6.127e-01 6.800e-03 2.733e-01 6.709e-01 0
20171006.500 2458033.000 2458032.981034 0.2675 1361.4101 6.126e-01 6.800e-03 4.582e-02 6.143e-01 1362.4699 6.131e-01 6.800e-03 1.831e-01 6.399e-01 0
20171007.500 2458034.000 2458034.123232 0.1637 1361.3489 6.126e-01 6.800e-03 3.994e-02 6.139e-01 1363.2964 6.135e-01 6.800e-03 1.374e-01 6.287e-01 0
20171008.500 2458035.000 2458034.952082 0.2678 1361.3131 6.126e-01 6.800e-03 5.453e-02 6.150e-01 1363.9019 6.138e-01 6.800e-03 2.304e-01 6.556e-01 0
20171009.500 2458036.000 2458035.979004 0.2665 1361.2501 6.126e-01 6.800e-03 5.546e-02 6.151e-01 1364.6302 6.141e-01 6.800e-03 1.946e-01 6.442e-01 0
20171010.500 2458037.000 2458036.953651 0.2670 1361.2691 6.126e-01 6.800e-03 4.420e-02 6.142e-01 1365.3976 6.144e-01 6.800e-03 2.192e-01 6.523e-01 0
20171011.500 2458038.000 2458037.997757 0.2665 1361.2416 6.126e-01 6.800e-03 5.071e-02 6.147e-01 1366.1694 6.148e-01 6.800e-03 2.046e-01 6.479e-01 0
20171012.500 2458039.000 2458038.972444 0.2670 1361.2156 6.125e-01 6.800e-03 8.667e-02 6.186e-01 1366.8880 6.151e-01 6.800e-03 2.717e-01 6.724e-01 0
20171013.500 2458040.000 2458039.947459 0.2665 1361.2823 6.126e-01 6.800e-03 5.477e-02 6.150e-01 1367.6990 6.155e-01 6.800e-03 1.951e-01 6.457e-01 0
20171014.500 2458041.000 2458041.003801 0.2648 1361.2887 6.126e-01 6.800e-03 4.070e-02 6.139e-01 1368.5115 6.158e-01 6.800e-03 1.949e-01 6.459e-01 0
20171015.500 2458042.000 2458041.969227 0.2670 1361.2694 6.126e-01 6.800e-03 5.181e-02 6.148e-01 1369.2291 6.162e-01 6.800e-03 1.839e-01 6.430e-01 0
20171016.500 2458043.000 2458042.946651 0.2670 1361.2859 6.126e-01 6.800e-03 5.341e-02 6.149e-01 1369.9928 6.165e-01 6.800e-03 2.256e-01 6.565e-01 0
20171017.500 2458044.000 2458043.989177 0.2670 1361.2888 6.126e-01 6.800e-03 4.413e-02 6.142e-01 1370.7937 6.169e-01 6.800e-03 2.246e-01 6.565e-01 0
20171018.500 2458045.000 2458044.964794 0.2675 1361.3214 6.126e-01 6.800e-03 4.286e-02 6.141e-01 1371.5747 6.172e-01 6.800e-03 1.994e-01 6.486e-01 0
20171019.500 2458046.000 2458045.944603 0.2670 1361.2659 6.126e-01 6.800e-03 5.261e-02 6.148e-01 1372.2715 6.175e-01 6.800e-03 2.480e-01 6.655e-01 0
20171020.500 2458047.000 2458046.987419 0.2670 1361.2882 6.126e-01 6.800e-03 5.973e-02 6.155e-01 1373.0963 6.179e-01 6.800e-03 2.010e-01 6.498e-01 0
20171021.500 2458048.000 2458047.965131 0.2670 1361.2889 6.126e-01 6.800e-03 5.153e-02 6.147e-01 1373.8500 6.182e-01 6.800e-03 2.257e-01 6.582e-01 0
20171022.500 2458049.000 2458048.942555 0.2670 1361.3651 6.126e-01 6.800e-03 4.825e-02 6.145e-01 1374.6801 6.186e-01 6.800e-03 2.312e-01 6.604e-01 0
20171023.500 2458050.000 2458049.985371 0.2670 1361.4546 6.127e-01 6.800e-03 4.182e-02 6.141e-01 1375.5740 6.190e-01 6.800e-03 2.267e-01 6.592e-01 0
20171024.500 2458051.000 2458050.960566 0.2673 1361.4996 6.127e-01 6.800e-03 5.173e-02 6.149e-01 1376.3699 6.194e-01 6.800e-03 2.189e-01 6.569e-01 0
20171025.500 2458052.000 2458051.939639 0.2670 1361.4696 6.127e-01 6.800e-03 4.490e-02 6.143e-01 1377.0915 6.197e-01 6.800e-03 1.976e-01 6.504e-01 0
20171026.500 2458053.000 2458052.981877 0.3272 1361.4631 6.127e-01 6.800e-03 6.723e-02 6.163e-01 1377.8830 6.200e-01 6.800e-03 3.012e-01 6.893e-01 0
20171027.500 2458054.000 2458053.955765 0.3273 1361.4751 6.127e-01 6.800e-03 5.482e-02 6.151e-01 1378.6377 6.204e-01 6.800e-03 2.650e-01 6.746e-01 0
20171028.500 2458055.000 2458054.935856 0.2659 1361.4140 6.126e-01 6.800e-03 5.860e-02 6.154e-01 1379.3192 6.207e-01 6.800e-03 2.077e-01 6.545e-01 0
20171029.500 2458056.000 2458055.977804 0.3275 1361.4580 6.127e-01 6.800e-03 5.881e-02 6.155e-01 1380.1489 6.211e-01 6.800e-03 2.767e-01 6.799e-01 0
20171030.500 2458057.000 2458056.952452 0.2665 1361.4624 6.127e-01 6.800e-03 4.744e-02 6.145e-01 1380.8820 6.214e-01 6.800e-03 1.724e-01 6.449e-01 0
20171031.500 2458058.000 2458057.996113 0.2685 1361.4741 6.127e-01 6.800e-03 5.134e-02 6.148e-01 1381.6669 6.218e-01 6.800e-03 2.164e-01 6.583e-01 0
20171101.500 2458059.000 2458058.984936 0.2664 1361.4485 6.127e-01 6.800e-03 5.046e-02 6.147e-01 1382.3653 6.221e-01 6.800e-03 2.076e-01 6.558e-01 0
20171102.500 2458060.000 2458059.948219 0.3276 1361.3551 6.126e-01 6.800e-03 5.748e-02 6.153e-01 1382.9676 6.223e-01 6.800e-03 2.643e-01 6.761e-01 0
20171103.500 2458061.000 2458060.993776 0.2681 1361.3281 6.126e-01 6.800e-03 4.509e-02 6.143e-01 1383.6871 6.227e-01 6.800e-03 1.655e-01 6.443e-01 0
20171104.500 2458062.000 2458062.133429 0.1637 1361.2489 6.126e-01 6.800e-03 4.836e-02 6.145e-01 1384.4080 6.230e-01 6.800e-03 1.004e-01 6.310e-01 0
20171105.500 2458063.000 2458062.960434 0.2674 1361.2228 6.126e-01 6.800e-03 5.077e-02 6.147e-01 1384.9539 6.232e-01 6.800e-03 1.820e-01 6.493e-01 0
20171106.500 2458064.000 2458064.036204 0.2445 1361.2087 6.125e-01 6.800e-03 4.153e-02 6.140e-01 1385.6736 6.236e-01 6.800e-03 1.673e-01 6.456e-01 0
20171107.500 2458065.000 2458064.934840 0.2675 1361.2111 6.125e-01 6.800e-03 4.998e-02 6.146e-01 1386.2797 6.238e-01 6.800e-03 1.771e-01 6.485e-01 0
20171108.500 2458066.000 2458065.925282 0.2704 1361.1873 6.125e-01 6.800e-03 4.672e-02 6.143e-01 1386.9114 6.241e-01 6.800e-03 1.633e-01 6.451e-01 0
20171109.500 2458067.000 2458066.949030 0.2687 1361.1842 6.125e-01 6.800e-03 6.943e-02 6.165e-01 1387.5765 6.244e-01 6.800e-03 2.140e-01 6.601e-01 0
20171110.500 2458068.000 2458067.927067 0.2691 1361.2052 6.125e-01 6.800e-03 4.959e-02 6.145e-01 1388.2278 6.247e-01 6.800e-03 1.893e-01 6.527e-01 0
20171111.500 2458069.000 2458068.961927 0.2659 1361.2379 6.126e-01 6.800e-03 6.038e-02 6.155e-01 1388.9193 6.250e-01 6.800e-03 1.597e-01 6.451e-01 0
20171112.500 2458070.000 2458069.946150 0.2691 1361.2365 6.126e-01 6.800e-03 5.600e-02 6.151e-01 1389.5364 6.253e-01 6.800e-03 2.019e-01 6.571e-01 0
20171113.500 2458071.000 2458070.923035 0.2680 1361.2080 6.125e-01 6.800e-03 4.772e-02 6.144e-01 1390.1148 6.256e-01 6.800e-03 1.822e-01 6.515e-01 0
20171114.500 2458072.000 2458071.965229 0.2691 1361.2513 6.126e-01 6.800e-03 4.836e-02 6.145e-01 1390.8005 6.259e-01 6.800e-03 1.676e-01 6.479e-01 0
20171115.500 2458073.000 2458072.941222 0.2681 1361.2824 6.126e-01 6.800e-03 4.814e-02 6.145e-01 1391.4272 6.261e-01 6.800e-03 1.522e-01 6.444e-01 0
20171116.500 2458074.000 2458073.919200 0.2686 1361.2317 6.126e-01 6.800e-03 7.451e-02 6.171e-01 1391.9660 6.264e-01 6.800e-03 1.962e-01 6.564e-01 0
20171117.500 2458075.000 2458074.961190 0.2680 1361.2544 6.126e-01 6.800e-03 4.927e-02 6.145e-01 1392.6126 6.267e-01 6.800e-03 1.906e-01 6.550e-01 0
20171118.500 2458076.000 2458075.939177 0.2683 1361.2961 6.126e-01 6.800e-03 4.955e-02 6.146e-01 1393.2348 6.270e-01 6.800e-03 1.773e-01 6.515e-01 0
20171119.500 2458077.000 2458076.915772 0.2684 1361.3667 6.126e-01 6.800e-03 4.956e-02 6.146e-01 1393.8802 6.272e-01 6.800e-03 1.766e-01 6.516e-01 0
20171120.500 2458078.000 2458078.055542 0.1416 1361.4237 6.126e-01 6.800e-03 5.786e-02 6.154e-01 1394.6003 6.276e-01 6.800e-03 1.226e-01 6.394e-01 0
20171121.500 2458079.000 2458079.015468 0.1559 1361.3852 6.126e-01 6.800e-03 4.015e-02 6.139e-01 1395.1113 6.278e-01 6.800e-03 9.772e-02 6.354e-01 0
20171122.500 2458080.000 2458080.040733 0.1641 1361.4020 6.126e-01 6.800e-03 4.147e-02 6.140e-01 1395.7092 6.281e-01 6.800e-03 8.805e-02 6.342e-01 0
20171123.500 2458081.000 2458080.986663 0.2681 1361.4204 6.126e-01 6.800e-03 7.175e-02 6.168e-01 1396.2567 6.283e-01 6.800e-03 2.091e-01 6.622e-01 0
20171124.500 2458082.000 2458081.960795 0.2655 1361.4216 6.126e-01 6.800e-03 4.569e-02 6.143e-01 1396.7944 6.286e-01 6.800e-03 1.275e-01 6.414e-01 0
20171125.500 2458083.000 2458082.942156 0.2672 1361.3640 6.126e-01 6.800e-03 5.778e-02 6.153e-01 1397.2673 6.288e-01 6.800e-03 1.101e-01 6.383e-01 0
20171126.500 2458084.000 2458083.818712 0.1637 1361.2968 6.126e-01 6.800e-03 6.339e-02 6.159e-01 1397.6657 6.289e-01 6.800e-03 1.006e-01 6.369e-01 0
20171127.500 2458085.000 2458085.021153 0.2668 1361.2650 6.126e-01 6.800e-03 5.356e-02 6.149e-01 1398.2603 6.292e-01 6.800e-03 1.574e-01 6.486e-01 0
20171128.500 2458086.000 2458085.997612 0.2668 1361.2921 6.126e-01 6.800e-03 3.535e-02 6.136e-01 1398.7853 6.295e-01 6.800e-03 1.310e-01 6.429e-01 0
20171129.500 2458087.000 2458086.976240 0.2671 1361.2938 6.126e-01 6.800e-03 5.528e-02 6.151e-01 1399.2733 6.297e-01 6.800e-03 1.521e-01 6.478e-01 0
20171130.500 2458088.000 2458087.950819 0.2668 1361.2516 6.126e-01 6.800e-03 5.331e-02 6.149e-01 1399.7010 6.299e-01 6.800e-03 1.549e-01 6.486e-01 0
20171201.500 2458089.000 2458088.992478 0.2668 1361.2285 6.126e-01 6.800e-03 4.685e-02 6.143e-01 1400.1655 6.301e-01 6.800e-03 1.178e-01 6.410e-01 0
20171202.500 2458090.000 2458090.133411 0.1638 1361.1861 6.125e-01 6.800e-03 5.825e-02 6.153e-01 1400.6375 6.303e-01 6.800e-03 6.358e-02 6.335e-01 0
20171203.500 2458091.000 2458090.945975 0.2659 1361.1840 6.125e-01 6.800e-03 6.012e-02 6.155e-01 1400.9891 6.304e-01 6.800e-03 1.048e-01 6.391e-01 0
20171204.500 2458092.000 2458091.986131 0.2665 1361.1776 6.125e-01 6.800e-03 5.091e-02 6.146e-01 1401.4197 6.306e-01 6.800e-03 1.264e-01 6.432e-01 0
20171205.500 2458093.000 2458092.965057 0.2670 1361.1864 6.125e-01 6.800e-03 4.519e-02 6.142e-01 1401.8238 6.308e-01 6.800e-03 1.163e-01 6.414e-01 0
20171206.500 2458094.000 2458093.949634 0.2646 1361.2024 6.125e-01 6.800e-03 4.210e-02 6.140e-01 1402.2215 6.310e-01 6.800e-03 1.122e-01 6.409e-01 0
20171207.500 2458095.000 2458095.016608 0.2664 1361.1814 6.125e-01 6.800e-03 6.947e-02 6.165e-01 1402.5955 6.312e-01 6.800e-03 1.608e-01 6.513e-01 0
20171208.500 2458096.000 2458095.962319 0.2665 1361.2279 6.126e-01 6.800e-03 3.573e-02 6.136e-01 1402.9795 6.313e-01 6.800e-03 1.089e-01 6.407e-01 0
20171209.500 2458097.000 2458097.026523 0.2600 1361.2520 6.126e-01 6.800e-03 5.173e-02 6.147e-01 1403.3672 6.315e-01 6.800e-03 1.056e-01 6.403e-01 0
20171210.500 2458098.000 2458097.980075 0.2695 1361.2630 6.126e-01 6.800e-03 4.698e-02 6.144e-01 1403.6904 6.317e-01 6.800e-03 1.084e-01 6.409e-01 0
20171211.500 2458099.000 2458098.955538 0.2692 1361.2837 6.126e-01 6.800e-03 4.562e-02 6.143e-01 1404.0187 6.318e-01 6.800e-03 9.855e-02 6.394e-01 0
20171212.500 2458100.000 2458100.019116 0.2619 1361.2948 6.126e-01 6.800e-03 5.449e-02 6.150e-01 1404.3516 6.320e-01 6.800e-03 1.003e-01 6.399e-01 0
20171213.500 2458101.000 2458100.974266 0.2688 1361.2840 6.126e-01 6.800e-03 5.707e-02 6.152e-01 1404.6177 6.321e-01 6.800e-03 5.139e-02 6.342e-01 0
20171214.500 2458102.000 2458101.956448 0.2685 1361.2656 6.126e-01 6.800e-03 5.562e-02 6.151e-01 1404.8733 6.322e-01 6.800e-03 1.144e-01 6.425e-01 0
20171215.500 2458103.000 2458103.001098 0.2665 1361.2678 6.126e-01 6.800e-03 4.409e-02 6.142e-01 1405.1561 6.323e-01 6.800e-03 8.769e-02 6.384e-01 0
20171216.500 2458104.000 2458103.980121 0.2668 1361.3038 6.126e-01 6.800e-03 4.840e-02 6.145e-01 1405.4458 6.325e-01 6.800e-03 9.177e-02 6.391e-01 0
20171217.500 2458105.000 2458104.956869 0.2676 1361.3027 6.126e-01 6.800e-03 5.103e-02 6.147e-01 1405.6865 6.326e-01 6.800e-03 7.799e-02 6.373e-01 0
20171218.500 2458106.000 2458105.966121 0.3600 1361.3090 6.126e-01 6.800e-03 4.963e-02 6.146e-01 1405.9323 6.327e-01 6.800e-03 1.219e-01 6.443e-01 0
20171219.500 2458107.000 2458106.975373 0.3272 1361.3394 6.126e-01 6.800e-03 5.079e-02 6.147e-01 1406.1928 6.328e-01 6.800e-03 1.051e-01 6.414e-01 0
20171220.500 2458108.000 2458107.981071 0.3599 1361.3345 6.126e-01 6.800e-03 4.590e-02 6.143e-01 1406.4050 6.329e-01 6.800e-03 9.108e-02 6.394e-01 0
20171221.500 2458109.000 2458108.993878 0.3272 1361.2517 6.126e-01 6.800e-03 5.298e-02 6.148e-01 1406.5274 6.329e-01 6.800e-03 9.099e-02 6.394e-01 0
20171222.500 2458110.000 2458109.970144 0.3272 1361.2320 6.126e-01 6.800e-03 4.043e-02 6.139e-01 1406.6963 6.330e-01 6.800e-03 7.154e-02 6.370e-01 0
20171223.500 2458111.000 2458110.934049 0.2700 1361.2183 6.125e-01 6.800e-03 4.491e-02 6.142e-01 1406.8585 6.331e-01 6.800e-03 7.116e-02 6.371e-01 0
20171224.500 2458112.000 2458111.992716 0.2663 1361.2161 6.125e-01 6.800e-03 4.444e-02 6.142e-01 1407.0365 6.332e-01 6.800e-03 5.941e-02 6.359e-01 0
20171225.500 2458113.000 2458112.991127 0.2611 1361.2232 6.126e-01 6.800e-03 3.810e-02 6.137e-01 1407.2007 6.332e-01 6.800e-03 6.615e-02 6.367e-01 0
20171226.500 2458114.000 2458113.941045 0.2675 1361.2453 6.126e-01 6.800e-03 4.729e-02 6.144e-01 1407.3601 6.333e-01 6.800e-03 5.436e-02 6.356e-01 0
20171227.500 2458115.000 2458114.982704 0.2675 1361.2615 6.126e-01 6.800e-03 4.834e-02 6.145e-01 1407.5116 6.334e-01 6.800e-03 4.942e-02 6.353e-01 0
20171228.500 2458116.000 2458115.964242 0.2532 1361.2562 6.126e-01 6.800e-03 7.072e-02 6.166e-01 1407.6179 6.334e-01 6.800e-03 9.342e-02 6.403e-01 0
20171229.500 2458117.000 2458117.052438 0.2446 1361.2369 6.126e-01 6.800e-03 5.312e-02 6.149e-01 1407.7033 6.335e-01 6.800e-03 4.358e-02 6.350e-01 0
20171230.500 2458118.000 2458118.009614 0.2561 1361.1696 6.125e-01 6.800e-03 4.034e-02 6.139e-01 1407.7095 6.335e-01 6.800e-03 4.572e-02 6.351e-01 0
20171231.500 2458119.000 2458119.256731 0.1542 1361.1993 6.125e-01 6.800e-03 5.126e-02 6.147e-01 1407.8144 6.335e-01 6.800e-03 5.286e-02 6.357e-01 0
20180101.500 2458120.000 2458120.046200 0.2636 1361.1625 6.125e-01 6.800e-03 4.738e-02 6.144e-01 1407.8073 6.335e-01 6.800e-03 4.840e-02 6.354e-01 0
20180102.500 2458121.000 2458121.005682 0.2689 1361.1950 6.125e-01 6.800e-03 6.091e-02 6.156e-01 1407.8631 6.335e-01 6.800e-03 6.318e-02 6.367e-01 0
20180103.500 2458122.000 2458121.982487 0.2683 1361.2322 6.126e-01 6.800e-03 4.644e-02 6.143e-01 1407.9059 6.336e-01 6.800e-03 4.775e-02 6.354e-01 0
20180104.500 2458123.000 2458122.959332 0.2683 1361.1787 6.125e-01 6.800e-03 5.957e-02 6.154e-01 1407.8369 6.335e-01 6.800e-03 6.113e-02 6.365e-01 0
20180105.500 2458124.000 2458123.936177 0.2683 1361.2086 6.125e-01 6.800e-03 4.362e-02 6.141e-01 1407.8366 6.335e-01 6.800e-03 5.001e-02 6.355e-01 0
20180106.500 2458125.000 2458124.912925 0.2685 1361.1952 6.125e-01 6.800e-03 4.386e-02 6.141e-01 1407.7748 6.335e-01 6.800e-03 4.844e-02 6.353e-01 0
20180107.500 2458126.000 2458125.953727 0.2687 1361.1742 6.125e-01 6.800e-03 4.740e-02 6.144e-01 1407.6844 6.335e-01 6.800e-03 5.022e-02 6.354e-01 0
20180108.500 2458127.000 2458126.933635 0.2676 1361.1643 6.125e-01 6.800e-03 6.109e-02 6.156e-01 1407.5939 6.334e-01 6.800e-03 7.612e-02 6.380e-01 0
20180109.500 2458128.000 2458127.912799 0.2682 1361.1926 6.125e-01 6.800e-03 4.598e-02 6.143e-01 1407.5287 6.334e-01 6.800e-03 5.364e-02 6.357e-01 0
20180110.500 2458129.000 2458128.975830 0.2558 1361.2098 6.125e-01 6.800e-03 5.015e-02 6.146e-01 1407.4286 6.333e-01 6.800e-03 6.851e-02 6.370e-01 0
20180111.500 2458130.000 2458129.926160 0.2687 1361.2156 6.125e-01 6.800e-03 5.202e-02 6.148e-01 1407.3164 6.333e-01 6.800e-03 5.230e-02 6.354e-01 0
20180112.500 2458131.000 2458131.005286 0.2663 1361.2438 6.126e-01 6.800e-03 4.904e-02 6.145e-01 1407.1975 6.332e-01 6.800e-03 5.365e-02 6.355e-01 0
20180113.500 2458132.000 2458131.982052 0.2673 1361.2211 6.125e-01 6.800e-03 4.297e-02 6.141e-01 1407.0278 6.332e-01 6.800e-03 7.139e-02 6.372e-01 0
20180114.500 2458133.000 2458133.118973 0.1637 1361.2331 6.126e-01 6.800e-03 5.136e-02 6.147e-01 1406.8564 6.331e-01 6.800e-03 5.302e-02 6.353e-01 0
20180115.500 2458134.000 2458133.995132 0.2655 1361.2292 6.126e-01 6.800e-03 5.504e-02 6.150e-01 1406.7005 6.330e-01 6.800e-03 6.782e-02 6.366e-01 0
20180116.500 2458135.000 2458135.136628 0.1637 1361.2551 6.126e-01 6.800e-03 5.219e-02 6.148e-01 1406.5174 6.329e-01 6.800e-03 7.177e-02 6.370e-01 0
20180117.500 2458136.000 2458136.112890 0.1638 1361.2455 6.126e-01 6.800e-03 5.444e-02 6.150e-01 1406.3167 6.328e-01 6.800e-03 8.178e-02 6.381e-01 0
20180118.500 2458137.000 2458137.087716 0.1636 1361.2362 6.126e-01 6.800e-03 7.370e-02 6.170e-01 1406.1066 6.327e-01 6.800e-03 6.457e-02 6.360e-01 0
20180119.500 2458138.000 2458138.065684 0.1638 1361.2399 6.126e-01 6.800e-03 5.509e-02 6.150e-01 1405.8992 6.327e-01 6.800e-03 5.396e-02 6.350e-01 0
20180120.500 2458139.000 2458138.943040 0.2676 1361.2075 6.125e-01 6.800e-03 5.935e-02 6.154e-01 1405.6674 6.326e-01 6.800e-03 1.098e-01 6.420e-01 0
20180121.500 2458140.000 2458139.984610 0.2668 1361.2378 6.126e-01 6.800e-03 5.771e-02 6.153e-01 1405.4525 6.325e-01 6.800e-03 9.274e-02 6.392e-01 0
20180122.500 2458141.000 2458141.125550 0.1638 1361.2160 6.125e-01 6.800e-03 5.969e-02 6.154e-01 1405.1466 6.323e-01 6.800e-03 7.181e-02 6.364e-01 0
20180123.500 2458142.000 2458142.035632 0.1636 1361.2205 6.125e-01 6.800e-03 4.982e-02 6.146e-01 1404.9140 6.322e-01 6.800e-03 5.787e-02 6.349e-01 0
20180124.500 2458143.000 2458143.014122 0.1638 1361.2067 6.125e-01 6.800e-03 4.901e-02 6.145e-01 1404.6331 6.321e-01 6.800e-03 7.595e-02 6.366e-01 0
20180125.500 2458144.000 2458143.956929 0.2676 1361.1479 6.125e-01 6.800e-03 4.706e-02 6.143e-01 1404.3036 6.319e-01 6.800e-03 6.851e-02 6.356e-01 0
20180126.500 2458145.000 2458144.999463 0.2670 1361.1556 6.125e-01 6.800e-03 5.256e-02 6.148e-01 1404.0002 6.318e-01 6.800e-03 7.471e-02 6.362e-01 0
20180127.500 2458146.000 2458146.000000 0.0000    0.0000 0.000e+00 0.000e+00 0.000e+00 0.000e+00    0.0000 0.000e+00 0.000e+00 0.000e+00 0.000e+00 0
20180128.500 2458147.000 2458146.791419 0.1642 1361.1308 6.125e-01 6.800e-03 4.851e-02 6.144e-01 1403.4020 6.315e-01 6.800e-03 6.804e-02 6.352e-01 0
20180129.500 2458148.000 2458147.925100 0.2503 1361.1485 6.125e-01 6.800e-03 5.559e-02 6.150e-01 1403.0310 6.314e-01 6.800e-03 9.339e-02 6.382e-01 0
20180130.500 2458149.000 2458148.976894 0.2675 1361.1990 6.125e-01 6.800e-03 5.365e-02 6.149e-01 1402.7030 6.312e-01 6.800e-03 1.068e-01 6.402e-01 0
20180131.500 2458150.000 2458149.952878 0.2670 1361.2138 6.125e-01 6.800e-03 6.227e-02 6.157e-01 1402.3486 6.311e-01 6.800e-03 1.120e-01 6.409e-01 0
20180201.500 2458151.000 2458150.930304 0.2670 1361.2015 6.125e-01 6.800e-03 5.900e-02 6.154e-01 1401.9495 6.309e-01 6.800e-03 9.192e-02 6.375e-01 0
20180202.500 2458152.000 2458152.298486 0.0093 1361.2539 6.126e-01 6.800e-03 5.390e-02 6.149e-01 1401.4361 6.306e-01 6.800e-03 5.644e-02 6.332e-01 0
20180203.500 2458153.000 2458152.947911 0.2673 1361.2073 6.125e-01 6.800e-03 5.017e-02 6.146e-01 1401.1075 6.305e-01 6.800e-03 1.408e-01 6.460e-01 0
20180204.500 2458154.000 2458153.992049 0.2670 1361.1875 6.125e-01 6.800e-03 4.920e-02 6.145e-01 1400.6234 6.303e-01 6.800e-03 1.170e-01 6.411e-01 0
20180205.500 2458155.000 2458154.966775 0.2665 1361.2032 6.125e-01 6.800e-03 4.834e-02 6.144e-01 1400.1925 6.301e-01 6.800e-03 1.391e-01 6.453e-01 0
20180206.500 2458156.000 2458155.943510 0.2673 1361.1798 6.125e-01 6.800e-03 6.458e-02 6.159e-01 1399.7076 6.299e-01 6.800e-03 1.664e-01 6.515e-01 0
20180207.500 2458157.000 2458156.987397 0.2676 1361.1731 6.125e-01 6.800e-03 4.302e-02 6.140e-01 1399.1951 6.296e-01 6.800e-03 1.284e-01 6.426e-01 0
20180208.500 2458158.000 2458157.963856 0.2668 1361.0611 6.125e-01 6.800e-03 4.380e-02 6.140e-01 1398.5956 6.294e-01 6.800e-03 1.430e-01 6.454e-01 0
20180209.500 2458159.000 2458158.940314 0.2668 1361.0240 6.125e-01 6.800e-03 4.993e-02 6.145e-01 1398.0629 6.291e-01 6.800e-03 1.653e-01 6.505e-01 0
20180210.500 2458160.000 2458160.146217 0.1638 1360.9866 6.124e-01 6.800e-03 5.441e-02 6.149e-01 1397.4010 6.288e-01 6.800e-03 1.140e-01 6.391e-01 0
20180211.500 2458161.000 2458160.957852 0.2655 1360.9554 6.124e-01 6.800e-03 6.418e-02 6.158e-01 1396.9416 6.286e-01 6.800e-03 1.373e-01 6.434e-01 0
20180212.500 2458162.000 2458161.916181 0.2611 1361.0320 6.125e-01 6.800e-03 4.206e-02 6.139e-01 1396.5087 6.284e-01 6.800e-03 1.395e-01 6.437e-01 0
20180213.500 2458163.000 2458162.980635 0.2673 1361.1486 6.125e-01 6.800e-03 5.533e-02 6.150e-01 1396.0517 6.282e-01 6.800e-03 1.353e-01 6.426e-01 0
20180214.500 2458164.000 2458163.952199 0.2675 1361.2450 6.126e-01 6.800e-03 5.150e-02 6.147e-01 1395.6170 6.280e-01 6.800e-03 1.330e-01 6.420e-01 0
20180215.500 2458165.000 2458165.003446 0.2666 1361.2513 6.126e-01 6.800e-03 6.459e-02 6.160e-01 1395.0389 6.278e-01 6.800e-03 1.061e-01 6.367e-01 0
20180216.500 2458166.000 2458166.004960 0.2556 1361.2585 6.126e-01 6.800e-03 4.706e-02 6.144e-01 1394.4829 6.275e-01 6.800e-03 1.730e-01 6.509e-01 0
20180217.500 2458167.000 2458166.916270 0.2682 1361.1683 6.125e-01 6.800e-03 5.456e-02 6.150e-01 1393.8724 6.272e-01 6.800e-03 1.818e-01 6.531e-01 0
20180218.500 2458168.000 2458167.956053 0.2683 1361.1474 6.125e-01 6.800e-03 4.971e-02 6.145e-01 1393.2537 6.270e-01 6.800e-03 1.716e-01 6.500e-01 0
20180219.500 2458169.000 2458168.932608 0.2683 1361.1190 6.125e-01 6.800e-03 5.318e-02 6.148e-01 1392.6576 6.267e-01 6.800e-03 1.530e-01 6.451e-01 0
20180220.500 2458170.000 2458169.910148 0.2685 1361.1251 6.125e-01 6.800e-03 4.334e-02 6.140e-01 1392.0903 6.264e-01 6.800e-03 1.699e-01 6.491e-01 0
20180221.500 2458171.000 2458170.788208 0.1669 1361.1210 6.125e-01 6.800e-03 4.836e-02 6.144e-01 1391.5656 6.262e-01 6.800e-03 1.073e-01 6.353e-01 0
20180222.500 2458172.000 2458171.960171 0.2668 1361.0924 6.125e-01 6.800e-03 5.412e-02 6.149e-01 1390.8327 6.259e-01 6.800e-03 1.402e-01 6.414e-01 0
20180223.500 2458173.000 2458172.937015 0.2668 1361.1366 6.125e-01 6.800e-03 6.336e-02 6.158e-01 1390.2834 6.256e-01 6.800e-03 1.973e-01 6.560e-01 0
20180224.500 2458174.000 2458174.141771 0.1639 1361.1482 6.125e-01 6.800e-03 4.772e-02 6.144e-01 1389.5511 6.253e-01 6.800e-03 1.181e-01 6.364e-01 0
20180225.500 2458175.000 2458174.956001 0.3272 1361.1648 6.125e-01 6.800e-03 3.536e-02 6.135e-01 1389.0570 6.251e-01 6.800e-03 2.207e-01 6.629e-01 0
20180226.500 2458176.000 2458176.160853 0.1639 1361.1449 6.125e-01 6.800e-03 4.752e-02 6.144e-01 1388.2692 6.247e-01 6.800e-03 1.155e-01 6.353e-01 0
20180227.500 2458177.000 2458177.137692 0.1639 1361.2198 6.125e-01 6.800e-03 5.296e-02 6.148e-01 1387.7116 6.245e-01 6.800e-03 8.872e-02 6.307e-01 0
20180228.500 2458178.000 2458178.114531 0.1639 1361.1789 6.125e-01 6.800e-03 6.245e-02 6.157e-01 1387.0252 6.242e-01 6.800e-03 1.479e-01 6.414e-01 0
20180301.500 2458179.000 2458178.928472 0.0089 1361.0766 6.125e-01 6.800e-03 5.652e-02 6.151e-01 1386.3758 6.239e-01 6.800e-03 5.385e-02 6.262e-01 0
20180302.500 2458180.000 2458180.100628 0.1669 1361.1562 6.125e-01 6.800e-03 3.947e-02 6.138e-01 1385.6582 6.235e-01 6.800e-03 1.232e-01 6.356e-01 0
20180303.500 2458181.000 2458180.913376 0.2687 1361.1292 6.125e-01 6.800e-03 5.322e-02 6.148e-01 1385.0680 6.233e-01 6.800e-03 2.083e-01 6.572e-01 0
20180304.500 2458182.000 2458181.956228 0.2683 1361.1458 6.125e-01 6.800e-03 5.301e-02 6.148e-01 1384.3530 6.230e-01 6.800e-03 1.790e-01 6.482e-01 0
20180305.500 2458183.000 2458183.084063 0.1674 1361.1797 6.125e-01 6.800e-03 4.868e-02 6.145e-01 1383.5843 6.226e-01 6.800e-03 1.239e-01 6.348e-01 0
20180306.500 2458184.000 2458184.135857 0.1434 1361.1837 6.125e-01 6.800e-03 4.405e-02 6.141e-01 1382.8292 6.223e-01 6.800e-03 1.101e-01 6.319e-01 0
20180307.500 2458185.000 2458185.158567 0.1598 1361.2135 6.125e-01 6.800e-03 5.702e-02 6.152e-01 1382.1129 6.220e-01 6.800e-03 1.280e-01 6.350e-01 0
20180308.500 2458186.000 2458186.124601 0.1637 1361.1645 6.125e-01 6.800e-03 7.957e-02 6.177e-01 1381.3516 6.216e-01 6.800e-03 8.366e-02 6.272e-01 0
20180309.500 2458187.000 2458187.111420 0.1630 1361.1746 6.125e-01 6.800e-03 3.767e-02 6.137e-01 1380.6292 6.213e-01 6.800e-03 1.322e-01 6.352e-01 0
20180310.500 2458188.000 2458187.980201 0.2667 1361.2141 6.125e-01 6.800e-03 5.153e-02 6.147e-01 1380.0202 6.210e-01 6.800e-03 2.152e-01 6.572e-01 0
20180311.500 2458189.000 2458188.954027 0.2665 1361.1925 6.125e-01 6.800e-03 5.190e-02 6.147e-01 1379.2670 6.207e-01 6.800e-03 1.941e-01 6.503e-01 0
20180312.500 2458190.000 2458190.000314 0.2672 1361.1988 6.125e-01 6.800e-03 3.544e-02 6.136e-01 1378.4841 6.203e-01 6.800e-03 2.079e-01 6.542e-01 0
20180313.500 2458191.000 2458190.972354 0.2676 1361.2036 6.125e-01 6.800e-03 4.937e-02 6.145e-01 1377.7532 6.200e-01 6.800e-03 1.994e-01 6.513e-01 0
20180314.500 2458192.000 2458191.950912 0.2662 1361.2286 6.126e-01 6.800e-03 5.653e-02 6.152e-01 1377.0362 6.197e-01 6.800e-03 2.225e-01 6.584e-01 0
20180315.500 2458193.000 2458192.992546 0.2673 1361.1556 6.125e-01 6.800e-03 7.237e-02 6.168e-01 1376.1710 6.193e-01 6.800e-03 1.616e-01 6.400e-01 0
20180316.500 2458194.000 2458193.967123 0.2659 1361.1270 6.125e-01 6.800e-03 4.983e-02 6.145e-01 1375.4013 6.189e-01 6.800e-03 2.200e-01 6.569e-01 0
20180317.500 2458195.000 2458194.943678 0.2676 1361.1233 6.125e-01 6.800e-03 5.182e-02 6.147e-01 1374.6554 6.186e-01 6.800e-03 2.163e-01 6.553e-01 0
20180318.500 2458196.000 2458195.987565 0.2673 1361.1594 6.125e-01 6.800e-03 4.582e-02 6.142e-01 1373.8989 6.183e-01 6.800e-03 1.895e-01 6.467e-01 0
20180319.500 2458197.000 2458196.964410 0.2673 1361.1498 6.125e-01 6.800e-03 5.237e-02 6.148e-01 1373.1480 6.179e-01 6.800e-03 2.105e-01 6.528e-01 0
20180320.500 2458198.000 2458197.941254 0.2673 1361.1551 6.125e-01 6.800e-03 4.845e-02 6.144e-01 1372.4128 6.176e-01 6.800e-03 2.153e-01 6.540e-01 0
20180321.500 2458199.000 2458198.983382 0.2665 1361.1569 6.125e-01 6.800e-03 5.435e-02 6.149e-01 1371.6252 6.172e-01 6.800e-03 2.079e-01 6.513e-01 0
20180322.500 2458200.000 2458199.960336 0.2673 1361.1327 6.125e-01 6.800e-03 6.682e-02 6.161e-01 1370.8613 6.169e-01 6.800e-03 1.680e-01 6.394e-01 0
20180323.500 2458201.000 2458200.933303 0.2673 1361.1882 6.125e-01 6.800e-03 3.830e-02 6.137e-01 1370.1803 6.166e-01 6.800e-03 1.996e-01 6.481e-01 0
20180324.500 2458202.000 2458202.141759 0.1638 1361.1296 6.125e-01 6.800e-03 5.023e-02 6.146e-01 1369.2054 6.161e-01 6.800e-03 1.242e-01 6.285e-01 0
20180325.500 2458203.000 2458203.015920 0.3927 1361.1564 6.125e-01 6.800e-03 5.334e-02 6.148e-01 1368.5682 6.159e-01 6.800e-03 2.878e-01 6.798e-01 0
20180326.500 2458204.000 2458204.059437 0.2673 1361.1415 6.125e-01 6.800e-03 4.252e-02 6.140e-01 1367.7584 6.155e-01 6.800e-03 2.296e-01 6.569e-01 0
20180327.500 2458205.000 2458205.040377 0.2665 1361.1342 6.125e-01 6.800e-03 4.467e-02 6.141e-01 1367.0010 6.152e-01 6.800e-03 2.196e-01 6.532e-01 0
20180328.500 2458206.000 2458206.015064 0.2659 1361.1089 6.125e-01 6.800e-03 4.442e-02 6.141e-01 1366.2271 6.148e-01 6.800e-03 2.132e-01 6.507e-01 0
20180329.500 2458207.000 2458206.989642 0.2673 1361.0552 6.125e-01 6.800e-03 7.969e-02 6.176e-01 1365.4212 6.144e-01 6.800e-03 1.586e-01 6.346e-01 0
20180330.500 2458208.000 2458207.968167 0.2676 1361.1243 6.125e-01 6.800e-03 4.564e-02 6.142e-01 1364.7314 6.141e-01 6.800e-03 1.984e-01 6.454e-01 0
20180331.500 2458209.000 2458208.946721 0.2662 1361.1851 6.125e-01 6.800e-03 4.944e-02 6.145e-01 1364.0294 6.138e-01 6.800e-03 2.027e-01 6.464e-01 0
20180401.500 2458210.000 2458209.990656 0.2673 1361.1884 6.125e-01 6.800e-03 4.491e-02 6.142e-01 1363.2148 6.134e-01 6.800e-03 2.120e-01 6.491e-01 0
20180402.500 2458211.000 2458210.960864 0.3276 1361.2051 6.125e-01 6.800e-03 4.891e-02 6.145e-01 1362.4678 6.131e-01 6.800e-03 2.659e-01 6.683e-01 0
20180403.500 2458212.000 2458211.944445 0.3273 1361.1631 6.125e-01 6.800e-03 6.504e-02 6.160e-01 1361.6490 6.127e-01 6.800e-03 2.434e-01 6.593e-01 0
20180404.500 2458213.000 2458212.880928 0.3258 1361.1732 6.125e-01 6.800e-03 5.001e-02 6.146e-01 1360.9175 6.124e-01 6.800e-03 2.645e-01 6.671e-01 0
20180405.500 2458214.000 2458213.904935 0.3246 1361.1359 6.125e-01 6.800e-03 4.905e-02 6.145e-01 1360.0681 6.120e-01 6.800e-03 2.269e-01 6.527e-01 0
20180406.500 2458215.000 2458214.934836 0.3272 1361.1877 6.125e-01 6.800e-03 5.550e-02 6.150e-01 1359.3023 6.117e-01 6.800e-03 2.331e-01 6.546e-01 0
20180407.500 2458216.000 2458215.995870 0.2534 1361.2205 6.125e-01 6.800e-03 4.926e-02 6.145e-01 1358.4931 6.113e-01 6.800e-03 2.116e-01 6.469e-01 0
20180408.500 2458217.000 2458216.918637 0.2684 1361.2126 6.125e-01 6.800e-03 4.841e-02 6.145e-01 1357.7541 6.110e-01 6.800e-03 1.933e-01 6.408e-01 0
20180409.500 2458218.000 2458217.960760 0.3281 1361.2175 6.125e-01 6.800e-03 4.369e-02 6.141e-01 1356.9354 6.106e-01 6.800e-03 2.614e-01 6.642e-01 0
20180410.500 2458219.000 2458218.609702 0.0339 1361.1815 6.125e-01 6.800e-03 4.520e-02 6.142e-01 1356.3879 6.104e-01 6.800e-03 6.488e-02 6.138e-01 0
20180411.500 2458220.000 2458219.947534 0.3270 1361.1524 6.125e-01 6.800e-03 6.845e-02 6.163e-01 1355.3098 6.099e-01 6.800e-03 2.979e-01 6.787e-01 0
20180412.500 2458221.000 2458220.986007 0.3272 1361.1351 6.125e-01 6.800e-03 4.328e-02 6.140e-01 1354.4836 6.095e-01 6.800e-03 2.458e-01 6.572e-01 0
20180413.500 2458222.000 2458221.965750 0.3273 1361.1706 6.125e-01 6.800e-03 4.365e-02 6.141e-01 1353.7610 6.092e-01 6.800e-03 2.386e-01 6.543e-01 0
20180414.500 2458223.000 2458222.941518 0.2665 1361.1590 6.125e-01 6.800e-03 4.430e-02 6.141e-01 1353.0002 6.089e-01 6.800e-03 2.225e-01 6.482e-01 0
20180415.500 2458224.000 2458223.983535 0.2673 1361.1645 6.125e-01 6.800e-03 3.960e-02 6.138e-01 1352.2128 6.085e-01 6.800e-03 2.209e-01 6.474e-01 0
20180416.500 2458225.000 2458224.956575 0.2673 1361.1681 6.125e-01 6.800e-03 5.955e-02 6.154e-01 1351.4830 6.082e-01 6.800e-03 1.978e-01 6.395e-01 0
20180417.500 2458226.000 2458225.937692 0.2665 1361.1422 6.125e-01 6.800e-03 4.892e-02 6.145e-01 1350.7251 6.078e-01 6.800e-03 1.782e-01 6.334e-01 0
20180418.500 2458227.000 2458226.978137 0.2676 1361.1665 6.125e-01 6.800e-03 5.262e-02 6.148e-01 1349.9808 6.075e-01 6.800e-03 2.040e-01 6.408e-01 0
20180419.500 2458228.000 2458227.955270 0.2670 1361.1530 6.125e-01 6.800e-03 7.992e-02 6.177e-01 1349.2531 6.072e-01 6.800e-03 1.331e-01 6.216e-01 0
20180420.500 2458229.000 2458228.995896 0.2673 1361.1954 6.125e-01 6.800e-03 5.140e-02 6.147e-01 1348.5419 6.068e-01 6.800e-03 1.938e-01 6.370e-01 0
20180421.500 2458230.000 2458230.137834 0.1639 1361.2050 6.125e-01 6.800e-03 4.499e-02 6.142e-01 1347.7329 6.065e-01 6.800e-03 1.455e-01 6.237e-01 0
20180422.500 2458231.000 2458230.953965 0.2673 1361.1687 6.125e-01 6.800e-03 5.727e-02 6.152e-01 1347.1169 6.062e-01 6.800e-03 1.990e-01 6.380e-01 0
20180423.500 2458232.000 2458231.993915 0.2668 1361.1431 6.125e-01 6.800e-03 4.413e-02 6.141e-01 1346.3573 6.059e-01 6.800e-03 2.011e-01 6.384e-01 0
20180424.500 2458233.000 2458232.972686 0.2665 1361.1430 6.125e-01 6.800e-03 4.892e-02 6.145e-01 1345.6705 6.056e-01 6.800e-03 1.949e-01 6.361e-01 0
20180425.500 2458234.000 2458233.947315 0.2668 1361.1416 6.125e-01 6.800e-03 6.225e-02 6.157e-01 1344.9890 6.052e-01 6.800e-03 1.866e-01 6.333e-01 0
20180426.500 2458235.000 2458234.988974 0.2668 1361.1195 6.125e-01 6.800e-03 5.833e-02 6.153e-01 1344.2437 6.049e-01 6.800e-03 1.719e-01 6.288e-01 0
20180427.500 2458236.000 2458235.801027 0.1638 1361.1827 6.125e-01 6.800e-03 3.590e-02 6.136e-01 1343.7441 6.047e-01 6.800e-03 1.208e-01 6.166e-01 0
20180428.500 2458237.000 2458236.908255 0.2682 1361.2105 6.125e-01 6.800e-03 4.886e-02 6.145e-01 1343.0082 6.044e-01 6.800e-03 1.856e-01 6.322e-01 0
20180429.500 2458238.000 2458237.788645 0.1664 1361.2234 6.126e-01 6.800e-03 4.037e-02 6.139e-01 1342.4160 6.041e-01 6.800e-03 1.194e-01 6.158e-01 0
20180430.500 2458239.000 2458239.078939 0.1670 1361.1869 6.125e-01 6.800e-03 4.972e-02 6.145e-01 1341.4971 6.037e-01 6.800e-03 1.314e-01 6.178e-01 0
20180501.500 2458240.000 2458240.132920 0.1417 1361.0856 6.125e-01 6.800e-03 4.558e-02 6.142e-01 1340.6796 6.033e-01 6.800e-03 1.284e-01 6.168e-01 0
20180502.500 2458241.000 2458241.080246 0.1622 1361.0966 6.125e-01 6.800e-03 4.716e-02 6.143e-01 1340.0484 6.030e-01 6.800e-03 1.097e-01 6.129e-01 0
20180503.500 2458242.000 2458242.118358 0.1637 1361.0673 6.125e-01 6.800e-03 7.635e-02 6.172e-01 1339.3200 6.027e-01 6.800e-03 7.564e-02 6.074e-01 0
20180504.500 2458243.000 2458243.094904 0.1637 1361.1132 6.125e-01 6.800e-03 5.321e-02 6.148e-01 1338.7113 6.024e-01 6.800e-03 1.081e-01 6.120e-01 0
20180505.500 2458244.000 2458243.973078 0.2666 1361.1804 6.125e-01 6.800e-03 5.217e-02 6.147e-01 1338.1937 6.022e-01 6.800e-03 1.825e-01 6.292e-01 0
20180506.500 2458245.000 2458244.952177 0.2673 1361.1837 6.125e-01 6.800e-03 5.017e-02 6.146e-01 1337.5511 6.019e-01 6.800e-03 1.734e-01 6.264e-01 0
20180507.500 2458246.000 2458245.988553 0.2675 1361.1687 6.125e-01 6.800e-03 4.381e-02 6.141e-01 1336.8595 6.016e-01 6.800e-03 1.886e-01 6.305e-01 0
20180508.500 2458247.000 2458246.969758 0.2672 1361.2118 6.125e-01 6.800e-03 5.126e-02 6.147e-01 1336.2681 6.013e-01 6.800e-03 1.711e-01 6.252e-01 0
20180509.500 2458248.000 2458247.941798 0.2676 1361.2415 6.126e-01 6.800e-03 6.155e-02 6.156e-01 1335.6769 6.011e-01 6.800e-03 1.829e-01 6.283e-01 0
20180510.500 2458249.000 2458248.983360 0.2668 1361.2093 6.125e-01 6.800e-03 5.751e-02 6.152e-01 1334.9898 6.007e-01 6.800e-03 1.496e-01 6.191e-01 0
20180511.500 2458250.000 2458249.959819 0.2668 1361.2416 6.126e-01 6.800e-03 5.354e-02 6.149e-01 1334.4165 6.005e-01 6.800e-03 1.930e-01 6.308e-01 0
20180512.500 2458251.000 2458250.936471 0.2668 1361.2093 6.125e-01 6.800e-03 6.033e-02 6.155e-01 1333.7896 6.002e-01 6.800e-03 1.648e-01 6.224e-01 0
20180513.500 2458252.000 2458251.978129 0.2668 1361.2149 6.125e-01 6.800e-03 6.387e-02 6.159e-01 1333.1720 5.999e-01 6.800e-03 1.377e-01 6.155e-01 0
20180514.500 2458253.000 2458252.954588 0.2668 1361.2345 6.126e-01 6.800e-03 3.773e-02 6.137e-01 1332.6189 5.997e-01 6.800e-03 1.601e-01 6.207e-01 0
20180515.500 2458254.000 2458253.996247 0.2668 1361.2203 6.125e-01 6.800e-03 4.021e-02 6.139e-01 1332.0074 5.994e-01 6.800e-03 1.513e-01 6.182e-01 0
20180516.500 2458255.000 2458254.972898 0.2668 1361.2101 6.125e-01 6.800e-03 5.053e-02 6.146e-01 1331.4498 5.992e-01 6.800e-03 1.507e-01 6.178e-01 0
20180517.500 2458256.000 2458255.949260 0.2676 1361.2153 6.125e-01 6.800e-03 8.399e-02 6.183e-01 1330.9198 5.989e-01 6.800e-03 1.162e-01 6.101e-01 0
20180518.500 2458257.000 2458256.990919 0.2676 1361.2324 6.126e-01 6.800e-03 5.180e-02 6.147e-01 1330.3789 5.987e-01 6.800e-03 1.164e-01 6.099e-01 0
20180519.500 2458258.000 2458258.133798 0.1638 1361.2151 6.125e-01 6.800e-03 6.359e-02 6.158e-01 1329.7652 5.984e-01 6.800e-03 1.255e-01 6.114e-01 0
20180520.500 2458259.000 2458258.943315 0.2675 1361.1773 6.125e-01 6.800e-03 3.994e-02 6.138e-01 1329.3152 5.982e-01 6.800e-03 1.376e-01 6.138e-01 0
20180521.500 2458260.000 2458259.982142 0.2658 1361.1940 6.125e-01 6.800e-03 4.699e-02 6.143e-01 1328.8116 5.980e-01 6.800e-03 1.298e-01 6.119e-01 0
20180522.500 2458261.000 2458260.963400 0.2667 1361.1921 6.125e-01 6.800e-03 6.811e-02 6.163e-01 1328.3286 5.977e-01 6.800e-03 1.498e-01 6.162e-01 0
20180523.500 2458262.000 2458261.913835 0.2607 1361.2157 6.125e-01 6.800e-03 6.436e-02 6.159e-01 1327.8943 5.976e-01 6.800e-03 1.386e-01 6.134e-01 0
20180524.500 2458263.000 2458263.010737 0.2592 1361.1945 6.125e-01 6.800e-03 9.815e-02 6.204e-01 1327.3555 5.973e-01 6.800e-03 6.054e-02 6.004e-01 0
20180525.500 2458264.000 2458263.971139 0.2623 1361.3094 6.126e-01 6.800e-03 6.085e-02 6.156e-01 1327.0218 5.972e-01 6.800e-03 9.503e-02 6.047e-01 0
20180526.500 2458265.000 2458265.034802 0.2381 1361.3441 6.126e-01 6.800e-03 5.359e-02 6.149e-01 1326.5701 5.970e-01 6.800e-03 1.188e-01 6.087e-01 0
20180527.500 2458266.000 2458265.964189 0.3261 1361.2694 6.126e-01 6.800e-03 5.768e-02 6.153e-01 1326.0801 5.967e-01 6.800e-03 1.725e-01 6.212e-01 0
20180528.500 2458267.000 2458266.915794 0.2682 1361.1960 6.125e-01 6.800e-03 6.081e-02 6.155e-01 1325.5873 5.965e-01 6.800e-03 1.610e-01 6.179e-01 0
20180529.500 2458268.000 2458267.793349 0.1667 1361.1890 6.125e-01 6.800e-03 5.744e-02 6.152e-01 1325.1977 5.963e-01 6.800e-03 6.903e-02 6.003e-01 0
20180530.500 2458269.000 2458268.965547 0.2668 1361.2318 6.126e-01 6.800e-03 4.838e-02 6.145e-01 1324.7368 5.961e-01 6.800e-03 1.267e-01 6.094e-01 0
20180531.500 2458270.000 2458269.941812 0.2668 1361.1855 6.125e-01 6.800e-03 7.950e-02 6.177e-01 1324.2808 5.959e-01 6.800e-03 7.634e-02 6.008e-01 0
20180601.500 2458271.000 2458270.983278 0.2676 1361.2589 6.126e-01 6.800e-03 5.144e-02 6.147e-01 1323.9218 5.958e-01 6.800e-03 1.127e-01 6.063e-01 0
20180602.500 2458272.000 2458271.959544 0.2676 1361.3282 6.126e-01 6.800e-03 4.899e-02 6.146e-01 1323.5935 5.956e-01 6.800e-03 1.097e-01 6.056e-01 0
20180603.500 2458273.000 2458272.938000 0.2673 1361.3813 6.126e-01 6.800e-03 4.807e-02 6.145e-01 1323.2567 5.955e-01 6.800e-03 1.120e-01 6.059e-01 0
20180604.500 2458274.000 2458273.977757 0.2676 1361.3492 6.126e-01 6.800e-03 5.724e-02 6.153e-01 1322.8222 5.953e-01 6.800e-03 1.437e-01 6.124e-01 0
20180605.500 2458275.000 2458274.956647 0.2665 1361.2691 6.126e-01 6.800e-03 7.119e-02 6.167e-01 1322.3741 5.951e-01 6.800e-03 1.586e-01 6.158e-01 0
20180606.500 2458276.000 2458275.996838 0.2670 1361.2072 6.125e-01 6.800e-03 3.830e-02 6.137e-01 1321.9315 5.949e-01 6.800e-03 1.039e-01 6.039e-01 0
20180607.500 2458277.000 2458276.975983 0.2665 1361.2128 6.125e-01 6.800e-03 6.227e-02 6.157e-01 1321.5877 5.947e-01 6.800e-03 7.091e-02 5.989e-01 0
20180608.500 2458278.000 2458277.949981 0.2675 1361.2073 6.125e-01 6.800e-03 4.689e-02 6.143e-01 1321.2462 5.946e-01 6.800e-03 9.517e-02 6.021e-01 0
20180609.500 2458279.000 2458278.993658 0.2640 1361.1947 6.125e-01 6.800e-03 3.925e-02 6.138e-01 1320.8869 5.944e-01 6.800e-03 9.447e-02 6.019e-01 0
20180610.500 2458280.000 2458279.970713 0.2667 1361.2108 6.125e-01 6.800e-03 5.263e-02 6.148e-01 1320.5908 5.943e-01 6.800e-03 8.621e-02 6.005e-01 0
20180611.500 2458281.000 2458280.950213 0.2670 1361.2299 6.126e-01 6.800e-03 4.300e-02 6.141e-01 1320.3105 5.941e-01 6.800e-03 8.886e-02 6.007e-01 0
20180612.500 2458282.000 2458281.992739 0.2670 1361.2725 6.126e-01 6.800e-03 4.142e-02 6.140e-01 1320.0494 5.940e-01 6.800e-03 7.269e-02 5.985e-01 0
20180613.500 2458283.000 2458282.969583 0.2659 1361.2930 6.126e-01 6.800e-03 4.637e-02 6.143e-01 1319.8011 5.939e-01 6.800e-03 9.351e-02 6.012e-01 0
20180614.500 2458284.000 2458283.946427 0.2676 1361.2594 6.126e-01 6.800e-03 6.860e-02 6.164e-01 1319.5155 5.938e-01 6.800e-03 5.709e-02 5.965e-01 0
20180615.500 2458285.000 2458284.986184 0.2673 1361.2472 6.126e-01 6.800e-03 4.936e-02 6.145e-01 1319.2511 5.937e-01 6.800e-03 9.569e-02 6.013e-01 0
20180616.500 2458286.000 2458286.128921 0.1638 1361.1999 6.125e-01 6.800e-03 4.541e-02 6.142e-01 1318.9468 5.935e-01 6.800e-03 5.350e-02 5.959e-01 0
20180617.500 2458287.000 2458287.004085 0.2662 1361.2297 6.126e-01 6.800e-03 4.459e-02 6.142e-01 1318.7916 5.935e-01 6.800e-03 5.633e-02 5.961e-01 0
20180618.500 2458288.000 2458288.143513 0.1638 1361.1395 6.125e-01 6.800e-03 5.641e-02 6.151e-01 1318.4805 5.933e-01 6.800e-03 6.925e-02 5.973e-01 0
20180619.500 2458289.000 2458288.958252 0.0089 1361.1786 6.125e-01 6.800e-03 3.387e-02 6.135e-01 1318.3691 5.933e-01 6.800e-03 3.258e-02 5.942e-01 0
20180620.500 2458290.000 2458290.130272 0.1665 1361.1466 6.125e-01 6.800e-03 4.482e-02 6.142e-01 1318.1389 5.932e-01 6.800e-03 6.270e-02 5.965e-01 0
20180621.500 2458291.000 2458291.106083 0.1664 1361.1315 6.125e-01 6.800e-03 5.061e-02 6.146e-01 1317.9707 5.931e-01 6.800e-03 4.460e-02 5.948e-01 0
20180622.500 2458292.000 2458292.083220 0.1664 1361.2034 6.125e-01 6.800e-03 5.363e-02 6.149e-01 1317.8972 5.931e-01 6.800e-03 4.563e-02 5.948e-01 0
20180623.500 2458293.000 2458292.961302 0.2677 1361.1873 6.125e-01 6.800e-03 4.350e-02 6.141e-01 1317.7619 5.930e-01 6.800e-03 5.137e-02 5.952e-01 0
20180624.500 2458294.000 2458293.766207 0.1700 1361.2012 6.125e-01 6.800e-03 5.943e-02 6.154e-01 1317.6720 5.930e-01 6.800e-03 5.255e-02 5.953e-01 0
20180625.500 2458295.000 2458294.958030 0.2632 1361.2707 6.126e-01 6.800e-03 4.624e-02 6.143e-01 1317.5982 5.929e-01 6.800e-03 6.016e-02 5.960e-01 0
20180626.500 2458296.000 2458295.991191 0.2663 1361.2731 6.126e-01 6.800e-03 5.955e-02 6.155e-01 1317.4889 5.929e-01 6.800e-03 6.629e-02 5.966e-01 0
20180627.500 2458297.000 2458296.962560 0.2685 1361.3023 6.126e-01 6.800e-03 5.695e-02 6.152e-01 1317.4212 5.928e-01 6.800e-03 5.796e-02 5.957e-01 0
20180628.500 2458298.000 2458297.943645 0.2673 1361.2816 6.126e-01 6.800e-03 7.092e-02 6.167e-01 1317.3128 5.928e-01 6.800e-03 5.773e-02 5.956e-01 0
20180629.500 2458299.000 2458298.985148 0.2663 1361.2591 6.126e-01 6.800e-03 4.079e-02 6.139e-01 1317.2068 5.927e-01 6.800e-03 4.823e-02 5.947e-01 0
20180630.500 2458300.000 2458299.961068 0.2663 1361.2528 6.126e-01 6.800e-03 8.058e-02 6.178e-01 1317.1308 5.927e-01 6.800e-03 8.475e-02 5.987e-01 0
20180701.500 2458301.000 2458300.930239 0.2678 1361.2171 6.125e-01 6.800e-03 4.986e-02 6.146e-01 1317.0359 5.927e-01 6.800e-03 4.821e-02 5.946e-01 0
20180702.500 2458302.000 2458301.990351 0.2624 1361.1721 6.125e-01 6.800e-03 4.617e-02 6.143e-01 1316.9366 5.926e-01 6.800e-03 4.867e-02 5.946e-01 0
20180703.500 2458303.000 2458302.952904 0.2662 1361.1282 6.125e-01 6.800e-03 3.868e-02 6.137e-01 1316.8533 5.926e-01 6.800e-03 4.025e-02 5.939e-01 0
20180704.500 2458304.000 2458303.992270 0.2676 1361.1571 6.125e-01 6.800e-03 5.592e-02 6.151e-01 1316.8483 5.926e-01 6.800e-03 5.835e-02 5.954e-01 0
20180705.500 2458305.000 2458304.970828 0.2662 1361.1214 6.125e-01 6.800e-03 7.090e-02 6.166e-01 1316.7937 5.926e-01 6.800e-03 6.674e-02 5.963e-01 0
20180706.500 2458306.000 2458305.945087 0.2659 1361.1501 6.125e-01 6.800e-03 5.146e-02 6.147e-01 1316.8127 5.926e-01 6.800e-03 4.976e-02 5.947e-01 0
20180707.500 2458307.000 2458306.988741 0.2662 1361.1662 6.125e-01 6.800e-03 4.666e-02 6.143e-01 1316.8320 5.926e-01 6.800e-03 4.489e-02 5.943e-01 0
20180708.500 2458308.000 2458307.948109 0.2630 1361.2020 6.125e-01 6.800e-03 3.300e-02 6.134e-01 1316.8827 5.926e-01 6.800e-03 3.233e-02 5.935e-01 0
20180709.500 2458309.000 2458308.943627 0.2663 1361.2989 6.126e-01 6.800e-03 3.838e-02 6.138e-01 1317.0068 5.927e-01 6.800e-03 3.878e-02 5.939e-01 0
20180710.500 2458310.000 2458309.985208 0.2673 1361.3440 6.126e-01 6.800e-03 4.158e-02 6.140e-01 1317.0979 5.927e-01 6.800e-03 4.602e-02 5.945e-01 0
20180711.500 2458311.000 2458310.956499 0.2665 1361.3480 6.126e-01 6.800e-03 3.847e-02 6.138e-01 1317.1612 5.927e-01 6.800e-03 4.359e-02 5.943e-01 0
20180712.500 2458312.000 2458311.935196 0.2667 1361.2772 6.126e-01 6.800e-03 6.502e-02 6.160e-01 1317.1680 5.927e-01 6.800e-03 7.493e-02 5.974e-01 0
20180713.500 2458313.000 2458312.974001 0.2685 1361.2577 6.126e-01 6.800e-03 4.481e-02 6.142e-01 1317.2463 5.928e-01 6.800e-03 5.782e-02 5.956e-01 0
20180714.500 2458314.000 2458314.115156 0.1637 1361.2584 6.126e-01 6.800e-03 4.895e-02 6.145e-01 1317.3740 5.928e-01 6.800e-03 4.834e-02 5.948e-01 0
20180715.500 2458315.000 2458314.970068 0.2632 1361.2444 6.126e-01 6.800e-03 4.013e-02 6.139e-01 1317.4700 5.929e-01 6.800e-03 6.311e-02 5.962e-01 0
20180716.500 2458316.000 2458315.989898 0.2544 1361.2974 6.126e-01 6.800e-03 5.645e-02 6.152e-01 1317.6665 5.929e-01 6.800e-03 7.918e-02 5.982e-01 0
20180717.500 2458317.000 2458317.077090 0.1663 1361.3536 6.126e-01 6.800e-03 4.344e-02 6.141e-01 1317.8926 5.931e-01 6.800e-03 5.377e-02 5.955e-01 0
20180718.500 2458318.000 2458317.953614 0.2678 1361.3788 6.126e-01 6.800e-03 5.177e-02 6.148e-01 1318.0680 5.931e-01 6.800e-03 6.053e-02 5.962e-01 0
20180719.500 2458319.000 2458318.929472 0.2683 1361.3726 6.126e-01 6.800e-03 7.449e-02 6.171e-01 1318.2418 5.932e-01 6.800e-03 8.719e-02 5.996e-01 0
20180720.500 2458320.000 2458319.742857 0.1667 1361.3221 6.126e-01 6.800e-03 4.504e-02 6.142e-01 1318.3515 5.933e-01 6.800e-03 5.064e-02 5.954e-01 0
20180721.500 2458321.000 2458320.978241 0.2665 1361.2742 6.126e-01 6.800e-03 4.064e-02 6.139e-01 1318.5612 5.934e-01 6.800e-03 6.275e-02 5.967e-01 0
20180722.500 2458322.000 2458321.954507 0.2665 1361.2316 6.126e-01 6.800e-03 5.504e-02 6.150e-01 1318.7340 5.934e-01 6.800e-03 8.002e-02 5.988e-01 0
20180723.500 2458323.000 2458322.997802 0.2662 1361.2139 6.125e-01 6.800e-03 5.004e-02 6.146e-01 1318.9564 5.935e-01 6.800e-03 7.968e-02 5.989e-01 0
20180724.500 2458324.000 2458323.972151 0.2665 1361.2173 6.125e-01 6.800e-03 4.077e-02 6.139e-01 1319.1930 5.936e-01 6.800e-03 7.422e-02 5.983e-01 0
20180725.500 2458325.000 2458324.948700 0.2659 1361.1849 6.125e-01 6.800e-03 5.051e-02 6.146e-01 1319.4042 5.937e-01 6.800e-03 8.094e-02 5.992e-01 0
20180726.500 2458326.000 2458325.992438 0.2665 1361.1831 6.125e-01 6.800e-03 7.402e-02 6.170e-01 1319.6711 5.939e-01 6.800e-03 1.327e-01 6.085e-01 0
20180727.500 2458327.000 2458326.965334 0.2673 1361.2020 6.125e-01 6.800e-03 6.068e-02 6.155e-01 1319.9483 5.940e-01 6.800e-03 1.032e-01 6.029e-01 0
20180728.500 2458328.000 2458327.944332 0.2670 1361.1632 6.125e-01 6.800e-03 4.151e-02 6.139e-01 1320.1793 5.941e-01 6.800e-03 6.875e-02 5.980e-01 0
20180729.500 2458329.000 2458329.149473 0.1639 1361.1944 6.125e-01 6.800e-03 3.875e-02 6.138e-01 1320.5512 5.942e-01 6.800e-03 5.352e-02 5.967e-01 0
20180730.500 2458330.000 2458329.963992 0.2670 1361.2071 6.125e-01 6.800e-03 5.305e-02 6.148e-01 1320.8016 5.944e-01 6.800e-03 1.009e-01 6.029e-01 0
20180731.500 2458331.000 2458330.941415 0.2670 1361.2087 6.125e-01 6.800e-03 4.563e-02 6.142e-01 1321.0963 5.945e-01 6.800e-03 1.112e-01 6.048e-01 0
20180801.500 2458332.000 2458331.982533 0.2749 1361.2068 6.125e-01 6.800e-03 3.748e-02 6.137e-01 1321.4160 5.946e-01 6.800e-03 9.713e-02 6.025e-01 0
20180802.500 2458333.000 2458332.963121 0.2665 1361.1671 6.125e-01 6.800e-03 5.706e-02 6.152e-01 1321.6893 5.948e-01 6.800e-03 1.132e-01 6.054e-01 0
20180803.500 2458334.000 2458333.936126 0.2665 1361.1806 6.125e-01 6.800e-03 3.789e-02 6.137e-01 1322.0211 5.949e-01 6.800e-03 9.815e-02 6.030e-01 0
20180804.500 2458335.000 2458334.979866 0.2659 1361.1988 6.125e-01 6.800e-03 4.974e-02 6.146e-01 1322.3915 5.951e-01 6.800e-03 1.119e-01 6.055e-01 0
20180805.500 2458336.000 2458335.956614 0.2668 1361.2297 6.126e-01 6.800e-03 5.468e-02 6.150e-01 1322.7621 5.952e-01 6.800e-03 1.288e-01 6.090e-01 0
20180806.500 2458337.000 2458336.996155 0.2662 1361.2711 6.126e-01 6.800e-03 3.867e-02 6.138e-01 1323.1771 5.954e-01 6.800e-03 9.240e-02 6.026e-01 0
20180807.500 2458338.000 2458337.974345 0.2659 1361.2744 6.126e-01 6.800e-03 4.979e-02 6.146e-01 1323.5451 5.956e-01 6.800e-03 1.368e-01 6.111e-01 0
20180808.500 2458339.000 2458338.950611 0.2659 1361.2856 6.126e-01 6.800e-03 4.752e-02 6.144e-01 1323.9327 5.958e-01 6.800e-03 9.630e-02 6.035e-01 0
20180809.500 2458340.000 2458339.829076 0.1639 1361.2266 6.126e-01 6.800e-03 4.227e-02 6.140e-01 1324.2251 5.959e-01 6.800e-03 9.316e-02 6.031e-01 0
20180810.500 2458341.000 2458340.943222 0.2656 1361.2214 6.125e-01 6.800e-03 4.398e-02 6.141e-01 1324.6805 5.961e-01 6.800e-03 1.175e-01 6.076e-01 0
20180811.500 2458342.000 2458341.969637 0.2610 1361.1582 6.125e-01 6.800e-03 3.361e-01 6.987e-01 1325.0589 5.963e-01 6.800e-03 3.478e-01 6.903e-01 0
20180812.500 2458343.000 2458342.936908 0.2721 1361.2220 6.125e-01 6.800e-03 4.890e-02 6.145e-01 1325.5499 5.965e-01 6.800e-03 1.451e-01 6.139e-01 0
20180813.500 2458344.000 2458343.905813 0.2696 1361.2614 6.126e-01 6.800e-03 5.966e-02 6.155e-01 1326.0313 5.967e-01 6.800e-03 1.439e-01 6.138e-01 0
20180814.500 2458345.000 2458344.902606 0.2746 1361.2657 6.126e-01 6.800e-03 4.560e-02 6.143e-01 1326.5049 5.969e-01 6.800e-03 1.378e-01 6.126e-01 0
20180815.500 2458346.000 2458345.980361 0.2666 1361.2492 6.126e-01 6.800e-03 4.809e-02 6.144e-01 1327.0110 5.972e-01 6.800e-03 1.353e-01 6.123e-01 0
20180816.500 2458347.000 2458346.953906 0.2665 1361.1978 6.125e-01 6.800e-03 6.018e-02 6.155e-01 1327.4448 5.974e-01 6.800e-03 1.785e-01 6.235e-01 0
20180817.500 2458348.000 2458348.000035 0.2663 1361.1944 6.125e-01 6.800e-03 4.776e-02 6.144e-01 1327.9734 5.976e-01 6.800e-03 1.412e-01 6.140e-01 0
20180818.500 2458349.000 2458348.975872 0.2672 1361.1955 6.125e-01 6.800e-03 5.052e-02 6.146e-01 1328.4808 5.978e-01 6.800e-03 1.411e-01 6.142e-01 0
20180819.500 2458350.000 2458349.964107 0.2621 1361.1577 6.125e-01 6.800e-03 7.849e-02 6.175e-01 1328.9661 5.980e-01 6.800e-03 1.724e-01 6.224e-01 0
20180820.500 2458351.000 2458350.991273 0.2662 1361.1662 6.125e-01 6.800e-03 6.810e-02 6.163e-01 1329.5261 5.983e-01 6.800e-03 1.499e-01 6.168e-01 0
20180821.500 2458352.000 2458351.965343 0.2668 1361.1789 6.125e-01 6.800e-03 4.747e-02 6.144e-01 1330.0695 5.985e-01 6.800e-03 1.648e-01 6.208e-01 0
20180822.500 2458353.000 2458352.941608 0.2668 1361.1799 6.125e-01 6.800e-03 5.050e-02 6.146e-01 1330.6099 5.988e-01 6.800e-03 1.487e-01 6.170e-01 0
20180823.500 2458354.000 2458353.983171 0.2659 1361.1727 6.125e-01 6.800e-03 4.294e-02 6.140e-01 1331.1854 5.990e-01 6.800e-03 1.575e-01 6.194e-01 0
20180824.500 2458355.000 2458354.959436 0.2659 1361.1564 6.125e-01 6.800e-03 4.722e-02 6.143e-01 1331.7217 5.993e-01 6.800e-03 1.541e-01 6.188e-01 0
20180825.500 2458356.000 2458355.935991 0.2676 1361.0911 6.125e-01 6.800e-03 6.445e-02 6.159e-01 1332.2158 5.995e-01 6.800e-03 1.488e-01 6.177e-01 0
20180826.500 2458357.000 2458357.042754 0.3926 1361.1983 6.125e-01 6.800e-03 7.081e-02 6.166e-01 1332.9596 5.998e-01 6.800e-03 2.838e-01 6.636e-01 0
20180827.500 2458358.000 2458358.084412 0.2659 1361.2168 6.125e-01 6.800e-03 4.884e-02 6.145e-01 1333.5846 6.001e-01 6.800e-03 1.769e-01 6.257e-01 0
20180828.500 2458359.000 2458359.060678 0.2659 1361.1683 6.125e-01 6.800e-03 5.629e-02 6.151e-01 1334.1111 6.003e-01 6.800e-03 1.545e-01 6.199e-01 0
20180829.500 2458360.000 2458360.037233 0.2676 1361.1692 6.125e-01 6.800e-03 5.154e-02 6.147e-01 1334.6910 6.006e-01 6.800e-03 1.501e-01 6.191e-01 0
20180830.500 2458361.000 2458361.013692 0.2668 1361.1173 6.125e-01 6.800e-03 7.115e-02 6.166e-01 1335.2241 6.009e-01 6.800e-03 2.127e-01 6.374e-01 0
20180831.500 2458362.000 2458361.990054 0.2676 1361.1684 6.125e-01 6.800e-03 5.258e-02 6.148e-01 1335.8634 6.011e-01 6.800e-03 1.893e-01 6.302e-01 0
20180901.500 2458363.000 2458362.966320 0.2676 1361.2137 6.125e-01 6.800e-03 4.691e-02 6.143e-01 1336.5026 6.014e-01 6.800e-03 1.896e-01 6.306e-01 0
20180902.500 2458364.000 2458363.942585 0.2676 1361.2283 6.126e-01 6.800e-03 5.282e-02 6.148e-01 1337.1177 6.017e-01 6.800e-03 1.539e-01 6.211e-01 0
20180903.500 2458365.000 2458364.971303 0.2700 1361.2607 6.126e-01 6.800e-03 4.626e-02 6.143e-01 1337.7898 6.020e-01 6.800e-03 1.757e-01 6.271e-01 0
20180904.500 2458366.000 2458365.959525 0.2665 1361.2300 6.126e-01 6.800e-03 4.983e-02 6.146e-01 1338.3822 6.023e-01 6.800e-03 1.527e-01 6.213e-01 0
20180905.500 2458367.000 2458366.938222 0.2667 1361.2039 6.125e-01 6.800e-03 6.538e-02 6.160e-01 1338.9812 6.025e-01 6.800e-03 1.867e-01 6.308e-01 0
20180906.500 2458368.000 2458367.974306 0.2658 1361.1713 6.125e-01 6.800e-03 4.197e-02 6.140e-01 1339.6200 6.028e-01 6.800e-03 1.951e-01 6.336e-01 0
20180907.500 2458369.000 2458368.955557 0.2667 1361.1634 6.125e-01 6.800e-03 6.736e-02 6.162e-01 1340.2572 6.031e-01 6.800e-03 1.809e-01 6.297e-01 0
20180908.500 2458370.000 2458370.158962 0.1637 1361.1954 6.125e-01 6.800e-03 5.636e-02 6.151e-01 1341.0930 6.035e-01 6.800e-03 1.469e-01 6.211e-01 0
20180909.500 2458371.000 2458370.992084 0.2599 1361.1945 6.125e-01 6.800e-03 5.538e-02 6.150e-01 1341.6583 6.037e-01 6.800e-03 2.013e-01 6.364e-01 0
20180910.500 2458372.000 2458371.917581 0.2686 1361.2226 6.126e-01 6.800e-03 5.060e-02 6.146e-01 1342.3232 6.040e-01 6.800e-03 1.979e-01 6.356e-01 0
20180911.500 2458373.000 2458372.955141 0.2682 1361.2270 6.126e-01 6.800e-03 5.724e-02 6.152e-01 1343.0523 6.044e-01 6.800e-03 1.993e-01 6.364e-01 0
20180912.500 2458374.000 2458373.932405 0.2685 1361.2263 6.126e-01 6.800e-03 4.780e-02 6.144e-01 1343.7439 6.047e-01 6.800e-03 1.892e-01 6.336e-01 0
20180913.500 2458375.000 2458374.744410 0.1665 1361.1929 6.125e-01 6.800e-03 8.433e-02 6.183e-01 1344.2924 6.049e-01 6.800e-03 1.702e-01 6.284e-01 0
20180914.500 2458376.000 2458375.983220 0.2662 1361.2458 6.126e-01 6.800e-03 3.812e-02 6.137e-01 1345.2426 6.054e-01 6.800e-03 1.957e-01 6.362e-01 0
20180915.500 2458377.000 2458376.957522 0.2665 1361.2375 6.126e-01 6.800e-03 5.005e-02 6.146e-01 1345.9482 6.057e-01 6.800e-03 2.062e-01 6.398e-01 0
20180916.500 2458378.000 2458377.935918 0.2671 1361.2532 6.126e-01 6.800e-03 5.384e-02 6.149e-01 1346.6866 6.060e-01 6.800e-03 1.999e-01 6.381e-01 0
20180917.500 2458379.000 2458378.975447 0.2676 1361.2424 6.126e-01 6.800e-03 3.928e-02 6.138e-01 1347.4495 6.064e-01 6.800e-03 1.970e-01 6.376e-01 0
20180918.500 2458380.000 2458379.952002 0.2659 1361.2395 6.126e-01 6.800e-03 4.397e-02 6.141e-01 1348.1778 6.067e-01 6.800e-03 1.938e-01 6.369e-01 0
20180919.500 2458381.000 2458380.995780 0.2665 1361.1816 6.125e-01 6.800e-03 5.812e-02 6.153e-01 1348.9058 6.070e-01 6.800e-03 2.107e-01 6.425e-01 0
20180920.500 2458382.000 2458381.968386 0.2665 1361.1521 6.125e-01 6.800e-03 7.528e-02 6.171e-01 1349.6111 6.073e-01 6.800e-03 2.604e-01 6.608e-01 0
20180921.500 2458383.000 2458382.947060 0.2676 1361.1773 6.125e-01 6.800e-03 4.102e-02 6.139e-01 1350.3774 6.077e-01 6.800e-03 2.127e-01 6.438e-01 0
20180922.500 2458384.000 2458383.988815 0.2668 1361.1799 6.125e-01 6.800e-03 5.113e-02 6.147e-01 1351.1706 6.080e-01 6.800e-03 1.752e-01 6.328e-01 0
20180923.500 2458385.000 2458384.965563 0.2676 1361.1509 6.125e-01 6.800e-03 5.691e-02 6.152e-01 1351.8839 6.083e-01 6.800e-03 1.982e-01 6.398e-01 0
20180924.500 2458386.000 2458385.942022 0.2668 1361.1187 6.125e-01 6.800e-03 5.370e-02 6.149e-01 1352.5941 6.087e-01 6.800e-03 2.199e-01 6.472e-01 0
20180925.500 2458387.000 2458387.079622 0.1638 1361.1239 6.125e-01 6.800e-03 4.452e-02 6.141e-01 1353.4638 6.091e-01 6.800e-03 1.382e-01 6.245e-01 0
20180926.500 2458388.000 2458387.894928 0.0089 1361.1639 6.125e-01 6.800e-03 3.195e-02 6.134e-01 1354.1229 6.094e-01 6.800e-03 3.382e-02 6.103e-01 0
20180927.500 2458389.000 2458389.000568 0.1667 1361.1235 6.125e-01 6.800e-03 6.401e-02 6.158e-01 1354.9220 6.097e-01 6.800e-03 1.697e-01 6.329e-01 0
20180928.500 2458390.000 2458390.043177 0.1664 1361.1559 6.125e-01 6.800e-03 5.021e-02 6.146e-01 1355.7450 6.101e-01 6.800e-03 1.289e-01 6.235e-01 0
20180929.500 2458391.000 2458390.920988 0.2678 1361.1820 6.125e-01 6.800e-03 5.302e-02 6.148e-01 1356.4365 6.104e-01 6.800e-03 2.186e-01 6.483e-01 0
20180930.500 2458392.000 2458391.799558 0.1666 1361.1737 6.125e-01 6.800e-03 4.061e-02 6.139e-01 1357.0942 6.107e-01 6.800e-03 1.386e-01 6.262e-01 0
20181001.500 2458393.000 2458393.052582 0.2495 1361.1602 6.125e-01 6.800e-03 4.696e-02 6.143e-01 1358.0310 6.111e-01 6.800e-03 1.943e-01 6.413e-01 0
20181002.500 2458394.000 2458393.962858 0.2713 1361.1835 6.125e-01 6.800e-03 4.406e-02 6.141e-01 1358.7456 6.114e-01 6.800e-03 2.034e-01 6.444e-01 0
20181003.500 2458395.000 2458394.990073 0.2667 1361.1762 6.125e-01 6.800e-03 4.384e-02 6.141e-01 1359.5200 6.118e-01 6.800e-03 2.073e-01 6.460e-01 0
20181004.500 2458396.000 2458395.965760 0.2667 1361.1790 6.125e-01 6.800e-03 5.755e-02 6.152e-01 1360.2677 6.121e-01 6.800e-03 2.387e-01 6.570e-01 0
20181005.500 2458397.000 2458396.780806 0.1638 1361.1871 6.125e-01 6.800e-03 5.727e-02 6.152e-01 1360.9001 6.124e-01 6.800e-03 1.542e-01 6.315e-01 0
20181006.500 2458398.000 2458398.000000 0.0000    0.0000 0.000e+00 0.000e+00 0.000e+00 0.000e+00    0.0000 0.000e+00 0.000e+00 0.000e+00 0.000e+00 0
20181007.500 2458399.000 2458399.000000 0.0000    0.0000 0.000e+00 0.000e+00 0.000e+00 0.000e+00    0.0000 0.000e+00 0.000e+00 0.000e+00 0.000e+00 0
20181008.500 2458400.000 2458400.000000 0.0000    0.0000 0.000e+00 0.000e+00 0.000e+00 0.000e+00    0.0000 0.000e+00 0.000e+00 0.000e+00 0.000e+00 0
20181009.500 2458401.000 2458401.000000 0.0000    0.0000 0.000e+00 0.000e+00 0.000e+00 0.000e+00    0.0000 0.000e+00 0.000e+00 0.000e+00 0.000e+00 0
20181010.500 2458402.000 2458402.000000 0.0000    0.0000 0.000e+00 0.000e+00 0.000e+00 0.000e+00    0.0000 0.000e+00 0.000e+00 0.000e+00 0.000e+00 0
20181011.500 2458403.000 2458403.000000 0.0000    0.0000 0.000e+00 0.000e+00 0.000e+00 0.000e+00    0.0000 0.000e+00 0.000e+00 0.000e+00 0.000e+00 0
20181012.500 2458404.000 2458404.000000 0.0000    0.0000 0.000e+00 0.000e+00 0.000e+00 0.000e+00    0.0000 0.000e+00 0.000e+00 0.000e+00 0.000e+00 0
20181013.500 2458405.000 2458405.000000 0.0000    0.0000 0.000e+00 0.000e+00 0.000e+00 0.000e+00    0.0000 0.000e+00 0.000e+00 0.000e+00 0.000e+00 0
20181014.500 2458406.000 2458406.000000 0.0000    0.0000 0.000e+00 0.000e+00 0.000e+00 0.000e+00    0.0000 0.000e+00 0.000e+00 0.000e+00 0.000e+00 0
20181015.500 2458407.000 2458407.000000 0.0000    0.0000 0.000e+00 0.000e+00 0.000e+00 0.000e+00    0.0000 0.000e+00 0.000e+00 0.000e+00 0.000e+00 0
20181016.500 2458408.000 2458408.000000 0.0000    0.0000 0.000e+00 0.000e+00 0.000e+00 0.000e+00    0.0000 0.000e+00 0.000e+00 0.000e+00 0.000e+00 0
20181017.500 2458409.000 2458409.000000 0.0000    0.0000 0.000e+00 0.000e+00 0.000e+00 0.000e+00    0.0000 0.000e+00 0.000e+00 0.000e+00 0.000e+00 0
20181018.500 2458410.000 2458410.000000 0.0000    0.0000 0.000e+00 0.000e+00 0.000e+00 0.000e+00    0.0000 0.000e+00 0.000e+00 0.000e+00 0.000e+00 0
20181019.500 2458411.000 2458411.000000 0.0000    0.0000 0.000e+00 0.000e+00 0.000e+00 0.000e+00    0.0000 0.000e+00 0.000e+00 0.000e+00 0.000e+00 0
20181020.500 2458412.000 2458412.000000 0.0000    0.0000 0.000e+00 0.000e+00 0.000e+00 0.000e+00    0.0000 0.000e+00 0.000e+00 0.000e+00 0.000e+00 0
20181021.500 2458413.000 2458413.000000 0.0000    0.0000 0.000e+00 0.000e+00 0.000e+00 0.000e+00    0.0000 0.000e+00 0.000e+00 0.000e+00 0.000e+00 0
20181022.500 2458414.000 2458414.000000 0.0000    0.0000 0.000e+00 0.000e+00 0.000e+00 0.000e+00    0.0000 0.000e+00 0.000e+00 0.000e+00 0.000e+00 0
20181023.500 2458415.000 2458415.000000 0.0000    0.0000 0.000e+00 0.000e+00 0.000e+00 0.000e+00    0.0000 0.000e+00 0.000e+00 0.000e+00 0.000e+00 0
20181024.500 2458416.000 2458416.000000 0.0000    0.0000 0.000e+00 0.000e+00 0.000e+00 0.000e+00    0.0000 0.000e+00 0.000e+00 0.000e+00 0.000e+00 0
20181025.500 2458417.000 2458417.000000 0.0000    0.0000 0.000e+00 0.000e+00 0.000e+00 0.000e+00    0.0000 0.000e+00 0.000e+00 0.000e+00 0.000e+00 0
20181026.500 2458418.000 2458418.000000 0.0000    0.0000 0.000e+00 0.000e+00 0.000e+00 0.000e+00    0.0000 0.000e+00 0.000e+00 0.000e+00 0.000e+00 0
20181027.500 2458419.000 2458419.000000 0.0000    0.0000 0.000e+00 0.000e+00 0.000e+00 0.000e+00    0.0000 0.000e+00 0.000e+00 0.000e+00 0.000e+00 0
20181028.500 2458420.000 2458420.000000 0.0000    0.0000 0.000e+00 0.000e+00 0.000e+00 0.000e+00    0.0000 0.000e+00 0.000e+00 0.000e+00 0.000e+00 0
20181029.500 2458421.000 2458421.000000 0.0000    0.0000 0.000e+00 0.000e+00 0.000e+00 0.000e+00    0.0000 0.000e+00 0.000e+00 0.000e+00 0.000e+00 0
20181030.500 2458422.000 2458422.000000 0.0000    0.0000 0.000e+00 0.000e+00 0.000e+00 0.000e+00    0.0000 0.000e+00 0.000e+00 0.000e+00 0.000e+00 0
20181031.500 2458423.000 2458423.000000 0.0000    0.0000 0.000e+00 0.000e+00 0.000e+00 0.000e+00    0.0000 0.000e+00 0.000e+00 0.000e+00 0.000e+00 0
20181101.500 2458424.000 2458424.000000 0.0000    0.0000 0.000e+00 0.000e+00 0.000e+00 0.000e+00    0.0000 0.000e+00 0.000e+00 0.000e+00 0.000e+00 0
20181102.500 2458425.000 2458425.000000 0.0000    0.0000 0.000e+00 0.000e+00 0.000e+00 0.000e+00    0.0000 0.000e+00 0.000e+00 0.000e+00 0.000e+00 0
20181103.500 2458426.000 2458426.000000 0.0000    0.0000 0.000e+00 0.000e+00 0.000e+00 0.000e+00    0.0000 0.000e+00 0.000e+00 0.000e+00 0.000e+00 0
20181104.500 2458427.000 2458427.000000 0.0000    0.0000 0.000e+00 0.000e+00 0.000e+00 0.000e+00    0.0000 0.000e+00 0.000e+00 0.000e+00 0.000e+00 0
20181105.500 2458428.000 2458428.000000 0.0000    0.0000 0.000e+00 0.000e+00 0.000e+00 0.000e+00    0.0000 0.000e+00 0.000e+00 0.000e+00 0.000e+00 0
20181106.500 2458429.000 2458429.000000 0.0000    0.0000 0.000e+00 0.000e+00 0.000e+00 0.000e+00    0.0000 0.000e+00 0.000e+00 0.000e+00 0.000e+00 0
20181107.500 2458430.000 2458430.000000 0.0000    0.0000 0.000e+00 0.000e+00 0.000e+00 0.000e+00    0.0000 0.000e+00 0.000e+00 0.000e+00 0.000e+00 0
20181108.500 2458431.000 2458431.000000 0.0000    0.0000 0.000e+00 0.000e+00 0.000e+00 0.000e+00    0.0000 0.000e+00 0.000e+00 0.000e+00 0.000e+00 0
20181109.500 2458432.000 2458432.000000 0.0000    0.0000 0.000e+00 0.000e+00 0.000e+00 0.000e+00    0.0000 0.000e+00 0.000e+00 0.000e+00 0.000e+00 0
20181110.500 2458433.000 2458433.000000 0.0000    0.0000 0.000e+00 0.000e+00 0.000e+00 0.000e+00    0.0000 0.000e+00 0.000e+00 0.000e+00 0.000e+00 0
20181111.500 2458434.000 2458434.000000 0.0000    0.0000 0.000e+00 0.000e+00 0.000e+00 0.000e+00    0.0000 0.000e+00 0.000e+00 0.000e+00 0.000e+00 0
20181112.500 2458435.000 2458435.000000 0.0000    0.0000 0.000e+00 0.000e+00 0.000e+00 0.000e+00    0.0000 0.000e+00 0.000e+00 0.000e+00 0.000e+00 0
20181113.500 2458436.000 2458436.000000 0.0000    0.0000 0.000e+00 0.000e+00 0.000e+00 0.000e+00    0.0000 0.000e+00 0.000e+00 0.000e+00 0.000e+00 0
20181114.500 2458437.000 2458437.000000 0.0000    0.0000 0.000e+00 0.000e+00 0.000e+00 0.000e+00    0.0000 0.000e+00 0.000e+00 0.000e+00 0.000e+00 0
20181115.500 2458438.000 2458438.000000 0.0000    0.0000 0.000e+00 0.000e+00 0.000e+00 0.000e+00    0.0000 0.000e+00 0.000e+00 0.000e+00 0.000e+00 0
20181116.500 2458439.000 2458439.000000 0.0000    0.0000 0.000e+00 0.000e+00 0.000e+00 0.000e+00    0.0000 0.000e+00 0.000e+00 0.000e+00 0.000e+00 0
20181117.500 2458440.000 2458440.000000 0.0000    0.0000 0.000e+00 0.000e+00 0.000e+00 0.000e+00    0.0000 0.000e+00 0.000e+00 0.000e+00 0.000e+00 0
20181118.500 2458441.000 2458441.000000 0.0000    0.0000 0.000e+00 0.000e+00 0.000e+00 0.000e+00    0.0000 0.000e+00 0.000e+00 0.000e+00 0.000e+00 0
20181119.500 2458442.000 2458442.000000 0.0000    0.0000 0.000e+00 0.000e+00 0.000e+00 0.000e+00    0.0000 0.000e+00 0.000e+00 0.000e+00 0.000e+00 0
20181120.500 2458443.000 2458443.000000 0.0000    0.0000 0.000e+00 0.000e+00 0.000e+00 0.000e+00    0.0000 0.000e+00 0.000e+00 0.000e+00 0.000e+00 0
20181121.500 2458444.000 2458444.000000 0.0000    0.0000 0.000e+00 0.000e+00 0.000e+00 0.000e+00    0.0000 0.000e+00 0.000e+00 0.000e+00 0.000e+00 0
20181122.500 2458445.000 2458445.000000 0.0000    0.0000 0.000e+00 0.000e+00 0.000e+00 0.000e+00    0.0000 0.000e+00 0.000e+00 0.000e+00 0.000e+00 0
20181123.500 2458446.000 2458446.000000 0.0000    0.0000 0.000e+00 0.000e+00 0.000e+00 0.000e+00    0.0000 0.000e+00 0.000e+00 0.000e+00 0.000e+00 0
20181124.500 2458447.000 2458447.000000 0.0000    0.0000 0.000e+00 0.000e+00 0.000e+00 0.000e+00    0.0000 0.000e+00 0.000e+00 0.000e+00 0.000e+00 0
20181125.500 2458448.000 2458448.000000 0.0000    0.0000 0.000e+00 0.000e+00 0.000e+00 0.000e+00    0.0000 0.000e+00 0.000e+00 0.000e+00 0.000e+00 0
20181126.500 2458449.000 2458449.000000 0.0000    0.0000 0.000e+00 0.000e+00 0.000e+00 0.000e+00    0.0000 0.000e+00 0.000e+00 0.000e+00 0.000e+00 0
20181127.500 2458450.000 2458450.000000 0.0000    0.0000 0.000e+00 0.000e+00 0.000e+00 0.000e+00    0.0000 0.000e+00 0.000e+00 0.000e+00 0.000e+00 0
20181128.500 2458451.000 2458451.000000 0.0000    0.0000 0.000e+00 0.000e+00 0.000e+00 0.000e+00    0.0000 0.000e+00 0.000e+00 0.000e+00 0.000e+00 0
20181129.500 2458452.000 2458452.000000 0.0000    0.0000 0.000e+00 0.000e+00 0.000e+00 0.000e+00    0.0000 0.000e+00 0.000e+00 0.000e+00 0.000e+00 0
20181130.500 2458453.000 2458453.000000 0.0000    0.0000 0.000e+00 0.000e+00 0.000e+00 0.000e+00    0.0000 0.000e+00 0.000e+00 0.000e+00 0.000e+00 0
20181201.500 2458454.000 2458454.000000 0.0000    0.0000 0.000e+00 0.000e+00 0.000e+00 0.000e+00    0.0000 0.000e+00 0.000e+00 0.000e+00 0.000e+00 0
20181202.500 2458455.000 2458455.000000 0.0000    0.0000 0.000e+00 0.000e+00 0.000e+00 0.000e+00    0.0000 0.000e+00 0.000e+00 0.000e+00 0.000e+00 0
20181203.500 2458456.000 2458456.000000 0.0000    0.0000 0.000e+00 0.000e+00 0.000e+00 0.000e+00    0.0000 0.000e+00 0.000e+00 0.000e+00 0.000e+00 0
20181204.500 2458457.000 2458457.000000 0.0000    0.0000 0.000e+00 0.000e+00 0.000e+00 0.000e+00    0.0000 0.000e+00 0.000e+00 0.000e+00 0.000e+00 0
20181205.500 2458458.000 2458458.000000 0.0000    0.0000 0.000e+00 0.000e+00 0.000e+00 0.000e+00    0.0000 0.000e+00 0.000e+00 0.000e+00 0.000e+00 0
20181206.500 2458459.000 2458459.000000 0.0000    0.0000 0.000e+00 0.000e+00 0.000e+00 0.000e+00    0.0000 0.000e+00 0.000e+00 0.000e+00 0.000e+00 0
20181207.500 2458460.000 2458460.000000 0.0000    0.0000 0.000e+00 0.000e+00 0.000e+00 0.000e+00    0.0000 0.000e+00 0.000e+00 0.000e+00 0.000e+00 0
20181208.500 2458461.000 2458461.000000 0.0000    0.0000 0.000e+00 0.000e+00 0.000e+00 0.000e+00    0.0000 0.000e+00 0.000e+00 0.000e+00 0.000e+00 0
20181209.500 2458462.000 2458462.000000 0.0000    0.0000 0.000e+00 0.000e+00 0.000e+00 0.000e+00    0.0000 0.000e+00 0.000e+00 0.000e+00 0.000e+00 0
20181210.500 2458463.000 2458463.000000 0.0000    0.0000 0.000e+00 0.000e+00 0.000e+00 0.000e+00    0.0000 0.000e+00 0.000e+00 0.000e+00 0.000e+00 0
20181211.500 2458464.000 2458464.000000 0.0000    0.0000 0.000e+00 0.000e+00 0.000e+00 0.000e+00    0.0000 0.000e+00 0.000e+00 0.000e+00 0.000e+00 0
20181212.500 2458465.000 2458465.000000 0.0000    0.0000 0.000e+00 0.000e+00 0.000e+00 0.000e+00    0.0000 0.000e+00 0.000e+00 0.000e+00 0.000e+00 0
20181213.500 2458466.000 2458466.000000 0.0000    0.0000 0.000e+00 0.000e+00 0.000e+00 0.000e+00    0.0000 0.000e+00 0.000e+00 0.000e+00 0.000e+00 0
20181214.500 2458467.000 2458467.000000 0.0000    0.0000 0.000e+00 0.000e+00 0.000e+00 0.000e+00    0.0000 0.000e+00 0.000e+00 0.000e+00 0.000e+00 0
20181215.500 2458468.000 2458468.000000 0.0000    0.0000 0.000e+00 0.000e+00 0.000e+00 0.000e+00    0.0000 0.000e+00 0.000e+00 0.000e+00 0.000e+00 0
20181216.500 2458469.000 2458469.000000 0.0000    0.0000 0.000e+00 0.000e+00 0.000e+00 0.000e+00    0.0000 0.000e+00 0.000e+00 0.000e+00 0.000e+00 0
20181217.500 2458470.000 2458470.000000 0.0000    0.0000 0.000e+00 0.000e+00 0.000e+00 0.000e+00    0.0000 0.000e+00 0.000e+00 0.000e+00 0.000e+00 0
20181218.500 2458471.000 2458471.000000 0.0000    0.0000 0.000e+00 0.000e+00 0.000e+00 0.000e+00    0.0000 0.000e+00 0.000e+00 0.000e+00 0.000e+00 0
20181219.500 2458472.000 2458472.000000 0.0000    0.0000 0.000e+00 0.000e+00 0.000e+00 0.000e+00    0.0000 0.000e+00 0.000e+00 0.000e+00 0.000e+00 0
20181220.500 2458473.000 2458473.000000 0.0000    0.0000 0.000e+00 0.000e+00 0.000e+00 0.000e+00    0.0000 0.000e+00 0.000e+00 0.000e+00 0.000e+00 0
20181221.500 2458474.000 2458474.000000 0.0000    0.0000 0.000e+00 0.000e+00 0.000e+00 0.000e+00    0.0000 0.000e+00 0.000e+00 0.000e+00 0.000e+00 0
20181222.500 2458475.000 2458475.000000 0.0000    0.0000 0.000e+00 0.000e+00 0.000e+00 0.000e+00    0.0000 0.000e+00 0.000e+00 0.000e+00 0.000e+00 0
20181223.500 2458476.000 2458476.000000 0.0000    0.0000 0.000e+00 0.000e+00 0.000e+00 0.000e+00    0.0000 0.000e+00 0.000e+00 0.000e+00 0.000e+00 0
20181224.500 2458477.000 2458477.000000 0.0000    0.0000 0.000e+00 0.000e+00 0.000e+00 0.000e+00    0.0000 0.000e+00 0.000e+00 0.000e+00 0.000e+00 0
20181225.500 2458478.000 2458478.000000 0.0000    0.0000 0.000e+00 0.000e+00 0.000e+00 0.000e+00    0.0000 0.000e+00 0.000e+00 0.000e+00 0.000e+00 0
20181226.500 2458479.000 2458479.000000 0.0000    0.0000 0.000e+00 0.000e+00 0.000e+00 0.000e+00    0.0000 0.000e+00 0.000e+00 0.000e+00 0.000e+00 0
20181227.500 2458480.000 2458480.000000 0.0000    0.0000 0.000e+00 0.000e+00 0.000e+00 0.000e+00    0.0000 0.000e+00 0.000e+00 0.000e+00 0.000e+00 0
20181228.500 2458481.000 2458481.000000 0.0000    0.0000 0.000e+00 0.000e+00 0.000e+00 0.000e+00    0.0000 0.000e+00 0.000e+00 0.000e+00 0.000e+00 0
20181229.500 2458482.000 2458482.000000 0.0000    0.0000 0.000e+00 0.000e+00 0.000e+00 0.000e+00    0.0000 0.000e+00 0.000e+00 0.000e+00 0.000e+00 0
20181230.500 2458483.000 2458483.000000 0.0000    0.0000 0.000e+00 0.000e+00 0.000e+00 0.000e+00    0.0000 0.000e+00 0.000e+00 0.000e+00 0.000e+00 0
20181231.500 2458484.000 2458484.000000 0.0000    0.0000 0.000e+00 0.000e+00 0.000e+00 0.000e+00    0.0000 0.000e+00 0.000e+00 0.000e+00 0.000e+00 0
20190101.500 2458485.000 2458485.000000 0.0000    0.0000 0.000e+00 0.000e+00 0.000e+00 0.000e+00    0.0000 0.000e+00 0.000e+00 0.000e+00 0.000e+00 0
20190102.500 2458486.000 2458486.000000 0.0000    0.0000 0.000e+00 0.000e+00 0.000e+00 0.000e+00    0.0000 0.000e+00 0.000e+00 0.000e+00 0.000e+00 0
20190103.500 2458487.000 2458487.000000 0.0000    0.0000 0.000e+00 0.000e+00 0.000e+00 0.000e+00    0.0000 0.000e+00 0.000e+00 0.000e+00 0.000e+00 0
20190104.500 2458488.000 2458488.000000 0.0000    0.0000 0.000e+00 0.000e+00 0.000e+00 0.000e+00    0.0000 0.000e+00 0.000e+00 0.000e+00 0.000e+00 0
20190105.500 2458489.000 2458489.000000 0.0000    0.0000 0.000e+00 0.000e+00 0.000e+00 0.000e+00    0.0000 0.000e+00 0.000e+00 0.000e+00 0.000e+00 0
20190106.500 2458490.000 2458490.000000 0.0000    0.0000 0.000e+00 0.000e+00 0.000e+00 0.000e+00    0.0000 0.000e+00 0.000e+00 0.000e+00 0.000e+00 0
20190107.500 2458491.000 2458491.000000 0.0000    0.0000 0.000e+00 0.000e+00 0.000e+00 0.000e+00    0.0000 0.000e+00 0.000e+00 0.000e+00 0.000e+00 0
20190108.500 2458492.000 2458492.000000 0.0000    0.0000 0.000e+00 0.000e+00 0.000e+00 0.000e+00    0.0000 0.000e+00 0.000e+00 0.000e+00 0.000e+00 0
20190109.500 2458493.000 2458493.000000 0.0000    0.0000 0.000e+00 0.000e+00 0.000e+00 0.000e+00    0.0000 0.000e+00 0.000e+00 0.000e+00 0.000e+00 0
20190110.500 2458494.000 2458494.000000 0.0000    0.0000 0.000e+00 0.000e+00 0.000e+00 0.000e+00    0.0000 0.000e+00 0.000e+00 0.000e+00 0.000e+00 0
20190111.500 2458495.000 2458495.000000 0.0000    0.0000 0.000e+00 0.000e+00 0.000e+00 0.000e+00    0.0000 0.000e+00 0.000e+00 0.000e+00 0.000e+00 0
20190112.500 2458496.000 2458496.000000 0.0000    0.0000 0.000e+00 0.000e+00 0.000e+00 0.000e+00    0.0000 0.000e+00 0.000e+00 0.000e+00 0.000e+00 0
20190113.500 2458497.000 2458497.000000 0.0000    0.0000 0.000e+00 0.000e+00 0.000e+00 0.000e+00    0.0000 0.000e+00 0.000e+00 0.000e+00 0.000e+00 0
20190114.500 2458498.000 2458498.000000 0.0000    0.0000 0.000e+00 0.000e+00 0.000e+00 0.000e+00    0.0000 0.000e+00 0.000e+00 0.000e+00 0.000e+00 0
20190115.500 2458499.000 2458499.000000 0.0000    0.0000 0.000e+00 0.000e+00 0.000e+00 0.000e+00    0.0000 0.000e+00 0.000e+00 0.000e+00 0.000e+00 0
20190116.500 2458500.000 2458500.000000 0.0000    0.0000 0.000e+00 0.000e+00 0.000e+00 0.000e+00    0.0000 0.000e+00 0.000e+00 0.000e+00 0.000e+00 0
20190117.500 2458501.000 2458501.000000 0.0000    0.0000 0.000e+00 0.000e+00 0.000e+00 0.000e+00    0.0000 0.000e+00 0.000e+00 0.000e+00 0.000e+00 0
20190118.500 2458502.000 2458502.000000 0.0000    0.0000 0.000e+00 0.000e+00 0.000e+00 0.000e+00    0.0000 0.000e+00 0.000e+00 0.000e+00 0.000e+00 0
20190119.500 2458503.000 2458503.000000 0.0000    0.0000 0.000e+00 0.000e+00 0.000e+00 0.000e+00    0.0000 0.000e+00 0.000e+00 0.000e+00 0.000e+00 0
20190120.500 2458504.000 2458504.000000 0.0000    0.0000 0.000e+00 0.000e+00 0.000e+00 0.000e+00    0.0000 0.000e+00 0.000e+00 0.000e+00 0.000e+00 0
20190121.500 2458505.000 2458505.000000 0.0000    0.0000 0.000e+00 0.000e+00 0.000e+00 0.000e+00    0.0000 0.000e+00 0.000e+00 0.000e+00 0.000e+00 0
20190122.500 2458506.000 2458506.000000 0.0000    0.0000 0.000e+00 0.000e+00 0.000e+00 0.000e+00    0.0000 0.000e+00 0.000e+00 0.000e+00 0.000e+00 0
20190123.500 2458507.000 2458507.000000 0.0000    0.0000 0.000e+00 0.000e+00 0.000e+00 0.000e+00    0.0000 0.000e+00 0.000e+00 0.000e+00 0.000e+00 0
20190124.500 2458508.000 2458508.000000 0.0000    0.0000 0.000e+00 0.000e+00 0.000e+00 0.000e+00    0.0000 0.000e+00 0.000e+00 0.000e+00 0.000e+00 0
20190125.500 2458509.000 2458509.000000 0.0000    0.0000 0.000e+00 0.000e+00 0.000e+00 0.000e+00    0.0000 0.000e+00 0.000e+00 0.000e+00 0.000e+00 0
20190126.500 2458510.000 2458510.000000 0.0000    0.0000 0.000e+00 0.000e+00 0.000e+00 0.000e+00    0.0000 0.000e+00 0.000e+00 0.000e+00 0.000e+00 0
20190127.500 2458511.000 2458511.000000 0.0000    0.0000 0.000e+00 0.000e+00 0.000e+00 0.000e+00    0.0000 0.000e+00 0.000e+00 0.000e+00 0.000e+00 0
20190128.500 2458512.000 2458512.000000 0.0000    0.0000 0.000e+00 0.000e+00 0.000e+00 0.000e+00    0.0000 0.000e+00 0.000e+00 0.000e+00 0.000e+00 0
20190129.500 2458513.000 2458513.000000 0.0000    0.0000 0.000e+00 0.000e+00 0.000e+00 0.000e+00    0.0000 0.000e+00 0.000e+00 0.000e+00 0.000e+00 0
20190130.500 2458514.000 2458514.000000 0.0000    0.0000 0.000e+00 0.000e+00 0.000e+00 0.000e+00    0.0000 0.000e+00 0.000e+00 0.000e+00 0.000e+00 0
20190131.500 2458515.000 2458515.000000 0.0000    0.0000 0.000e+00 0.000e+00 0.000e+00 0.000e+00    0.0000 0.000e+00 0.000e+00 0.000e+00 0.000e+00 0
20190201.500 2458516.000 2458516.000000 0.0000    0.0000 0.000e+00 0.000e+00 0.000e+00 0.000e+00    0.0000 0.000e+00 0.000e+00 0.000e+00 0.000e+00 0
20190202.500 2458517.000 2458516.950353 0.2668 1361.1833 6.125e-01 6.800e-03 6.198e-02 6.157e-01 1401.5836 6.307e-01 6.800e-03 1.457e-01 6.473e-01 0
20190203.500 2458518.000 2458517.829011 0.1636 1361.1416 6.125e-01 6.800e-03 5.888e-02 6.153e-01 1401.1698 6.305e-01 6.800e-03 3.661e-02 6.316e-01 0
20190204.500 2458519.000 2458518.969733 0.2671 1361.1590 6.125e-01 6.800e-03 6.382e-02 6.158e-01 1400.6957 6.303e-01 6.800e-03 1.536e-01 6.488e-01 0
20190205.500 2458520.000 2458520.106483 0.1636 1361.1526 6.125e-01 6.800e-03 5.028e-02 6.146e-01 1400.1881 6.301e-01 6.800e-03 8.303e-02 6.355e-01 0
20190206.500 2458521.000 2458520.984659 0.2665 1361.1594 6.125e-01 6.800e-03 4.776e-02 6.144e-01 1399.8002 6.299e-01 6.800e-03 1.287e-01 6.429e-01 0
20190207.500 2458522.000 2458522.123539 0.1636 1361.1454 6.125e-01 6.800e-03 3.183e-02 6.133e-01 1399.2645 6.297e-01 6.800e-03 7.934e-02 6.346e-01 0
20190208.500 2458523.000 2458522.936612 0.2665 1361.1359 6.125e-01 6.800e-03 7.636e-02 6.173e-01 1398.8755 6.295e-01 6.800e-03 8.816e-02 6.356e-01 0
20190209.500 2458524.000 2458523.964660 0.2642 1361.1430 6.125e-01 6.800e-03 4.619e-02 6.143e-01 1398.3953 6.293e-01 6.800e-03 1.312e-01 6.428e-01 0
20190210.500 2458525.000 2458524.954826 0.2666 1361.1387 6.125e-01 6.800e-03 4.505e-02 6.142e-01 1397.9124 6.291e-01 6.800e-03 1.287e-01 6.421e-01 0
20190211.500 2458526.000 2458525.996196 0.2667 1361.1465 6.125e-01 6.800e-03 5.168e-02 6.147e-01 1397.4074 6.288e-01 6.800e-03 1.221e-01 6.406e-01 0
20190212.500 2458527.000 2458526.971883 0.2667 1361.1707 6.125e-01 6.800e-03 5.263e-02 6.148e-01 1396.9420 6.286e-01 6.800e-03 1.274e-01 6.414e-01 0
20190213.500 2458528.000 2458527.979977 0.3598 1361.1617 6.125e-01 6.800e-03 4.622e-02 6.143e-01 1396.4156 6.284e-01 6.800e-03 1.937e-01 6.576e-01 0
20190214.500 2458529.000 2458529.025952 0.2544 1361.2088 6.125e-01 6.800e-03 4.230e-02 6.140e-01 1395.9163 6.282e-01 6.800e-03 1.403e-01 6.436e-01 0
20190215.500 2458530.000 2458529.932990 0.2683 1361.1941 6.125e-01 6.800e-03 6.602e-02 6.161e-01 1395.4156 6.279e-01 6.800e-03 1.451e-01 6.445e-01 0
20190216.500 2458531.000 2458530.920072 0.2640 1361.2071 6.125e-01 6.800e-03 4.907e-02 6.145e-01 1394.8890 6.277e-01 6.800e-03 1.479e-01 6.449e-01 0
20190217.500 2458532.000 2458531.946372 0.2681 1361.2171 6.125e-01 6.800e-03 5.232e-02 6.148e-01 1394.3245 6.274e-01 6.800e-03 1.604e-01 6.476e-01 0
20190218.500 2458533.000 2458532.922349 0.2684 1361.2094 6.125e-01 6.800e-03 5.256e-02 6.148e-01 1393.7567 6.272e-01 6.800e-03 1.708e-01 6.500e-01 0
20190219.500 2458534.000 2458533.963484 0.2680 1361.2127 6.125e-01 6.800e-03 5.133e-02 6.147e-01 1393.1482 6.269e-01 6.800e-03 1.691e-01 6.493e-01 0
20190220.500 2458535.000 2458534.776791 0.1669 1361.1915 6.125e-01 6.800e-03 5.077e-02 6.146e-01 1392.6384 6.267e-01 6.800e-03 1.214e-01 6.383e-01 0
20190221.500 2458536.000 2458535.948176 0.2668 1361.2127 6.125e-01 6.800e-03 4.463e-02 6.142e-01 1391.9407 6.264e-01 6.800e-03 1.596e-01 6.464e-01 0
20190222.500 2458537.000 2458536.989449 0.2665 1361.1934 6.125e-01 6.800e-03 7.229e-02 6.168e-01 1391.2667 6.261e-01 6.800e-03 1.376e-01 6.410e-01 0
20190223.500 2458538.000 2458537.965715 0.2665 1361.2075 6.125e-01 6.800e-03 6.149e-02 6.156e-01 1390.6559 6.258e-01 6.800e-03 1.546e-01 6.446e-01 0
20190224.500 2458539.000 2458539.267210 0.0089 1361.2118 6.125e-01 6.800e-03 3.265e-02 6.134e-01 1389.8113 6.254e-01 6.800e-03 3.061e-02 6.262e-01 0
20190225.500 2458540.000 2458539.983254 0.2668 1361.2009 6.125e-01 6.800e-03 4.376e-02 6.141e-01 1389.3254 6.252e-01 6.800e-03 1.760e-01 6.495e-01 0
20190226.500 2458541.000 2458540.796712 0.1636 1361.1905 6.125e-01 6.800e-03 5.500e-02 6.150e-01 1388.7707 6.249e-01 6.800e-03 1.268e-01 6.377e-01 0
20190227.500 2458542.000 2458541.902059 0.2684 1361.1473 6.125e-01 6.800e-03 4.114e-02 6.139e-01 1387.9786 6.246e-01 6.800e-03 1.926e-01 6.536e-01 0
20190228.500 2458543.000 2458543.114255 0.1653 1361.1366 6.125e-01 6.800e-03 4.880e-02 6.145e-01 1387.1381 6.242e-01 6.800e-03 1.382e-01 6.393e-01 0
20190301.500 2458544.000 2458543.920480 0.2678 1361.0717 6.125e-01 6.800e-03 4.758e-02 6.143e-01 1386.5153 6.239e-01 6.800e-03 1.800e-01 6.494e-01 0
20190302.500 2458545.000 2458544.961560 0.2678 1361.1088 6.125e-01 6.800e-03 5.234e-02 6.147e-01 1385.8294 6.236e-01 6.800e-03 1.926e-01 6.527e-01 0
20190303.500 2458546.000 2458545.774118 0.1667 1361.1499 6.125e-01 6.800e-03 5.097e-02 6.146e-01 1385.3031 6.234e-01 6.800e-03 1.103e-01 6.331e-01 0
20190304.500 2458547.000 2458547.240520 0.0335 1361.1481 6.125e-01 6.800e-03 5.112e-02 6.146e-01 1384.2696 6.229e-01 6.800e-03 5.890e-02 6.257e-01 0
20190305.500 2458548.000 2458547.988943 0.2560 1361.1396 6.125e-01 6.800e-03 5.167e-02 6.147e-01 1383.7316 6.227e-01 6.800e-03 2.086e-01 6.567e-01 0
20190306.500 2458549.000 2458548.950652 0.2703 1361.1136 6.125e-01 6.800e-03 5.028e-02 6.146e-01 1383.0228 6.224e-01 6.800e-03 1.721e-01 6.457e-01 0
20190307.500 2458550.000 2458549.940442 0.2667 1361.1373 6.125e-01 6.800e-03 5.982e-02 6.154e-01 1382.3422 6.221e-01 6.800e-03 1.781e-01 6.470e-01 0
20190308.500 2458551.000 2458551.143848 0.1637 1361.1185 6.125e-01 6.800e-03 6.762e-02 6.162e-01 1381.4633 6.217e-01 6.800e-03 6.780e-02 6.253e-01 0
20190309.500 2458552.000 2458551.956920 0.2666 1361.1828 6.125e-01 6.800e-03 4.217e-02 6.140e-01 1380.9458 6.214e-01 6.800e-03 1.900e-01 6.498e-01 0
20190310.500 2458553.000 2458552.993237 0.2678 1361.1447 6.125e-01 6.800e-03 5.506e-02 6.150e-01 1380.1621 6.211e-01 6.800e-03 1.934e-01 6.505e-01 0
20190311.500 2458554.000 2458554.134277 0.1636 1361.1596 6.125e-01 6.800e-03 4.435e-02 6.141e-01 1379.3543 6.207e-01 6.800e-03 1.499e-01 6.386e-01 0
20190312.500 2458555.000 2458555.045150 0.1636 1361.1676 6.125e-01 6.800e-03 3.093e-02 6.133e-01 1378.7028 6.204e-01 6.800e-03 1.276e-01 6.334e-01 0
20190313.500 2458556.000 2458555.988430 0.2665 1361.1689 6.125e-01 6.800e-03 4.325e-02 6.141e-01 1378.0185 6.201e-01 6.800e-03 2.036e-01 6.527e-01 0
20190314.500 2458557.000 2458556.962443 0.2662 1361.2086 6.125e-01 6.800e-03 4.619e-02 6.143e-01 1377.3474 6.198e-01 6.800e-03 1.692e-01 6.425e-01 0
20190315.500 2458558.000 2458557.942552 0.2671 1361.1722 6.125e-01 6.800e-03 5.741e-02 6.152e-01 1376.5910 6.195e-01 6.800e-03 1.730e-01 6.432e-01 0
20190316.500 2458559.000 2458558.981753 0.0089 1361.2356 6.126e-01 6.800e-03 3.579e-02 6.136e-01 1375.8874 6.191e-01 6.800e-03 3.263e-02 6.200e-01 0
20190317.500 2458560.000 2458560.000000 0.0000    0.0000 0.000e+00 0.000e+00 0.000e+00 0.000e+00    0.0000 0.000e+00 0.000e+00 0.000e+00 0.000e+00 0
20190318.500 2458561.000 2458561.000000 0.0000    0.0000 0.000e+00 0.000e+00 0.000e+00 0.000e+00    0.0000 0.000e+00 0.000e+00 0.000e+00 0.000e+00 0
20190319.500 2458562.000 2458562.000000 0.0000    0.0000 0.000e+00 0.000e+00 0.000e+00 0.000e+00    0.0000 0.000e+00 0.000e+00 0.000e+00 0.000e+00 0
20190320.500 2458563.000 2458563.277149 0.0091 1361.1242 6.125e-01 6.800e-03 4.702e-02 6.143e-01 1372.5313 6.176e-01 6.800e-03 5.251e-02 6.199e-01 0
20190321.500 2458564.000 2458563.976719 0.2642 1361.1296 6.125e-01 6.800e-03 5.187e-02 6.147e-01 1371.9963 6.174e-01 6.800e-03 2.410e-01 6.628e-01 0
20190322.500 2458565.000 2458564.971757 0.2662 1361.0793 6.125e-01 6.800e-03 8.391e-02 6.182e-01 1371.1718 6.170e-01 6.800e-03 1.546e-01 6.361e-01 0
20190323.500 2458566.000 2458565.948023 0.2662 1361.2005 6.125e-01 6.800e-03 4.480e-02 6.142e-01 1370.5286 6.167e-01 6.800e-03 2.023e-01 6.491e-01 0
20190324.500 2458567.000 2458567.150082 0.1636 1361.1738 6.125e-01 6.800e-03 8.655e-02 6.186e-01 1369.5528 6.163e-01 6.800e-03 1.940e-01 6.461e-01 0
20190325.500 2458568.000 2458567.963540 0.2668 1361.1539 6.125e-01 6.800e-03 5.068e-02 6.146e-01 1368.8870 6.160e-01 6.800e-03 2.274e-01 6.566e-01 0
20190326.500 2458569.000 2458568.937540 0.2671 1361.1281 6.125e-01 6.800e-03 5.624e-02 6.151e-01 1368.0850 6.156e-01 6.800e-03 2.185e-01 6.533e-01 0
20190327.500 2458570.000 2458569.980790 0.2665 1361.1176 6.125e-01 6.800e-03 4.778e-02 6.144e-01 1367.2407 6.153e-01 6.800e-03 2.251e-01 6.552e-01 0
20190328.500 2458571.000 2458570.954557 0.2671 1361.1261 6.125e-01 6.800e-03 4.232e-02 6.140e-01 1366.4698 6.149e-01 6.800e-03 2.144e-01 6.512e-01 0
20190329.500 2458572.000 2458571.932742 0.2665 1361.0498 6.125e-01 6.800e-03 5.404e-02 6.149e-01 1365.6097 6.145e-01 6.800e-03 1.896e-01 6.431e-01 0
20190330.500 2458573.000 2458572.958495 0.2702 1361.1479 6.125e-01 6.800e-03 4.890e-02 6.145e-01 1364.8870 6.142e-01 6.800e-03 2.226e-01 6.533e-01 0
20190331.500 2458574.000 2458573.950957 0.3271 1361.1560 6.125e-01 6.800e-03 4.536e-02 6.142e-01 1364.1019 6.138e-01 6.800e-03 2.931e-01 6.802e-01 0
20190401.500 2458575.000 2458575.002083 0.2648 1361.1025 6.125e-01 6.800e-03 8.481e-02 6.183e-01 1363.2104 6.134e-01 6.800e-03 1.808e-01 6.395e-01 0
20190402.500 2458576.000 2458575.972223 0.2654 1361.1359 6.125e-01 6.800e-03 6.531e-02 6.160e-01 1362.4732 6.131e-01 6.800e-03 1.701e-01 6.363e-01 0
20190403.500 2458577.000 2458576.942832 0.2666 1361.1195 6.125e-01 6.800e-03 7.011e-02 6.165e-01 1361.6889 6.128e-01 6.800e-03 1.819e-01 6.392e-01 0
20190404.500 2458578.000 2458578.033356 0.2898 1361.1346 6.125e-01 6.800e-03 5.657e-02 6.151e-01 1360.8458 6.124e-01 6.800e-03 2.024e-01 6.450e-01 0
20190405.500 2458579.000 2458578.929245 0.2688 1361.1333 6.125e-01 6.800e-03 6.265e-02 6.157e-01 1360.1433 6.121e-01 6.800e-03 2.036e-01 6.450e-01 0
20190406.500 2458580.000 2458579.900565 0.2681 1361.1534 6.125e-01 6.800e-03 6.950e-02 6.164e-01 1359.4072 6.117e-01 6.800e-03 1.958e-01 6.423e-01 0
20190407.500 2458581.000 2458580.778741 0.1664 1361.1444 6.125e-01 6.800e-03 5.591e-02 6.151e-01 1358.7185 6.114e-01 6.800e-03 1.380e-01 6.268e-01 0
20190408.500 2458582.000 2458581.753973 0.1665 1361.1617 6.125e-01 6.800e-03 7.470e-02 6.171e-01 1357.9855 6.111e-01 6.800e-03 1.214e-01 6.230e-01 0
20190409.500 2458583.000 2458582.990241 0.2665 1361.1449 6.125e-01 6.800e-03 6.582e-02 6.160e-01 1357.0243 6.107e-01 6.800e-03 1.904e-01 6.397e-01 0
20190410.500 2458584.000 2458583.966217 0.2665 1361.0762 6.125e-01 6.800e-03 6.075e-02 6.155e-01 1356.2152 6.103e-01 6.800e-03 2.294e-01 6.520e-01 0
20190411.500 2458585.000 2458584.945379 0.3270 1360.9247 6.124e-01 6.800e-03 6.692e-02 6.161e-01 1355.3254 6.099e-01 6.800e-03 2.027e-01 6.427e-01 0
20190412.500 2458586.000 2458585.985476 0.2662 1360.8614 6.124e-01 6.800e-03 4.137e-02 6.138e-01 1354.4813 6.095e-01 6.800e-03 2.043e-01 6.428e-01 0
20190413.500 2458587.000 2458586.796913 0.1639 1360.7599 6.123e-01 6.800e-03 5.759e-02 6.150e-01 1353.7731 6.092e-01 6.800e-03 9.406e-02 6.164e-01 0
20190414.500 2458588.000 2458587.771830 0.1638 1360.7918 6.124e-01 6.800e-03 7.381e-02 6.168e-01 1353.0776 6.089e-01 6.800e-03 6.658e-02 6.125e-01 0
20190415.500 2458589.000 2458588.977741 0.2676 1360.8314 6.124e-01 6.800e-03 6.097e-02 6.154e-01 1352.2197 6.085e-01 6.800e-03 1.695e-01 6.317e-01 0
20190416.500 2458590.000 2458589.954296 0.2659 1360.9445 6.124e-01 6.800e-03 8.569e-02 6.184e-01 1351.6064 6.082e-01 6.800e-03 1.461e-01 6.255e-01 0
20190417.500 2458591.000 2458590.995954 0.2659 1361.0683 6.125e-01 6.800e-03 7.935e-02 6.176e-01 1350.9557 6.079e-01 6.800e-03 1.626e-01 6.293e-01 0
20190418.500 2458592.000 2458591.972509 0.3271 1361.1532 6.125e-01 6.800e-03 1.023e-01 6.210e-01 1350.3145 6.076e-01 6.800e-03 1.558e-01 6.273e-01 0
20190419.500 2458593.000 2458592.949064 0.2659 1361.1843 6.125e-01 6.800e-03 5.513e-02 6.150e-01 1349.6201 6.073e-01 6.800e-03 2.072e-01 6.417e-01 0
20190420.500 2458594.000 2458593.990626 0.2668 1361.1643 6.125e-01 6.800e-03 4.389e-02 6.141e-01 1348.8267 6.070e-01 6.800e-03 2.121e-01 6.430e-01 0
20190421.500 2458595.000 2458595.127937 0.1638 1361.1143 6.125e-01 6.800e-03 6.784e-02 6.162e-01 1347.9333 6.066e-01 6.800e-03 1.271e-01 6.197e-01 0
20190422.500 2458596.000 2458595.942964 0.2665 1361.1437 6.125e-01 6.800e-03 5.173e-02 6.147e-01 1347.3586 6.063e-01 6.800e-03 2.052e-01 6.401e-01 0
20190423.500 2458597.000 2458596.984044 0.2665 1361.1361 6.125e-01 6.800e-03 5.167e-02 6.147e-01 1346.5817 6.060e-01 6.800e-03 2.039e-01 6.393e-01 0
20190424.500 2458598.000 2458597.960021 0.2665 1361.1431 6.125e-01 6.800e-03 5.219e-02 6.147e-01 1345.8700 6.056e-01 6.800e-03 2.200e-01 6.444e-01 0
20190425.500 2458599.000 2458598.773093 0.1636 1361.1491 6.125e-01 6.800e-03 4.290e-02 6.140e-01 1345.2799 6.054e-01 6.800e-03 1.452e-01 6.225e-01 0
20190426.500 2458600.000 2458599.944546 0.2681 1361.0916 6.125e-01 6.800e-03 5.419e-02 6.149e-01 1344.3695 6.050e-01 6.800e-03 1.923e-01 6.348e-01 0
20190427.500 2458601.000 2458600.691839 0.1409 1361.1354 6.125e-01 6.800e-03 6.201e-02 6.156e-01 1343.8719 6.047e-01 6.800e-03 1.173e-01 6.160e-01 0
20190428.500 2458602.000 2458601.797399 0.1667 1361.0833 6.125e-01 6.800e-03 6.334e-02 6.158e-01 1343.0266 6.044e-01 6.800e-03 1.284e-01 6.179e-01 0
20190429.500 2458603.000 2458602.959866 0.2602 1361.0701 6.125e-01 6.800e-03 6.917e-02 6.164e-01 1342.1881 6.040e-01 6.800e-03 1.951e-01 6.347e-01 0
20190430.500 2458604.000 2458603.890691 0.2701 1361.0672 6.125e-01 6.800e-03 6.100e-02 6.155e-01 1341.5315 6.037e-01 6.800e-03 2.110e-01 6.395e-01 0
20190501.500 2458605.000 2458604.987456 0.2667 1361.0865 6.125e-01 6.800e-03 8.060e-02 6.178e-01 1340.7896 6.034e-01 6.800e-03 1.677e-01 6.262e-01 0
20190502.500 2458606.000 2458605.637914 0.0074 1361.0576 6.125e-01 6.800e-03 3.513e-02 6.135e-01 1340.3147 6.031e-01 6.800e-03 3.689e-02 6.043e-01 0
20190503.500 2458607.000 2458606.938830 0.2667 1361.0935 6.125e-01 6.800e-03 6.289e-02 6.157e-01 1339.4703 6.028e-01 6.800e-03 1.508e-01 6.213e-01 0
20190504.500 2458608.000 2458607.979332 0.2667 1361.1290 6.125e-01 6.800e-03 8.683e-02 6.186e-01 1338.8136 6.025e-01 6.800e-03 1.273e-01 6.158e-01 0
20190505.500 2458609.000 2458608.792393 0.1637 1361.1298 6.125e-01 6.800e-03 6.536e-02 6.160e-01 1338.2817 6.022e-01 6.800e-03 6.210e-02 6.054e-01 0
20190506.500 2458610.000 2458609.995798 0.2666 1361.0893 6.125e-01 6.800e-03 4.771e-02 6.143e-01 1337.4673 6.019e-01 6.800e-03 1.697e-01 6.253e-01 0
20190507.500 2458611.000 2458610.969749 0.2666 1361.0876 6.125e-01 6.800e-03 6.131e-02 6.156e-01 1336.8500 6.016e-01 6.800e-03 1.895e-01 6.307e-01 0
20190508.500 2458612.000 2458611.947728 0.2662 1361.0697 6.125e-01 6.800e-03 6.658e-02 6.161e-01 1336.2245 6.013e-01 6.800e-03 1.201e-01 6.132e-01 0
20190509.500 2458613.000 2458612.983212 0.3271 1360.9998 6.124e-01 6.800e-03 4.998e-02 6.145e-01 1335.5234 6.010e-01 6.800e-03 1.840e-01 6.285e-01 0
20190510.500 2458614.000 2458613.962492 0.2665 1360.9920 6.124e-01 6.800e-03 7.250e-02 6.167e-01 1334.9271 6.007e-01 6.800e-03 1.256e-01 6.137e-01 0
20190511.500 2458615.000 2458614.775565 0.1636 1360.9420 6.124e-01 6.800e-03 7.319e-02 6.168e-01 1334.3962 6.005e-01 6.800e-03 6.360e-02 6.038e-01 0
20190512.500 2458616.000 2458615.816645 0.1636 1361.0005 6.125e-01 6.800e-03 5.529e-02 6.149e-01 1333.8451 6.002e-01 6.800e-03 7.897e-02 6.054e-01 0
20190513.500 2458617.000 2458616.957445 0.2671 1361.0641 6.125e-01 6.800e-03 8.701e-02 6.186e-01 1333.2510 6.000e-01 6.800e-03 1.079e-01 6.096e-01 0
20190514.500 2458618.000 2458617.994106 0.2671 1361.1443 6.125e-01 6.800e-03 8.989e-02 6.191e-01 1332.7408 5.997e-01 6.800e-03 9.106e-02 6.066e-01 0
20190515.500 2458619.000 2458618.974295 0.2662 1361.1768 6.125e-01 6.800e-03 6.855e-02 6.164e-01 1332.2223 5.995e-01 6.800e-03 1.178e-01 6.110e-01 0
20190516.500 2458620.000 2458620.000000 0.0000    0.0000 0.000e+00 0.000e+00 0.000e+00 0.000e+00    0.0000 0.000e+00 0.000e+00 0.000e+00 0.000e+00 0
20190517.500 2458621.000 2458621.000000 0.0000    0.0000 0.000e+00 0.000e+00 0.000e+00 0.000e+00    0.0000 0.000e+00 0.000e+00 0.000e+00 0.000e+00 0
20190518.500 2458622.000 2458622.000000 0.0000    0.0000 0.000e+00 0.000e+00 0.000e+00 0.000e+00    0.0000 0.000e+00 0.000e+00 0.000e+00 0.000e+00 0
20190519.500 2458623.000 2458623.000000 0.0000    0.0000 0.000e+00 0.000e+00 0.000e+00 0.000e+00    0.0000 0.000e+00 0.000e+00 0.000e+00 0.000e+00 0
20190520.500 2458624.000 2458624.000000 0.0000    0.0000 0.000e+00 0.000e+00 0.000e+00 0.000e+00    0.0000 0.000e+00 0.000e+00 0.000e+00 0.000e+00 0
20190521.500 2458625.000 2458625.000000 0.0000    0.0000 0.000e+00 0.000e+00 0.000e+00 0.000e+00    0.0000 0.000e+00 0.000e+00 0.000e+00 0.000e+00 0
20190522.500 2458626.000 2458626.000000 0.0000    0.0000 0.000e+00 0.000e+00 0.000e+00 0.000e+00    0.0000 0.000e+00 0.000e+00 0.000e+00 0.000e+00 0
20190523.500 2458627.000 2458627.000000 0.0000    0.0000 0.000e+00 0.000e+00 0.000e+00 0.000e+00    0.0000 0.000e+00 0.000e+00 0.000e+00 0.000e+00 0
20190524.500 2458628.000 2458628.000000 0.0000    0.0000 0.000e+00 0.000e+00 0.000e+00 0.000e+00    0.0000 0.000e+00 0.000e+00 0.000e+00 0.000e+00 0
20190525.500 2458629.000 2458629.000000 0.0000    0.0000 0.000e+00 0.000e+00 0.000e+00 0.000e+00    0.0000 0.000e+00 0.000e+00 0.000e+00 0.000e+00 0
20190526.500 2458630.000 2458630.000000 0.0000    0.0000 0.000e+00 0.000e+00 0.000e+00 0.000e+00    0.0000 0.000e+00 0.000e+00 0.000e+00 0.000e+00 0
20190527.500 2458631.000 2458631.000000 0.0000    0.0000 0.000e+00 0.000e+00 0.000e+00 0.000e+00    0.0000 0.000e+00 0.000e+00 0.000e+00 0.000e+00 0
20190528.500 2458632.000 2458632.000000 0.0000    0.0000 0.000e+00 0.000e+00 0.000e+00 0.000e+00    0.0000 0.000e+00 0.000e+00 0.000e+00 0.000e+00 0
20190529.500 2458633.000 2458633.000000 0.0000    0.0000 0.000e+00 0.000e+00 0.000e+00 0.000e+00    0.0000 0.000e+00 0.000e+00 0.000e+00 0.000e+00 0
20190530.500 2458634.000 2458634.000000 0.0000    0.0000 0.000e+00 0.000e+00 0.000e+00 0.000e+00    0.0000 0.000e+00 0.000e+00 0.000e+00 0.000e+00 0
20190531.500 2458635.000 2458635.000000 0.0000    0.0000 0.000e+00 0.000e+00 0.000e+00 0.000e+00    0.0000 0.000e+00 0.000e+00 0.000e+00 0.000e+00 0
20190601.500 2458636.000 2458636.000000 0.0000    0.0000 0.000e+00 0.000e+00 0.000e+00 0.000e+00    0.0000 0.000e+00 0.000e+00 0.000e+00 0.000e+00 0
20190602.500 2458637.000 2458637.000000 0.0000    0.0000 0.000e+00 0.000e+00 0.000e+00 0.000e+00    0.0000 0.000e+00 0.000e+00 0.000e+00 0.000e+00 0
20190603.500 2458638.000 2458638.000000 0.0000    0.0000 0.000e+00 0.000e+00 0.000e+00 0.000e+00    0.0000 0.000e+00 0.000e+00 0.000e+00 0.000e+00 0
20190604.500 2458639.000 2458639.000000 0.0000    0.0000 0.000e+00 0.000e+00 0.000e+00 0.000e+00    0.0000 0.000e+00 0.000e+00 0.000e+00 0.000e+00 0
20190605.500 2458640.000 2458640.000000 0.0000    0.0000 0.000e+00 0.000e+00 0.000e+00 0.000e+00    0.0000 0.000e+00 0.000e+00 0.000e+00 0.000e+00 0
20190606.500 2458641.000 2458641.000000 0.0000    0.0000 0.000e+00 0.000e+00 0.000e+00 0.000e+00    0.0000 0.000e+00 0.000e+00 0.000e+00 0.000e+00 0
20190607.500 2458642.000 2458642.000000 0.0000    0.0000 0.000e+00 0.000e+00 0.000e+00 0.000e+00    0.0000 0.000e+00 0.000e+00 0.000e+00 0.000e+00 0
20190608.500 2458643.000 2458643.000000 0.0000    0.0000 0.000e+00 0.000e+00 0.000e+00 0.000e+00    0.0000 0.000e+00 0.000e+00 0.000e+00 0.000e+00 0
20190609.500 2458644.000 2458644.000000 0.0000    0.0000 0.000e+00 0.000e+00 0.000e+00 0.000e+00    0.0000 0.000e+00 0.000e+00 0.000e+00 0.000e+00 0
20190610.500 2458645.000 2458645.000000 0.0000    0.0000 0.000e+00 0.000e+00 0.000e+00 0.000e+00    0.0000 0.000e+00 0.000e+00 0.000e+00 0.000e+00 0
20190611.500 2458646.000 2458646.000000 0.0000    0.0000 0.000e+00 0.000e+00 0.000e+00 0.000e+00    0.0000 0.000e+00 0.000e+00 0.000e+00 0.000e+00 0
20190612.500 2458647.000 2458647.000000 0.0000    0.0000 0.000e+00 0.000e+00 0.000e+00 0.000e+00    0.0000 0.000e+00 0.000e+00 0.000e+00 0.000e+00 0
20190613.500 2458648.000 2458648.000000 0.0000    0.0000 0.000e+00 0.000e+00 0.000e+00 0.000e+00    0.0000 0.000e+00 0.000e+00 0.000e+00 0.000e+00 0
20190614.500 2458649.000 2458649.000000 0.0000    0.0000 0.000e+00 0.000e+00 0.000e+00 0.000e+00    0.0000 0.000e+00 0.000e+00 0.000e+00 0.000e+00 0
20190615.500 2458650.000 2458650.000000 0.0000    0.0000 0.000e+00 0.000e+00 0.000e+00 0.000e+00    0.0000 0.000e+00 0.000e+00 0.000e+00 0.000e+00 0
20190616.500 2458651.000 2458651.000000 0.0000    0.0000 0.000e+00 0.000e+00 0.000e+00 0.000e+00    0.0000 0.000e+00 0.000e+00 0.000e+00 0.000e+00 0
20190617.500 2458652.000 2458652.000000 0.0000    0.0000 0.000e+00 0.000e+00 0.000e+00 0.000e+00    0.0000 0.000e+00 0.000e+00 0.000e+00 0.000e+00 0
20190618.500 2458653.000 2458653.000000 0.0000    0.0000 0.000e+00 0.000e+00 0.000e+00 0.000e+00    0.0000 0.000e+00 0.000e+00 0.000e+00 0.000e+00 0
20190619.500 2458654.000 2458654.000000 0.0000    0.0000 0.000e+00 0.000e+00 0.000e+00 0.000e+00    0.0000 0.000e+00 0.000e+00 0.000e+00 0.000e+00 0
20190620.500 2458655.000 2458655.000000 0.0000    0.0000 0.000e+00 0.000e+00 0.000e+00 0.000e+00    0.0000 0.000e+00 0.000e+00 0.000e+00 0.000e+00 0
20190621.500 2458656.000 2458656.000000 0.0000    0.0000 0.000e+00 0.000e+00 0.000e+00 0.000e+00    0.0000 0.000e+00 0.000e+00 0.000e+00 0.000e+00 0
20190622.500 2458657.000 2458657.000000 0.0000    0.0000 0.000e+00 0.000e+00 0.000e+00 0.000e+00    0.0000 0.000e+00 0.000e+00 0.000e+00 0.000e+00 0
20190623.500 2458658.000 2458658.000000 0.0000    0.0000 0.000e+00 0.000e+00 0.000e+00 0.000e+00    0.0000 0.000e+00 0.000e+00 0.000e+00 0.000e+00 0
20190624.500 2458659.000 2458659.000000 0.0000    0.0000 0.000e+00 0.000e+00 0.000e+00 0.000e+00    0.0000 0.000e+00 0.000e+00 0.000e+00 0.000e+00 0
20190625.500 2458660.000 2458660.000000 0.0000    0.0000 0.000e+00 0.000e+00 0.000e+00 0.000e+00    0.0000 0.000e+00 0.000e+00 0.000e+00 0.000e+00 0
20190626.500 2458661.000 2458661.000000 0.0000    0.0000 0.000e+00 0.000e+00 0.000e+00 0.000e+00    0.0000 0.000e+00 0.000e+00 0.000e+00 0.000e+00 0
20190627.500 2458662.000 2458662.000000 0.0000    0.0000 0.000e+00 0.000e+00 0.000e+00 0.000e+00    0.0000 0.000e+00 0.000e+00 0.000e+00 0.000e+00 0
20190628.500 2458663.000 2458663.000000 0.0000    0.0000 0.000e+00 0.000e+00 0.000e+00 0.000e+00    0.0000 0.000e+00 0.000e+00 0.000e+00 0.000e+00 0
20190629.500 2458664.000 2458664.000000 0.0000    0.0000 0.000e+00 0.000e+00 0.000e+00 0.000e+00    0.0000 0.000e+00 0.000e+00 0.000e+00 0.000e+00 0
20190630.500 2458665.000 2458665.000000 0.0000    0.0000 0.000e+00 0.000e+00 0.000e+00 0.000e+00    0.0000 0.000e+00 0.000e+00 0.000e+00 0.000e+00 0
20190701.500 2458666.000 2458666.000000 0.0000    0.0000 0.000e+00 0.000e+00 0.000e+00 0.000e+00    0.0000 0.000e+00 0.000e+00 0.000e+00 0.000e+00 0
20190702.500 2458667.000 2458667.000000 0.0000    0.0000 0.000e+00 0.000e+00 0.000e+00 0.000e+00    0.0000 0.000e+00 0.000e+00 0.000e+00 0.000e+00 0
