ERBE/ERBS PMOD CORRECTED
Version: ftp.pmodwrc.ch/pub/data/irradiance/acrim/AdditionalFiles accessed 22/07/07
Created: 03-Nov-2024
JD        Value 
2445998.0 1365.000000
2445999.0 1365.000000
2446000.0 0.000000
2446001.0 0.000000
2446002.0 1365.000000
2446003.0 0.000000
2446004.0 0.000000
2446005.0 1366.000000
2446006.0 0.000000
2446007.0 0.000000
2446008.0 0.000000
2446009.0 1365.000000
2446010.0 0.000000
2446011.0 0.000000
2446012.0 0.000000
2446013.0 0.000000
2446014.0 0.000000
2446015.0 0.000000
2446016.0 1365.000000
2446017.0 0.000000
2446018.0 0.000000
2446019.0 0.000000
2446020.0 0.000000
2446021.0 0.000000
2446022.0 0.000000
2446023.0 0.000000
2446024.0 1365.000000
2446025.0 0.000000
2446026.0 0.000000
2446027.0 0.000000
2446028.0 0.000000
2446029.0 0.000000
2446030.0 1365.000000
2446031.0 0.000000
2446032.0 0.000000
2446033.0 0.000000
2446034.0 0.000000
2446035.0 0.000000
2446036.0 0.000000
2446037.0 1365.000000
2446038.0 0.000000
2446039.0 0.000000
2446040.0 0.000000
2446041.0 0.000000
2446042.0 0.000000
2446043.0 0.000000
2446044.0 1365.000000
2446045.0 0.000000
2446046.0 0.000000
2446047.0 0.000000
2446048.0 0.000000
2446049.0 0.000000
2446050.0 0.000000
2446051.0 1365.000000
2446052.0 0.000000
2446053.0 0.000000
2446054.0 0.000000
2446055.0 0.000000
2446056.0 0.000000
2446057.0 0.000000
2446058.0 0.000000
2446059.0 0.000000
2446060.0 0.000000
2446061.0 0.000000
2446062.0 1365.000000
2446063.0 0.000000
2446064.0 0.000000
2446065.0 0.000000
2446066.0 0.000000
2446067.0 0.000000
2446068.0 0.000000
2446069.0 0.000000
2446070.0 0.000000
2446071.0 0.000000
2446072.0 0.000000
2446073.0 0.000000
2446074.0 1365.000000
2446075.0 0.000000
2446076.0 0.000000
2446077.0 0.000000
2446078.0 0.000000
2446079.0 0.000000
2446080.0 0.000000
2446081.0 0.000000
2446082.0 0.000000
2446083.0 0.000000
2446084.0 0.000000
2446085.0 0.000000
2446086.0 0.000000
2446087.0 0.000000
2446088.0 1365.000000
2446089.0 0.000000
2446090.0 0.000000
2446091.0 0.000000
2446092.0 0.000000
2446093.0 0.000000
2446094.0 0.000000
2446095.0 0.000000
2446096.0 0.000000
2446097.0 0.000000
2446098.0 0.000000
2446099.0 0.000000
2446100.0 0.000000
2446101.0 0.000000
2446102.0 1365.000000
2446103.0 0.000000
2446104.0 0.000000
2446105.0 0.000000
2446106.0 0.000000
2446107.0 0.000000
2446108.0 0.000000
2446109.0 0.000000
2446110.0 0.000000
2446111.0 0.000000
2446112.0 0.000000
2446113.0 0.000000
2446114.0 0.000000
2446115.0 0.000000
2446116.0 1365.000000
2446117.0 0.000000
2446118.0 0.000000
2446119.0 0.000000
2446120.0 0.000000
2446121.0 0.000000
2446122.0 0.000000
2446123.0 0.000000
2446124.0 0.000000
2446125.0 0.000000
2446126.0 0.000000
2446127.0 0.000000
2446128.0 0.000000
2446129.0 0.000000
2446130.0 1365.000000
2446131.0 0.000000
2446132.0 0.000000
2446133.0 0.000000
2446134.0 0.000000
2446135.0 0.000000
2446136.0 0.000000
2446137.0 0.000000
2446138.0 0.000000
2446139.0 0.000000
2446140.0 0.000000
2446141.0 0.000000
2446142.0 0.000000
2446143.0 0.000000
2446144.0 1365.000000
2446145.0 0.000000
2446146.0 0.000000
2446147.0 0.000000
2446148.0 0.000000
2446149.0 0.000000
2446150.0 0.000000
2446151.0 0.000000
2446152.0 0.000000
2446153.0 0.000000
2446154.0 0.000000
2446155.0 0.000000
2446156.0 0.000000
2446157.0 0.000000
2446158.0 1364.000000
2446159.0 0.000000
2446160.0 0.000000
2446161.0 0.000000
2446162.0 0.000000
2446163.0 0.000000
2446164.0 0.000000
2446165.0 0.000000
2446166.0 0.000000
2446167.0 0.000000
2446168.0 0.000000
2446169.0 0.000000
2446170.0 0.000000
2446171.0 0.000000
2446172.0 1365.000000
2446173.0 0.000000
2446174.0 0.000000
2446175.0 0.000000
2446176.0 0.000000
2446177.0 0.000000
2446178.0 0.000000
2446179.0 0.000000
2446180.0 0.000000
2446181.0 0.000000
2446182.0 0.000000
2446183.0 0.000000
2446184.0 0.000000
2446185.0 0.000000
2446186.0 1364.000000
2446187.0 0.000000
2446188.0 0.000000
2446189.0 0.000000
2446190.0 0.000000
2446191.0 0.000000
2446192.0 0.000000
2446193.0 1364.000000
2446194.0 0.000000
2446195.0 0.000000
2446196.0 0.000000
2446197.0 0.000000
2446198.0 0.000000
2446199.0 0.000000
2446200.0 0.000000
2446201.0 0.000000
2446202.0 0.000000
2446203.0 0.000000
2446204.0 0.000000
2446205.0 0.000000
2446206.0 0.000000
2446207.0 0.000000
2446208.0 0.000000
2446209.0 0.000000
2446210.0 0.000000
2446211.0 0.000000
2446212.0 0.000000
2446213.0 0.000000
2446214.0 1364.000000
2446215.0 0.000000
2446216.0 0.000000
2446217.0 0.000000
2446218.0 0.000000
2446219.0 0.000000
2446220.0 0.000000
2446221.0 0.000000
2446222.0 0.000000
2446223.0 0.000000
2446224.0 0.000000
2446225.0 0.000000
2446226.0 0.000000
2446227.0 0.000000
2446228.0 0.000000
2446229.0 0.000000
2446230.0 0.000000
2446231.0 0.000000
2446232.0 0.000000
2446233.0 0.000000
2446234.0 1365.000000
2446235.0 0.000000
2446236.0 0.000000
2446237.0 0.000000
2446238.0 0.000000
2446239.0 0.000000
2446240.0 0.000000
2446241.0 0.000000
2446242.0 1365.000000
2446243.0 0.000000
2446244.0 0.000000
2446245.0 0.000000
2446246.0 0.000000
2446247.0 0.000000
2446248.0 0.000000
2446249.0 0.000000
2446250.0 0.000000
2446251.0 0.000000
2446252.0 0.000000
2446253.0 0.000000
2446254.0 0.000000
2446255.0 0.000000
2446256.0 1364.000000
2446257.0 0.000000
2446258.0 0.000000
2446259.0 0.000000
2446260.0 0.000000
2446261.0 0.000000
2446262.0 0.000000
2446263.0 0.000000
2446264.0 0.000000
2446265.0 0.000000
2446266.0 0.000000
2446267.0 0.000000
2446268.0 0.000000
2446269.0 0.000000
2446270.0 1364.000000
2446271.0 0.000000
2446272.0 0.000000
2446273.0 0.000000
2446274.0 0.000000
2446275.0 0.000000
2446276.0 0.000000
2446277.0 0.000000
2446278.0 0.000000
2446279.0 0.000000
2446280.0 0.000000
2446281.0 0.000000
2446282.0 0.000000
2446283.0 0.000000
2446284.0 1365.000000
2446285.0 0.000000
2446286.0 0.000000
2446287.0 0.000000
2446288.0 0.000000
2446289.0 0.000000
2446290.0 0.000000
2446291.0 0.000000
2446292.0 0.000000
2446293.0 0.000000
2446294.0 0.000000
2446295.0 0.000000
2446296.0 0.000000
2446297.0 0.000000
2446298.0 1364.000000
2446299.0 0.000000
2446300.0 0.000000
2446301.0 0.000000
2446302.0 0.000000
2446303.0 0.000000
2446304.0 0.000000
2446305.0 0.000000
2446306.0 0.000000
2446307.0 0.000000
2446308.0 0.000000
2446309.0 0.000000
2446310.0 0.000000
2446311.0 0.000000
2446312.0 1364.000000
2446313.0 0.000000
2446314.0 0.000000
2446315.0 0.000000
2446316.0 0.000000
2446317.0 0.000000
2446318.0 0.000000
2446319.0 0.000000
2446320.0 0.000000
2446321.0 0.000000
2446322.0 0.000000
2446323.0 0.000000
2446324.0 0.000000
2446325.0 0.000000
2446326.0 1365.000000
2446327.0 0.000000
2446328.0 0.000000
2446329.0 0.000000
2446330.0 0.000000
2446331.0 0.000000
2446332.0 0.000000
2446333.0 0.000000
2446334.0 0.000000
2446335.0 0.000000
2446336.0 0.000000
2446337.0 0.000000
2446338.0 0.000000
2446339.0 0.000000
2446340.0 1365.000000
2446341.0 0.000000
2446342.0 0.000000
2446343.0 0.000000
2446344.0 0.000000
2446345.0 0.000000
2446346.0 0.000000
2446347.0 0.000000
2446348.0 0.000000
2446349.0 0.000000
2446350.0 0.000000
2446351.0 0.000000
2446352.0 0.000000
2446353.0 0.000000
2446354.0 1365.000000
2446355.0 0.000000
2446356.0 0.000000
2446357.0 0.000000
2446358.0 1365.000000
2446359.0 0.000000
2446360.0 0.000000
2446361.0 0.000000
2446362.0 0.000000
2446363.0 0.000000
2446364.0 0.000000
2446365.0 0.000000
2446366.0 0.000000
2446367.0 0.000000
2446368.0 0.000000
2446369.0 1366.000000
2446370.0 0.000000
2446371.0 0.000000
2446372.0 0.000000
2446373.0 0.000000
2446374.0 0.000000
2446375.0 0.000000
2446376.0 0.000000
2446377.0 0.000000
2446378.0 0.000000
2446379.0 0.000000
2446380.0 0.000000
2446381.0 0.000000
2446382.0 1365.000000
2446383.0 0.000000
2446384.0 0.000000
2446385.0 0.000000
2446386.0 0.000000
2446387.0 0.000000
2446388.0 0.000000
2446389.0 0.000000
2446390.0 0.000000
2446391.0 0.000000
2446392.0 0.000000
2446393.0 0.000000
2446394.0 0.000000
2446395.0 0.000000
2446396.0 1365.000000
2446397.0 0.000000
2446398.0 0.000000
2446399.0 0.000000
2446400.0 0.000000
2446401.0 0.000000
2446402.0 0.000000
2446403.0 0.000000
2446404.0 0.000000
2446405.0 0.000000
2446406.0 0.000000
2446407.0 0.000000
2446408.0 0.000000
2446409.0 0.000000
2446410.0 0.000000
2446411.0 0.000000
2446412.0 0.000000
2446413.0 0.000000
2446414.0 0.000000
2446415.0 0.000000
2446416.0 0.000000
2446417.0 1365.000000
2446418.0 0.000000
2446419.0 0.000000
2446420.0 0.000000
2446421.0 0.000000
2446422.0 0.000000
2446423.0 0.000000
2446424.0 1365.000000
2446425.0 0.000000
2446426.0 0.000000
2446427.0 0.000000
2446428.0 0.000000
2446429.0 0.000000
2446430.0 0.000000
2446431.0 0.000000
2446432.0 0.000000
2446433.0 0.000000
2446434.0 0.000000
2446435.0 0.000000
2446436.0 0.000000
2446437.0 0.000000
2446438.0 1365.000000
2446439.0 0.000000
2446440.0 0.000000
2446441.0 0.000000
2446442.0 0.000000
2446443.0 0.000000
2446444.0 0.000000
2446445.0 0.000000
2446446.0 0.000000
2446447.0 0.000000
2446448.0 0.000000
2446449.0 0.000000
2446450.0 0.000000
2446451.0 0.000000
2446452.0 1365.000000
2446453.0 0.000000
2446454.0 0.000000
2446455.0 0.000000
2446456.0 0.000000
2446457.0 0.000000
2446458.0 0.000000
2446459.0 0.000000
2446460.0 0.000000
2446461.0 0.000000
2446462.0 0.000000
2446463.0 0.000000
2446464.0 0.000000
2446465.0 0.000000
2446466.0 1364.000000
2446467.0 0.000000
2446468.0 0.000000
2446469.0 0.000000
2446470.0 0.000000
2446471.0 0.000000
2446472.0 0.000000
2446473.0 0.000000
2446474.0 0.000000
2446475.0 0.000000
2446476.0 1364.000000
2446477.0 0.000000
2446478.0 0.000000
2446479.0 0.000000
2446480.0 0.000000
2446481.0 0.000000
2446482.0 0.000000
2446483.0 0.000000
2446484.0 0.000000
2446485.0 0.000000
2446486.0 0.000000
2446487.0 1365.000000
2446488.0 0.000000
2446489.0 0.000000
2446490.0 0.000000
2446491.0 0.000000
2446492.0 0.000000
2446493.0 0.000000
2446494.0 1365.000000
2446495.0 0.000000
2446496.0 0.000000
2446497.0 0.000000
2446498.0 0.000000
2446499.0 0.000000
2446500.0 0.000000
2446501.0 0.000000
2446502.0 0.000000
2446503.0 0.000000
2446504.0 0.000000
2446505.0 0.000000
2446506.0 0.000000
2446507.0 0.000000
2446508.0 1364.000000
2446509.0 0.000000
2446510.0 0.000000
2446511.0 0.000000
2446512.0 0.000000
2446513.0 0.000000
2446514.0 0.000000
2446515.0 0.000000
2446516.0 0.000000
2446517.0 0.000000
2446518.0 0.000000
2446519.0 0.000000
2446520.0 0.000000
2446521.0 0.000000
2446522.0 1365.000000
2446523.0 0.000000
2446524.0 0.000000
2446525.0 0.000000
2446526.0 0.000000
2446527.0 0.000000
2446528.0 0.000000
2446529.0 0.000000
2446530.0 0.000000
2446531.0 0.000000
2446532.0 0.000000
2446533.0 0.000000
2446534.0 0.000000
2446535.0 0.000000
2446536.0 1364.000000
2446537.0 0.000000
2446538.0 0.000000
2446539.0 0.000000
2446540.0 0.000000
2446541.0 0.000000
2446542.0 0.000000
2446543.0 0.000000
2446544.0 0.000000
2446545.0 0.000000
2446546.0 0.000000
2446547.0 0.000000
2446548.0 0.000000
2446549.0 0.000000
2446550.0 1365.000000
2446551.0 0.000000
2446552.0 0.000000
2446553.0 0.000000
2446554.0 0.000000
2446555.0 0.000000
2446556.0 0.000000
2446557.0 0.000000
2446558.0 0.000000
2446559.0 0.000000
2446560.0 0.000000
2446561.0 0.000000
2446562.0 0.000000
2446563.0 0.000000
2446564.0 1365.000000
2446565.0 0.000000
2446566.0 0.000000
2446567.0 0.000000
2446568.0 0.000000
2446569.0 0.000000
2446570.0 0.000000
2446571.0 0.000000
2446572.0 0.000000
2446573.0 0.000000
2446574.0 0.000000
2446575.0 0.000000
2446576.0 0.000000
2446577.0 0.000000
2446578.0 1364.000000
2446579.0 0.000000
2446580.0 0.000000
2446581.0 0.000000
2446582.0 0.000000
2446583.0 0.000000
2446584.0 0.000000
2446585.0 1364.000000
2446586.0 0.000000
2446587.0 0.000000
2446588.0 0.000000
2446589.0 0.000000
2446590.0 0.000000
2446591.0 0.000000
2446592.0 0.000000
2446593.0 0.000000
2446594.0 0.000000
2446595.0 0.000000
2446596.0 0.000000
2446597.0 0.000000
2446598.0 0.000000
2446599.0 1365.000000
2446600.0 0.000000
2446601.0 0.000000
2446602.0 0.000000
2446603.0 0.000000
2446604.0 0.000000
2446605.0 0.000000
2446606.0 1364.000000
2446607.0 0.000000
2446608.0 0.000000
2446609.0 0.000000
2446610.0 0.000000
2446611.0 0.000000
2446612.0 0.000000
2446613.0 0.000000
2446614.0 0.000000
2446615.0 0.000000
2446616.0 0.000000
2446617.0 0.000000
2446618.0 0.000000
2446619.0 0.000000
2446620.0 1364.000000
2446621.0 0.000000
2446622.0 0.000000
2446623.0 0.000000
2446624.0 0.000000
2446625.0 0.000000
2446626.0 0.000000
2446627.0 0.000000
2446628.0 0.000000
2446629.0 0.000000
2446630.0 0.000000
2446631.0 0.000000
2446632.0 0.000000
2446633.0 0.000000
2446634.0 1365.000000
2446635.0 0.000000
2446636.0 0.000000
2446637.0 0.000000
2446638.0 0.000000
2446639.0 0.000000
2446640.0 0.000000
2446641.0 0.000000
2446642.0 0.000000
2446643.0 0.000000
2446644.0 0.000000
2446645.0 0.000000
2446646.0 0.000000
2446647.0 0.000000
2446648.0 0.000000
2446649.0 0.000000
2446650.0 0.000000
2446651.0 0.000000
2446652.0 0.000000
2446653.0 0.000000
2446654.0 0.000000
2446655.0 0.000000
2446656.0 0.000000
2446657.0 0.000000
2446658.0 0.000000
2446659.0 1365.000000
2446660.0 0.000000
2446661.0 0.000000
2446662.0 0.000000
2446663.0 0.000000
2446664.0 0.000000
2446665.0 0.000000
2446666.0 0.000000
2446667.0 0.000000
2446668.0 0.000000
2446669.0 0.000000
2446670.0 1364.000000
2446671.0 0.000000
2446672.0 0.000000
2446673.0 0.000000
2446674.0 0.000000
2446675.0 0.000000
2446676.0 1365.000000
2446677.0 0.000000
2446678.0 0.000000
2446679.0 0.000000
2446680.0 0.000000
2446681.0 0.000000
2446682.0 0.000000
2446683.0 0.000000
2446684.0 0.000000
2446685.0 0.000000
2446686.0 0.000000
2446687.0 0.000000
2446688.0 0.000000
2446689.0 0.000000
2446690.0 1365.000000
2446691.0 0.000000
2446692.0 0.000000
2446693.0 0.000000
2446694.0 0.000000
2446695.0 0.000000
2446696.0 0.000000
2446697.0 0.000000
2446698.0 0.000000
2446699.0 0.000000
2446700.0 0.000000
2446701.0 0.000000
2446702.0 0.000000
2446703.0 0.000000
2446704.0 1365.000000
2446705.0 0.000000
2446706.0 0.000000
2446707.0 0.000000
2446708.0 0.000000
2446709.0 0.000000
2446710.0 0.000000
2446711.0 0.000000
2446712.0 0.000000
2446713.0 0.000000
2446714.0 0.000000
2446715.0 0.000000
2446716.0 0.000000
2446717.0 0.000000
2446718.0 1365.000000
2446719.0 0.000000
2446720.0 0.000000
2446721.0 0.000000
2446722.0 0.000000
2446723.0 0.000000
2446724.0 0.000000
2446725.0 0.000000
2446726.0 0.000000
2446727.0 0.000000
2446728.0 0.000000
2446729.0 0.000000
2446730.0 0.000000
2446731.0 0.000000
2446732.0 1365.000000
2446733.0 0.000000
2446734.0 0.000000
2446735.0 0.000000
2446736.0 0.000000
2446737.0 0.000000
2446738.0 0.000000
2446739.0 0.000000
2446740.0 0.000000
2446741.0 0.000000
2446742.0 0.000000
2446743.0 0.000000
2446744.0 0.000000
2446745.0 0.000000
2446746.0 1365.000000
2446747.0 0.000000
2446748.0 0.000000
2446749.0 0.000000
2446750.0 0.000000
2446751.0 0.000000
2446752.0 0.000000
2446753.0 0.000000
2446754.0 0.000000
2446755.0 0.000000
2446756.0 0.000000
2446757.0 0.000000
2446758.0 0.000000
2446759.0 0.000000
2446760.0 1364.000000
2446761.0 0.000000
2446762.0 0.000000
2446763.0 0.000000
2446764.0 0.000000
2446765.0 0.000000
2446766.0 0.000000
2446767.0 0.000000
2446768.0 1365.000000
2446769.0 0.000000
2446770.0 0.000000
2446771.0 0.000000
2446772.0 0.000000
2446773.0 0.000000
2446774.0 0.000000
2446775.0 0.000000
2446776.0 0.000000
2446777.0 0.000000
2446778.0 0.000000
2446779.0 0.000000
2446780.0 0.000000
2446781.0 0.000000
2446782.0 1364.000000
2446783.0 0.000000
2446784.0 0.000000
2446785.0 0.000000
2446786.0 0.000000
2446787.0 0.000000
2446788.0 1364.000000
2446789.0 0.000000
2446790.0 0.000000
2446791.0 0.000000
2446792.0 0.000000
2446793.0 0.000000
2446794.0 0.000000
2446795.0 0.000000
2446796.0 0.000000
2446797.0 0.000000
2446798.0 0.000000
2446799.0 0.000000
2446800.0 0.000000
2446801.0 0.000000
2446802.0 1365.000000
2446803.0 0.000000
2446804.0 0.000000
2446805.0 0.000000
2446806.0 0.000000
2446807.0 0.000000
2446808.0 0.000000
2446809.0 0.000000
2446810.0 0.000000
2446811.0 0.000000
2446812.0 0.000000
2446813.0 0.000000
2446814.0 0.000000
2446815.0 0.000000
2446816.0 1366.000000
2446817.0 0.000000
2446818.0 0.000000
2446819.0 0.000000
2446820.0 0.000000
2446821.0 0.000000
2446822.0 0.000000
2446823.0 0.000000
2446824.0 0.000000
2446825.0 0.000000
2446826.0 0.000000
2446827.0 0.000000
2446828.0 0.000000
2446829.0 0.000000
2446830.0 0.000000
2446831.0 0.000000
2446832.0 0.000000
2446833.0 0.000000
2446834.0 0.000000
2446835.0 0.000000
2446836.0 0.000000
2446837.0 0.000000
2446838.0 0.000000
2446839.0 0.000000
2446840.0 0.000000
2446841.0 1365.000000
2446842.0 0.000000
2446843.0 0.000000
2446844.0 0.000000
2446845.0 0.000000
2446846.0 0.000000
2446847.0 0.000000
2446848.0 0.000000
2446849.0 0.000000
2446850.0 0.000000
2446851.0 0.000000
2446852.0 1365.000000
2446853.0 0.000000
2446854.0 0.000000
2446855.0 0.000000
2446856.0 0.000000
2446857.0 0.000000
2446858.0 1365.000000
2446859.0 0.000000
2446860.0 0.000000
2446861.0 0.000000
2446862.0 0.000000
2446863.0 0.000000
2446864.0 0.000000
2446865.0 0.000000
2446866.0 0.000000
2446867.0 0.000000
2446868.0 0.000000
2446869.0 0.000000
2446870.0 0.000000
2446871.0 0.000000
2446872.0 1365.000000
2446873.0 0.000000
2446874.0 0.000000
2446875.0 0.000000
2446876.0 0.000000
2446877.0 0.000000
2446878.0 0.000000
2446879.0 0.000000
2446880.0 0.000000
2446881.0 0.000000
2446882.0 0.000000
2446883.0 0.000000
2446884.0 0.000000
2446885.0 0.000000
2446886.0 1365.000000
2446887.0 0.000000
2446888.0 0.000000
2446889.0 0.000000
2446890.0 0.000000
2446891.0 0.000000
2446892.0 0.000000
2446893.0 0.000000
2446894.0 0.000000
2446895.0 0.000000
2446896.0 0.000000
2446897.0 0.000000
2446898.0 0.000000
2446899.0 0.000000
2446900.0 0.000000
2446901.0 0.000000
2446902.0 0.000000
2446903.0 0.000000
2446904.0 0.000000
2446905.0 0.000000
2446906.0 0.000000
2446907.0 0.000000
2446908.0 0.000000
2446909.0 0.000000
2446910.0 0.000000
2446911.0 0.000000
2446912.0 0.000000
2446913.0 0.000000
2446914.0 1365.000000
2446915.0 0.000000
2446916.0 0.000000
2446917.0 0.000000
2446918.0 0.000000
2446919.0 0.000000
2446920.0 0.000000
2446921.0 0.000000
2446922.0 0.000000
2446923.0 0.000000
2446924.0 0.000000
2446925.0 0.000000
2446926.0 0.000000
2446927.0 0.000000
2446928.0 1365.000000
2446929.0 0.000000
2446930.0 0.000000
2446931.0 0.000000
2446932.0 0.000000
2446933.0 0.000000
2446934.0 0.000000
2446935.0 0.000000
2446936.0 0.000000
2446937.0 0.000000
2446938.0 0.000000
2446939.0 0.000000
2446940.0 0.000000
2446941.0 0.000000
2446942.0 1365.000000
2446943.0 0.000000
2446944.0 0.000000
2446945.0 0.000000
2446946.0 0.000000
2446947.0 0.000000
2446948.0 0.000000
2446949.0 1365.000000
2446950.0 0.000000
2446951.0 0.000000
2446952.0 0.000000
2446953.0 0.000000
2446954.0 0.000000
2446955.0 0.000000
2446956.0 0.000000
2446957.0 0.000000
2446958.0 0.000000
2446959.0 0.000000
2446960.0 0.000000
2446961.0 0.000000
2446962.0 0.000000
2446963.0 0.000000
2446964.0 1365.000000
2446965.0 0.000000
2446966.0 0.000000
2446967.0 0.000000
2446968.0 0.000000
2446969.0 0.000000
2446970.0 1364.000000
2446971.0 0.000000
2446972.0 0.000000
2446973.0 0.000000
2446974.0 0.000000
2446975.0 0.000000
2446976.0 0.000000
2446977.0 0.000000
2446978.0 0.000000
2446979.0 0.000000
2446980.0 0.000000
2446981.0 0.000000
2446982.0 0.000000
2446983.0 1365.000000
2446984.0 0.000000
2446985.0 0.000000
2446986.0 0.000000
2446987.0 0.000000
2446988.0 0.000000
2446989.0 0.000000
2446990.0 0.000000
2446991.0 0.000000
2446992.0 0.000000
2446993.0 0.000000
2446994.0 0.000000
2446995.0 0.000000
2446996.0 0.000000
2446997.0 0.000000
2446998.0 1365.000000
2446999.0 0.000000
2447000.0 0.000000
2447001.0 0.000000
2447002.0 0.000000
2447003.0 0.000000
2447004.0 0.000000
2447005.0 0.000000
2447006.0 0.000000
2447007.0 0.000000
2447008.0 0.000000
2447009.0 0.000000
2447010.0 0.000000
2447011.0 1365.000000
2447012.0 0.000000
2447013.0 0.000000
2447014.0 0.000000
2447015.0 0.000000
2447016.0 0.000000
2447017.0 0.000000
2447018.0 1365.000000
2447019.0 0.000000
2447020.0 0.000000
2447021.0 0.000000
2447022.0 0.000000
2447023.0 0.000000
2447024.0 0.000000
2447025.0 0.000000
2447026.0 0.000000
2447027.0 0.000000
2447028.0 0.000000
2447029.0 0.000000
2447030.0 0.000000
2447031.0 0.000000
2447032.0 0.000000
2447033.0 0.000000
2447034.0 1365.000000
2447035.0 0.000000
2447036.0 0.000000
2447037.0 0.000000
2447038.0 0.000000
2447039.0 1365.000000
2447040.0 0.000000
2447041.0 0.000000
2447042.0 0.000000
2447043.0 0.000000
2447044.0 0.000000
2447045.0 0.000000
2447046.0 1365.000000
2447047.0 0.000000
2447048.0 0.000000
2447049.0 0.000000
2447050.0 0.000000
2447051.0 0.000000
2447052.0 0.000000
2447053.0 1365.000000
2447054.0 0.000000
2447055.0 0.000000
2447056.0 0.000000
2447057.0 0.000000
2447058.0 0.000000
2447059.0 0.000000
2447060.0 0.000000
2447061.0 0.000000
2447062.0 0.000000
2447063.0 0.000000
2447064.0 0.000000
2447065.0 0.000000
2447066.0 0.000000
2447067.0 1365.000000
2447068.0 0.000000
2447069.0 0.000000
2447070.0 0.000000
2447071.0 0.000000
2447072.0 0.000000
2447073.0 0.000000
2447074.0 0.000000
2447075.0 0.000000
2447076.0 0.000000
2447077.0 0.000000
2447078.0 0.000000
2447079.0 0.000000
2447080.0 0.000000
2447081.0 1364.000000
2447082.0 0.000000
2447083.0 0.000000
2447084.0 0.000000
2447085.0 0.000000
2447086.0 0.000000
2447087.0 0.000000
2447088.0 0.000000
2447089.0 0.000000
2447090.0 0.000000
2447091.0 0.000000
2447092.0 0.000000
2447093.0 0.000000
2447094.0 0.000000
2447095.0 1365.000000
2447096.0 0.000000
2447097.0 0.000000
2447098.0 0.000000
2447099.0 0.000000
2447100.0 0.000000
2447101.0 0.000000
2447102.0 0.000000
2447103.0 0.000000
2447104.0 0.000000
2447105.0 0.000000
2447106.0 0.000000
2447107.0 0.000000
2447108.0 0.000000
2447109.0 1365.000000
2447110.0 0.000000
2447111.0 0.000000
2447112.0 0.000000
2447113.0 0.000000
2447114.0 0.000000
2447115.0 0.000000
2447116.0 0.000000
2447117.0 0.000000
2447118.0 0.000000
2447119.0 0.000000
2447120.0 0.000000
2447121.0 0.000000
2447122.0 0.000000
2447123.0 1365.000000
2447124.0 0.000000
2447125.0 0.000000
2447126.0 0.000000
2447127.0 0.000000
2447128.0 0.000000
2447129.0 0.000000
2447130.0 0.000000
2447131.0 0.000000
2447132.0 0.000000
2447133.0 0.000000
2447134.0 0.000000
2447135.0 0.000000
2447136.0 0.000000
2447137.0 0.000000
2447138.0 0.000000
2447139.0 0.000000
2447140.0 0.000000
2447141.0 0.000000
2447142.0 0.000000
2447143.0 0.000000
2447144.0 0.000000
2447145.0 0.000000
2447146.0 1365.000000
2447147.0 0.000000
2447148.0 0.000000
2447149.0 0.000000
2447150.0 0.000000
2447151.0 1366.000000
2447152.0 0.000000
2447153.0 0.000000
2447154.0 0.000000
2447155.0 0.000000
2447156.0 0.000000
2447157.0 0.000000
2447158.0 0.000000
2447159.0 0.000000
2447160.0 0.000000
2447161.0 0.000000
2447162.0 0.000000
2447163.0 0.000000
2447164.0 0.000000
2447165.0 1366.000000
2447166.0 0.000000
2447167.0 0.000000
2447168.0 0.000000
2447169.0 0.000000
2447170.0 0.000000
2447171.0 0.000000
2447172.0 0.000000
2447173.0 0.000000
2447174.0 0.000000
2447175.0 0.000000
2447176.0 0.000000
2447177.0 0.000000
2447178.0 0.000000
2447179.0 1365.000000
2447180.0 0.000000
2447181.0 0.000000
2447182.0 0.000000
2447183.0 0.000000
2447184.0 0.000000
2447185.0 0.000000
2447186.0 0.000000
2447187.0 0.000000
2447188.0 0.000000
2447189.0 0.000000
2447190.0 0.000000
2447191.0 0.000000
2447192.0 0.000000
2447193.0 1365.000000
2447194.0 0.000000
2447195.0 0.000000
2447196.0 0.000000
2447197.0 0.000000
2447198.0 0.000000
2447199.0 0.000000
2447200.0 0.000000
2447201.0 0.000000
2447202.0 0.000000
2447203.0 0.000000
2447204.0 1365.000000
2447205.0 0.000000
2447206.0 0.000000
2447207.0 0.000000
2447208.0 0.000000
2447209.0 0.000000
2447210.0 0.000000
2447211.0 0.000000
2447212.0 0.000000
2447213.0 0.000000
2447214.0 0.000000
2447215.0 1365.000000
2447216.0 0.000000
2447217.0 0.000000
2447218.0 0.000000
2447219.0 0.000000
2447220.0 0.000000
2447221.0 0.000000
2447222.0 0.000000
2447223.0 1365.000000
2447224.0 0.000000
2447225.0 0.000000
2447226.0 0.000000
2447227.0 0.000000
2447228.0 0.000000
2447229.0 0.000000
2447230.0 0.000000
2447231.0 0.000000
2447232.0 0.000000
2447233.0 0.000000
2447234.0 0.000000
2447235.0 0.000000
2447236.0 1365.000000
2447237.0 0.000000
2447238.0 0.000000
2447239.0 0.000000
2447240.0 0.000000
2447241.0 0.000000
2447242.0 0.000000
2447243.0 0.000000
2447244.0 0.000000
2447245.0 0.000000
2447246.0 0.000000
2447247.0 0.000000
2447248.0 0.000000
2447249.0 0.000000
2447250.0 1365.000000
2447251.0 0.000000
2447252.0 0.000000
2447253.0 0.000000
2447254.0 0.000000
2447255.0 0.000000
2447256.0 0.000000
2447257.0 0.000000
2447258.0 0.000000
2447259.0 0.000000
2447260.0 0.000000
2447261.0 0.000000
2447262.0 0.000000
2447263.0 0.000000
2447264.0 1365.000000
2447265.0 0.000000
2447266.0 0.000000
2447267.0 0.000000
2447268.0 0.000000
2447269.0 0.000000
2447270.0 0.000000
2447271.0 0.000000
2447272.0 0.000000
2447273.0 0.000000
2447274.0 0.000000
2447275.0 0.000000
2447276.0 0.000000
2447277.0 0.000000
2447278.0 1365.000000
2447279.0 0.000000
2447280.0 0.000000
2447281.0 0.000000
2447282.0 0.000000
2447283.0 0.000000
2447284.0 0.000000
2447285.0 0.000000
2447286.0 0.000000
2447287.0 0.000000
2447288.0 0.000000
2447289.0 0.000000
2447290.0 0.000000
2447291.0 0.000000
2447292.0 1366.000000
2447293.0 0.000000
2447294.0 0.000000
2447295.0 0.000000
2447296.0 0.000000
2447297.0 0.000000
2447298.0 0.000000
2447299.0 0.000000
2447300.0 0.000000
2447301.0 0.000000
2447302.0 0.000000
2447303.0 0.000000
2447304.0 0.000000
2447305.0 0.000000
2447306.0 1365.000000
2447307.0 0.000000
2447308.0 0.000000
2447309.0 0.000000
2447310.0 0.000000
2447311.0 0.000000
2447312.0 0.000000
2447313.0 0.000000
2447314.0 1365.000000
2447315.0 0.000000
2447316.0 0.000000
2447317.0 0.000000
2447318.0 0.000000
2447319.0 0.000000
2447320.0 0.000000
2447321.0 0.000000
2447322.0 0.000000
2447323.0 0.000000
2447324.0 0.000000
2447325.0 0.000000
2447326.0 0.000000
2447327.0 0.000000
2447328.0 0.000000
2447329.0 1366.000000
2447330.0 0.000000
2447331.0 0.000000
2447332.0 0.000000
2447333.0 0.000000
2447334.0 1365.000000
2447335.0 0.000000
2447336.0 0.000000
2447337.0 0.000000
2447338.0 0.000000
2447339.0 0.000000
2447340.0 0.000000
2447341.0 0.000000
2447342.0 0.000000
2447343.0 0.000000
2447344.0 0.000000
2447345.0 0.000000
2447346.0 0.000000
2447347.0 0.000000
2447348.0 1366.000000
2447349.0 0.000000
2447350.0 0.000000
2447351.0 0.000000
2447352.0 0.000000
2447353.0 0.000000
2447354.0 0.000000
2447355.0 0.000000
2447356.0 0.000000
2447357.0 0.000000
2447358.0 0.000000
2447359.0 0.000000
2447360.0 0.000000
2447361.0 0.000000
2447362.0 1365.000000
2447363.0 0.000000
2447364.0 0.000000
2447365.0 0.000000
2447366.0 0.000000
2447367.0 0.000000
2447368.0 0.000000
2447369.0 0.000000
2447370.0 0.000000
2447371.0 0.000000
2447372.0 0.000000
2447373.0 0.000000
2447374.0 0.000000
2447375.0 0.000000
2447376.0 1365.000000
2447377.0 0.000000
2447378.0 0.000000
2447379.0 0.000000
2447380.0 0.000000
2447381.0 0.000000
2447382.0 0.000000
2447383.0 0.000000
2447384.0 0.000000
2447385.0 0.000000
2447386.0 0.000000
2447387.0 0.000000
2447388.0 1365.000000
2447389.0 0.000000
2447390.0 0.000000
2447391.0 0.000000
2447392.0 0.000000
2447393.0 0.000000
2447394.0 0.000000
2447395.0 0.000000
2447396.0 0.000000
2447397.0 0.000000
2447398.0 0.000000
2447399.0 1366.000000
2447400.0 0.000000
2447401.0 0.000000
2447402.0 0.000000
2447403.0 0.000000
2447404.0 1365.000000
2447405.0 0.000000
2447406.0 0.000000
2447407.0 0.000000
2447408.0 0.000000
2447409.0 0.000000
2447410.0 0.000000
2447411.0 0.000000
2447412.0 0.000000
2447413.0 0.000000
2447414.0 0.000000
2447415.0 0.000000
2447416.0 0.000000
2447417.0 0.000000
2447418.0 1366.000000
2447419.0 0.000000
2447420.0 0.000000
2447421.0 0.000000
2447422.0 0.000000
2447423.0 0.000000
2447424.0 0.000000
2447425.0 0.000000
2447426.0 0.000000
2447427.0 0.000000
2447428.0 0.000000
2447429.0 0.000000
2447430.0 0.000000
2447431.0 0.000000
2447432.0 1365.000000
2447433.0 0.000000
2447434.0 0.000000
2447435.0 0.000000
2447436.0 0.000000
2447437.0 0.000000
2447438.0 0.000000
2447439.0 0.000000
2447440.0 0.000000
2447441.0 0.000000
2447442.0 0.000000
2447443.0 0.000000
2447444.0 0.000000
2447445.0 0.000000
2447446.0 1365.000000
2447447.0 0.000000
2447448.0 0.000000
2447449.0 0.000000
2447450.0 0.000000
2447451.0 0.000000
2447452.0 0.000000
2447453.0 0.000000
2447454.0 0.000000
2447455.0 0.000000
2447456.0 0.000000
2447457.0 0.000000
2447458.0 0.000000
2447459.0 0.000000
2447460.0 1365.000000
2447461.0 0.000000
2447462.0 0.000000
2447463.0 0.000000
2447464.0 0.000000
2447465.0 0.000000
2447466.0 0.000000
2447467.0 0.000000
2447468.0 0.000000
2447469.0 0.000000
2447470.0 0.000000
2447471.0 0.000000
2447472.0 0.000000
2447473.0 0.000000
2447474.0 1365.000000
2447475.0 0.000000
2447476.0 0.000000
2447477.0 0.000000
2447478.0 0.000000
2447479.0 0.000000
2447480.0 0.000000
2447481.0 0.000000
2447482.0 0.000000
2447483.0 0.000000
2447484.0 0.000000
2447485.0 0.000000
2447486.0 0.000000
2447487.0 0.000000
2447488.0 1366.000000
2447489.0 0.000000
2447490.0 0.000000
2447491.0 0.000000
2447492.0 0.000000
2447493.0 0.000000
2447494.0 0.000000
2447495.0 0.000000
2447496.0 0.000000
2447497.0 1365.000000
2447498.0 0.000000
2447499.0 0.000000
2447500.0 0.000000
2447501.0 0.000000
2447502.0 0.000000
2447503.0 0.000000
2447504.0 0.000000
2447505.0 0.000000
2447506.0 0.000000
2447507.0 0.000000
2447508.0 0.000000
2447509.0 0.000000
2447510.0 0.000000
2447511.0 1365.000000
2447512.0 0.000000
2447513.0 0.000000
2447514.0 0.000000
2447515.0 0.000000
2447516.0 1364.000000
2447517.0 0.000000
2447518.0 0.000000
2447519.0 0.000000
2447520.0 0.000000
2447521.0 0.000000
2447522.0 0.000000
2447523.0 0.000000
2447524.0 0.000000
2447525.0 0.000000
2447526.0 0.000000
2447527.0 0.000000
2447528.0 0.000000
2447529.0 0.000000
2447530.0 0.000000
2447531.0 1366.000000
2447532.0 0.000000
2447533.0 0.000000
2447534.0 0.000000
2447535.0 0.000000
2447536.0 0.000000
2447537.0 0.000000
2447538.0 0.000000
2447539.0 0.000000
2447540.0 0.000000
2447541.0 0.000000
2447542.0 0.000000
2447543.0 0.000000
2447544.0 1366.000000
2447545.0 0.000000
2447546.0 0.000000
2447547.0 0.000000
2447548.0 0.000000
2447549.0 0.000000
2447550.0 0.000000
2447551.0 0.000000
2447552.0 0.000000
2447553.0 0.000000
2447554.0 0.000000
2447555.0 0.000000
2447556.0 0.000000
2447557.0 0.000000
2447558.0 1366.000000
2447559.0 0.000000
2447560.0 0.000000
2447561.0 0.000000
2447562.0 0.000000
2447563.0 0.000000
2447564.0 0.000000
2447565.0 0.000000
2447566.0 0.000000
2447567.0 0.000000
2447568.0 0.000000
2447569.0 1365.000000
2447570.0 0.000000
2447571.0 0.000000
2447572.0 0.000000
2447573.0 0.000000
2447574.0 0.000000
2447575.0 0.000000
2447576.0 0.000000
2447577.0 0.000000
2447578.0 0.000000
2447579.0 0.000000
2447580.0 0.000000
2447581.0 1365.000000
2447582.0 0.000000
2447583.0 0.000000
2447584.0 0.000000
2447585.0 0.000000
2447586.0 1366.000000
2447587.0 0.000000
2447588.0 0.000000
2447589.0 0.000000
2447590.0 0.000000
2447591.0 0.000000
2447592.0 0.000000
2447593.0 0.000000
2447594.0 0.000000
2447595.0 0.000000
2447596.0 0.000000
2447597.0 0.000000
2447598.0 0.000000
2447599.0 0.000000
2447600.0 0.000000
2447601.0 0.000000
2447602.0 0.000000
2447603.0 0.000000
2447604.0 0.000000
2447605.0 0.000000
2447606.0 0.000000
2447607.0 1365.000000
2447608.0 0.000000
2447609.0 0.000000
2447610.0 0.000000
2447611.0 0.000000
2447612.0 0.000000
2447613.0 0.000000
2447614.0 1366.000000
2447615.0 0.000000
2447616.0 0.000000
2447617.0 0.000000
2447618.0 0.000000
2447619.0 0.000000
2447620.0 0.000000
2447621.0 0.000000
2447622.0 0.000000
2447623.0 0.000000
2447624.0 0.000000
2447625.0 0.000000
2447626.0 0.000000
2447627.0 0.000000
2447628.0 1367.000000
2447629.0 0.000000
2447630.0 0.000000
2447631.0 0.000000
2447632.0 0.000000
2447633.0 0.000000
2447634.0 0.000000
2447635.0 0.000000
2447636.0 0.000000
2447637.0 0.000000
2447638.0 0.000000
2447639.0 0.000000
2447640.0 0.000000
2447641.0 0.000000
2447642.0 1366.000000
2447643.0 0.000000
2447644.0 0.000000
2447645.0 0.000000
2447646.0 0.000000
2447647.0 0.000000
2447648.0 0.000000
2447649.0 0.000000
2447650.0 0.000000
2447651.0 0.000000
2447652.0 0.000000
2447653.0 0.000000
2447654.0 0.000000
2447655.0 0.000000
2447656.0 1367.000000
2447657.0 0.000000
2447658.0 0.000000
2447659.0 0.000000
2447660.0 0.000000
2447661.0 0.000000
2447662.0 0.000000
2447663.0 0.000000
2447664.0 0.000000
2447665.0 0.000000
2447666.0 0.000000
2447667.0 0.000000
2447668.0 0.000000
2447669.0 0.000000
2447670.0 1366.000000
2447671.0 0.000000
2447672.0 0.000000
2447673.0 0.000000
2447674.0 0.000000
2447675.0 0.000000
2447676.0 0.000000
2447677.0 0.000000
2447678.0 1365.000000
2447679.0 0.000000
2447680.0 0.000000
2447681.0 0.000000
2447682.0 0.000000
2447683.0 0.000000
2447684.0 0.000000
2447685.0 0.000000
2447686.0 0.000000
2447687.0 0.000000
2447688.0 0.000000
2447689.0 0.000000
2447690.0 0.000000
2447691.0 0.000000
2447692.0 0.000000
2447693.0 1363.000000
2447694.0 0.000000
2447695.0 0.000000
2447696.0 0.000000
2447697.0 0.000000
2447698.0 1366.000000
2447699.0 0.000000
2447700.0 0.000000
2447701.0 0.000000
2447702.0 0.000000
2447703.0 0.000000
2447704.0 0.000000
2447705.0 0.000000
2447706.0 0.000000
2447707.0 0.000000
2447708.0 0.000000
2447709.0 0.000000
2447710.0 0.000000
2447711.0 0.000000
2447712.0 1366.000000
2447713.0 0.000000
2447714.0 0.000000
2447715.0 0.000000
2447716.0 0.000000
2447717.0 0.000000
2447718.0 0.000000
2447719.0 0.000000
2447720.0 0.000000
2447721.0 0.000000
2447722.0 0.000000
2447723.0 0.000000
2447724.0 0.000000
2447725.0 0.000000
2447726.0 1366.000000
2447727.0 0.000000
2447728.0 0.000000
2447729.0 0.000000
2447730.0 0.000000
2447731.0 0.000000
2447732.0 0.000000
2447733.0 0.000000
2447734.0 0.000000
2447735.0 0.000000
2447736.0 0.000000
2447737.0 0.000000
2447738.0 0.000000
2447739.0 0.000000
2447740.0 1365.000000
2447741.0 0.000000
2447742.0 0.000000
2447743.0 0.000000
2447744.0 0.000000
2447745.0 0.000000
2447746.0 0.000000
2447747.0 0.000000
2447748.0 0.000000
2447749.0 0.000000
2447750.0 0.000000
2447751.0 0.000000
2447752.0 1366.000000
2447753.0 0.000000
2447754.0 0.000000
2447755.0 0.000000
2447756.0 0.000000
2447757.0 0.000000
2447758.0 0.000000
2447759.0 0.000000
2447760.0 0.000000
2447761.0 0.000000
2447762.0 0.000000
2447763.0 1366.000000
2447764.0 0.000000
2447765.0 0.000000
2447766.0 0.000000
2447767.0 0.000000
2447768.0 1366.000000
2447769.0 0.000000
2447770.0 0.000000
2447771.0 0.000000
2447772.0 0.000000
2447773.0 0.000000
2447774.0 0.000000
2447775.0 0.000000
2447776.0 0.000000
2447777.0 0.000000
2447778.0 0.000000
2447779.0 0.000000
2447780.0 0.000000
2447781.0 0.000000
2447782.0 1366.000000
2447783.0 0.000000
2447784.0 0.000000
2447785.0 0.000000
2447786.0 0.000000
2447787.0 0.000000
2447788.0 0.000000
2447789.0 0.000000
2447790.0 0.000000
2447791.0 0.000000
2447792.0 0.000000
2447793.0 0.000000
2447794.0 0.000000
2447795.0 0.000000
2447796.0 1366.000000
2447797.0 0.000000
2447798.0 0.000000
2447799.0 0.000000
2447800.0 0.000000
2447801.0 0.000000
2447802.0 0.000000
2447803.0 0.000000
2447804.0 0.000000
2447805.0 0.000000
2447806.0 0.000000
2447807.0 0.000000
2447808.0 0.000000
2447809.0 0.000000
2447810.0 1367.000000
2447811.0 0.000000
2447812.0 0.000000
2447813.0 0.000000
2447814.0 0.000000
2447815.0 0.000000
2447816.0 0.000000
2447817.0 0.000000
2447818.0 0.000000
2447819.0 0.000000
2447820.0 0.000000
2447821.0 0.000000
2447822.0 0.000000
2447823.0 0.000000
2447824.0 1366.000000
2447825.0 0.000000
2447826.0 0.000000
2447827.0 0.000000
2447828.0 0.000000
2447829.0 0.000000
2447830.0 0.000000
2447831.0 0.000000
2447832.0 0.000000
2447833.0 0.000000
2447834.0 0.000000
2447835.0 0.000000
2447836.0 0.000000
2447837.0 0.000000
2447838.0 1366.000000
2447839.0 0.000000
2447840.0 0.000000
2447841.0 0.000000
2447842.0 0.000000
2447843.0 0.000000
2447844.0 0.000000
2447845.0 0.000000
2447846.0 0.000000
2447847.0 0.000000
2447848.0 0.000000
2447849.0 0.000000
2447850.0 0.000000
2447851.0 0.000000
2447852.0 1366.000000
2447853.0 0.000000
2447854.0 0.000000
2447855.0 0.000000
2447856.0 0.000000
2447857.0 0.000000
2447858.0 0.000000
2447859.0 0.000000
2447860.0 1365.000000
2447861.0 0.000000
2447862.0 0.000000
2447863.0 0.000000
2447864.0 0.000000
2447865.0 0.000000
2447866.0 0.000000
2447867.0 0.000000
2447868.0 0.000000
2447869.0 0.000000
2447870.0 0.000000
2447871.0 0.000000
2447872.0 0.000000
2447873.0 0.000000
2447874.0 0.000000
2447875.0 1366.000000
2447876.0 0.000000
2447877.0 0.000000
2447878.0 0.000000
2447879.0 0.000000
2447880.0 1366.000000
2447881.0 0.000000
2447882.0 0.000000
2447883.0 0.000000
2447884.0 0.000000
2447885.0 0.000000
2447886.0 0.000000
2447887.0 0.000000
2447888.0 0.000000
2447889.0 0.000000
2447890.0 0.000000
2447891.0 0.000000
2447892.0 0.000000
2447893.0 0.000000
2447894.0 1366.000000
2447895.0 0.000000
2447896.0 0.000000
2447897.0 0.000000
2447898.0 0.000000
2447899.0 0.000000
2447900.0 0.000000
2447901.0 0.000000
2447902.0 0.000000
2447903.0 0.000000
2447904.0 0.000000
2447905.0 0.000000
2447906.0 0.000000
2447907.0 0.000000
2447908.0 1366.000000
2447909.0 0.000000
2447910.0 0.000000
2447911.0 0.000000
2447912.0 0.000000
2447913.0 0.000000
2447914.0 0.000000
2447915.0 0.000000
2447916.0 0.000000
2447917.0 0.000000
2447918.0 0.000000
2447919.0 0.000000
2447920.0 0.000000
2447921.0 0.000000
2447922.0 1366.000000
2447923.0 0.000000
2447924.0 0.000000
2447925.0 0.000000
2447926.0 0.000000
2447927.0 0.000000
2447928.0 0.000000
2447929.0 0.000000
2447930.0 0.000000
2447931.0 0.000000
2447932.0 0.000000
2447933.0 1365.000000
2447934.0 0.000000
2447935.0 0.000000
2447936.0 0.000000
2447937.0 0.000000
2447938.0 0.000000
2447939.0 0.000000
2447940.0 0.000000
2447941.0 0.000000
2447942.0 0.000000
2447943.0 0.000000
2447944.0 1365.000000
2447945.0 0.000000
2447946.0 0.000000
2447947.0 0.000000
2447948.0 0.000000
2447949.0 0.000000
2447950.0 1366.000000
2447951.0 0.000000
2447952.0 0.000000
2447953.0 0.000000
2447954.0 0.000000
2447955.0 0.000000
2447956.0 0.000000
2447957.0 0.000000
2447958.0 0.000000
2447959.0 0.000000
2447960.0 0.000000
2447961.0 0.000000
2447962.0 0.000000
2447963.0 0.000000
2447964.0 1366.000000
2447965.0 0.000000
2447966.0 0.000000
2447967.0 0.000000
2447968.0 0.000000
2447969.0 0.000000
2447970.0 0.000000
2447971.0 0.000000
2447972.0 0.000000
2447973.0 0.000000
2447974.0 0.000000
2447975.0 0.000000
2447976.0 0.000000
2447977.0 0.000000
2447978.0 1366.000000
2447979.0 0.000000
2447980.0 0.000000
2447981.0 0.000000
2447982.0 0.000000
2447983.0 0.000000
2447984.0 0.000000
2447985.0 0.000000
2447986.0 0.000000
2447987.0 0.000000
2447988.0 0.000000
2447989.0 0.000000
2447990.0 0.000000
2447991.0 0.000000
2447992.0 1366.000000
2447993.0 0.000000
2447994.0 0.000000
2447995.0 0.000000
2447996.0 0.000000
2447997.0 0.000000
2447998.0 0.000000
2447999.0 0.000000
2448000.0 0.000000
2448001.0 0.000000
2448002.0 0.000000
2448003.0 0.000000
2448004.0 0.000000
2448005.0 0.000000
2448006.0 1366.000000
2448007.0 0.000000
2448008.0 0.000000
2448009.0 0.000000
2448010.0 0.000000
2448011.0 0.000000
2448012.0 0.000000
2448013.0 0.000000
2448014.0 0.000000
2448015.0 0.000000
2448016.0 0.000000
2448017.0 0.000000
2448018.0 0.000000
2448019.0 0.000000
2448020.0 1366.000000
2448021.0 0.000000
2448022.0 0.000000
2448023.0 0.000000
2448024.0 0.000000
2448025.0 0.000000
2448026.0 0.000000
2448027.0 0.000000
2448028.0 0.000000
2448029.0 0.000000
2448030.0 0.000000
2448031.0 0.000000
2448032.0 0.000000
2448033.0 0.000000
2448034.0 0.000000
2448035.0 1366.000000
2448036.0 0.000000
2448037.0 0.000000
2448038.0 0.000000
2448039.0 0.000000
2448040.0 0.000000
2448041.0 1365.000000
2448042.0 0.000000
2448043.0 0.000000
2448044.0 0.000000
2448045.0 0.000000
2448046.0 0.000000
2448047.0 0.000000
2448048.0 0.000000
2448049.0 0.000000
2448050.0 0.000000
2448051.0 0.000000
2448052.0 0.000000
2448053.0 0.000000
2448054.0 0.000000
2448055.0 0.000000
2448056.0 1366.000000
2448057.0 0.000000
2448058.0 0.000000
2448059.0 0.000000
2448060.0 0.000000
2448061.0 0.000000
2448062.0 1366.000000
2448063.0 0.000000
2448064.0 0.000000
2448065.0 0.000000
2448066.0 0.000000
2448067.0 0.000000
2448068.0 0.000000
2448069.0 0.000000
2448070.0 0.000000
2448071.0 0.000000
2448072.0 0.000000
2448073.0 0.000000
2448074.0 0.000000
2448075.0 0.000000
2448076.0 1364.000000
2448077.0 0.000000
2448078.0 0.000000
2448079.0 0.000000
2448080.0 0.000000
2448081.0 0.000000
2448082.0 0.000000
2448083.0 0.000000
2448084.0 0.000000
2448085.0 0.000000
2448086.0 0.000000
2448087.0 0.000000
2448088.0 0.000000
2448089.0 0.000000
2448090.0 1366.000000
2448091.0 0.000000
2448092.0 0.000000
2448093.0 0.000000
2448094.0 0.000000
2448095.0 0.000000
2448096.0 0.000000
2448097.0 0.000000
2448098.0 0.000000
2448099.0 0.000000
2448100.0 0.000000
2448101.0 0.000000
2448102.0 0.000000
2448103.0 0.000000
2448104.0 1366.000000
2448105.0 0.000000
2448106.0 0.000000
2448107.0 0.000000
2448108.0 0.000000
2448109.0 0.000000
2448110.0 0.000000
2448111.0 0.000000
2448112.0 0.000000
2448113.0 0.000000
2448114.0 1367.000000
2448115.0 0.000000
2448116.0 0.000000
2448117.0 0.000000
2448118.0 0.000000
2448119.0 0.000000
2448120.0 0.000000
2448121.0 0.000000
2448122.0 0.000000
2448123.0 0.000000
2448124.0 0.000000
2448125.0 0.000000
2448126.0 1364.000000
2448127.0 0.000000
2448128.0 0.000000
2448129.0 0.000000
2448130.0 0.000000
2448131.0 0.000000
2448132.0 1366.000000
2448133.0 0.000000
2448134.0 0.000000
2448135.0 0.000000
2448136.0 0.000000
2448137.0 0.000000
2448138.0 0.000000
2448139.0 0.000000
2448140.0 0.000000
2448141.0 0.000000
2448142.0 0.000000
2448143.0 0.000000
2448144.0 0.000000
2448145.0 0.000000
2448146.0 1366.000000
2448147.0 0.000000
2448148.0 0.000000
2448149.0 0.000000
2448150.0 0.000000
2448151.0 0.000000
2448152.0 0.000000
2448153.0 0.000000
2448154.0 0.000000
2448155.0 0.000000
2448156.0 0.000000
2448157.0 0.000000
2448158.0 0.000000
2448159.0 0.000000
2448160.0 1366.000000
2448161.0 0.000000
2448162.0 0.000000
2448163.0 0.000000
2448164.0 0.000000
2448165.0 0.000000
2448166.0 0.000000
2448167.0 0.000000
2448168.0 0.000000
2448169.0 0.000000
2448170.0 0.000000
2448171.0 0.000000
2448172.0 0.000000
2448173.0 0.000000
2448174.0 1365.000000
2448175.0 0.000000
2448176.0 0.000000
2448177.0 0.000000
2448178.0 0.000000
2448179.0 0.000000
2448180.0 0.000000
2448181.0 0.000000
2448182.0 0.000000
2448183.0 0.000000
2448184.0 0.000000
2448185.0 0.000000
2448186.0 0.000000
2448187.0 0.000000
2448188.0 1366.000000
2448189.0 0.000000
2448190.0 0.000000
2448191.0 0.000000
2448192.0 0.000000
2448193.0 0.000000
2448194.0 0.000000
2448195.0 0.000000
2448196.0 0.000000
2448197.0 0.000000
2448198.0 0.000000
2448199.0 0.000000
2448200.0 0.000000
2448201.0 0.000000
2448202.0 1366.000000
2448203.0 0.000000
2448204.0 0.000000
2448205.0 0.000000
2448206.0 0.000000
2448207.0 0.000000
2448208.0 0.000000
2448209.0 0.000000
2448210.0 0.000000
2448211.0 0.000000
2448212.0 0.000000
2448213.0 0.000000
2448214.0 0.000000
2448215.0 0.000000
2448216.0 1363.000000
2448217.0 0.000000
2448218.0 0.000000
2448219.0 0.000000
2448220.0 0.000000
2448221.0 0.000000
2448222.0 0.000000
2448223.0 1365.000000
2448224.0 0.000000
2448225.0 0.000000
2448226.0 0.000000
2448227.0 0.000000
2448228.0 0.000000
2448229.0 0.000000
2448230.0 0.000000
2448231.0 0.000000
2448232.0 0.000000
2448233.0 0.000000
2448234.0 0.000000
2448235.0 0.000000
2448236.0 0.000000
2448237.0 0.000000
2448238.0 1366.000000
2448239.0 0.000000
2448240.0 0.000000
2448241.0 0.000000
2448242.0 0.000000
2448243.0 0.000000
2448244.0 1364.000000
2448245.0 0.000000
2448246.0 0.000000
2448247.0 0.000000
2448248.0 0.000000
2448249.0 0.000000
2448250.0 0.000000
2448251.0 0.000000
2448252.0 0.000000
2448253.0 0.000000
2448254.0 0.000000
2448255.0 0.000000
2448256.0 0.000000
2448257.0 0.000000
2448258.0 1366.000000
2448259.0 0.000000
2448260.0 0.000000
2448261.0 0.000000
2448262.0 0.000000
2448263.0 0.000000
2448264.0 0.000000
2448265.0 0.000000
2448266.0 0.000000
2448267.0 0.000000
2448268.0 0.000000
2448269.0 0.000000
2448270.0 0.000000
2448271.0 0.000000
2448272.0 1365.000000
2448273.0 0.000000
2448274.0 0.000000
2448275.0 0.000000
2448276.0 0.000000
2448277.0 0.000000
2448278.0 0.000000
2448279.0 0.000000
2448280.0 0.000000
2448281.0 0.000000
2448282.0 0.000000
2448283.0 0.000000
2448284.0 0.000000
2448285.0 0.000000
2448286.0 1363.000000
2448287.0 0.000000
2448288.0 0.000000
2448289.0 0.000000
2448290.0 0.000000
2448291.0 0.000000
2448292.0 0.000000
2448293.0 0.000000
2448294.0 0.000000
2448295.0 0.000000
2448296.0 1365.000000
2448297.0 0.000000
2448298.0 0.000000
2448299.0 0.000000
2448300.0 0.000000
2448301.0 0.000000
2448302.0 0.000000
2448303.0 0.000000
2448304.0 0.000000
2448305.0 0.000000
2448306.0 0.000000
2448307.0 1366.000000
2448308.0 0.000000
2448309.0 0.000000
2448310.0 0.000000
2448311.0 0.000000
2448312.0 0.000000
2448313.0 0.000000
2448314.0 1365.000000
2448315.0 0.000000
2448316.0 0.000000
2448317.0 0.000000
2448318.0 0.000000
2448319.0 0.000000
2448320.0 0.000000
2448321.0 0.000000
2448322.0 0.000000
2448323.0 0.000000
2448324.0 0.000000
2448325.0 0.000000
2448326.0 0.000000
2448327.0 0.000000
2448328.0 1366.000000
2448329.0 0.000000
2448330.0 0.000000
2448331.0 0.000000
2448332.0 0.000000
2448333.0 0.000000
2448334.0 0.000000
2448335.0 0.000000
2448336.0 0.000000
2448337.0 0.000000
2448338.0 0.000000
2448339.0 0.000000
2448340.0 0.000000
2448341.0 0.000000
2448342.0 1365.000000
2448343.0 0.000000
2448344.0 0.000000
2448345.0 0.000000
2448346.0 0.000000
2448347.0 0.000000
2448348.0 0.000000
2448349.0 0.000000
2448350.0 0.000000
2448351.0 0.000000
2448352.0 0.000000
2448353.0 0.000000
2448354.0 0.000000
2448355.0 0.000000
2448356.0 1367.000000
2448357.0 0.000000
2448358.0 0.000000
2448359.0 0.000000
2448360.0 0.000000
2448361.0 0.000000
2448362.0 0.000000
2448363.0 0.000000
2448364.0 0.000000
2448365.0 0.000000
2448366.0 0.000000
2448367.0 0.000000
2448368.0 0.000000
2448369.0 0.000000
2448370.0 1366.000000
2448371.0 0.000000
2448372.0 0.000000
2448373.0 0.000000
2448374.0 0.000000
2448375.0 0.000000
2448376.0 0.000000
2448377.0 0.000000
2448378.0 0.000000
2448379.0 0.000000
2448380.0 0.000000
2448381.0 0.000000
2448382.0 0.000000
2448383.0 0.000000
2448384.0 1365.000000
2448385.0 0.000000
2448386.0 0.000000
2448387.0 0.000000
2448388.0 0.000000
2448389.0 0.000000
2448390.0 0.000000
2448391.0 0.000000
2448392.0 0.000000
2448393.0 0.000000
2448394.0 0.000000
2448395.0 0.000000
2448396.0 0.000000
2448397.0 0.000000
2448398.0 1365.000000
2448399.0 0.000000
2448400.0 0.000000
2448401.0 0.000000
2448402.0 0.000000
2448403.0 0.000000
2448404.0 1364.000000
2448405.0 0.000000
2448406.0 0.000000
2448407.0 0.000000
2448408.0 0.000000
2448409.0 0.000000
2448410.0 0.000000
2448411.0 0.000000
2448412.0 0.000000
2448413.0 0.000000
2448414.0 0.000000
2448415.0 0.000000
2448416.0 0.000000
2448417.0 0.000000
2448418.0 0.000000
2448419.0 1365.000000
2448420.0 0.000000
2448421.0 0.000000
2448422.0 0.000000
2448423.0 0.000000
2448424.0 0.000000
2448425.0 0.000000
2448426.0 1366.000000
2448427.0 0.000000
2448428.0 0.000000
2448429.0 0.000000
2448430.0 0.000000
2448431.0 0.000000
2448432.0 0.000000
2448433.0 0.000000
2448434.0 0.000000
2448435.0 0.000000
2448436.0 0.000000
2448437.0 0.000000
2448438.0 0.000000
2448439.0 0.000000
2448440.0 1367.000000
2448441.0 0.000000
2448442.0 0.000000
2448443.0 0.000000
2448444.0 0.000000
2448445.0 0.000000
2448446.0 0.000000
2448447.0 0.000000
2448448.0 0.000000
2448449.0 0.000000
2448450.0 0.000000
2448451.0 0.000000
2448452.0 0.000000
2448453.0 1366.000000
2448454.0 0.000000
2448455.0 0.000000
2448456.0 0.000000
2448457.0 0.000000
2448458.0 0.000000
2448459.0 0.000000
2448460.0 0.000000
2448461.0 0.000000
2448462.0 0.000000
2448463.0 0.000000
2448464.0 0.000000
2448465.0 0.000000
2448466.0 0.000000
2448467.0 0.000000
2448468.0 1367.000000
2448469.0 0.000000
2448470.0 0.000000
2448471.0 0.000000
2448472.0 0.000000
2448473.0 0.000000
2448474.0 0.000000
2448475.0 0.000000
2448476.0 1366.000000
2448477.0 0.000000
2448478.0 0.000000
2448479.0 0.000000
2448480.0 0.000000
2448481.0 0.000000
2448482.0 0.000000
2448483.0 0.000000
2448484.0 0.000000
2448485.0 0.000000
2448486.0 0.000000
2448487.0 0.000000
2448488.0 1364.000000
2448489.0 0.000000
2448490.0 0.000000
2448491.0 0.000000
2448492.0 0.000000
2448493.0 0.000000
2448494.0 0.000000
2448495.0 1366.000000
2448496.0 0.000000
2448497.0 0.000000
2448498.0 0.000000
2448499.0 0.000000
2448500.0 0.000000
2448501.0 0.000000
2448502.0 0.000000
2448503.0 0.000000
2448504.0 0.000000
2448505.0 0.000000
2448506.0 0.000000
2448507.0 0.000000
2448508.0 0.000000
2448509.0 1366.000000
2448510.0 0.000000
2448511.0 0.000000
2448512.0 0.000000
2448513.0 0.000000
2448514.0 0.000000
2448515.0 0.000000
2448516.0 0.000000
2448517.0 0.000000
2448518.0 0.000000
2448519.0 0.000000
2448520.0 0.000000
2448521.0 0.000000
2448522.0 0.000000
2448523.0 1366.000000
2448524.0 0.000000
2448525.0 0.000000
2448526.0 0.000000
2448527.0 0.000000
2448528.0 0.000000
2448529.0 0.000000
2448530.0 0.000000
2448531.0 0.000000
2448532.0 0.000000
2448533.0 0.000000
2448534.0 0.000000
2448535.0 0.000000
2448536.0 0.000000
2448537.0 1366.000000
2448538.0 0.000000
2448539.0 0.000000
2448540.0 0.000000
2448541.0 0.000000
2448542.0 0.000000
2448543.0 0.000000
2448544.0 0.000000
2448545.0 0.000000
2448546.0 0.000000
2448547.0 0.000000
2448548.0 0.000000
2448549.0 0.000000
2448550.0 0.000000
2448551.0 1365.000000
2448552.0 0.000000
2448553.0 0.000000
2448554.0 0.000000
2448555.0 0.000000
2448556.0 0.000000
2448557.0 0.000000
2448558.0 0.000000
2448559.0 0.000000
2448560.0 0.000000
2448561.0 0.000000
2448562.0 0.000000
2448563.0 0.000000
2448564.0 0.000000
2448565.0 1366.000000
2448566.0 0.000000
2448567.0 0.000000
2448568.0 0.000000
2448569.0 0.000000
2448570.0 0.000000
2448571.0 0.000000
2448572.0 0.000000
2448573.0 0.000000
2448574.0 0.000000
2448575.0 0.000000
2448576.0 0.000000
2448577.0 0.000000
2448578.0 0.000000
2448579.0 1366.000000
2448580.0 0.000000
2448581.0 0.000000
2448582.0 0.000000
2448583.0 0.000000
2448584.0 0.000000
2448585.0 1365.000000
2448586.0 0.000000
2448587.0 0.000000
2448588.0 0.000000
2448589.0 0.000000
2448590.0 0.000000
2448591.0 0.000000
2448592.0 0.000000
2448593.0 0.000000
2448594.0 0.000000
2448595.0 0.000000
2448596.0 0.000000
2448597.0 0.000000
2448598.0 0.000000
2448599.0 1364.000000
2448600.0 0.000000
2448601.0 0.000000
2448602.0 0.000000
2448603.0 0.000000
2448604.0 0.000000
2448605.0 0.000000
2448606.0 0.000000
2448607.0 1366.000000
2448608.0 0.000000
2448609.0 0.000000
2448610.0 0.000000
2448611.0 0.000000
2448612.0 0.000000
2448613.0 0.000000
2448614.0 0.000000
2448615.0 0.000000
2448616.0 0.000000
2448617.0 0.000000
2448618.0 0.000000
2448619.0 0.000000
2448620.0 0.000000
2448621.0 1365.000000
2448622.0 0.000000
2448623.0 0.000000
2448624.0 0.000000
2448625.0 0.000000
2448626.0 0.000000
2448627.0 0.000000
2448628.0 0.000000
2448629.0 0.000000
2448630.0 0.000000
2448631.0 0.000000
2448632.0 0.000000
2448633.0 0.000000
2448634.0 0.000000
2448635.0 1366.000000
2448636.0 0.000000
2448637.0 0.000000
2448638.0 0.000000
2448639.0 0.000000
2448640.0 0.000000
2448641.0 0.000000
2448642.0 0.000000
2448643.0 0.000000
2448644.0 0.000000
2448645.0 0.000000
2448646.0 0.000000
2448647.0 0.000000
2448648.0 0.000000
2448649.0 1365.000000
2448650.0 0.000000
2448651.0 0.000000
2448652.0 0.000000
2448653.0 0.000000
2448654.0 0.000000
2448655.0 0.000000
2448656.0 0.000000
2448657.0 1366.000000
2448658.0 0.000000
2448659.0 0.000000
2448660.0 0.000000
2448661.0 0.000000
2448662.0 0.000000
2448663.0 0.000000
2448664.0 0.000000
2448665.0 0.000000
2448666.0 0.000000
2448667.0 0.000000
2448668.0 0.000000
2448669.0 1366.000000
2448670.0 0.000000
2448671.0 0.000000
2448672.0 0.000000
2448673.0 0.000000
2448674.0 0.000000
2448675.0 0.000000
2448676.0 0.000000
2448677.0 1365.000000
2448678.0 0.000000
2448679.0 0.000000
2448680.0 0.000000
2448681.0 0.000000
2448682.0 0.000000
2448683.0 0.000000
2448684.0 0.000000
2448685.0 0.000000
2448686.0 0.000000
2448687.0 0.000000
2448688.0 0.000000
2448689.0 0.000000
2448690.0 0.000000
2448691.0 0.000000
2448692.0 1366.000000
2448693.0 0.000000
2448694.0 0.000000
2448695.0 0.000000
2448696.0 0.000000
2448697.0 0.000000
2448698.0 0.000000
2448699.0 0.000000
2448700.0 0.000000
2448701.0 0.000000
2448702.0 0.000000
2448703.0 0.000000
2448704.0 1366.000000
2448705.0 1366.000000
2448706.0 1366.000000
2448707.0 1366.000000
2448708.0 1365.000000
2448709.0 1365.000000
2448710.0 1364.000000
2448711.0 1364.000000
2448712.0 1365.000000
2448713.0 1365.000000
2448714.0 1366.000000
2448715.0 0.000000
2448716.0 0.000000
2448717.0 0.000000
2448718.0 0.000000
2448719.0 0.000000
2448720.0 1366.000000
2448721.0 0.000000
2448722.0 0.000000
2448723.0 0.000000
2448724.0 0.000000
2448725.0 0.000000
2448726.0 0.000000
2448727.0 0.000000
2448728.0 0.000000
2448729.0 0.000000
2448730.0 0.000000
2448731.0 0.000000
2448732.0 0.000000
2448733.0 0.000000
2448734.0 1365.000000
2448735.0 0.000000
2448736.0 0.000000
2448737.0 0.000000
2448738.0 0.000000
2448739.0 0.000000
2448740.0 0.000000
2448741.0 0.000000
2448742.0 0.000000
2448743.0 0.000000
2448744.0 0.000000
2448745.0 0.000000
2448746.0 0.000000
2448747.0 0.000000
2448748.0 1365.000000
2448749.0 0.000000
2448750.0 0.000000
2448751.0 0.000000
2448752.0 0.000000
2448753.0 0.000000
2448754.0 0.000000
2448755.0 0.000000
2448756.0 0.000000
2448757.0 0.000000
2448758.0 0.000000
2448759.0 0.000000
2448760.0 0.000000
2448761.0 0.000000
2448762.0 1366.000000
2448763.0 0.000000
2448764.0 0.000000
2448765.0 0.000000
2448766.0 1365.000000
2448767.0 0.000000
2448768.0 0.000000
2448769.0 0.000000
2448770.0 0.000000
2448771.0 0.000000
2448772.0 0.000000
2448773.0 0.000000
2448774.0 0.000000
2448775.0 0.000000
2448776.0 0.000000
2448777.0 0.000000
2448778.0 0.000000
2448779.0 0.000000
2448780.0 0.000000
2448781.0 1365.000000
2448782.0 0.000000
2448783.0 0.000000
2448784.0 0.000000
2448785.0 0.000000
2448786.0 0.000000
2448787.0 0.000000
2448788.0 0.000000
2448789.0 0.000000
2448790.0 1365.000000
2448791.0 0.000000
2448792.0 0.000000
2448793.0 0.000000
2448794.0 0.000000
2448795.0 0.000000
2448796.0 0.000000
2448797.0 0.000000
2448798.0 0.000000
2448799.0 0.000000
2448800.0 0.000000
2448801.0 0.000000
2448802.0 0.000000
2448803.0 0.000000
2448804.0 1366.000000
2448805.0 0.000000
2448806.0 0.000000
2448807.0 0.000000
2448808.0 0.000000
2448809.0 0.000000
2448810.0 0.000000
2448811.0 0.000000
2448812.0 0.000000
2448813.0 0.000000
2448814.0 0.000000
2448815.0 0.000000
2448816.0 0.000000
2448817.0 0.000000
2448818.0 1366.000000
2448819.0 0.000000
2448820.0 0.000000
2448821.0 0.000000
2448822.0 0.000000
2448823.0 0.000000
2448824.0 0.000000
2448825.0 0.000000
2448826.0 0.000000
2448827.0 0.000000
2448828.0 0.000000
2448829.0 0.000000
2448830.0 0.000000
2448831.0 0.000000
2448832.0 0.000000
2448833.0 0.000000
2448834.0 0.000000
2448835.0 0.000000
2448836.0 0.000000
2448837.0 0.000000
2448838.0 0.000000
2448839.0 1365.000000
2448840.0 0.000000
2448841.0 0.000000
2448842.0 0.000000
2448843.0 0.000000
2448844.0 0.000000
2448845.0 0.000000
2448846.0 0.000000
2448847.0 0.000000
2448848.0 0.000000
2448849.0 0.000000
2448850.0 0.000000
2448851.0 0.000000
2448852.0 1364.000000
2448853.0 0.000000
2448854.0 0.000000
2448855.0 0.000000
2448856.0 0.000000
2448857.0 0.000000
2448858.0 0.000000
2448859.0 0.000000
2448860.0 1365.000000
2448861.0 0.000000
2448862.0 0.000000
2448863.0 0.000000
2448864.0 0.000000
2448865.0 0.000000
2448866.0 0.000000
2448867.0 0.000000
2448868.0 0.000000
2448869.0 0.000000
2448870.0 0.000000
2448871.0 0.000000
2448872.0 0.000000
2448873.0 0.000000
2448874.0 0.000000
2448875.0 0.000000
2448876.0 0.000000
2448877.0 1366.000000
2448878.0 0.000000
2448879.0 0.000000
2448880.0 0.000000
2448881.0 0.000000
2448882.0 0.000000
2448883.0 0.000000
2448884.0 0.000000
2448885.0 0.000000
2448886.0 0.000000
2448887.0 0.000000
2448888.0 0.000000
2448889.0 0.000000
2448890.0 0.000000
2448891.0 0.000000
2448892.0 0.000000
2448893.0 0.000000
2448894.0 0.000000
2448895.0 0.000000
2448896.0 0.000000
2448897.0 0.000000
2448898.0 0.000000
2448899.0 0.000000
2448900.0 0.000000
2448901.0 0.000000
2448902.0 1365.000000
2448903.0 0.000000
2448904.0 0.000000
2448905.0 0.000000
2448906.0 0.000000
2448907.0 0.000000
2448908.0 0.000000
2448909.0 0.000000
2448910.0 0.000000
2448911.0 0.000000
2448912.0 0.000000
2448913.0 0.000000
2448914.0 0.000000
2448915.0 0.000000
2448916.0 1364.000000
2448917.0 0.000000
2448918.0 0.000000
2448919.0 0.000000
2448920.0 0.000000
2448921.0 0.000000
2448922.0 0.000000
2448923.0 0.000000
2448924.0 0.000000
2448925.0 0.000000
2448926.0 0.000000
2448927.0 0.000000
2448928.0 0.000000
2448929.0 0.000000
2448930.0 1365.000000
2448931.0 0.000000
2448932.0 0.000000
2448933.0 0.000000
2448934.0 0.000000
2448935.0 0.000000
2448936.0 0.000000
2448937.0 0.000000
2448938.0 0.000000
2448939.0 0.000000
2448940.0 0.000000
2448941.0 0.000000
2448942.0 0.000000
2448943.0 0.000000
2448944.0 1366.000000
2448945.0 0.000000
2448946.0 0.000000
2448947.0 0.000000
2448948.0 1365.000000
2448949.0 0.000000
2448950.0 0.000000
2448951.0 0.000000
2448952.0 0.000000
2448953.0 0.000000
2448954.0 0.000000
2448955.0 0.000000
2448956.0 0.000000
2448957.0 0.000000
2448958.0 0.000000
2448959.0 0.000000
2448960.0 0.000000
2448961.0 0.000000
2448962.0 1365.000000
2448963.0 0.000000
2448964.0 0.000000
2448965.0 0.000000
2448966.0 0.000000
2448967.0 0.000000
2448968.0 0.000000
2448969.0 0.000000
2448970.0 0.000000
2448971.0 0.000000
2448972.0 1366.000000
2448973.0 0.000000
2448974.0 0.000000
2448975.0 0.000000
2448976.0 0.000000
2448977.0 0.000000
2448978.0 0.000000
2448979.0 0.000000
2448980.0 0.000000
2448981.0 0.000000
2448982.0 0.000000
2448983.0 0.000000
2448984.0 0.000000
2448985.0 0.000000
2448986.0 1366.000000
2448987.0 0.000000
2448988.0 0.000000
2448989.0 0.000000
2448990.0 0.000000
2448991.0 0.000000
2448992.0 0.000000
2448993.0 0.000000
2448994.0 0.000000
2448995.0 0.000000
2448996.0 0.000000
2448997.0 0.000000
2448998.0 0.000000
2448999.0 0.000000
2449000.0 1365.000000
2449001.0 0.000000
2449002.0 0.000000
2449003.0 1366.000000
2449004.0 1365.000000
2449005.0 1366.000000
2449006.0 1366.000000
2449007.0 1366.000000
2449008.0 1366.000000
2449009.0 1365.000000
2449010.0 1366.000000
2449011.0 1366.000000
2449012.0 1365.000000
2449013.0 1365.000000
2449014.0 1365.000000
2449015.0 1365.000000
2449016.0 1366.000000
2449017.0 1365.000000
2449018.0 0.000000
2449019.0 1365.000000
2449020.0 0.000000
2449021.0 0.000000
2449022.0 0.000000
2449023.0 0.000000
2449024.0 0.000000
2449025.0 0.000000
2449026.0 0.000000
2449027.0 0.000000
2449028.0 0.000000
2449029.0 0.000000
2449030.0 0.000000
2449031.0 0.000000
2449032.0 1365.000000
2449033.0 0.000000
2449034.0 0.000000
2449035.0 0.000000
2449036.0 0.000000
2449037.0 0.000000
2449038.0 0.000000
2449039.0 0.000000
2449040.0 0.000000
2449041.0 0.000000
2449042.0 1365.000000
2449043.0 0.000000
2449044.0 0.000000
2449045.0 0.000000
2449046.0 0.000000
2449047.0 0.000000
2449048.0 0.000000
2449049.0 0.000000
2449050.0 0.000000
2449051.0 0.000000
2449052.0 0.000000
2449053.0 0.000000
2449054.0 0.000000
2449055.0 0.000000
2449056.0 1365.000000
2449057.0 0.000000
2449058.0 0.000000
2449059.0 0.000000
2449060.0 0.000000
2449061.0 0.000000
2449062.0 0.000000
2449063.0 0.000000
2449064.0 0.000000
2449065.0 0.000000
2449066.0 0.000000
2449067.0 0.000000
2449068.0 0.000000
2449069.0 0.000000
2449070.0 1365.000000
2449071.0 0.000000
2449072.0 0.000000
2449073.0 0.000000
2449074.0 0.000000
2449075.0 0.000000
2449076.0 0.000000
2449077.0 0.000000
2449078.0 0.000000
2449079.0 0.000000
2449080.0 0.000000
2449081.0 0.000000
2449082.0 0.000000
2449083.0 1365.000000
2449084.0 1365.000000
2449085.0 1365.000000
2449086.0 1365.000000
2449087.0 1365.000000
2449088.0 1366.000000
2449089.0 1366.000000
2449090.0 1365.000000
2449091.0 1365.000000
2449092.0 1365.000000
2449093.0 1365.000000
2449094.0 1365.000000
2449095.0 1365.000000
2449096.0 1365.000000
2449097.0 1365.000000
2449098.0 1365.000000
2449099.0 1365.000000
2449100.0 0.000000
2449101.0 0.000000
2449102.0 0.000000
2449103.0 0.000000
2449104.0 0.000000
2449105.0 0.000000
2449106.0 0.000000
2449107.0 0.000000
2449108.0 0.000000
2449109.0 0.000000
2449110.0 0.000000
2449111.0 0.000000
2449112.0 1366.000000
2449113.0 0.000000
2449114.0 0.000000
2449115.0 0.000000
2449116.0 0.000000
2449117.0 0.000000
2449118.0 0.000000
2449119.0 0.000000
2449120.0 0.000000
2449121.0 0.000000
2449122.0 0.000000
2449123.0 0.000000
2449124.0 0.000000
2449125.0 0.000000
2449126.0 1365.000000
2449127.0 0.000000
2449128.0 1365.000000
2449129.0 0.000000
2449130.0 0.000000
2449131.0 0.000000
2449132.0 0.000000
2449133.0 0.000000
2449134.0 0.000000
2449135.0 0.000000
2449136.0 0.000000
2449137.0 0.000000
2449138.0 0.000000
2449139.0 0.000000
2449140.0 0.000000
2449141.0 0.000000
2449142.0 0.000000
2449143.0 1365.000000
2449144.0 0.000000
2449145.0 0.000000
2449146.0 0.000000
2449147.0 0.000000
2449148.0 0.000000
2449149.0 0.000000
2449150.0 0.000000
2449151.0 0.000000
2449152.0 0.000000
2449153.0 0.000000
2449154.0 1365.000000
2449155.0 0.000000
2449156.0 0.000000
2449157.0 0.000000
2449158.0 0.000000
2449159.0 0.000000
2449160.0 0.000000
2449161.0 0.000000
2449162.0 0.000000
2449163.0 0.000000
2449164.0 0.000000
2449165.0 0.000000
2449166.0 0.000000
2449167.0 0.000000
2449168.0 1366.000000
2449169.0 0.000000
2449170.0 0.000000
2449171.0 0.000000
2449172.0 0.000000
2449173.0 0.000000
2449174.0 0.000000
2449175.0 0.000000
2449176.0 0.000000
2449177.0 0.000000
2449178.0 0.000000
2449179.0 0.000000
2449180.0 0.000000
2449181.0 0.000000
2449182.0 1365.000000
2449183.0 0.000000
2449184.0 1365.000000
2449185.0 1366.000000
2449186.0 0.000000
2449187.0 0.000000
2449188.0 0.000000
2449189.0 0.000000
2449190.0 0.000000
2449191.0 0.000000
2449192.0 0.000000
2449193.0 0.000000
2449194.0 0.000000
2449195.0 0.000000
2449196.0 0.000000
2449197.0 0.000000
2449198.0 0.000000
2449199.0 0.000000
2449200.0 0.000000
2449201.0 0.000000
2449202.0 0.000000
2449203.0 0.000000
2449204.0 0.000000
2449205.0 0.000000
2449206.0 0.000000
2449207.0 0.000000
2449208.0 0.000000
2449209.0 0.000000
2449210.0 0.000000
2449211.0 0.000000
2449212.0 0.000000
2449213.0 0.000000
2449214.0 0.000000
2449215.0 0.000000
2449216.0 0.000000
2449217.0 0.000000
2449218.0 0.000000
2449219.0 0.000000
2449220.0 0.000000
2449221.0 0.000000
2449222.0 0.000000
2449223.0 0.000000
2449224.0 0.000000
2449225.0 0.000000
2449226.0 0.000000
2449227.0 0.000000
2449228.0 0.000000
2449229.0 0.000000
2449230.0 0.000000
2449231.0 0.000000
2449232.0 0.000000
2449233.0 0.000000
2449234.0 0.000000
2449235.0 0.000000
2449236.0 0.000000
2449237.0 0.000000
2449238.0 0.000000
2449239.0 0.000000
2449240.0 0.000000
2449241.0 0.000000
2449242.0 0.000000
2449243.0 0.000000
2449244.0 0.000000
2449245.0 0.000000
2449246.0 0.000000
2449247.0 0.000000
2449248.0 0.000000
2449249.0 0.000000
2449250.0 0.000000
2449251.0 0.000000
2449252.0 0.000000
2449253.0 0.000000
2449254.0 0.000000
2449255.0 0.000000
2449256.0 0.000000
2449257.0 0.000000
2449258.0 0.000000
2449259.0 0.000000
2449260.0 0.000000
2449261.0 0.000000
2449262.0 0.000000
2449263.0 0.000000
2449264.0 0.000000
2449265.0 0.000000
2449266.0 0.000000
2449267.0 0.000000
2449268.0 0.000000
2449269.0 0.000000
2449270.0 0.000000
2449271.0 0.000000
2449272.0 0.000000
2449273.0 0.000000
2449274.0 0.000000
2449275.0 0.000000
2449276.0 0.000000
2449277.0 0.000000
2449278.0 0.000000
2449279.0 0.000000
2449280.0 0.000000
2449281.0 0.000000
2449282.0 0.000000
2449283.0 0.000000
2449284.0 0.000000
2449285.0 0.000000
2449286.0 0.000000
2449287.0 0.000000
2449288.0 0.000000
2449289.0 0.000000
2449290.0 0.000000
2449291.0 0.000000
2449292.0 0.000000
2449293.0 0.000000
2449294.0 0.000000
2449295.0 0.000000
2449296.0 0.000000
2449297.0 0.000000
2449298.0 0.000000
2449299.0 0.000000
2449300.0 0.000000
2449301.0 0.000000
2449302.0 0.000000
2449303.0 0.000000
2449304.0 0.000000
2449305.0 0.000000
2449306.0 0.000000
2449307.0 0.000000
2449308.0 0.000000
2449309.0 0.000000
2449310.0 0.000000
2449311.0 0.000000
2449312.0 0.000000
2449313.0 1365.000000
2449314.0 1365.000000
2449315.0 1365.000000
2449316.0 1365.000000
2449317.0 1365.000000
2449318.0 1365.000000
2449319.0 1365.000000
2449320.0 1366.000000
2449321.0 1366.000000
2449322.0 1365.000000
2449323.0 1365.000000
2449324.0 1365.000000
2449325.0 1365.000000
2449326.0 1365.000000
2449327.0 1365.000000
2449328.0 0.000000
2449329.0 1365.000000
2449330.0 0.000000
2449331.0 0.000000
2449332.0 0.000000
2449333.0 0.000000
2449334.0 1365.000000
2449335.0 0.000000
2449336.0 0.000000
2449337.0 0.000000
2449338.0 0.000000
2449339.0 0.000000
2449340.0 0.000000
2449341.0 1366.000000
2449342.0 0.000000
2449343.0 1366.000000
2449344.0 0.000000
2449345.0 0.000000
2449346.0 0.000000
2449347.0 0.000000
2449348.0 0.000000
2449349.0 0.000000
2449350.0 0.000000
2449351.0 0.000000
2449352.0 0.000000
2449353.0 0.000000
2449354.0 0.000000
2449355.0 0.000000
2449356.0 0.000000
2449357.0 1365.000000
2449358.0 0.000000
2449359.0 0.000000
2449360.0 0.000000
2449361.0 0.000000
2449362.0 0.000000
2449363.0 1365.000000
2449364.0 0.000000
2449365.0 0.000000
2449366.0 0.000000
2449367.0 0.000000
2449368.0 0.000000
2449369.0 0.000000
2449370.0 0.000000
2449371.0 0.000000
2449372.0 1365.000000
2449373.0 0.000000
2449374.0 0.000000
2449375.0 0.000000
2449376.0 0.000000
2449377.0 0.000000
2449378.0 0.000000
2449379.0 0.000000
2449380.0 0.000000
2449381.0 0.000000
2449382.0 0.000000
2449383.0 0.000000
2449384.0 0.000000
2449385.0 0.000000
2449386.0 0.000000
2449387.0 0.000000
2449388.0 0.000000
2449389.0 0.000000
2449390.0 0.000000
2449391.0 0.000000
2449392.0 0.000000
2449393.0 0.000000
2449394.0 1364.000000
2449395.0 0.000000
2449396.0 0.000000
2449397.0 0.000000
2449398.0 0.000000
2449399.0 0.000000
2449400.0 0.000000
2449401.0 0.000000
2449402.0 0.000000
2449403.0 0.000000
2449404.0 1365.000000
2449405.0 0.000000
2449406.0 0.000000
2449407.0 0.000000
2449408.0 0.000000
2449409.0 0.000000
2449410.0 1366.000000
2449411.0 0.000000
2449412.0 0.000000
2449413.0 0.000000
2449414.0 0.000000
2449415.0 0.000000
2449416.0 0.000000
2449417.0 0.000000
2449418.0 0.000000
2449419.0 0.000000
2449420.0 0.000000
2449421.0 0.000000
2449422.0 0.000000
2449423.0 0.000000
2449424.0 0.000000
2449425.0 0.000000
2449426.0 0.000000
2449427.0 0.000000
2449428.0 1365.000000
2449429.0 0.000000
2449430.0 0.000000
2449431.0 0.000000
2449432.0 0.000000
2449433.0 0.000000
2449434.0 0.000000
2449435.0 0.000000
2449436.0 0.000000
2449437.0 0.000000
2449438.0 0.000000
2449439.0 0.000000
2449440.0 0.000000
2449441.0 0.000000
2449442.0 0.000000
2449443.0 0.000000
2449444.0 0.000000
2449445.0 0.000000
2449446.0 1364.000000
2449447.0 0.000000
2449448.0 0.000000
2449449.0 0.000000
2449450.0 0.000000
2449451.0 0.000000
2449452.0 0.000000
2449453.0 0.000000
2449454.0 0.000000
2449455.0 1364.000000
2449456.0 0.000000
2449457.0 0.000000
2449458.0 0.000000
2449459.0 0.000000
2449460.0 0.000000
2449461.0 0.000000
2449462.0 0.000000
2449463.0 0.000000
2449464.0 0.000000
2449465.0 0.000000
2449466.0 0.000000
2449467.0 0.000000
2449468.0 0.000000
2449469.0 1365.000000
2449470.0 0.000000
2449471.0 0.000000
2449472.0 0.000000
2449473.0 1364.000000
2449474.0 0.000000
2449475.0 0.000000
2449476.0 0.000000
2449477.0 0.000000
2449478.0 0.000000
2449479.0 0.000000
2449480.0 1365.000000
2449481.0 0.000000
2449482.0 0.000000
2449483.0 1365.000000
2449484.0 0.000000
2449485.0 0.000000
2449486.0 0.000000
2449487.0 0.000000
2449488.0 0.000000
2449489.0 0.000000
2449490.0 1365.000000
2449491.0 0.000000
2449492.0 0.000000
2449493.0 0.000000
2449494.0 0.000000
2449495.0 0.000000
2449496.0 0.000000
2449497.0 0.000000
2449498.0 0.000000
2449499.0 0.000000
2449500.0 0.000000
2449501.0 0.000000
2449502.0 0.000000
2449503.0 0.000000
2449504.0 1364.000000
2449505.0 0.000000
2449506.0 0.000000
2449507.0 0.000000
2449508.0 0.000000
2449509.0 0.000000
2449510.0 0.000000
2449511.0 1364.000000
2449512.0 0.000000
2449513.0 0.000000
2449514.0 0.000000
2449515.0 0.000000
2449516.0 0.000000
2449517.0 0.000000
2449518.0 0.000000
2449519.0 0.000000
2449520.0 1365.000000
2449521.0 0.000000
2449522.0 0.000000
2449523.0 0.000000
2449524.0 0.000000
2449525.0 1365.000000
2449526.0 0.000000
2449527.0 0.000000
2449528.0 0.000000
2449529.0 0.000000
2449530.0 0.000000
2449531.0 0.000000
2449532.0 0.000000
2449533.0 0.000000
2449534.0 0.000000
2449535.0 0.000000
2449536.0 0.000000
2449537.0 0.000000
2449538.0 0.000000
2449539.0 0.000000
2449540.0 0.000000
2449541.0 0.000000
2449542.0 0.000000
2449543.0 0.000000
2449544.0 0.000000
2449545.0 0.000000
2449546.0 0.000000
2449547.0 0.000000
2449548.0 0.000000
2449549.0 0.000000
2449550.0 0.000000
2449551.0 0.000000
2449552.0 0.000000
2449553.0 1365.000000
2449554.0 0.000000
2449555.0 0.000000
2449556.0 0.000000
2449557.0 0.000000
2449558.0 0.000000
2449559.0 0.000000
2449560.0 0.000000
2449561.0 0.000000
2449562.0 0.000000
2449563.0 0.000000
2449564.0 0.000000
2449565.0 0.000000
2449566.0 0.000000
2449567.0 0.000000
2449568.0 0.000000
2449569.0 0.000000
2449570.0 0.000000
2449571.0 0.000000
2449572.0 0.000000
2449573.0 0.000000
2449574.0 1364.000000
2449575.0 0.000000
2449576.0 0.000000
2449577.0 0.000000
2449578.0 0.000000
2449579.0 0.000000
2449580.0 0.000000
2449581.0 1365.000000
2449582.0 0.000000
2449583.0 0.000000
2449584.0 0.000000
2449585.0 0.000000
2449586.0 0.000000
2449587.0 0.000000
2449588.0 0.000000
2449589.0 0.000000
2449590.0 1365.000000
2449591.0 0.000000
2449592.0 0.000000
2449593.0 0.000000
2449594.0 0.000000
2449595.0 0.000000
2449596.0 0.000000
2449597.0 0.000000
2449598.0 0.000000
2449599.0 0.000000
2449600.0 0.000000
2449601.0 0.000000
2449602.0 0.000000
2449603.0 0.000000
2449604.0 0.000000
2449605.0 0.000000
2449606.0 0.000000
2449607.0 0.000000
2449608.0 0.000000
2449609.0 1365.000000
2449610.0 0.000000
2449611.0 0.000000
2449612.0 0.000000
2449613.0 0.000000
2449614.0 0.000000
2449615.0 0.000000
2449616.0 0.000000
2449617.0 0.000000
2449618.0 0.000000
2449619.0 0.000000
2449620.0 0.000000
2449621.0 1364.000000
2449622.0 0.000000
2449623.0 0.000000
2449624.0 0.000000
2449625.0 0.000000
2449626.0 1366.000000
2449627.0 0.000000
2449628.0 0.000000
2449629.0 0.000000
2449630.0 0.000000
2449631.0 0.000000
2449632.0 0.000000
2449633.0 0.000000
2449634.0 0.000000
2449635.0 0.000000
2449636.0 0.000000
2449637.0 1365.000000
2449638.0 0.000000
2449639.0 0.000000
2449640.0 0.000000
2449641.0 0.000000
2449642.0 0.000000
2449643.0 0.000000
2449644.0 0.000000
2449645.0 0.000000
2449646.0 0.000000
2449647.0 0.000000
2449648.0 0.000000
2449649.0 0.000000
2449650.0 0.000000
2449651.0 1365.000000
2449652.0 0.000000
2449653.0 0.000000
2449654.0 0.000000
2449655.0 0.000000
2449656.0 0.000000
2449657.0 0.000000
2449658.0 0.000000
2449659.0 0.000000
2449660.0 1365.000000
2449661.0 1365.000000
2449662.0 1366.000000
2449663.0 1365.000000
2449664.0 1365.000000
2449665.0 1365.000000
2449666.0 1365.000000
2449667.0 1365.000000
2449668.0 1365.000000
2449669.0 1365.000000
2449670.0 0.000000
2449671.0 0.000000
2449672.0 1365.000000
2449673.0 0.000000
2449674.0 0.000000
2449675.0 0.000000
2449676.0 0.000000
2449677.0 0.000000
2449678.0 0.000000
2449679.0 0.000000
2449680.0 0.000000
2449681.0 0.000000
2449682.0 0.000000
2449683.0 0.000000
2449684.0 0.000000
2449685.0 1365.000000
2449686.0 0.000000
2449687.0 0.000000
2449688.0 0.000000
2449689.0 0.000000
2449690.0 0.000000
2449691.0 0.000000
2449692.0 0.000000
2449693.0 1364.000000
2449694.0 0.000000
2449695.0 0.000000
2449696.0 0.000000
2449697.0 1365.000000
2449698.0 0.000000
2449699.0 0.000000
2449700.0 0.000000
2449701.0 0.000000
2449702.0 1365.000000
2449703.0 0.000000
2449704.0 0.000000
2449705.0 0.000000
2449706.0 0.000000
2449707.0 1365.000000
2449708.0 0.000000
2449709.0 0.000000
2449710.0 0.000000
2449711.0 0.000000
2449712.0 0.000000
2449713.0 0.000000
2449714.0 0.000000
2449715.0 0.000000
2449716.0 0.000000
2449717.0 0.000000
2449718.0 0.000000
2449719.0 0.000000
2449720.0 0.000000
2449721.0 1365.000000
2449722.0 0.000000
2449723.0 0.000000
2449724.0 0.000000
2449725.0 0.000000
2449726.0 1365.000000
2449727.0 0.000000
2449728.0 0.000000
2449729.0 0.000000
2449730.0 0.000000
2449731.0 1365.000000
2449732.0 0.000000
2449733.0 0.000000
2449734.0 0.000000
2449735.0 1364.000000
2449736.0 0.000000
2449737.0 0.000000
2449738.0 0.000000
2449739.0 0.000000
2449740.0 0.000000
2449741.0 0.000000
2449742.0 1365.000000
2449743.0 0.000000
2449744.0 0.000000
2449745.0 0.000000
2449746.0 0.000000
2449747.0 0.000000
2449748.0 0.000000
2449749.0 0.000000
2449750.0 0.000000
2449751.0 0.000000
2449752.0 0.000000
2449753.0 0.000000
2449754.0 0.000000
2449755.0 0.000000
2449756.0 1364.000000
2449757.0 0.000000
2449758.0 0.000000
2449759.0 0.000000
2449760.0 0.000000
2449761.0 0.000000
2449762.0 0.000000
2449763.0 0.000000
2449764.0 0.000000
2449765.0 0.000000
2449766.0 1364.000000
2449767.0 0.000000
2449768.0 0.000000
2449769.0 0.000000
2449770.0 0.000000
2449771.0 1365.000000
2449772.0 0.000000
2449773.0 0.000000
2449774.0 0.000000
2449775.0 0.000000
2449776.0 0.000000
2449777.0 0.000000
2449778.0 0.000000
2449779.0 0.000000
2449780.0 0.000000
2449781.0 0.000000
2449782.0 0.000000
2449783.0 0.000000
2449784.0 0.000000
2449785.0 0.000000
2449786.0 0.000000
2449787.0 0.000000
2449788.0 0.000000
2449789.0 0.000000
2449790.0 0.000000
2449791.0 1365.000000
2449792.0 0.000000
2449793.0 0.000000
2449794.0 0.000000
2449795.0 0.000000
2449796.0 0.000000
2449797.0 0.000000
2449798.0 0.000000
2449799.0 0.000000
2449800.0 0.000000
2449801.0 0.000000
2449802.0 0.000000
2449803.0 0.000000
2449804.0 0.000000
2449805.0 0.000000
2449806.0 1365.000000
2449807.0 0.000000
2449808.0 0.000000
2449809.0 0.000000
2449810.0 0.000000
2449811.0 0.000000
2449812.0 0.000000
2449813.0 0.000000
2449814.0 0.000000
2449815.0 0.000000
2449816.0 0.000000
2449817.0 0.000000
2449818.0 0.000000
2449819.0 1365.000000
2449820.0 0.000000
2449821.0 0.000000
2449822.0 0.000000
2449823.0 0.000000
2449824.0 0.000000
2449825.0 0.000000
2449826.0 0.000000
2449827.0 0.000000
2449828.0 0.000000
2449829.0 0.000000
2449830.0 0.000000
2449831.0 0.000000
2449832.0 0.000000
2449833.0 1365.000000
2449834.0 0.000000
2449835.0 0.000000
2449836.0 1364.000000
2449837.0 0.000000
2449838.0 0.000000
2449839.0 0.000000
2449840.0 1365.000000
2449841.0 0.000000
2449842.0 0.000000
2449843.0 0.000000
2449844.0 0.000000
2449845.0 0.000000
2449846.0 0.000000
2449847.0 1365.000000
2449848.0 0.000000
2449849.0 0.000000
2449850.0 0.000000
2449851.0 0.000000
2449852.0 1365.000000
2449853.0 0.000000
2449854.0 0.000000
2449855.0 0.000000
2449856.0 0.000000
2449857.0 0.000000
2449858.0 0.000000
2449859.0 0.000000
2449860.0 0.000000
2449861.0 0.000000
2449862.0 0.000000
2449863.0 0.000000
2449864.0 0.000000
2449865.0 0.000000
2449866.0 0.000000
2449867.0 0.000000
2449868.0 0.000000
2449869.0 0.000000
2449870.0 0.000000
2449871.0 0.000000
2449872.0 0.000000
2449873.0 0.000000
2449874.0 0.000000
2449875.0 1365.000000
2449876.0 0.000000
2449877.0 1365.000000
2449878.0 0.000000
2449879.0 0.000000
2449880.0 0.000000
2449881.0 1365.000000
2449882.0 0.000000
2449883.0 0.000000
2449884.0 0.000000
2449885.0 0.000000
2449886.0 0.000000
2449887.0 0.000000
2449888.0 0.000000
2449889.0 1364.000000
2449890.0 0.000000
2449891.0 0.000000
2449892.0 0.000000
2449893.0 0.000000
2449894.0 0.000000
2449895.0 0.000000
2449896.0 0.000000
2449897.0 0.000000
2449898.0 0.000000
2449899.0 0.000000
2449900.0 0.000000
2449901.0 0.000000
2449902.0 0.000000
2449903.0 1364.000000
2449904.0 0.000000
2449905.0 0.000000
2449906.0 1364.000000
2449907.0 0.000000
2449908.0 0.000000
2449909.0 1365.000000
2449910.0 0.000000
2449911.0 0.000000
2449912.0 0.000000
2449913.0 0.000000
2449914.0 0.000000
2449915.0 0.000000
2449916.0 1365.000000
2449917.0 0.000000
2449918.0 0.000000
2449919.0 0.000000
2449920.0 0.000000
2449921.0 0.000000
2449922.0 0.000000
2449923.0 0.000000
2449924.0 0.000000
2449925.0 0.000000
2449926.0 0.000000
2449927.0 0.000000
2449928.0 0.000000
2449929.0 0.000000
2449930.0 0.000000
2449931.0 0.000000
2449932.0 0.000000
2449933.0 0.000000
2449934.0 0.000000
2449935.0 1365.000000
2449936.0 0.000000
2449937.0 0.000000
2449938.0 0.000000
2449939.0 0.000000
2449940.0 0.000000
2449941.0 0.000000
2449942.0 0.000000
2449943.0 0.000000
2449944.0 1366.000000
2449945.0 0.000000
2449946.0 0.000000
2449947.0 0.000000
2449948.0 1365.000000
2449949.0 0.000000
2449950.0 0.000000
2449951.0 1365.000000
2449952.0 0.000000
2449953.0 0.000000
2449954.0 0.000000
2449955.0 0.000000
2449956.0 0.000000
2449957.0 0.000000
2449958.0 1365.000000
2449959.0 0.000000
2449960.0 0.000000
2449961.0 0.000000
2449962.0 0.000000
2449963.0 0.000000
2449964.0 0.000000
2449965.0 0.000000
2449966.0 0.000000
2449967.0 0.000000
2449968.0 0.000000
2449969.0 0.000000
2449970.0 0.000000
2449971.0 0.000000
2449972.0 1365.000000
2449973.0 0.000000
2449974.0 0.000000
2449975.0 0.000000
2449976.0 0.000000
2449977.0 0.000000
2449978.0 0.000000
2449979.0 0.000000
2449980.0 0.000000
2449981.0 0.000000
2449982.0 1365.000000
2449983.0 0.000000
2449984.0 0.000000
2449985.0 0.000000
2449986.0 1365.000000
2449987.0 0.000000
2449988.0 0.000000
2449989.0 0.000000
2449990.0 0.000000
2449991.0 0.000000
2449992.0 0.000000
2449993.0 0.000000
2449994.0 0.000000
2449995.0 0.000000
2449996.0 0.000000
2449997.0 0.000000
2449998.0 0.000000
2449999.0 0.000000
2450000.0 1364.000000
2450001.0 0.000000
2450002.0 0.000000
2450003.0 0.000000
2450004.0 0.000000
2450005.0 0.000000
2450006.0 0.000000
2450007.0 0.000000
2450008.0 0.000000
2450009.0 0.000000
2450010.0 0.000000
2450011.0 0.000000
2450012.0 0.000000
2450013.0 0.000000
2450014.0 1366.000000
2450015.0 0.000000
2450016.0 0.000000
2450017.0 1366.000000
2450018.0 0.000000
2450019.0 0.000000
2450020.0 1365.000000
2450021.0 0.000000
2450022.0 0.000000
2450023.0 0.000000
2450024.0 0.000000
2450025.0 0.000000
2450026.0 0.000000
2450027.0 0.000000
2450028.0 0.000000
2450029.0 0.000000
2450030.0 0.000000
2450031.0 0.000000
2450032.0 1365.000000
2450033.0 0.000000
2450034.0 0.000000
2450035.0 0.000000
2450036.0 0.000000
2450037.0 0.000000
2450038.0 0.000000
2450039.0 0.000000
2450040.0 0.000000
2450041.0 0.000000
2450042.0 0.000000
2450043.0 0.000000
2450044.0 0.000000
2450045.0 0.000000
2450046.0 0.000000
2450047.0 0.000000
2450048.0 0.000000
2450049.0 0.000000
2450050.0 0.000000
2450051.0 0.000000
2450052.0 0.000000
2450053.0 0.000000
2450054.0 0.000000
2450055.0 0.000000
2450056.0 0.000000
2450057.0 1365.000000
2450058.0 0.000000
2450059.0 0.000000
2450060.0 0.000000
2450061.0 0.000000
2450062.0 1364.000000
2450063.0 0.000000
2450064.0 0.000000
2450065.0 0.000000
2450066.0 0.000000
2450067.0 0.000000
2450068.0 0.000000
2450069.0 0.000000
2450070.0 1365.000000
2450071.0 0.000000
2450072.0 0.000000
2450073.0 0.000000
2450074.0 0.000000
2450075.0 0.000000
2450076.0 0.000000
2450077.0 0.000000
2450078.0 0.000000
2450079.0 0.000000
2450080.0 0.000000
2450081.0 0.000000
2450082.0 0.000000
2450083.0 0.000000
2450084.0 1365.000000
2450085.0 0.000000
2450086.0 0.000000
2450087.0 1365.000000
2450088.0 0.000000
2450089.0 0.000000
2450090.0 0.000000
2450091.0 0.000000
2450092.0 0.000000
2450093.0 1364.000000
2450094.0 0.000000
2450095.0 0.000000
2450096.0 0.000000
2450097.0 0.000000
2450098.0 0.000000
2450099.0 0.000000
2450100.0 0.000000
2450101.0 0.000000
2450102.0 0.000000
2450103.0 0.000000
2450104.0 0.000000
2450105.0 0.000000
2450106.0 0.000000
2450107.0 0.000000
2450108.0 0.000000
2450109.0 0.000000
2450110.0 0.000000
2450111.0 0.000000
2450112.0 0.000000
2450113.0 0.000000
2450114.0 0.000000
2450115.0 0.000000
2450116.0 1365.000000
2450117.0 0.000000
2450118.0 0.000000
2450119.0 0.000000
2450120.0 0.000000
2450121.0 0.000000
2450122.0 0.000000
2450123.0 0.000000
2450124.0 0.000000
2450125.0 0.000000
2450126.0 0.000000
2450127.0 1365.000000
2450128.0 0.000000
2450129.0 0.000000
2450130.0 0.000000
2450131.0 0.000000
2450132.0 0.000000
2450133.0 1365.000000
2450134.0 0.000000
2450135.0 0.000000
2450136.0 0.000000
2450137.0 0.000000
2450138.0 0.000000
2450139.0 0.000000
2450140.0 0.000000
2450141.0 0.000000
2450142.0 0.000000
2450143.0 0.000000
2450144.0 0.000000
2450145.0 0.000000
2450146.0 0.000000
2450147.0 0.000000
2450148.0 0.000000
2450149.0 0.000000
2450150.0 0.000000
2450151.0 0.000000
2450152.0 0.000000
2450153.0 0.000000
2450154.0 0.000000
2450155.0 0.000000
2450156.0 0.000000
2450157.0 0.000000
2450158.0 0.000000
2450159.0 0.000000
2450160.0 0.000000
2450161.0 0.000000
2450162.0 0.000000
2450163.0 1366.000000
2450164.0 0.000000
2450165.0 0.000000
2450166.0 0.000000
2450167.0 0.000000
2450168.0 0.000000
2450169.0 1364.000000
2450170.0 0.000000
2450171.0 0.000000
2450172.0 0.000000
2450173.0 0.000000
2450174.0 0.000000
2450175.0 0.000000
2450176.0 0.000000
2450177.0 0.000000
2450178.0 0.000000
2450179.0 0.000000
2450180.0 0.000000
2450181.0 0.000000
2450182.0 0.000000
2450183.0 1365.000000
2450184.0 0.000000
2450185.0 0.000000
2450186.0 0.000000
2450187.0 0.000000
2450188.0 0.000000
2450189.0 0.000000
2450190.0 0.000000
2450191.0 0.000000
2450192.0 0.000000
2450193.0 0.000000
2450194.0 0.000000
2450195.0 0.000000
2450196.0 0.000000
2450197.0 1365.000000
2450198.0 0.000000
2450199.0 0.000000
2450200.0 0.000000
2450201.0 0.000000
2450202.0 0.000000
2450203.0 1365.000000
2450204.0 0.000000
2450205.0 0.000000
2450206.0 0.000000
2450207.0 0.000000
2450208.0 0.000000
2450209.0 0.000000
2450210.0 0.000000
2450211.0 1365.000000
2450212.0 0.000000
2450213.0 1364.000000
2450214.0 0.000000
2450215.0 0.000000
2450216.0 0.000000
2450217.0 0.000000
2450218.0 0.000000
2450219.0 0.000000
2450220.0 0.000000
2450221.0 0.000000
2450222.0 0.000000
2450223.0 0.000000
2450224.0 0.000000
2450225.0 0.000000
2450226.0 1364.000000
2450227.0 1364.000000
2450228.0 0.000000
2450229.0 0.000000
2450230.0 0.000000
2450231.0 0.000000
2450232.0 0.000000
2450233.0 0.000000
2450234.0 0.000000
2450235.0 0.000000
2450236.0 0.000000
2450237.0 0.000000
2450238.0 0.000000
2450239.0 1365.000000
2450240.0 0.000000
2450241.0 0.000000
2450242.0 0.000000
2450243.0 1365.000000
2450244.0 0.000000
2450245.0 0.000000
2450246.0 0.000000
2450247.0 0.000000
2450248.0 0.000000
2450249.0 0.000000
2450250.0 0.000000
2450251.0 0.000000
2450252.0 0.000000
2450253.0 1364.000000
2450254.0 0.000000
2450255.0 0.000000
2450256.0 0.000000
2450257.0 0.000000
2450258.0 0.000000
2450259.0 0.000000
2450260.0 0.000000
2450261.0 0.000000
2450262.0 0.000000
2450263.0 0.000000
2450264.0 0.000000
2450265.0 0.000000
2450266.0 0.000000
2450267.0 0.000000
2450268.0 1364.000000
2450269.0 0.000000
2450270.0 0.000000
2450271.0 0.000000
2450272.0 1364.000000
2450273.0 0.000000
2450274.0 0.000000
2450275.0 0.000000
2450276.0 0.000000
2450277.0 0.000000
2450278.0 0.000000
2450279.0 0.000000
2450280.0 0.000000
2450281.0 1365.000000
2450282.0 0.000000
2450283.0 0.000000
2450284.0 0.000000
2450285.0 1364.000000
2450286.0 0.000000
2450287.0 0.000000
2450288.0 0.000000
2450289.0 0.000000
2450290.0 0.000000
2450291.0 0.000000
2450292.0 0.000000
2450293.0 0.000000
2450294.0 0.000000
2450295.0 0.000000
2450296.0 0.000000
2450297.0 0.000000
2450298.0 1364.000000
2450299.0 0.000000
2450300.0 0.000000
2450301.0 0.000000
2450302.0 0.000000
2450303.0 0.000000
2450304.0 0.000000
2450305.0 0.000000
2450306.0 0.000000
2450307.0 0.000000
2450308.0 0.000000
2450309.0 1365.000000
2450310.0 0.000000
2450311.0 0.000000
2450312.0 0.000000
2450313.0 0.000000
2450314.0 0.000000
2450315.0 0.000000
2450316.0 0.000000
2450317.0 0.000000
2450318.0 0.000000
2450319.0 0.000000
2450320.0 0.000000
2450321.0 0.000000
2450322.0 0.000000
2450323.0 1364.000000
2450324.0 0.000000
2450325.0 0.000000
2450326.0 0.000000
2450327.0 0.000000
2450328.0 0.000000
2450329.0 0.000000
2450330.0 0.000000
2450331.0 0.000000
2450332.0 0.000000
2450333.0 0.000000
2450334.0 0.000000
2450335.0 0.000000
2450336.0 0.000000
2450337.0 1365.000000
2450338.0 0.000000
2450339.0 0.000000
2450340.0 0.000000
2450341.0 0.000000
2450342.0 0.000000
2450343.0 0.000000
2450344.0 1364.000000
2450345.0 0.000000
2450346.0 0.000000
2450347.0 0.000000
2450348.0 1365.000000
2450349.0 0.000000
2450350.0 0.000000
2450351.0 1365.000000
2450352.0 0.000000
2450353.0 0.000000
2450354.0 0.000000
2450355.0 0.000000
2450356.0 0.000000
2450357.0 0.000000
2450358.0 0.000000
2450359.0 0.000000
2450360.0 0.000000
2450361.0 0.000000
2450362.0 0.000000
2450363.0 0.000000
2450364.0 0.000000
2450365.0 0.000000
2450366.0 1364.000000
2450367.0 0.000000
2450368.0 0.000000
2450369.0 0.000000
2450370.0 0.000000
2450371.0 0.000000
2450372.0 0.000000
2450373.0 0.000000
2450374.0 0.000000
2450375.0 0.000000
2450376.0 0.000000
2450377.0 0.000000
2450378.0 0.000000
2450379.0 0.000000
2450380.0 1366.000000
2450381.0 1366.000000
2450382.0 0.000000
2450383.0 0.000000
2450384.0 0.000000
2450385.0 1365.000000
2450386.0 0.000000
2450387.0 0.000000
2450388.0 0.000000
2450389.0 0.000000
2450390.0 0.000000
2450391.0 0.000000
2450392.0 0.000000
2450393.0 0.000000
2450394.0 1365.000000
2450395.0 1365.000000
2450396.0 0.000000
2450397.0 0.000000
2450398.0 0.000000
2450399.0 0.000000
2450400.0 0.000000
2450401.0 0.000000
2450402.0 0.000000
2450403.0 0.000000
2450404.0 0.000000
2450405.0 0.000000
2450406.0 0.000000
2450407.0 1365.000000
2450408.0 0.000000
2450409.0 0.000000
2450410.0 0.000000
2450411.0 0.000000
2450412.0 0.000000
2450413.0 0.000000
2450414.0 0.000000
2450415.0 0.000000
2450416.0 0.000000
2450417.0 0.000000
2450418.0 0.000000
2450419.0 0.000000
2450420.0 0.000000
2450421.0 1364.000000
2450422.0 0.000000
2450423.0 0.000000
2450424.0 1365.000000
2450425.0 0.000000
2450426.0 0.000000
2450427.0 0.000000
2450428.0 0.000000
2450429.0 0.000000
2450430.0 0.000000
2450431.0 0.000000
2450432.0 0.000000
2450433.0 0.000000
2450434.0 0.000000
2450435.0 1364.000000
2450436.0 0.000000
2450437.0 0.000000
2450438.0 0.000000
2450439.0 0.000000
2450440.0 0.000000
2450441.0 0.000000
2450442.0 0.000000
2450443.0 0.000000
2450444.0 0.000000
2450445.0 0.000000
2450446.0 0.000000
2450447.0 0.000000
2450448.0 0.000000
2450449.0 1365.000000
2450450.0 0.000000
2450451.0 0.000000
2450452.0 1365.000000
2450453.0 0.000000
2450454.0 0.000000
2450455.0 0.000000
2450456.0 0.000000
2450457.0 0.000000
2450458.0 0.000000
2450459.0 0.000000
2450460.0 0.000000
2450461.0 0.000000
2450462.0 0.000000
2450463.0 1364.000000
2450464.0 0.000000
2450465.0 1365.000000
2450466.0 0.000000
2450467.0 0.000000
2450468.0 0.000000
2450469.0 0.000000
2450470.0 0.000000
2450471.0 0.000000
2450472.0 0.000000
2450473.0 0.000000
2450474.0 0.000000
2450475.0 0.000000
2450476.0 0.000000
2450477.0 0.000000
2450478.0 1365.000000
2450479.0 0.000000
2450480.0 0.000000
2450481.0 0.000000
2450482.0 0.000000
2450483.0 0.000000
2450484.0 0.000000
2450485.0 0.000000
2450486.0 0.000000
2450487.0 0.000000
2450488.0 0.000000
2450489.0 0.000000
2450490.0 0.000000
2450491.0 1364.000000
2450492.0 0.000000
2450493.0 1365.000000
2450494.0 0.000000
2450495.0 0.000000
2450496.0 0.000000
2450497.0 0.000000
2450498.0 0.000000
2450499.0 0.000000
2450500.0 0.000000
2450501.0 0.000000
2450502.0 0.000000
2450503.0 0.000000
2450504.0 0.000000
2450505.0 1365.000000
2450506.0 0.000000
2450507.0 0.000000
2450508.0 0.000000
2450509.0 0.000000
2450510.0 0.000000
2450511.0 0.000000
2450512.0 0.000000
2450513.0 0.000000
2450514.0 0.000000
2450515.0 0.000000
2450516.0 0.000000
2450517.0 0.000000
2450518.0 0.000000
2450519.0 1365.000000
2450520.0 0.000000
2450521.0 0.000000
2450522.0 0.000000
2450523.0 0.000000
2450524.0 0.000000
2450525.0 1365.000000
2450526.0 0.000000
2450527.0 1364.000000
2450528.0 0.000000
2450529.0 0.000000
2450530.0 0.000000
2450531.0 0.000000
2450532.0 0.000000
2450533.0 1364.000000
2450534.0 0.000000
2450535.0 0.000000
2450536.0 0.000000
2450537.0 0.000000
2450538.0 0.000000
2450539.0 0.000000
2450540.0 0.000000
2450541.0 0.000000
2450542.0 0.000000
2450543.0 0.000000
2450544.0 0.000000
2450545.0 0.000000
2450546.0 0.000000
2450547.0 1365.000000
2450548.0 0.000000
2450549.0 0.000000
2450550.0 0.000000
2450551.0 0.000000
2450552.0 0.000000
2450553.0 0.000000
2450554.0 0.000000
2450555.0 0.000000
2450556.0 0.000000
2450557.0 0.000000
2450558.0 0.000000
2450559.0 0.000000
2450560.0 1364.000000
2450561.0 0.000000
2450562.0 1365.000000
2450563.0 0.000000
2450564.0 0.000000
2450565.0 0.000000
2450566.0 0.000000
2450567.0 0.000000
2450568.0 0.000000
2450569.0 0.000000
2450570.0 0.000000
2450571.0 0.000000
2450572.0 0.000000
2450573.0 0.000000
2450574.0 0.000000
2450575.0 1365.000000
2450576.0 0.000000
2450577.0 0.000000
2450578.0 0.000000
2450579.0 0.000000
2450580.0 0.000000
2450581.0 0.000000
2450582.0 0.000000
2450583.0 0.000000
2450584.0 0.000000
2450585.0 0.000000
2450586.0 0.000000
2450587.0 1364.000000
2450588.0 0.000000
2450589.0 1365.000000
2450590.0 0.000000
2450591.0 0.000000
2450592.0 0.000000
2450593.0 0.000000
2450594.0 0.000000
2450595.0 0.000000
2450596.0 0.000000
2450597.0 0.000000
2450598.0 0.000000
2450599.0 0.000000
2450600.0 0.000000
2450601.0 1364.000000
2450602.0 0.000000
2450603.0 0.000000
2450604.0 1364.000000
2450605.0 0.000000
2450606.0 0.000000
2450607.0 0.000000
2450608.0 0.000000
2450609.0 0.000000
2450610.0 0.000000
2450611.0 0.000000
2450612.0 0.000000
2450613.0 0.000000
2450614.0 0.000000
2450615.0 0.000000
2450616.0 0.000000
2450617.0 1365.000000
2450618.0 0.000000
2450619.0 0.000000
2450620.0 0.000000
2450621.0 0.000000
2450622.0 0.000000
2450623.0 0.000000
2450624.0 0.000000
2450625.0 0.000000
2450626.0 0.000000
2450627.0 0.000000
2450628.0 0.000000
2450629.0 0.000000
2450630.0 0.000000
2450631.0 1365.000000
2450632.0 0.000000
2450633.0 1365.000000
2450634.0 0.000000
2450635.0 0.000000
2450636.0 0.000000
2450637.0 0.000000
2450638.0 0.000000
2450639.0 0.000000
2450640.0 0.000000
2450641.0 0.000000
2450642.0 0.000000
2450643.0 0.000000
2450644.0 0.000000
2450645.0 1365.000000
2450646.0 0.000000
2450647.0 0.000000
2450648.0 0.000000
2450649.0 0.000000
2450650.0 0.000000
2450651.0 0.000000
2450652.0 0.000000
2450653.0 0.000000
2450654.0 0.000000
2450655.0 0.000000
2450656.0 0.000000
2450657.0 0.000000
2450658.0 0.000000
2450659.0 1365.000000
2450660.0 0.000000
2450661.0 0.000000
2450662.0 0.000000
2450663.0 0.000000
2450664.0 0.000000
2450665.0 0.000000
2450666.0 0.000000
2450667.0 0.000000
2450668.0 1365.000000
2450669.0 0.000000
2450670.0 1365.000000
2450671.0 1365.000000
2450672.0 1365.000000
2450673.0 1365.000000
2450674.0 1365.000000
2450675.0 0.000000
2450676.0 1365.000000
2450677.0 1365.000000
2450678.0 1365.000000
2450679.0 1365.000000
2450680.0 1365.000000
2450681.0 1365.000000
2450682.0 1365.000000
2450683.0 1365.000000
2450684.0 1365.000000
2450685.0 0.000000
2450686.0 0.000000
2450687.0 1365.000000
2450688.0 0.000000
2450689.0 0.000000
2450690.0 0.000000
2450691.0 0.000000
2450692.0 0.000000
2450693.0 0.000000
2450694.0 0.000000
2450695.0 0.000000
2450696.0 0.000000
2450697.0 0.000000
2450698.0 0.000000
2450699.0 0.000000
2450700.0 0.000000
2450701.0 1363.000000
2450702.0 0.000000
2450703.0 0.000000
2450704.0 0.000000
2450705.0 1365.000000
2450706.0 0.000000
2450707.0 0.000000
2450708.0 1365.000000
2450709.0 0.000000
2450710.0 0.000000
2450711.0 0.000000
2450712.0 0.000000
2450713.0 0.000000
2450714.0 0.000000
2450715.0 1365.000000
2450716.0 1365.000000
2450717.0 0.000000
2450718.0 0.000000
2450719.0 0.000000
2450720.0 0.000000
2450721.0 0.000000
2450722.0 0.000000
2450723.0 0.000000
2450724.0 0.000000
2450725.0 0.000000
2450726.0 0.000000
2450727.0 0.000000
2450728.0 0.000000
2450729.0 1365.000000
2450730.0 0.000000
2450731.0 0.000000
2450732.0 0.000000
2450733.0 0.000000
2450734.0 0.000000
2450735.0 0.000000
2450736.0 0.000000
2450737.0 0.000000
2450738.0 0.000000
2450739.0 0.000000
2450740.0 0.000000
2450741.0 0.000000
2450742.0 1365.000000
2450743.0 0.000000
2450744.0 1365.000000
2450745.0 0.000000
2450746.0 0.000000
2450747.0 0.000000
2450748.0 0.000000
2450749.0 0.000000
2450750.0 0.000000
2450751.0 0.000000
2450752.0 1365.000000
2450753.0 0.000000
2450754.0 0.000000
2450755.0 0.000000
2450756.0 1364.000000
2450757.0 0.000000
2450758.0 0.000000
2450759.0 0.000000
2450760.0 0.000000
2450761.0 0.000000
2450762.0 0.000000
2450763.0 0.000000
2450764.0 0.000000
2450765.0 0.000000
2450766.0 0.000000
2450767.0 0.000000
2450768.0 0.000000
2450769.0 1365.000000
2450770.0 0.000000
2450771.0 0.000000
2450772.0 1365.000000
2450773.0 0.000000
2450774.0 0.000000
2450775.0 0.000000
2450776.0 0.000000
2450777.0 0.000000
2450778.0 0.000000
2450779.0 0.000000
2450780.0 0.000000
2450781.0 0.000000
2450782.0 1365.000000
2450783.0 0.000000
2450784.0 1365.000000
2450785.0 1365.000000
2450786.0 0.000000
2450787.0 0.000000
2450788.0 0.000000
2450789.0 0.000000
2450790.0 0.000000
2450791.0 0.000000
2450792.0 0.000000
2450793.0 0.000000
2450794.0 0.000000
2450795.0 0.000000
2450796.0 0.000000
2450797.0 0.000000
2450798.0 0.000000
2450799.0 1365.000000
2450800.0 0.000000
2450801.0 0.000000
2450802.0 0.000000
2450803.0 0.000000
2450804.0 0.000000
2450805.0 0.000000
2450806.0 0.000000
2450807.0 0.000000
2450808.0 0.000000
2450809.0 0.000000
2450810.0 0.000000
2450811.0 1365.000000
2450812.0 0.000000
2450813.0 1365.000000
2450814.0 0.000000
2450815.0 0.000000
2450816.0 0.000000
2450817.0 0.000000
2450818.0 0.000000
2450819.0 0.000000
2450820.0 0.000000
2450821.0 0.000000
2450822.0 0.000000
2450823.0 0.000000
2450824.0 0.000000
2450825.0 0.000000
2450826.0 1365.000000
2450827.0 0.000000
2450828.0 0.000000
2450829.0 0.000000
2450830.0 0.000000
2450831.0 0.000000
2450832.0 0.000000
2450833.0 0.000000
2450834.0 0.000000
2450835.0 0.000000
2450836.0 0.000000
2450837.0 0.000000
2450838.0 0.000000
2450839.0 1365.000000
2450840.0 0.000000
2450841.0 1365.000000
2450842.0 0.000000
2450843.0 0.000000
2450844.0 1365.000000
2450845.0 0.000000
2450846.0 0.000000
2450847.0 0.000000
2450848.0 0.000000
2450849.0 0.000000
2450850.0 0.000000
2450851.0 0.000000
2450852.0 1365.000000
2450853.0 0.000000
2450854.0 1365.000000
2450855.0 0.000000
2450856.0 0.000000
2450857.0 0.000000
2450858.0 0.000000
2450859.0 0.000000
2450860.0 0.000000
2450861.0 0.000000
2450862.0 0.000000
2450863.0 0.000000
2450864.0 0.000000
2450865.0 0.000000
2450866.0 0.000000
2450867.0 0.000000
2450868.0 0.000000
2450869.0 1365.000000
2450870.0 0.000000
2450871.0 0.000000
2450872.0 0.000000
2450873.0 0.000000
2450874.0 0.000000
2450875.0 0.000000
2450876.0 0.000000
2450877.0 0.000000
2450878.0 0.000000
2450879.0 0.000000
2450880.0 0.000000
2450881.0 0.000000
2450882.0 0.000000
2450883.0 0.000000
2450884.0 0.000000
2450885.0 0.000000
2450886.0 0.000000
2450887.0 0.000000
2450888.0 0.000000
2450889.0 0.000000
2450890.0 0.000000
2450891.0 0.000000
2450892.0 0.000000
2450893.0 0.000000
2450894.0 0.000000
2450895.0 0.000000
2450896.0 0.000000
2450897.0 0.000000
2450898.0 0.000000
2450899.0 0.000000
2450900.0 0.000000
2450901.0 0.000000
2450902.0 0.000000
2450903.0 0.000000
2450904.0 0.000000
2450905.0 0.000000
2450906.0 0.000000
2450907.0 0.000000
2450908.0 0.000000
2450909.0 0.000000
2450910.0 0.000000
2450911.0 0.000000
2450912.0 0.000000
2450913.0 0.000000
2450914.0 0.000000
2450915.0 0.000000
2450916.0 0.000000
2450917.0 0.000000
2450918.0 0.000000
2450919.0 0.000000
2450920.0 1365.000000
2450921.0 0.000000
2450922.0 0.000000
2450923.0 0.000000
2450924.0 1366.000000
2450925.0 0.000000
2450926.0 0.000000
2450927.0 0.000000
2450928.0 0.000000
2450929.0 0.000000
2450930.0 0.000000
2450931.0 0.000000
2450932.0 0.000000
2450933.0 0.000000
2450934.0 0.000000
2450935.0 0.000000
2450936.0 1364.000000
2450937.0 0.000000
2450938.0 0.000000
2450939.0 0.000000
2450940.0 0.000000
2450941.0 0.000000
2450942.0 0.000000
2450943.0 0.000000
2450944.0 0.000000
2450945.0 0.000000
2450946.0 0.000000
2450947.0 0.000000
2450948.0 0.000000
2450949.0 0.000000
2450950.0 0.000000
2450951.0 0.000000
2450952.0 0.000000
2450953.0 0.000000
2450954.0 0.000000
2450955.0 0.000000
2450956.0 0.000000
2450957.0 0.000000
2450958.0 0.000000
2450959.0 0.000000
2450960.0 0.000000
2450961.0 1365.000000
2450962.0 0.000000
2450963.0 0.000000
2450964.0 0.000000
2450965.0 1365.000000
2450966.0 0.000000
2450967.0 0.000000
2450968.0 0.000000
2450969.0 0.000000
2450970.0 0.000000
2450971.0 0.000000
2450972.0 0.000000
2450973.0 0.000000
2450974.0 0.000000
2450975.0 0.000000
2450976.0 0.000000
2450977.0 0.000000
2450978.0 0.000000
2450979.0 0.000000
2450980.0 0.000000
2450981.0 1365.000000
2450982.0 0.000000
2450983.0 0.000000
2450984.0 0.000000
2450985.0 0.000000
2450986.0 0.000000
2450987.0 0.000000
2450988.0 0.000000
2450989.0 0.000000
2450990.0 0.000000
2450991.0 1365.000000
2450992.0 0.000000
2450993.0 0.000000
2450994.0 1365.000000
2450995.0 0.000000
2450996.0 0.000000
2450997.0 0.000000
2450998.0 0.000000
2450999.0 0.000000
2451000.0 0.000000
2451001.0 0.000000
2451002.0 0.000000
2451003.0 0.000000
2451004.0 0.000000
2451005.0 0.000000
2451006.0 0.000000
2451007.0 1365.000000
2451008.0 0.000000
2451009.0 0.000000
2451010.0 0.000000
2451011.0 0.000000
2451012.0 0.000000
2451013.0 0.000000
2451014.0 0.000000
2451015.0 0.000000
2451016.0 0.000000
2451017.0 0.000000
2451018.0 0.000000
2451019.0 0.000000
2451020.0 0.000000
2451021.0 1365.000000
2451022.0 0.000000
2451023.0 0.000000
2451024.0 0.000000
2451025.0 1365.000000
2451026.0 0.000000
2451027.0 0.000000
2451028.0 0.000000
2451029.0 0.000000
2451030.0 0.000000
2451031.0 0.000000
2451032.0 1366.000000
2451033.0 0.000000
2451034.0 0.000000
2451035.0 0.000000
2451036.0 1365.000000
2451037.0 0.000000
2451038.0 0.000000
2451039.0 0.000000
2451040.0 0.000000
2451041.0 0.000000
2451042.0 0.000000
2451043.0 0.000000
2451044.0 0.000000
2451045.0 0.000000
2451046.0 0.000000
2451047.0 0.000000
2451048.0 0.000000
2451049.0 0.000000
2451050.0 0.000000
2451051.0 1365.000000
2451052.0 0.000000
2451053.0 0.000000
2451054.0 0.000000
2451055.0 0.000000
2451056.0 1365.000000
2451057.0 0.000000
2451058.0 0.000000
2451059.0 0.000000
2451060.0 0.000000
2451061.0 0.000000
2451062.0 0.000000
2451063.0 0.000000
2451064.0 0.000000
2451065.0 0.000000
2451066.0 1365.000000
2451067.0 0.000000
2451068.0 0.000000
2451069.0 1365.000000
2451070.0 0.000000
2451071.0 0.000000
2451072.0 0.000000
2451073.0 0.000000
2451074.0 0.000000
2451075.0 0.000000
2451076.0 0.000000
2451077.0 0.000000
2451078.0 0.000000
2451079.0 1365.000000
2451080.0 0.000000
2451081.0 0.000000
2451082.0 0.000000
2451083.0 0.000000
2451084.0 0.000000
2451085.0 0.000000
2451086.0 1365.000000
2451087.0 0.000000
2451088.0 0.000000
2451089.0 0.000000
2451090.0 0.000000
2451091.0 0.000000
2451092.0 0.000000
2451093.0 1365.000000
2451094.0 0.000000
2451095.0 0.000000
2451096.0 0.000000
2451097.0 0.000000
2451098.0 0.000000
2451099.0 0.000000
2451100.0 0.000000
2451101.0 0.000000
2451102.0 1365.000000
2451103.0 0.000000
2451104.0 0.000000
2451105.0 0.000000
2451106.0 0.000000
2451107.0 0.000000
2451108.0 0.000000
2451109.0 0.000000
2451110.0 0.000000
2451111.0 0.000000
2451112.0 0.000000
2451113.0 0.000000
2451114.0 0.000000
2451115.0 1365.000000
2451116.0 0.000000
2451117.0 1366.000000
2451118.0 0.000000
2451119.0 1366.000000
2451120.0 1366.000000
2451121.0 1366.000000
2451122.0 1365.000000
2451123.0 1365.000000
2451124.0 1365.000000
2451125.0 1366.000000
2451126.0 1366.000000
2451127.0 1366.000000
2451128.0 1365.000000
2451129.0 1365.000000
2451130.0 0.000000
2451131.0 0.000000
2451132.0 0.000000
2451133.0 0.000000
2451134.0 1365.000000
2451135.0 0.000000
2451136.0 1365.000000
2451137.0 0.000000
2451138.0 0.000000
2451139.0 0.000000
2451140.0 0.000000
2451141.0 0.000000
2451142.0 1365.000000
2451143.0 0.000000
2451144.0 0.000000
2451145.0 0.000000
2451146.0 0.000000
2451147.0 0.000000
2451148.0 0.000000
2451149.0 1366.000000
2451150.0 0.000000
2451151.0 0.000000
2451152.0 0.000000
2451153.0 0.000000
2451154.0 0.000000
2451155.0 0.000000
2451156.0 0.000000
2451157.0 0.000000
2451158.0 0.000000
2451159.0 0.000000
2451160.0 0.000000
2451161.0 0.000000
2451162.0 0.000000
2451163.0 0.000000
2451164.0 0.000000
2451165.0 0.000000
2451166.0 0.000000
2451167.0 0.000000
2451168.0 0.000000
2451169.0 0.000000
2451170.0 0.000000
2451171.0 0.000000
2451172.0 0.000000
2451173.0 0.000000
2451174.0 0.000000
2451175.0 0.000000
2451176.0 0.000000
2451177.0 0.000000
2451178.0 0.000000
2451179.0 0.000000
2451180.0 0.000000
2451181.0 0.000000
2451182.0 0.000000
2451183.0 0.000000
2451184.0 1366.000000
2451185.0 0.000000
2451186.0 0.000000
2451187.0 0.000000
2451188.0 0.000000
2451189.0 1365.000000
2451190.0 0.000000
2451191.0 1366.000000
2451192.0 0.000000
2451193.0 0.000000
2451194.0 0.000000
2451195.0 0.000000
2451196.0 0.000000
2451197.0 0.000000
2451198.0 0.000000
2451199.0 0.000000
2451200.0 0.000000
2451201.0 0.000000
2451202.0 0.000000
2451203.0 0.000000
2451204.0 0.000000
2451205.0 0.000000
2451206.0 0.000000
2451207.0 0.000000
2451208.0 0.000000
2451209.0 0.000000
2451210.0 0.000000
2451211.0 0.000000
2451212.0 0.000000
2451213.0 0.000000
2451214.0 0.000000
2451215.0 1366.000000
2451216.0 0.000000
2451217.0 0.000000
2451218.0 0.000000
2451219.0 1366.000000
2451220.0 0.000000
2451221.0 0.000000
2451222.0 0.000000
2451223.0 0.000000
2451224.0 0.000000
2451225.0 0.000000
2451226.0 0.000000
2451227.0 0.000000
2451228.0 0.000000
2451229.0 0.000000
2451230.0 0.000000
2451231.0 0.000000
2451232.0 0.000000
2451233.0 1366.000000
2451234.0 0.000000
2451235.0 0.000000
2451236.0 0.000000
2451237.0 1365.000000
2451238.0 0.000000
2451239.0 0.000000
2451240.0 0.000000
2451241.0 0.000000
2451242.0 0.000000
2451243.0 0.000000
2451244.0 0.000000
2451245.0 0.000000
2451246.0 0.000000
2451247.0 1366.000000
2451248.0 1365.000000
2451249.0 0.000000
2451250.0 0.000000
2451251.0 0.000000
2451252.0 0.000000
2451253.0 0.000000
2451254.0 0.000000
2451255.0 0.000000
2451256.0 0.000000
2451257.0 0.000000
2451258.0 0.000000
2451259.0 0.000000
2451260.0 0.000000
2451261.0 1365.000000
2451262.0 0.000000
2451263.0 0.000000
2451264.0 0.000000
2451265.0 0.000000
2451266.0 0.000000
2451267.0 0.000000
2451268.0 1365.000000
2451269.0 0.000000
2451270.0 0.000000
2451271.0 0.000000
2451272.0 0.000000
2451273.0 0.000000
2451274.0 0.000000
2451275.0 1365.000000
2451276.0 0.000000
2451277.0 0.000000
2451278.0 0.000000
2451279.0 0.000000
2451280.0 0.000000
2451281.0 0.000000
2451282.0 0.000000
2451283.0 0.000000
2451284.0 0.000000
2451285.0 0.000000
2451286.0 0.000000
2451287.0 0.000000
2451288.0 0.000000
2451289.0 1365.000000
2451290.0 0.000000
2451291.0 0.000000
2451292.0 0.000000
2451293.0 0.000000
2451294.0 0.000000
2451295.0 0.000000
2451296.0 0.000000
2451297.0 1364.000000
2451298.0 0.000000
2451299.0 0.000000
2451300.0 0.000000
2451301.0 0.000000
2451302.0 0.000000
2451303.0 0.000000
2451304.0 0.000000
2451305.0 0.000000
2451306.0 0.000000
2451307.0 0.000000
2451308.0 0.000000
2451309.0 1365.000000
2451310.0 0.000000
2451311.0 0.000000
2451312.0 0.000000
2451313.0 0.000000
2451314.0 0.000000
2451315.0 0.000000
2451316.0 0.000000
2451317.0 1365.000000
2451318.0 0.000000
2451319.0 0.000000
2451320.0 0.000000
2451321.0 0.000000
2451322.0 0.000000
2451323.0 0.000000
2451324.0 0.000000
2451325.0 0.000000
2451326.0 0.000000
2451327.0 0.000000
2451328.0 0.000000
2451329.0 1365.000000
2451330.0 0.000000
2451331.0 1365.000000
2451332.0 0.000000
2451333.0 0.000000
2451334.0 0.000000
2451335.0 0.000000
2451336.0 0.000000
2451337.0 0.000000
2451338.0 0.000000
2451339.0 0.000000
2451340.0 0.000000
2451341.0 0.000000
2451342.0 0.000000
2451343.0 0.000000
2451344.0 0.000000
2451345.0 1365.000000
2451346.0 0.000000
2451347.0 0.000000
2451348.0 0.000000
2451349.0 0.000000
2451350.0 0.000000
2451351.0 0.000000
2451352.0 0.000000
2451353.0 0.000000
2451354.0 0.000000
2451355.0 0.000000
2451356.0 0.000000
2451357.0 0.000000
2451358.0 0.000000
2451359.0 1366.000000
2451360.0 0.000000
2451361.0 0.000000
2451362.0 0.000000
2451363.0 0.000000
2451364.0 0.000000
2451365.0 0.000000
2451366.0 0.000000
2451367.0 1365.000000
2451368.0 0.000000
2451369.0 0.000000
2451370.0 0.000000
2451371.0 0.000000
2451372.0 0.000000
2451373.0 0.000000
2451374.0 0.000000
2451375.0 0.000000
2451376.0 0.000000
2451377.0 0.000000
2451378.0 0.000000
2451379.0 0.000000
2451380.0 0.000000
2451381.0 0.000000
2451382.0 1365.000000
2451383.0 0.000000
2451384.0 0.000000
2451385.0 0.000000
2451386.0 0.000000
2451387.0 1366.000000
2451388.0 0.000000
2451389.0 0.000000
2451390.0 1365.000000
2451391.0 0.000000
2451392.0 0.000000
2451393.0 0.000000
2451394.0 0.000000
2451395.0 0.000000
2451396.0 0.000000
2451397.0 0.000000
2451398.0 0.000000
2451399.0 0.000000
2451400.0 1365.000000
2451401.0 0.000000
2451402.0 0.000000
2451403.0 0.000000
2451404.0 0.000000
2451405.0 0.000000
2451406.0 0.000000
2451407.0 0.000000
2451408.0 0.000000
2451409.0 0.000000
2451410.0 0.000000
2451411.0 0.000000
2451412.0 0.000000
2451413.0 0.000000
2451414.0 1366.000000
2451415.0 0.000000
2451416.0 0.000000
2451417.0 0.000000
2451418.0 0.000000
2451419.0 0.000000
2451420.0 1365.000000
2451421.0 0.000000
2451422.0 0.000000
2451423.0 0.000000
2451424.0 0.000000
2451425.0 0.000000
2451426.0 0.000000
2451427.0 0.000000
2451428.0 1366.000000
2451429.0 0.000000
2451430.0 0.000000
2451431.0 0.000000
2451432.0 0.000000
2451433.0 0.000000
2451434.0 0.000000
2451435.0 0.000000
2451436.0 0.000000
2451437.0 0.000000
2451438.0 0.000000
2451439.0 0.000000
2451440.0 0.000000
2451441.0 0.000000
2451442.0 1366.000000
2451443.0 0.000000
2451444.0 0.000000
2451445.0 0.000000
2451446.0 0.000000
2451447.0 0.000000
2451448.0 0.000000
2451449.0 0.000000
2451450.0 1365.000000
2451451.0 0.000000
2451452.0 0.000000
2451453.0 0.000000
2451454.0 0.000000
2451455.0 0.000000
2451456.0 0.000000
2451457.0 0.000000
2451458.0 0.000000
2451459.0 0.000000
2451460.0 0.000000
2451461.0 0.000000
2451462.0 0.000000
2451463.0 0.000000
2451464.0 0.000000
2451465.0 0.000000
2451466.0 0.000000
2451467.0 0.000000
2451468.0 0.000000
2451469.0 0.000000
2451470.0 0.000000
2451471.0 0.000000
2451472.0 0.000000
2451473.0 0.000000
2451474.0 0.000000
2451475.0 0.000000
2451476.0 0.000000
2451477.0 0.000000
2451478.0 0.000000
2451479.0 0.000000
2451480.0 0.000000
2451481.0 0.000000
2451482.0 0.000000
2451483.0 0.000000
2451484.0 0.000000
2451485.0 0.000000
2451486.0 0.000000
2451487.0 0.000000
2451488.0 0.000000
2451489.0 0.000000
2451490.0 0.000000
2451491.0 0.000000
2451492.0 0.000000
2451493.0 0.000000
2451494.0 0.000000
2451495.0 0.000000
2451496.0 0.000000
2451497.0 0.000000
2451498.0 0.000000
2451499.0 0.000000
2451500.0 0.000000
2451501.0 0.000000
2451502.0 0.000000
2451503.0 0.000000
2451504.0 0.000000
2451505.0 0.000000
2451506.0 0.000000
2451507.0 0.000000
2451508.0 0.000000
2451509.0 0.000000
2451510.0 0.000000
2451511.0 0.000000
2451512.0 0.000000
2451513.0 0.000000
2451514.0 0.000000
2451515.0 0.000000
2451516.0 0.000000
2451517.0 0.000000
2451518.0 0.000000
2451519.0 0.000000
2451520.0 0.000000
2451521.0 0.000000
2451522.0 0.000000
2451523.0 0.000000
2451524.0 0.000000
2451525.0 0.000000
2451526.0 0.000000
2451527.0 0.000000
2451528.0 0.000000
2451529.0 0.000000
2451530.0 0.000000
2451531.0 0.000000
2451532.0 0.000000
2451533.0 1365.000000
2451534.0 0.000000
2451535.0 0.000000
2451536.0 0.000000
2451537.0 0.000000
2451538.0 0.000000
2451539.0 0.000000
2451540.0 1366.000000
2451541.0 0.000000
2451542.0 0.000000
2451543.0 0.000000
2451544.0 0.000000
2451545.0 0.000000
2451546.0 0.000000
2451547.0 1366.000000
2451548.0 0.000000
2451549.0 0.000000
2451550.0 0.000000
2451551.0 0.000000
2451552.0 0.000000
2451553.0 0.000000
2451554.0 0.000000
2451555.0 0.000000
2451556.0 0.000000
2451557.0 0.000000
2451558.0 0.000000
2451559.0 0.000000
2451560.0 0.000000
2451561.0 1365.000000
2451562.0 0.000000
2451563.0 0.000000
2451564.0 0.000000
2451565.0 0.000000
2451566.0 0.000000
2451567.0 0.000000
2451568.0 1365.000000
2451569.0 0.000000
2451570.0 0.000000
2451571.0 0.000000
2451572.0 0.000000
2451573.0 0.000000
2451574.0 0.000000
2451575.0 1366.000000
2451576.0 0.000000
2451577.0 0.000000
2451578.0 0.000000
2451579.0 0.000000
2451580.0 0.000000
2451581.0 0.000000
2451582.0 0.000000
2451583.0 0.000000
2451584.0 0.000000
2451585.0 0.000000
2451586.0 0.000000
2451587.0 0.000000
2451588.0 0.000000
2451589.0 1366.000000
2451590.0 0.000000
2451591.0 0.000000
2451592.0 0.000000
2451593.0 0.000000
2451594.0 0.000000
2451595.0 0.000000
2451596.0 0.000000
2451597.0 0.000000
2451598.0 1365.000000
2451599.0 0.000000
2451600.0 0.000000
2451601.0 0.000000
2451602.0 0.000000
2451603.0 0.000000
2451604.0 1364.000000
2451605.0 0.000000
2451606.0 0.000000
2451607.0 0.000000
2451608.0 0.000000
2451609.0 0.000000
2451610.0 0.000000
2451611.0 1365.000000
2451612.0 0.000000
2451613.0 0.000000
2451614.0 0.000000
2451615.0 0.000000
2451616.0 0.000000
2451617.0 0.000000
2451618.0 1365.000000
2451619.0 0.000000
2451620.0 0.000000
2451621.0 0.000000
2451622.0 0.000000
2451623.0 0.000000
2451624.0 0.000000
2451625.0 1365.000000
2451626.0 0.000000
2451627.0 0.000000
2451628.0 0.000000
2451629.0 0.000000
2451630.0 0.000000
2451631.0 0.000000
2451632.0 1365.000000
2451633.0 0.000000
2451634.0 0.000000
2451635.0 0.000000
2451636.0 0.000000
2451637.0 0.000000
2451638.0 0.000000
2451639.0 1366.000000
2451640.0 0.000000
2451641.0 0.000000
2451642.0 0.000000
2451643.0 0.000000
2451644.0 0.000000
2451645.0 0.000000
2451646.0 1366.000000
2451647.0 0.000000
2451648.0 0.000000
2451649.0 0.000000
2451650.0 0.000000
2451651.0 0.000000
2451652.0 0.000000
2451653.0 0.000000
2451654.0 1366.000000
2451655.0 0.000000
2451656.0 0.000000
2451657.0 0.000000
2451658.0 0.000000
2451659.0 0.000000
2451660.0 1364.000000
2451661.0 0.000000
2451662.0 0.000000
2451663.0 0.000000
2451664.0 0.000000
2451665.0 0.000000
2451666.0 0.000000
2451667.0 1366.000000
2451668.0 0.000000
2451669.0 0.000000
2451670.0 0.000000
2451671.0 0.000000
2451672.0 0.000000
2451673.0 0.000000
2451674.0 1365.000000
2451675.0 0.000000
2451676.0 0.000000
2451677.0 0.000000
2451678.0 0.000000
2451679.0 0.000000
2451680.0 0.000000
2451681.0 0.000000
2451682.0 1364.000000
2451683.0 0.000000
2451684.0 0.000000
2451685.0 0.000000
2451686.0 0.000000
2451687.0 0.000000
2451688.0 1365.000000
2451689.0 0.000000
2451690.0 0.000000
2451691.0 0.000000
2451692.0 0.000000
2451693.0 0.000000
2451694.0 0.000000
2451695.0 1365.000000
2451696.0 0.000000
2451697.0 0.000000
2451698.0 0.000000
2451699.0 0.000000
2451700.0 0.000000
2451701.0 0.000000
2451702.0 1365.000000
2451703.0 0.000000
2451704.0 0.000000
2451705.0 0.000000
2451706.0 0.000000
2451707.0 0.000000
2451708.0 0.000000
2451709.0 1366.000000
2451710.0 0.000000
2451711.0 0.000000
2451712.0 0.000000
2451713.0 0.000000
2451714.0 0.000000
2451715.0 0.000000
2451716.0 0.000000
2451717.0 1365.000000
2451718.0 0.000000
2451719.0 0.000000
2451720.0 0.000000
2451721.0 0.000000
2451722.0 0.000000
2451723.0 1364.000000
2451724.0 0.000000
2451725.0 0.000000
2451726.0 0.000000
2451727.0 0.000000
2451728.0 0.000000
2451729.0 0.000000
2451730.0 1365.000000
2451731.0 0.000000
2451732.0 0.000000
2451733.0 0.000000
2451734.0 0.000000
2451735.0 0.000000
2451736.0 0.000000
2451737.0 0.000000
2451738.0 0.000000
2451739.0 0.000000
2451740.0 0.000000
2451741.0 0.000000
2451742.0 0.000000
2451743.0 0.000000
2451744.0 0.000000
2451745.0 1365.000000
2451746.0 0.000000
2451747.0 0.000000
2451748.0 0.000000
2451749.0 0.000000
2451750.0 0.000000
2451751.0 1365.000000
2451752.0 0.000000
2451753.0 0.000000
2451754.0 0.000000
2451755.0 0.000000
2451756.0 0.000000
2451757.0 0.000000
2451758.0 1366.000000
2451759.0 0.000000
2451760.0 0.000000
2451761.0 0.000000
2451762.0 0.000000
2451763.0 0.000000
2451764.0 0.000000
2451765.0 1365.000000
2451766.0 0.000000
2451767.0 0.000000
2451768.0 0.000000
2451769.0 0.000000
2451770.0 0.000000
2451771.0 0.000000
2451772.0 1365.000000
2451773.0 0.000000
2451774.0 0.000000
2451775.0 0.000000
2451776.0 0.000000
2451777.0 0.000000
2451778.0 0.000000
2451779.0 1366.000000
2451780.0 0.000000
2451781.0 0.000000
2451782.0 0.000000
2451783.0 0.000000
2451784.0 0.000000
2451785.0 0.000000
2451786.0 1366.000000
2451787.0 0.000000
2451788.0 0.000000
2451789.0 0.000000
2451790.0 0.000000
2451791.0 0.000000
2451792.0 0.000000
2451793.0 0.000000
2451794.0 0.000000
2451795.0 0.000000
2451796.0 0.000000
2451797.0 0.000000
2451798.0 0.000000
2451799.0 0.000000
2451800.0 0.000000
2451801.0 0.000000
2451802.0 0.000000
2451803.0 0.000000
2451804.0 0.000000
2451805.0 0.000000
2451806.0 0.000000
2451807.0 1364.000000
2451808.0 0.000000
2451809.0 0.000000
2451810.0 0.000000
2451811.0 0.000000
2451812.0 0.000000
2451813.0 0.000000
2451814.0 1366.000000
2451815.0 0.000000
2451816.0 0.000000
2451817.0 0.000000
2451818.0 0.000000
2451819.0 0.000000
2451820.0 0.000000
2451821.0 1366.000000
2451822.0 0.000000
2451823.0 0.000000
2451824.0 0.000000
2451825.0 0.000000
2451826.0 0.000000
2451827.0 0.000000
2451828.0 1365.000000
2451829.0 0.000000
2451830.0 0.000000
2451831.0 0.000000
2451832.0 0.000000
2451833.0 0.000000
2451834.0 0.000000
2451835.0 1366.000000
2451836.0 0.000000
2451837.0 0.000000
2451838.0 0.000000
2451839.0 0.000000
2451840.0 0.000000
2451841.0 0.000000
2451842.0 0.000000
2451843.0 0.000000
2451844.0 0.000000
2451845.0 0.000000
2451846.0 0.000000
2451847.0 0.000000
2451848.0 0.000000
2451849.0 0.000000
2451850.0 0.000000
2451851.0 0.000000
2451852.0 0.000000
2451853.0 0.000000
2451854.0 0.000000
2451855.0 0.000000
2451856.0 0.000000
2451857.0 1366.000000
2451858.0 0.000000
2451859.0 0.000000
2451860.0 0.000000
2451861.0 0.000000
2451862.0 0.000000
2451863.0 1366.000000
2451864.0 0.000000
2451865.0 0.000000
2451866.0 0.000000
2451867.0 0.000000
2451868.0 0.000000
2451869.0 0.000000
2451870.0 0.000000
2451871.0 0.000000
2451872.0 0.000000
2451873.0 0.000000
2451874.0 0.000000
2451875.0 0.000000
2451876.0 0.000000
2451877.0 1365.000000
2451878.0 0.000000
2451879.0 0.000000
2451880.0 0.000000
2451881.0 0.000000
2451882.0 0.000000
2451883.0 0.000000
2451884.0 1366.000000
2451885.0 0.000000
2451886.0 0.000000
2451887.0 0.000000
2451888.0 0.000000
2451889.0 0.000000
2451890.0 0.000000
2451891.0 0.000000
2451892.0 0.000000
2451893.0 0.000000
2451894.0 0.000000
2451895.0 0.000000
2451896.0 0.000000
2451897.0 0.000000
2451898.0 0.000000
2451899.0 0.000000
2451900.0 0.000000
2451901.0 0.000000
2451902.0 0.000000
2451903.0 0.000000
2451904.0 0.000000
2451905.0 1365.000000
2451906.0 0.000000
2451907.0 0.000000
2451908.0 0.000000
2451909.0 0.000000
2451910.0 0.000000
2451911.0 0.000000
2451912.0 0.000000
2451913.0 0.000000
2451914.0 0.000000
2451915.0 0.000000
2451916.0 0.000000
2451917.0 0.000000
2451918.0 0.000000
2451919.0 0.000000
2451920.0 0.000000
2451921.0 0.000000
2451922.0 0.000000
2451923.0 0.000000
2451924.0 0.000000
2451925.0 0.000000
2451926.0 1366.000000
2451927.0 0.000000
2451928.0 0.000000
2451929.0 0.000000
2451930.0 0.000000
2451931.0 0.000000
2451932.0 0.000000
2451933.0 1366.000000
2451934.0 0.000000
2451935.0 0.000000
2451936.0 0.000000
2451937.0 0.000000
2451938.0 0.000000
2451939.0 0.000000
2451940.0 1367.000000
2451941.0 0.000000
2451942.0 0.000000
2451943.0 0.000000
2451944.0 0.000000
2451945.0 0.000000
2451946.0 0.000000
2451947.0 1365.000000
2451948.0 0.000000
2451949.0 0.000000
2451950.0 0.000000
2451951.0 0.000000
2451952.0 0.000000
2451953.0 0.000000
2451954.0 1366.000000
2451955.0 0.000000
2451956.0 0.000000
2451957.0 0.000000
2451958.0 0.000000
2451959.0 0.000000
2451960.0 0.000000
2451961.0 0.000000
2451962.0 1366.000000
2451963.0 0.000000
2451964.0 0.000000
2451965.0 0.000000
2451966.0 0.000000
2451967.0 0.000000
2451968.0 1366.000000
2451969.0 0.000000
2451970.0 0.000000
2451971.0 0.000000
2451972.0 0.000000
2451973.0 0.000000
2451974.0 0.000000
2451975.0 0.000000
2451976.0 1365.000000
2451977.0 0.000000
2451978.0 0.000000
2451979.0 0.000000
2451980.0 0.000000
2451981.0 0.000000
2451982.0 0.000000
2451983.0 1365.000000
2451984.0 0.000000
2451985.0 0.000000
2451986.0 0.000000
2451987.0 0.000000
2451988.0 0.000000
2451989.0 0.000000
2451990.0 1366.000000
2451991.0 0.000000
2451992.0 0.000000
2451993.0 0.000000
2451994.0 0.000000
2451995.0 0.000000
2451996.0 0.000000
2451997.0 0.000000
2451998.0 0.000000
2451999.0 0.000000
2452000.0 0.000000
2452001.0 0.000000
2452002.0 0.000000
2452003.0 0.000000
2452004.0 1366.000000
2452005.0 0.000000
2452006.0 0.000000
2452007.0 0.000000
2452008.0 0.000000
2452009.0 0.000000
2452010.0 0.000000
2452011.0 1365.000000
2452012.0 0.000000
2452013.0 0.000000
2452014.0 0.000000
2452015.0 0.000000
2452016.0 0.000000
2452017.0 0.000000
2452018.0 0.000000
2452019.0 0.000000
2452020.0 0.000000
2452021.0 0.000000
2452022.0 0.000000
2452023.0 0.000000
2452024.0 0.000000
2452025.0 1365.000000
2452026.0 0.000000
2452027.0 0.000000
2452028.0 0.000000
2452029.0 0.000000
2452030.0 0.000000
2452031.0 0.000000
2452032.0 1365.000000
2452033.0 0.000000
2452034.0 0.000000
2452035.0 0.000000
2452036.0 0.000000
2452037.0 0.000000
2452038.0 0.000000
2452039.0 1366.000000
2452040.0 0.000000
2452041.0 0.000000
2452042.0 0.000000
2452043.0 0.000000
2452044.0 0.000000
2452045.0 0.000000
2452046.0 1367.000000
2452047.0 0.000000
2452048.0 0.000000
2452049.0 0.000000
2452050.0 0.000000
2452051.0 0.000000
2452052.0 0.000000
2452053.0 1365.000000
2452054.0 0.000000
2452055.0 0.000000
2452056.0 0.000000
2452057.0 0.000000
2452058.0 0.000000
2452059.0 0.000000
2452060.0 1366.000000
2452061.0 0.000000
2452062.0 0.000000
2452063.0 0.000000
2452064.0 0.000000
2452065.0 0.000000
2452066.0 0.000000
2452067.0 1366.000000
2452068.0 0.000000
2452069.0 0.000000
2452070.0 0.000000
2452071.0 0.000000
2452072.0 0.000000
2452073.0 0.000000
2452074.0 1366.000000
2452075.0 0.000000
2452076.0 0.000000
2452077.0 0.000000
2452078.0 0.000000
2452079.0 0.000000
2452080.0 0.000000
2452081.0 1365.000000
2452082.0 0.000000
2452083.0 0.000000
2452084.0 0.000000
2452085.0 0.000000
2452086.0 0.000000
2452087.0 0.000000
2452088.0 1366.000000
2452089.0 0.000000
2452090.0 0.000000
2452091.0 0.000000
2452092.0 0.000000
2452093.0 0.000000
2452094.0 0.000000
2452095.0 0.000000
2452096.0 0.000000
2452097.0 0.000000
2452098.0 0.000000
2452099.0 0.000000
2452100.0 0.000000
2452101.0 0.000000
2452102.0 0.000000
2452103.0 0.000000
2452104.0 0.000000
2452105.0 0.000000
2452106.0 0.000000
2452107.0 0.000000
2452108.0 0.000000
2452109.0 1365.000000
2452110.0 0.000000
2452111.0 0.000000
2452112.0 0.000000
2452113.0 0.000000
2452114.0 0.000000
2452115.0 0.000000
2452116.0 1366.000000
2452117.0 0.000000
2452118.0 0.000000
2452119.0 0.000000
2452120.0 0.000000
2452121.0 0.000000
2452122.0 0.000000
2452123.0 1366.000000
2452124.0 0.000000
2452125.0 0.000000
2452126.0 0.000000
2452127.0 0.000000
2452128.0 0.000000
2452129.0 0.000000
2452130.0 1365.000000
2452131.0 0.000000
2452132.0 0.000000
2452133.0 0.000000
2452134.0 0.000000
2452135.0 0.000000
2452136.0 0.000000
2452137.0 1365.000000
2452138.0 0.000000
2452139.0 0.000000
2452140.0 0.000000
2452141.0 0.000000
2452142.0 0.000000
2452143.0 0.000000
2452144.0 1366.000000
2452145.0 0.000000
2452146.0 0.000000
2452147.0 0.000000
2452148.0 0.000000
2452149.0 0.000000
2452150.0 0.000000
2452151.0 1366.000000
2452152.0 0.000000
2452153.0 0.000000
2452154.0 0.000000
2452155.0 0.000000
2452156.0 0.000000
2452157.0 0.000000
2452158.0 1365.000000
2452159.0 0.000000
2452160.0 0.000000
2452161.0 0.000000
2452162.0 0.000000
2452163.0 0.000000
2452164.0 0.000000
2452165.0 1364.000000
2452166.0 0.000000
2452167.0 0.000000
2452168.0 0.000000
2452169.0 0.000000
2452170.0 0.000000
2452171.0 0.000000
2452172.0 1366.000000
2452173.0 0.000000
2452174.0 0.000000
2452175.0 0.000000
2452176.0 0.000000
2452177.0 0.000000
2452178.0 0.000000
2452179.0 1364.000000
2452180.0 0.000000
2452181.0 0.000000
2452182.0 0.000000
2452183.0 0.000000
2452184.0 0.000000
2452185.0 0.000000
2452186.0 1366.000000
2452187.0 0.000000
2452188.0 0.000000
2452189.0 0.000000
2452190.0 0.000000
2452191.0 0.000000
2452192.0 0.000000
2452193.0 1366.000000
2452194.0 0.000000
2452195.0 0.000000
2452196.0 0.000000
2452197.0 0.000000
2452198.0 0.000000
2452199.0 0.000000
2452200.0 1365.000000
2452201.0 0.000000
2452202.0 0.000000
2452203.0 0.000000
2452204.0 0.000000
2452205.0 0.000000
2452206.0 0.000000
2452207.0 0.000000
2452208.0 0.000000
2452209.0 0.000000
2452210.0 0.000000
2452211.0 0.000000
2452212.0 0.000000
2452213.0 0.000000
2452214.0 1364.000000
2452215.0 0.000000
2452216.0 0.000000
2452217.0 0.000000
2452218.0 0.000000
2452219.0 0.000000
2452220.0 0.000000
2452221.0 0.000000
2452222.0 0.000000
2452223.0 0.000000
2452224.0 0.000000
2452225.0 0.000000
2452226.0 0.000000
2452227.0 0.000000
2452228.0 1366.000000
2452229.0 0.000000
2452230.0 0.000000
2452231.0 0.000000
2452232.0 0.000000
2452233.0 0.000000
2452234.0 0.000000
2452235.0 1366.000000
2452236.0 0.000000
2452237.0 0.000000
2452238.0 0.000000
2452239.0 0.000000
2452240.0 0.000000
2452241.0 0.000000
2452242.0 1365.000000
2452243.0 0.000000
2452244.0 0.000000
2452245.0 0.000000
2452246.0 0.000000
2452247.0 0.000000
2452248.0 0.000000
2452249.0 0.000000
2452250.0 0.000000
2452251.0 0.000000
2452252.0 0.000000
2452253.0 0.000000
2452254.0 0.000000
2452255.0 0.000000
2452256.0 0.000000
2452257.0 0.000000
2452258.0 0.000000
2452259.0 1367.000000
2452260.0 0.000000
2452261.0 0.000000
2452262.0 0.000000
2452263.0 1367.000000
2452264.0 0.000000
2452265.0 0.000000
2452266.0 0.000000
2452267.0 0.000000
2452268.0 0.000000
2452269.0 0.000000
2452270.0 0.000000
2452271.0 0.000000
2452272.0 0.000000
2452273.0 0.000000
2452274.0 0.000000
2452275.0 0.000000
2452276.0 0.000000
2452277.0 0.000000
2452278.0 0.000000
2452279.0 0.000000
2452280.0 0.000000
2452281.0 0.000000
2452282.0 0.000000
2452283.0 0.000000
2452284.0 1366.000000
2452285.0 0.000000
2452286.0 0.000000
2452287.0 0.000000
2452288.0 0.000000
2452289.0 0.000000
2452290.0 0.000000
2452291.0 0.000000
2452292.0 0.000000
2452293.0 0.000000
2452294.0 0.000000
2452295.0 0.000000
2452296.0 0.000000
2452297.0 0.000000
2452298.0 0.000000
2452299.0 0.000000
2452300.0 0.000000
2452301.0 0.000000
2452302.0 0.000000
2452303.0 0.000000
2452304.0 0.000000
2452305.0 1366.000000
2452306.0 0.000000
2452307.0 0.000000
2452308.0 0.000000
2452309.0 0.000000
2452310.0 0.000000
2452311.0 0.000000
2452312.0 1366.000000
2452313.0 0.000000
2452314.0 0.000000
2452315.0 0.000000
2452316.0 0.000000
2452317.0 0.000000
2452318.0 0.000000
2452319.0 1366.000000
2452320.0 0.000000
2452321.0 0.000000
2452322.0 0.000000
2452323.0 0.000000
2452324.0 0.000000
2452325.0 0.000000
2452326.0 1367.000000
2452327.0 0.000000
2452328.0 0.000000
2452329.0 0.000000
2452330.0 0.000000
2452331.0 0.000000
2452332.0 0.000000
2452333.0 1366.000000
2452334.0 0.000000
2452335.0 0.000000
2452336.0 0.000000
2452337.0 0.000000
2452338.0 0.000000
2452339.0 0.000000
2452340.0 1366.000000
2452341.0 0.000000
2452342.0 0.000000
2452343.0 0.000000
2452344.0 0.000000
2452345.0 0.000000
2452346.0 0.000000
2452347.0 1366.000000
2452348.0 0.000000
2452349.0 0.000000
2452350.0 0.000000
2452351.0 0.000000
2452352.0 0.000000
2452353.0 0.000000
2452354.0 1366.000000
2452355.0 0.000000
2452356.0 0.000000
2452357.0 0.000000
2452358.0 0.000000
2452359.0 0.000000
2452360.0 0.000000
2452361.0 1366.000000
2452362.0 0.000000
2452363.0 0.000000
2452364.0 0.000000
2452365.0 0.000000
2452366.0 0.000000
2452367.0 0.000000
2452368.0 1365.000000
2452369.0 0.000000
2452370.0 0.000000
2452371.0 0.000000
2452372.0 0.000000
2452373.0 0.000000
2452374.0 0.000000
2452375.0 1366.000000
2452376.0 0.000000
2452377.0 0.000000
2452378.0 0.000000
2452379.0 0.000000
2452380.0 0.000000
2452381.0 0.000000
2452382.0 1366.000000
2452383.0 0.000000
2452384.0 0.000000
2452385.0 0.000000
2452386.0 0.000000
2452387.0 0.000000
2452388.0 0.000000
2452389.0 1365.000000
2452390.0 0.000000
2452391.0 0.000000
2452392.0 0.000000
2452393.0 0.000000
2452394.0 0.000000
2452395.0 0.000000
2452396.0 1366.000000
2452397.0 0.000000
2452398.0 0.000000
2452399.0 0.000000
2452400.0 0.000000
2452401.0 0.000000
2452402.0 0.000000
2452403.0 1365.000000
2452404.0 0.000000
2452405.0 0.000000
2452406.0 0.000000
2452407.0 0.000000
2452408.0 0.000000
2452409.0 0.000000
2452410.0 1366.000000
2452411.0 0.000000
2452412.0 0.000000
2452413.0 0.000000
2452414.0 0.000000
2452415.0 0.000000
2452416.0 0.000000
2452417.0 1365.000000
2452418.0 0.000000
2452419.0 0.000000
2452420.0 0.000000
2452421.0 0.000000
2452422.0 0.000000
2452423.0 0.000000
2452424.0 1366.000000
2452425.0 0.000000
2452426.0 0.000000
2452427.0 0.000000
2452428.0 0.000000
2452429.0 0.000000
2452430.0 0.000000
2452431.0 1365.000000
2452432.0 0.000000
2452433.0 0.000000
2452434.0 0.000000
2452435.0 0.000000
2452436.0 0.000000
2452437.0 0.000000
2452438.0 1365.000000
2452439.0 0.000000
2452440.0 0.000000
2452441.0 0.000000
2452442.0 0.000000
2452443.0 0.000000
2452444.0 0.000000
2452445.0 1366.000000
2452446.0 0.000000
2452447.0 0.000000
2452448.0 0.000000
2452449.0 0.000000
2452450.0 0.000000
2452451.0 0.000000
2452452.0 0.000000
2452453.0 0.000000
2452454.0 0.000000
2452455.0 0.000000
2452456.0 0.000000
2452457.0 0.000000
2452458.0 0.000000
2452459.0 0.000000
2452460.0 0.000000
2452461.0 0.000000
2452462.0 0.000000
2452463.0 0.000000
2452464.0 0.000000
2452465.0 0.000000
2452466.0 1366.000000
2452467.0 0.000000
2452468.0 0.000000
2452469.0 0.000000
2452470.0 0.000000
2452471.0 1364.000000
2452472.0 1365.000000
2452473.0 1364.000000
2452474.0 0.000000
2452475.0 1364.000000
2452476.0 0.000000
2452477.0 0.000000
2452478.0 0.000000
2452479.0 0.000000
2452480.0 0.000000
2452481.0 0.000000
2452482.0 0.000000
2452483.0 0.000000
2452484.0 0.000000
2452485.0 0.000000
2452486.0 0.000000
2452487.0 0.000000
2452488.0 0.000000
2452489.0 0.000000
2452490.0 0.000000
2452491.0 0.000000
2452492.0 0.000000
2452493.0 0.000000
2452494.0 0.000000
2452495.0 0.000000
2452496.0 0.000000
2452497.0 0.000000
2452498.0 0.000000
2452499.0 0.000000
2452500.0 0.000000
2452501.0 0.000000
2452502.0 0.000000
2452503.0 0.000000
2452504.0 0.000000
2452505.0 0.000000
2452506.0 0.000000
2452507.0 0.000000
2452508.0 0.000000
2452509.0 0.000000
2452510.0 0.000000
2452511.0 0.000000
2452512.0 0.000000
2452513.0 1366.000000
2452514.0 0.000000
2452515.0 0.000000
2452516.0 0.000000
2452517.0 1365.000000
2452518.0 0.000000
2452519.0 0.000000
2452520.0 1365.000000
2452521.0 0.000000
2452522.0 1365.000000
2452523.0 0.000000
2452524.0 0.000000
2452525.0 0.000000
2452526.0 0.000000
2452527.0 0.000000
2452528.0 0.000000
2452529.0 0.000000
2452530.0 0.000000
2452531.0 1365.000000
2452532.0 0.000000
2452533.0 0.000000
2452534.0 0.000000
2452535.0 0.000000
2452536.0 1365.000000
2452537.0 0.000000
2452538.0 1366.000000
2452539.0 0.000000
2452540.0 0.000000
2452541.0 1366.000000
2452542.0 0.000000
2452543.0 1366.000000
2452544.0 0.000000
2452545.0 0.000000
2452546.0 0.000000
2452547.0 0.000000
2452548.0 1366.000000
2452549.0 0.000000
2452550.0 1366.000000
2452551.0 0.000000
2452552.0 1365.000000
2452553.0 0.000000
2452554.0 0.000000
2452555.0 1365.000000
2452556.0 0.000000
2452557.0 0.000000
2452558.0 0.000000
2452559.0 0.000000
2452560.0 0.000000
2452561.0 0.000000
2452562.0 0.000000
2452563.0 0.000000
2452564.0 0.000000
2452565.0 0.000000
2452566.0 0.000000
2452567.0 0.000000
2452568.0 0.000000
2452569.0 0.000000
2452570.0 0.000000
2452571.0 0.000000
2452572.0 0.000000
2452573.0 0.000000
2452574.0 0.000000
2452575.0 0.000000
2452576.0 0.000000
2452577.0 0.000000
2452578.0 0.000000
2452579.0 0.000000
2452580.0 1366.000000
2452581.0 0.000000
2452582.0 0.000000
2452583.0 0.000000
2452584.0 0.000000
2452585.0 0.000000
2452586.0 0.000000
2452587.0 0.000000
2452588.0 0.000000
2452589.0 0.000000
2452590.0 0.000000
2452591.0 0.000000
2452592.0 1365.000000
2452593.0 0.000000
2452594.0 1365.000000
2452595.0 0.000000
2452596.0 0.000000
2452597.0 1365.000000
2452598.0 0.000000
2452599.0 0.000000
2452600.0 0.000000
2452601.0 0.000000
2452602.0 0.000000
2452603.0 0.000000
2452604.0 0.000000
2452605.0 0.000000
2452606.0 0.000000
2452607.0 0.000000
2452608.0 0.000000
2452609.0 0.000000
2452610.0 0.000000
2452611.0 0.000000
2452612.0 0.000000
2452613.0 0.000000
2452614.0 0.000000
2452615.0 0.000000
2452616.0 0.000000
2452617.0 0.000000
2452618.0 0.000000
2452619.0 0.000000
2452620.0 0.000000
2452621.0 0.000000
2452622.0 0.000000
2452623.0 0.000000
2452624.0 0.000000
2452625.0 0.000000
2452626.0 0.000000
2452627.0 1365.000000
2452628.0 0.000000
2452629.0 0.000000
2452630.0 0.000000
2452631.0 0.000000
2452632.0 0.000000
2452633.0 0.000000
2452634.0 0.000000
2452635.0 0.000000
2452636.0 0.000000
2452637.0 0.000000
2452638.0 0.000000
2452639.0 0.000000
2452640.0 0.000000
2452641.0 0.000000
2452642.0 0.000000
2452643.0 0.000000
2452644.0 0.000000
2452645.0 0.000000
2452646.0 0.000000
2452647.0 0.000000
2452648.0 1365.000000
2452649.0 0.000000
2452650.0 0.000000
2452651.0 0.000000
2452652.0 0.000000
2452653.0 0.000000
2452654.0 0.000000
2452655.0 1367.000000
2452656.0 0.000000
2452657.0 0.000000
2452658.0 0.000000
2452659.0 0.000000
2452660.0 0.000000
2452661.0 0.000000
2452662.0 1366.000000
2452663.0 0.000000
2452664.0 0.000000
2452665.0 0.000000
2452666.0 0.000000
2452667.0 0.000000
2452668.0 0.000000
2452669.0 1366.000000
2452670.0 0.000000
2452671.0 0.000000
2452672.0 0.000000
2452673.0 0.000000
2452674.0 0.000000
2452675.0 0.000000
2452676.0 1366.000000
2452677.0 0.000000
2452678.0 0.000000
2452679.0 0.000000
2452680.0 0.000000
2452681.0 0.000000
2452682.0 0.000000
2452683.0 1366.000000
2452684.0 0.000000
2452685.0 0.000000
2452686.0 0.000000
2452687.0 0.000000
2452688.0 0.000000
2452689.0 0.000000
2452690.0 1365.000000
2452691.0 0.000000
2452692.0 0.000000
2452693.0 0.000000
2452694.0 0.000000
2452695.0 0.000000
2452696.0 0.000000
2452697.0 1365.000000
2452698.0 0.000000
2452699.0 0.000000
2452700.0 0.000000
2452701.0 0.000000
2452702.0 0.000000
2452703.0 0.000000
2452704.0 0.000000
2452705.0 0.000000
2452706.0 0.000000
2452707.0 0.000000
2452708.0 0.000000
2452709.0 0.000000
2452710.0 0.000000
2452711.0 1364.000000
2452712.0 0.000000
2452713.0 0.000000
2452714.0 0.000000
2452715.0 0.000000
2452716.0 0.000000
2452717.0 0.000000
2452718.0 1365.000000
2452719.0 0.000000
2452720.0 0.000000
2452721.0 0.000000
2452722.0 0.000000
2452723.0 0.000000
2452724.0 0.000000
2452725.0 1366.000000
2452726.0 0.000000
2452727.0 0.000000
2452728.0 0.000000
2452729.0 0.000000
2452730.0 0.000000
2452731.0 0.000000
2452732.0 1365.000000
2452733.0 0.000000
2452734.0 0.000000
2452735.0 0.000000
2452736.0 0.000000
2452737.0 0.000000
2452738.0 0.000000
2452739.0 0.000000
2452740.0 0.000000
2452741.0 0.000000
2452742.0 0.000000
2452743.0 0.000000
2452744.0 0.000000
2452745.0 0.000000
2452746.0 1365.000000
2452747.0 0.000000
2452748.0 0.000000
2452749.0 0.000000
2452750.0 0.000000
2452751.0 0.000000
2452752.0 0.000000
2452753.0 1366.000000
2452754.0 0.000000
2452755.0 0.000000
2452756.0 0.000000
2452757.0 0.000000
2452758.0 0.000000
2452759.0 0.000000
2452760.0 0.000000
2452761.0 0.000000
2452762.0 0.000000
2452763.0 0.000000
2452764.0 0.000000
2452765.0 0.000000
2452766.0 0.000000
2452767.0 1365.000000
2452768.0 0.000000
2452769.0 0.000000
2452770.0 0.000000
2452771.0 0.000000
2452772.0 0.000000
2452773.0 0.000000
2452774.0 1365.000000
2452775.0 0.000000
2452776.0 0.000000
2452777.0 0.000000
2452778.0 0.000000
2452779.0 0.000000
2452780.0 0.000000
2452781.0 1366.000000
2452782.0 0.000000
2452783.0 0.000000
2452784.0 0.000000
2452785.0 0.000000
2452786.0 0.000000
2452787.0 0.000000
2452788.0 0.000000
2452789.0 0.000000
2452790.0 0.000000
2452791.0 0.000000
2452792.0 0.000000
2452793.0 0.000000
2452794.0 0.000000
2452795.0 1365.000000
2452796.0 0.000000
2452797.0 0.000000
2452798.0 0.000000
2452799.0 0.000000
2452800.0 0.000000
2452801.0 0.000000
2452802.0 1364.000000
2452803.0 0.000000
2452804.0 0.000000
2452805.0 0.000000
2452806.0 0.000000
2452807.0 0.000000
2452808.0 0.000000
2452809.0 0.000000
2452810.0 0.000000
2452811.0 0.000000
2452812.0 0.000000
2452813.0 0.000000
2452814.0 0.000000
2452815.0 0.000000
2452816.0 0.000000
2452817.0 0.000000
2452818.0 0.000000
2452819.0 0.000000
2452820.0 0.000000
2452821.0 0.000000
2452822.0 0.000000
2452823.0 1364.000000
2452824.0 0.000000
2452825.0 0.000000
2452826.0 0.000000
2452827.0 0.000000
2452828.0 0.000000
2452829.0 0.000000
2452830.0 0.000000
2452831.0 0.000000
2452832.0 0.000000
2452833.0 0.000000
2452834.0 0.000000
2452835.0 0.000000
2452836.0 0.000000
2452837.0 1366.000000
2452838.0 0.000000
2452839.0 0.000000
2452840.0 0.000000
2452841.0 0.000000
2452842.0 0.000000
2452843.0 0.000000
2452844.0 1365.000000
2452845.0 0.000000
2452846.0 0.000000
2452847.0 0.000000
2452848.0 0.000000
2452849.0 0.000000
2452850.0 0.000000
2452851.0 1366.000000
2452852.0 0.000000
2452853.0 0.000000
2452854.0 0.000000
2452855.0 0.000000
2452856.0 0.000000
2452857.0 0.000000
