  1.9788770e+003  1.3663464e+003  1.3000000e-001 -4.0900000e+002
  1.9788880e+003  1.3666352e+003  2.6000000e-001 -4.0500000e+002
  1.9788900e+003  1.3667646e+003  1.4000000e-001 -4.0400000e+002
  1.9788930e+003  1.3667746e+003  1.0000000e-001 -4.0300000e+002
  1.9788960e+003  1.3667945e+003  0.0000000e+000 -4.0200000e+002
  1.9788990e+003  1.3666352e+003  2.0000000e-001 -4.0100000e+002
  1.9789010e+003  1.3670334e+003  2.0000000e-001 -4.0000000e+002
  1.9789040e+003  1.3672326e+003  8.0000000e-002 -3.9900000e+002
  1.9789100e+003  1.3666849e+003  1.9000000e-001 -3.9700000e+002
  1.9789120e+003  1.3669538e+003  1.4000000e-001 -3.9600000e+002
  1.9789150e+003  1.3671031e+003  1.6000000e-001 -3.9500000e+002
  1.9789210e+003  1.3666849e+003  1.8000000e-001 -3.9300000e+002
  1.9789230e+003  1.3667546e+003  1.5000000e-001 -3.9200000e+002
  1.9789260e+003  1.3667347e+003  1.5000000e-001 -3.9100000e+002
  1.9789320e+003  1.3669239e+003  4.3000000e-001 -3.8900000e+002
  1.9789340e+003  1.3674217e+003  1.2000000e-001 -3.8800000e+002
  1.9789370e+003  1.3674217e+003  1.0000000e-001 -3.8700000e+002
  1.9789430e+003  1.3654901e+003  2.4000000e-001 -3.8500000e+002
  1.9789450e+003  1.3654603e+003  1.0000000e-001 -3.8400000e+002
  1.9789480e+003  1.3654304e+003  9.0000000e-002 -3.8300000e+002
  1.9789530e+003  1.3653806e+003  3.0000000e-001 -3.8100000e+002
  1.9789560e+003  1.3663564e+003  2.7000000e-001 -3.8000000e+002
  1.9789590e+003  1.3669239e+003  1.3000000e-001 -3.7900000e+002
  1.9789620e+003  1.3669040e+003  0.0000000e+000 -3.7800000e+002
  1.9789640e+003  1.3664759e+003  2.8000000e-001 -3.7700000e+002
  1.9789670e+003  1.3668940e+003  1.9000000e-001 -3.7600000e+002
  1.9789700e+003  1.3670533e+003  2.4000000e-001 -3.7500000e+002
  1.9789750e+003  1.3665057e+003  1.3000000e-001 -3.7300000e+002
  1.9789780e+003  1.3671629e+003  1.5000000e-001 -3.7200000e+002
  1.9789810e+003  1.3673919e+003  1.2000000e-001 -3.7100000e+002
  1.9789860e+003  1.3672823e+003  2.4000000e-001 -3.6900000e+002
  1.9789890e+003  1.3676607e+003  1.6000000e-001 -3.6800000e+002
  1.9789920e+003  1.3677105e+003  1.1000000e-001 -3.6700000e+002
  1.9789970e+003  1.3667347e+003  2.4000000e-001 -3.6500000e+002
  1.9790000e+003  1.3669239e+003  1.7000000e-001 -3.6400000e+002
  1.9790030e+003  1.3670932e+003  1.6000000e-001 -3.6300000e+002
  1.9790080e+003  1.3668442e+003  3.2000000e-001 -3.6100000e+002
  1.9790110e+003  1.3677304e+003  1.9000000e-001 -3.6000000e+002
  1.9790140e+003  1.3678200e+003  1.5000000e-001 -3.5900000e+002
  1.9790190e+003  1.3675711e+003  2.3000000e-001 -3.5700000e+002
  1.9790220e+003  1.3678797e+003  1.2000000e-001 -3.5600000e+002
  1.9790250e+003  1.3676109e+003  1.4000000e-001 -3.5500000e+002
  1.9790300e+003  1.3671330e+003  2.7000000e-001 -3.5300000e+002
  1.9790330e+003  1.3679893e+003  2.6000000e-001 -3.5200000e+002
  1.9790360e+003  1.3679793e+003  1.4000000e-001 -3.5100000e+002
  1.9790410e+003  1.3673919e+003  1.2000000e-001 -3.4900000e+002
  1.9790440e+003  1.3677802e+003  1.7000000e-001 -3.4800000e+002
  1.9790470e+003  1.3679992e+003  2.0000000e-001 -3.4700000e+002
  1.9790520e+003  1.3671031e+003  2.0000000e-001 -3.4500000e+002
  1.9790550e+003  1.3676209e+003  3.3000000e-001 -3.4400000e+002
  1.9790570e+003  1.3673122e+003  1.6000000e-001 -3.4300000e+002
  1.9790630e+003  1.3667546e+003  2.5000000e-001 -3.4100000e+002
  1.9790680e+003  1.3671927e+003  1.9000000e-001 -3.3900000e+002
  1.9790740e+003  1.3673122e+003  1.6000000e-001 -3.3700000e+002
  1.9790790e+003  1.3679494e+003  2.0000000e-001 -3.3500000e+002
  1.9790850e+003  1.3684074e+003  1.7000000e-001 -3.3300000e+002
  1.9790900e+003  1.3678997e+003  2.1000000e-001 -3.3100000e+002
  1.9790960e+003  1.3676109e+003  2.2000000e-001 -3.2900000e+002
  1.9791010e+003  1.3677503e+003  2.8000000e-001 -3.2700000e+002
  1.9791070e+003  1.3679694e+003  1.7000000e-001 -3.2500000e+002
  1.9791100e+003  1.3682481e+003  1.4000000e-001 -3.2400000e+002
  1.9791120e+003  1.3679196e+003  1.3000000e-001 -3.2300000e+002
  1.9791180e+003  1.3675014e+003  1.7000000e-001 -3.2100000e+002
  1.9791210e+003  1.3683178e+003  1.6000000e-001 -3.2000000e+002
  1.9791230e+003  1.3682382e+003  1.1000000e-001 -3.1900000e+002
  1.9791290e+003  1.3672226e+003  1.5000000e-001 -3.1700000e+002
  1.9791310e+003  1.3674616e+003  8.0000000e-002 -3.1600000e+002
  1.9791340e+003  1.3669139e+003  1.2000000e-001 -3.1500000e+002
  1.9791400e+003  1.3665157e+003  2.7000000e-001 -3.1300000e+002
  1.9791420e+003  1.3674616e+003  2.1000000e-001 -3.1200000e+002
  1.9791450e+003  1.3679793e+003  8.0000000e-002 -3.1100000e+002
  1.9791510e+003  1.3678200e+003  2.7000000e-001 -3.0900000e+002
  1.9791560e+003  1.3680689e+003  1.5000000e-001 -3.0700000e+002
  1.9791620e+003  1.3679196e+003  8.0000000e-002 -3.0500000e+002
  1.9791640e+003  1.3683776e+003  1.9000000e-001 -3.0400000e+002
  1.9791670e+003  1.3684771e+003  1.0000000e-001 -3.0300000e+002
  1.9791730e+003  1.3680888e+003  1.8000000e-001 -3.0100000e+002
  1.9791750e+003  1.3687261e+003  1.6000000e-001 -3.0000000e+002
  1.9791780e+003  1.3686564e+003  8.0000000e-002 -2.9900000e+002
  1.9791840e+003  1.3678399e+003  2.3000000e-001 -2.9700000e+002
  1.9791860e+003  1.3682481e+003  1.7000000e-001 -2.9600000e+002
  1.9791890e+003  1.3684174e+003  1.6000000e-001 -2.9500000e+002
  1.9791950e+003  1.3683477e+003  2.6000000e-001 -2.9300000e+002
  1.9791970e+003  1.3689252e+003  1.4000000e-001 -2.9200000e+002
  1.9792000e+003  1.3688356e+003  1.4000000e-001 -2.9100000e+002
  1.9792050e+003  1.3682282e+003  2.4000000e-001 -2.8900000e+002
  1.9792080e+003  1.3684473e+003  1.0000000e-001 -2.8800000e+002
  1.9792110e+003  1.3683875e+003  1.9000000e-001 -2.8700000e+002
  1.9792160e+003  1.3679494e+003  1.4000000e-001 -2.8500000e+002
  1.9792190e+003  1.3681585e+003  1.7000000e-001 -2.8400000e+002
  1.9792220e+003  1.3682183e+003  1.7000000e-001 -2.8300000e+002
  1.9792270e+003  1.3679694e+003  2.2000000e-001 -2.8100000e+002
  1.9792300e+003  1.3683178e+003  2.0000000e-001 -2.8000000e+002
  1.9792330e+003  1.3682481e+003  1.4000000e-001 -2.7900000e+002
  1.9792380e+003  1.3681884e+003  2.5000000e-001 -2.7700000e+002
  1.9792410e+003  1.3686365e+003  2.8000000e-001 -2.7600000e+002
  1.9792440e+003  1.3685369e+003  1.1000000e-001 -2.7500000e+002
  1.9792490e+003  1.3677204e+003  2.0000000e-001 -2.7300000e+002
  1.9792550e+003  1.3675711e+003  3.1000000e-001 -2.7100000e+002
  1.9792600e+003  1.3677304e+003  2.7000000e-001 -2.6900000e+002
  1.9792660e+003  1.3683776e+003  1.8000000e-001 -2.6700000e+002
  1.9792710e+003  1.3682282e+003  2.0000000e-001 -2.6500000e+002
  1.9792740e+003  1.3675412e+003  0.0000000e+000 -2.6400000e+002
  1.9792770e+003  1.3678100e+003  2.7000000e-001 -2.6300000e+002
  1.9792850e+003  1.3677204e+003  1.0000000e-001 -2.6000000e+002
  1.9792880e+003  1.3677404e+003  1.8000000e-001 -2.5900000e+002
  1.9792900e+003  1.3677304e+003  1.3000000e-001 -2.5800000e+002
  1.9792930e+003  1.3678001e+003  1.2000000e-001 -2.5700000e+002
  1.9792960e+003  1.3679893e+003  1.8000000e-001 -2.5600000e+002
  1.9792990e+003  1.3682581e+003  1.6000000e-001 -2.5500000e+002
  1.9793070e+003  1.3682979e+003  1.4000000e-001 -2.5200000e+002
  1.9793100e+003  1.3680291e+003  1.9000000e-001 -2.5100000e+002
  1.9793150e+003  1.3679494e+003  1.3000000e-001 -2.4900000e+002
  1.9793180e+003  1.3678797e+003  1.6000000e-001 -2.4800000e+002
  1.9793210e+003  1.3677404e+003  1.1000000e-001 -2.4700000e+002
  1.9793230e+003  1.3678001e+003  8.0000000e-002 -2.4600000e+002
  1.9793260e+003  1.3677404e+003  1.3000000e-001 -2.4500000e+002
  1.9793320e+003  1.3670932e+003  2.7000000e-001 -2.4300000e+002
  1.9793370e+003  1.3677503e+003  3.3000000e-001 -2.4100000e+002
  1.9793400e+003  1.3680490e+003  1.5000000e-001 -2.4000000e+002
  1.9793420e+003  1.3683178e+003  1.5000000e-001 -2.3900000e+002
  1.9793480e+003  1.3681685e+003  2.7000000e-001 -2.3700000e+002
  1.9793510e+003  1.3681784e+003  5.0000000e-002 -2.3600000e+002
  1.9793530e+003  1.3678698e+003  2.4000000e-001 -2.3500000e+002
  1.9793590e+003  1.3672425e+003  1.8000000e-001 -2.3300000e+002
  1.9793640e+003  1.3673122e+003  2.5000000e-001 -2.3100000e+002
  1.9793670e+003  1.3676507e+003  1.7000000e-001 -2.3000000e+002
  1.9793700e+003  1.3676707e+003  8.0000000e-002 -2.2900000e+002
  1.9793750e+003  1.3677901e+003  1.3000000e-001 -2.2700000e+002
  1.9793810e+003  1.3680689e+003  2.5000000e-001 -2.2500000e+002
  1.9793840e+003  1.3681984e+003  1.4000000e-001 -2.2400000e+002
  1.9793860e+003  1.3681386e+003  1.3000000e-001 -2.2300000e+002
  1.9793920e+003  1.3677901e+003  2.7000000e-001 -2.2100000e+002
  1.9793950e+003  1.3681685e+003  1.8000000e-001 -2.2000000e+002
  1.9793970e+003  1.3683378e+003  9.0000000e-002 -2.1900000e+002
  1.9794030e+003  1.3680888e+003  1.3000000e-001 -2.1700000e+002
  1.9794060e+003  1.3683278e+003  1.7000000e-001 -2.1600000e+002
  1.9794080e+003  1.3682681e+003  1.9000000e-001 -2.1500000e+002
  1.9794110e+003  1.3676707e+003  0.0000000e+000 -2.1400000e+002
  1.9794140e+003  1.3679793e+003  1.9000000e-001 -2.1300000e+002
  1.9794160e+003  1.3678598e+003  1.5000000e-001 -2.1200000e+002
  1.9794190e+003  1.3671031e+003  2.4000000e-001 -2.1100000e+002
  1.9794250e+003  1.3664062e+003  1.0000000e-001 -2.0900000e+002
  1.9794270e+003  1.3663464e+003  1.8000000e-001 -2.0800000e+002
  1.9794300e+003  1.3664062e+003  1.3000000e-001 -2.0700000e+002
  1.9794360e+003  1.3664958e+003  1.4000000e-001 -2.0500000e+002
  1.9794380e+003  1.3664559e+003  1.5000000e-001 -2.0400000e+002
  1.9794410e+003  1.3661174e+003  1.7000000e-001 -2.0300000e+002
  1.9794470e+003  1.3660776e+003  2.7000000e-001 -2.0100000e+002
  1.9794490e+003  1.3664958e+003  1.0000000e-001 -2.0000000e+002
  1.9794520e+003  1.3668343e+003  1.9000000e-001 -1.9900000e+002
  1.9794580e+003  1.3669339e+003  1.7000000e-001 -1.9700000e+002
  1.9794600e+003  1.3671330e+003  1.7000000e-001 -1.9600000e+002
  1.9794630e+003  1.3673023e+003  3.6000000e-001 -1.9500000e+002
  1.9794690e+003  1.3672425e+003  1.7000000e-001 -1.9300000e+002
  1.9794710e+003  1.3674417e+003  1.5000000e-001 -1.9200000e+002
  1.9794740e+003  1.3675910e+003  2.5000000e-001 -1.9100000e+002
  1.9794790e+003  1.3672624e+003  1.6000000e-001 -1.8900000e+002
  1.9794820e+003  1.3674417e+003  1.9000000e-001 -1.8800000e+002
  1.9794850e+003  1.3676507e+003  9.0000000e-002 -1.8700000e+002
  1.9794880e+003  1.3676308e+003  0.0000000e+000 -1.8600000e+002
  1.9794900e+003  1.3675412e+003  1.8000000e-001 -1.8500000e+002
  1.9794930e+003  1.3675611e+003  1.3000000e-001 -1.8400000e+002
  1.9794960e+003  1.3676308e+003  1.9000000e-001 -1.8300000e+002
  1.9795010e+003  1.3668841e+003  2.1000000e-001 -1.8100000e+002
  1.9795040e+003  1.3669139e+003  1.4000000e-001 -1.8000000e+002
  1.9795070e+003  1.3668940e+003  1.7000000e-001 -1.7900000e+002
  1.9795120e+003  1.3668343e+003  1.3000000e-001 -1.7700000e+002
  1.9795150e+003  1.3670036e+003  9.0000000e-002 -1.7600000e+002
  1.9795180e+003  1.3671728e+003  1.0000000e-001 -1.7500000e+002
  1.9795210e+003  1.3669438e+003  0.0000000e+000 -1.7400000e+002
  1.9795230e+003  1.3670036e+003  1.6000000e-001 -1.7300000e+002
  1.9795260e+003  1.3672226e+003  1.7000000e-001 -1.7200000e+002
  1.9795290e+003  1.3673819e+003  2.7000000e-001 -1.7100000e+002
  1.9795340e+003  1.3679694e+003  2.2000000e-001 -1.6900000e+002
  1.9795370e+003  1.3679494e+003  2.4000000e-001 -1.6800000e+002
  1.9795400e+003  1.3678499e+003  1.4000000e-001 -1.6700000e+002
  1.9795450e+003  1.3676906e+003  1.9000000e-001 -1.6500000e+002
  1.9795480e+003  1.3676906e+003  2.1000000e-001 -1.6400000e+002
  1.9795510e+003  1.3675910e+003  1.7000000e-001 -1.6300000e+002
  1.9795560e+003  1.3674317e+003  2.5000000e-001 -1.6100000e+002
  1.9795590e+003  1.3677204e+003  1.8000000e-001 -1.6000000e+002
  1.9795620e+003  1.3678200e+003  2.2000000e-001 -1.5900000e+002
  1.9795640e+003  1.3678001e+003  0.0000000e+000 -1.5800000e+002
  1.9795670e+003  1.3676806e+003  2.4000000e-001 -1.5700000e+002
  1.9795700e+003  1.3680888e+003  1.5000000e-001 -1.5600000e+002
  1.9795730e+003  1.3680490e+003  1.2000000e-001 -1.5500000e+002
  1.9795780e+003  1.3678897e+003  1.9000000e-001 -1.5300000e+002
  1.9795810e+003  1.3680291e+003  1.9000000e-001 -1.5200000e+002
  1.9795840e+003  1.3680191e+003  1.0000000e-001 -1.5100000e+002
  1.9795890e+003  1.3677503e+003  2.5000000e-001 -1.4900000e+002
  1.9795920e+003  1.3677204e+003  2.0000000e-001 -1.4800000e+002
  1.9795940e+003  1.3678399e+003  1.6000000e-001 -1.4700000e+002
  1.9796000e+003  1.3676109e+003  1.5000000e-001 -1.4500000e+002
  1.9796030e+003  1.3675910e+003  1.3000000e-001 -1.4400000e+002
  1.9796050e+003  1.3677105e+003  1.7000000e-001 -1.4300000e+002
  1.9796080e+003  1.3675213e+003  0.0000000e+000 -1.4200000e+002
  1.9796110e+003  1.3669438e+003  2.3000000e-001 -1.4100000e+002
  1.9796140e+003  1.3669836e+003  1.6000000e-001 -1.4000000e+002
  1.9796160e+003  1.3670932e+003  1.8000000e-001 -1.3900000e+002
  1.9796220e+003  1.3667845e+003  2.9000000e-001 -1.3700000e+002
  1.9796250e+003  1.3665655e+003  2.2000000e-001 -1.3600000e+002
  1.9796270e+003  1.3665256e+003  3.6000000e-001 -1.3500000e+002
  1.9796330e+003  1.3660776e+003  2.9000000e-001 -1.3300000e+002
  1.9796360e+003  1.3661373e+003  3.5000000e-001 -1.3200000e+002
  1.9796380e+003  1.3658386e+003  3.7000000e-001 -1.3100000e+002
  1.9796410e+003  1.3656992e+003  0.0000000e+000 -1.3000000e+002
  1.9796470e+003  1.3663066e+003  1.4000000e-001 -1.2800000e+002
  1.9796490e+003  1.3660278e+003  2.8000000e-001 -1.2700000e+002
  1.9796550e+003  1.3658287e+003  1.9000000e-001 -1.2500000e+002
  1.9796580e+003  1.3663862e+003  4.1000000e-001 -1.2400000e+002
  1.9796600e+003  1.3675113e+003  1.0000000e-001 -1.2300000e+002
  1.9796660e+003  1.3672823e+003  2.0000000e-001 -1.2100000e+002
  1.9796680e+003  1.3669936e+003  3.3000000e-001 -1.2000000e+002
  1.9796710e+003  1.3663763e+003  2.7000000e-001 -1.1900000e+002
  1.9796770e+003  1.3658088e+003  2.8000000e-001 -1.1700000e+002
  1.9796790e+003  1.3657988e+003  2.1000000e-001 -1.1600000e+002
  1.9796820e+003  1.3657988e+003  3.2000000e-001 -1.1500000e+002
  1.9796850e+003  1.3666949e+003  0.0000000e+000 -1.1400000e+002
  1.9796880e+003  1.3666849e+003  3.5000000e-001 -1.1300000e+002
  1.9796900e+003  1.3675512e+003  1.3000000e-001 -1.1200000e+002
  1.9796930e+003  1.3675014e+003  1.8000000e-001 -1.1100000e+002
  1.9796990e+003  1.3674217e+003  1.9000000e-001 -1.0900000e+002
  1.9797010e+003  1.3674018e+003  1.8000000e-001 -1.0800000e+002
  1.9797040e+003  1.3673720e+003  1.4000000e-001 -1.0700000e+002
  1.9797100e+003  1.3674018e+003  2.2000000e-001 -1.0500000e+002
  1.9797120e+003  1.3676507e+003  1.2000000e-001 -1.0400000e+002
  1.9797150e+003  1.3676607e+003  1.1000000e-001 -1.0300000e+002
  1.9797210e+003  1.3671828e+003  1.7000000e-001 -1.0100000e+002
  1.9797230e+003  1.3670633e+003  1.2000000e-001 -1.0000000e+002
  1.9797260e+003  1.3669737e+003  1.7000000e-001 -9.9000000e+001
  1.9797320e+003  1.3669339e+003  2.1000000e-001 -9.7000000e+001
  1.9797340e+003  1.3672326e+003  1.8000000e-001 -9.6000000e+001
  1.9797370e+003  1.3671728e+003  2.0000000e-001 -9.5000000e+001
  1.9797420e+003  1.3663862e+003  1.9000000e-001 -9.3000000e+001
  1.9797450e+003  1.3660875e+003  1.2000000e-001 -9.2000000e+001
  1.9797480e+003  1.3663365e+003  1.3000000e-001 -9.1000000e+001
  1.9797530e+003  1.3670235e+003  2.0000000e-001 -8.9000000e+001
  1.9797560e+003  1.3670932e+003  1.0000000e-001 -8.8000000e+001
  1.9797590e+003  1.3674516e+003  1.5000000e-001 -8.7000000e+001
  1.9797640e+003  1.3668343e+003  7.0000000e-002 -8.5000000e+001
  1.9797670e+003  1.3666152e+003  1.1000000e-001 -8.4000000e+001
  1.9797700e+003  1.3665356e+003  1.5000000e-001 -8.3000000e+001
  1.9797750e+003  1.3664858e+003  1.8000000e-001 -8.1000000e+001
  1.9797780e+003  1.3666451e+003  1.6000000e-001 -8.0000000e+001
  1.9797810e+003  1.3669637e+003  1.3000000e-001 -7.9000000e+001
  1.9797860e+003  1.3672027e+003  1.3000000e-001 -7.7000000e+001
  1.9797890e+003  1.3674217e+003  1.7000000e-001 -7.6000000e+001
  1.9797920e+003  1.3671429e+003  2.4000000e-001 -7.5000000e+001
  1.9797970e+003  1.3666252e+003  1.6000000e-001 -7.3000000e+001
  1.9798000e+003  1.3670135e+003  1.8000000e-001 -7.2000000e+001
  1.9798030e+003  1.3671728e+003  7.0000000e-002 -7.1000000e+001
  1.9798080e+003  1.3674516e+003  1.6000000e-001 -6.9000000e+001
  1.9798110e+003  1.3677603e+003  1.7000000e-001 -6.8000000e+001
  1.9798140e+003  1.3676308e+003  1.7000000e-001 -6.7000000e+001
  1.9798190e+003  1.3672425e+003  1.5000000e-001 -6.5000000e+001
  1.9798220e+003  1.3669836e+003  1.7000000e-001 -6.4000000e+001
  1.9798250e+003  1.3671230e+003  1.5000000e-001 -6.3000000e+001
  1.9798300e+003  1.3670135e+003  1.2000000e-001 -6.1000000e+001
  1.9798330e+003  1.3668343e+003  2.4000000e-001 -6.0000000e+001
  1.9798360e+003  1.3672624e+003  2.0000000e-001 -5.9000000e+001
  1.9798410e+003  1.3668442e+003  1.7000000e-001 -5.7000000e+001
  1.9798440e+003  1.3671230e+003  1.3000000e-001 -5.6000000e+001
  1.9798470e+003  1.3671828e+003  1.3000000e-001 -5.5000000e+001
  1.9798520e+003  1.3659780e+003  1.9000000e-001 -5.3000000e+001
  1.9798550e+003  1.3654304e+003  2.6000000e-001 -5.2000000e+001
  1.9798580e+003  1.3656295e+003  1.2000000e-001 -5.1000000e+001
  1.9798630e+003  1.3659681e+003  1.2000000e-001 -4.9000000e+001
  1.9798660e+003  1.3662867e+003  1.6000000e-001 -4.8000000e+001
  1.9798690e+003  1.3666352e+003  9.0000000e-002 -4.7000000e+001
  1.9798740e+003  1.3672823e+003  2.1000000e-001 -4.5000000e+001
  1.9798770e+003  1.3677802e+003  2.6000000e-001 -4.4000000e+001
  1.9798790e+003  1.3678399e+003  2.2000000e-001 -4.3000000e+001
  1.9798850e+003  1.3675512e+003  1.5000000e-001 -4.1000000e+001
  1.9798880e+003  1.3676507e+003  1.2000000e-001 -4.0000000e+001
  1.9798900e+003  1.3676408e+003  2.0000000e-001 -3.9000000e+001
  1.9798960e+003  1.3670434e+003  2.6000000e-001 -3.7000000e+001
  1.9798990e+003  1.3669538e+003  1.1000000e-001 -3.6000000e+001
  1.9799010e+003  1.3673321e+003  1.0000000e-001 -3.5000000e+001
  1.9799070e+003  1.3675313e+003  2.1000000e-001 -3.3000000e+001
  1.9799100e+003  1.3675512e+003  1.8000000e-001 -3.2000000e+001
  1.9799120e+003  1.3676010e+003  1.3000000e-001 -3.1000000e+001
  1.9799180e+003  1.3671927e+003  1.7000000e-001 -2.9000000e+001
  1.9799210e+003  1.3672525e+003  1.0000000e-001 -2.8000000e+001
  1.9799230e+003  1.3670832e+003  1.4000000e-001 -2.7000000e+001
  1.9799290e+003  1.3668841e+003  1.4000000e-001 -2.5000000e+001
  1.9799340e+003  1.3675113e+003  1.7000000e-001 -2.3000000e+001
  1.9799400e+003  1.3674715e+003  2.2000000e-001 -2.1000000e+001
  1.9799430e+003  1.3677105e+003  1.7000000e-001 -2.0000000e+001
  1.9799450e+003  1.3676906e+003  1.6000000e-001 -1.9000000e+001
  1.9799510e+003  1.3677603e+003  2.0000000e-001 -1.7000000e+001
  1.9799530e+003  1.3677503e+003  1.3000000e-001 -1.6000000e+001
  1.9799560e+003  1.3677603e+003  1.6000000e-001 -1.5000000e+001
  1.9799620e+003  1.3673122e+003  1.4000000e-001 -1.3000000e+001
  1.9799670e+003  1.3673919e+003  1.7000000e-001 -1.1000000e+001
  1.9799730e+003  1.3668741e+003  1.4000000e-001 -9.0000000e+000
  1.9799750e+003  1.3669040e+003  1.4000000e-001 -8.0000000e+000
  1.9799780e+003  1.3668542e+003  1.5000000e-001 -7.0000000e+000
  1.9799840e+003  1.3668940e+003  1.9000000e-001 -5.0000000e+000
  1.9799860e+003  1.3673620e+003  1.6000000e-001 -4.0000000e+000
  1.9799890e+003  1.3674018e+003  2.8000000e-001 -3.0000000e+000
  1.9799950e+003  1.3671230e+003  1.9000000e-001 -1.0000000e+000
  1.9799970e+003  1.3673321e+003  1.7000000e-001  0.0000000e+000
  1.9800000e+003  1.3675113e+003  1.2000000e-001  1.0000000e+000
  1.9800050e+003  1.3671031e+003  1.6000000e-001  3.0000000e+000
  1.9800080e+003  1.3670932e+003  1.9000000e-001  4.0000000e+000
  1.9800110e+003  1.3671529e+003  1.0000000e-001  5.0000000e+000
  1.9800160e+003  1.3669040e+003  1.0000000e-001  7.0000000e+000
  1.9800190e+003  1.3666152e+003  1.3000000e-001  8.0000000e+000
  1.9800220e+003  1.3665555e+003  1.9000000e-001  9.0000000e+000
  1.9800270e+003  1.3665356e+003  3.2000000e-001  1.1000000e+001
  1.9800300e+003  1.3669239e+003  1.8000000e-001  1.2000000e+001
  1.9800330e+003  1.3672425e+003  8.0000000e-002  1.3000000e+001
  1.9800380e+003  1.3674417e+003  1.1000000e-001  1.5000000e+001
  1.9800410e+003  1.3675910e+003  1.9000000e-001  1.6000000e+001
  1.9800440e+003  1.3673819e+003  1.8000000e-001  1.7000000e+001
  1.9800490e+003  1.3669139e+003  2.2000000e-001  1.9000000e+001
  1.9800520e+003  1.3670334e+003  1.1000000e-001  2.0000000e+001
  1.9800550e+003  1.3670135e+003  2.0000000e-001  2.1000000e+001
  1.9800600e+003  1.3664958e+003  1.6000000e-001  2.3000000e+001
  1.9800630e+003  1.3665555e+003  2.7000000e-001  2.4000000e+001
  1.9800660e+003  1.3670633e+003  1.4000000e-001  2.5000000e+001
  1.9800710e+003  1.3670733e+003  1.8000000e-001  2.7000000e+001
  1.9800740e+003  1.3672923e+003  2.1000000e-001  2.8000000e+001
  1.9800770e+003  1.3674317e+003  1.5000000e-001  2.9000000e+001
  1.9800820e+003  1.3670235e+003  1.9000000e-001  3.1000000e+001
  1.9800850e+003  1.3668044e+003  2.6000000e-001  3.2000000e+001
  1.9800870e+003  1.3665655e+003  3.2000000e-001  3.3000000e+001
  1.9800930e+003  1.3658685e+003  1.7000000e-001  3.5000000e+001
  1.9800960e+003  1.3660676e+003  1.5000000e-001  3.6000000e+001
  1.9800980e+003  1.3663365e+003  1.4000000e-001  3.7000000e+001
  1.9801040e+003  1.3660975e+003  1.4000000e-001  3.9000000e+001
  1.9801070e+003  1.3661672e+003  1.7000000e-001  4.0000000e+001
  1.9801090e+003  1.3663862e+003  1.2000000e-001  4.1000000e+001
  1.9801150e+003  1.3663862e+003  1.3000000e-001  4.3000000e+001
  1.9801170e+003  1.3665953e+003  1.5000000e-001  4.4000000e+001
  1.9801200e+003  1.3666750e+003  1.0000000e-001  4.5000000e+001
  1.9801280e+003  1.3661259e+003  9.8000000e-002  4.7000000e+001
  1.9801310e+003  1.3662478e+003  5.5000000e-002  4.8000000e+001
  1.9801340e+003  1.3664096e+003  2.6000000e-002  4.9000000e+001
  1.9801390e+003  1.3665514e+003  1.4000000e-002  5.1000000e+001
  1.9801420e+003  1.3667322e+003  3.9000000e-002  5.2000000e+001
  1.9801450e+003  1.3666543e+003  2.4000000e-002  5.3000000e+001
  1.9801480e+003  1.3665764e+003  2.9000000e-002  5.4000000e+001
  1.9801500e+003  1.3663447e+003  3.1000000e-002  5.5000000e+001
  1.9801530e+003  1.3663227e+003  2.9000000e-002  5.6000000e+001
  1.9801560e+003  1.3666423e+003  2.4000000e-002  5.7000000e+001
  1.9801580e+003  1.3668491e+003  2.8000000e-002  5.8000000e+001
  1.9801610e+003  1.3671467e+003  1.7000000e-002  5.9000000e+001
  1.9801640e+003  1.3673325e+003  9.0000000e-002  6.0000000e+001
  1.9801670e+003  1.3673455e+003  1.1800000e-001  6.1000000e+001
  1.9801690e+003  1.3671168e+003  2.1000000e-002  6.2000000e+001
  1.9801720e+003  1.3671557e+003  3.0000000e-002  6.3000000e+001
  1.9801750e+003  1.3671677e+003  2.3000000e-002  6.4000000e+001
  1.9801780e+003  1.3671497e+003  1.9000000e-002  6.5000000e+001
  1.9801800e+003  1.3669609e+003  1.5000000e-002  6.6000000e+001
  1.9801830e+003  1.3669659e+003  2.8000000e-002  6.7000000e+001
  1.9801860e+003  1.3669430e+003  1.4000000e-002  6.8000000e+001
  1.9801880e+003  1.3667762e+003  1.3000000e-002  6.9000000e+001
  1.9801910e+003  1.3669999e+003  2.0000000e-002  7.0000000e+001
  1.9801940e+003  1.3669569e+003  2.3000000e-002  7.1000000e+001
  1.9801970e+003  1.3671567e+003  2.4000000e-002  7.2000000e+001
  1.9801990e+003  1.3671048e+003  1.5000000e-002  7.3000000e+001
  1.9802020e+003  1.3671777e+003  1.6000000e-002  7.4000000e+001
  1.9802050e+003  1.3670109e+003  1.4000000e-002  7.5000000e+001
  1.9802080e+003  1.3671307e+003  2.5000000e-002  7.6000000e+001
  1.9802100e+003  1.3671987e+003  2.3000000e-002  7.7000000e+001
  1.9802130e+003  1.3672596e+003  1.6000000e-002  7.8000000e+001
  1.9802160e+003  1.3672456e+003  1.7000000e-002  7.9000000e+001
  1.9802190e+003  1.3672016e+003  1.4000000e-002  8.0000000e+001
  1.9802210e+003  1.3669939e+003  2.5000000e-002  8.1000000e+001
  1.9802240e+003  1.3670628e+003  2.2000000e-002  8.2000000e+001
  1.9802270e+003  1.3670788e+003  1.3000000e-002  8.3000000e+001
  1.9802290e+003  1.3670388e+003  1.8000000e-002  8.4000000e+001
  1.9802320e+003  1.3673944e+003  1.2000000e-002  8.5000000e+001
  1.9802350e+003  1.3674444e+003  2.0000000e-002  8.6000000e+001
  1.9802380e+003  1.3674603e+003  1.3000000e-002  8.7000000e+001
  1.9802400e+003  1.3673904e+003  1.9000000e-002  8.8000000e+001
  1.9802430e+003  1.3672536e+003  1.7000000e-002  8.9000000e+001
  1.9802460e+003  1.3669460e+003  2.3000000e-002  9.0000000e+001
  1.9802490e+003  1.3667772e+003  1.4000000e-002  9.1000000e+001
  1.9802510e+003  1.3669589e+003  2.1000000e-002  9.2000000e+001
  1.9802540e+003  1.3670209e+003  2.0000000e-002  9.3000000e+001
  1.9802570e+003  1.3670718e+003  2.4000000e-002  9.4000000e+001
  1.9802600e+003  1.3669589e+003  2.3000000e-002  9.5000000e+001
  1.9802620e+003  1.3665235e+003  1.9000000e-002  9.6000000e+001
  1.9802650e+003  1.3657464e+003  1.7000000e-002  9.7000000e+001
  1.9802680e+003  1.3650153e+003  2.5000000e-002  9.8000000e+001
  1.9802710e+003  1.3646827e+003  1.7000000e-002  9.9000000e+001
  1.9802730e+003  1.3648795e+003  2.1000000e-002  1.0000000e+002
  1.9802760e+003  1.3651881e+003  2.4000000e-002  1.0100000e+002
  1.9802810e+003  1.3655367e+003  1.9000000e-002  1.0300000e+002
  1.9802840e+003  1.3658713e+003  2.0000000e-002  1.0400000e+002
  1.9802870e+003  1.3660860e+003  2.4000000e-002  1.0500000e+002
  1.9802900e+003  1.3664995e+003  2.9000000e-002  1.0600000e+002
  1.9802920e+003  1.3668700e+003  3.8000000e-002  1.0700000e+002
  1.9802950e+003  1.3673145e+003  2.7000000e-002  1.0800000e+002
  1.9802980e+003  1.3675193e+003  2.4000000e-002  1.0900000e+002
  1.9803010e+003  1.3676471e+003  3.0000000e-002  1.1000000e+002
  1.9803030e+003  1.3675642e+003  3.3000000e-002  1.1100000e+002
  1.9803060e+003  1.3671767e+003  2.5000000e-002  1.1200000e+002
  1.9803090e+003  1.3667772e+003  3.3000000e-002  1.1300000e+002
  1.9803120e+003  1.3666803e+003  3.1000000e-002  1.1400000e+002
  1.9803140e+003  1.3666603e+003  4.1000000e-002  1.1500000e+002
  1.9803170e+003  1.3668431e+003  2.2000000e-002  1.1600000e+002
  1.9803200e+003  1.3669769e+003  3.5000000e-002  1.1700000e+002
  1.9803220e+003  1.3670568e+003  1.5000000e-002  1.1800000e+002
  1.9803250e+003  1.3671227e+003  3.5000000e-002  1.1900000e+002
  1.9803280e+003  1.3670039e+003  2.6000000e-002  1.2000000e+002
  1.9803310e+003  1.3669260e+003  6.0000000e-002  1.2100000e+002
  1.9803330e+003  1.3666543e+003  2.2000000e-002  1.2200000e+002
  1.9803390e+003  1.3660910e+003  1.9000000e-002  1.2400000e+002
  1.9803420e+003  1.3662388e+003  3.1000000e-002  1.2500000e+002
  1.9803440e+003  1.3665784e+003  2.4000000e-002  1.2600000e+002
  1.9803470e+003  1.3668161e+003  3.2000000e-002  1.2700000e+002
  1.9803500e+003  1.3670858e+003  4.3000000e-002  1.2800000e+002
  1.9803520e+003  1.3672746e+003  4.3000000e-002  1.2900000e+002
  1.9803550e+003  1.3674314e+003  3.5000000e-002  1.3000000e+002
  1.9803580e+003  1.3673085e+003  2.6000000e-002  1.3100000e+002
  1.9803630e+003  1.3667772e+003  2.9000000e-002  1.3300000e+002
  1.9803660e+003  1.3667033e+003  3.8000000e-002  1.3400000e+002
  1.9803690e+003  1.3666174e+003  2.5000000e-002  1.3500000e+002
  1.9803720e+003  1.3671507e+003  2.2000000e-002  1.3600000e+002
  1.9803740e+003  1.3672346e+003  3.1000000e-002  1.3700000e+002
  1.9803770e+003  1.3670738e+003  2.6000000e-002  1.3800000e+002
  1.9803800e+003  1.3670189e+003  2.6000000e-002  1.3900000e+002
  1.9803830e+003  1.3669110e+003  3.0000000e-002  1.4000000e+002
  1.9803850e+003  1.3667382e+003  3.8000000e-002  1.4100000e+002
  1.9803880e+003  1.3665464e+003  2.1000000e-002  1.4200000e+002
  1.9803910e+003  1.3662588e+003  4.3000000e-002  1.4300000e+002
  1.9803930e+003  1.3659422e+003  2.7000000e-002  1.4400000e+002
  1.9803960e+003  1.3656725e+003  4.2000000e-002  1.4500000e+002
  1.9803990e+003  1.3655696e+003  2.7000000e-002  1.4600000e+002
  1.9804020e+003  1.3655906e+003  2.9000000e-002  1.4700000e+002
  1.9804040e+003  1.3657993e+003  2.9000000e-002  1.4800000e+002
  1.9804070e+003  1.3660231e+003  1.7000000e-002  1.4900000e+002
  1.9804100e+003  1.3663207e+003  3.1000000e-002  1.5000000e+002
  1.9804130e+003  1.3666883e+003  3.2000000e-002  1.5100000e+002
  1.9804150e+003  1.3668141e+003  3.6000000e-002  1.5200000e+002
  1.9804180e+003  1.3667342e+003  2.0000000e-002  1.5300000e+002
  1.9804210e+003  1.3666184e+003  3.5000000e-002  1.5400000e+002
  1.9804230e+003  1.3666463e+003  2.4000000e-002  1.5500000e+002
  1.9804260e+003  1.3667072e+003  3.4000000e-002  1.5600000e+002
  1.9804290e+003  1.3668211e+003  2.1000000e-002  1.5700000e+002
  1.9804320e+003  1.3668451e+003  4.9000000e-002  1.5800000e+002
  1.9804340e+003  1.3668551e+003  3.0000000e-002  1.5900000e+002
  1.9804370e+003  1.3668990e+003  2.7000000e-002  1.6000000e+002
  1.9804400e+003  1.3670748e+003  1.5800000e-001  1.6100000e+002
  1.9804430e+003  1.3669180e+003  1.9000000e-002  1.6200000e+002
  1.9804450e+003  1.3669799e+003  2.1000000e-002  1.6300000e+002
  1.9804480e+003  1.3668651e+003  4.3000000e-002  1.6400000e+002
  1.9804510e+003  1.3668880e+003  1.7000000e-002  1.6500000e+002
  1.9804530e+003  1.3668331e+003  2.4000000e-002  1.6600000e+002
  1.9804560e+003  1.3667142e+003  2.1000000e-002  1.6700000e+002
  1.9804590e+003  1.3668161e+003  2.5000000e-002  1.6800000e+002
  1.9804620e+003  1.3670189e+003  2.6000000e-002  1.6900000e+002
  1.9804640e+003  1.3673055e+003  1.9000000e-002  1.7000000e+002
  1.9804670e+003  1.3674224e+003  2.2000000e-002  1.7100000e+002
  1.9804700e+003  1.3672716e+003  1.6000000e-002  1.7200000e+002
  1.9804730e+003  1.3670319e+003  1.6000000e-002  1.7300000e+002
  1.9804750e+003  1.3667382e+003  1.7000000e-002  1.7400000e+002
  1.9804780e+003  1.3664925e+003  1.8000000e-002  1.7500000e+002
  1.9804810e+003  1.3664595e+003  2.0000000e-002  1.7600000e+002
  1.9804840e+003  1.3665724e+003  3.5000000e-002  1.7700000e+002
  1.9804860e+003  1.3667242e+003  5.9000000e-002  1.7800000e+002
  1.9804890e+003  1.3668681e+003  1.7000000e-002  1.7900000e+002
  1.9804920e+003  1.3669679e+003  1.9000000e-002  1.8000000e+002
  1.9804950e+003  1.3668251e+003  2.5000000e-002  1.8100000e+002
  1.9804970e+003  1.3666963e+003  2.1000000e-002  1.8200000e+002
  1.9805000e+003  1.3668151e+003  2.8000000e-002  1.8300000e+002
  1.9805030e+003  1.3669020e+003  2.3000000e-002  1.8400000e+002
  1.9805050e+003  1.3667642e+003  2.0000000e-002  1.8500000e+002
  1.9805080e+003  1.3666553e+003  2.5000000e-002  1.8600000e+002
  1.9805110e+003  1.3666333e+003  2.2000000e-002  1.8700000e+002
  1.9805140e+003  1.3667592e+003  2.4000000e-002  1.8800000e+002
  1.9805160e+003  1.3667562e+003  1.8000000e-002  1.8900000e+002
  1.9805190e+003  1.3666903e+003  4.0000000e-002  1.9000000e+002
  1.9805250e+003  1.3666923e+003  2.7000000e-002  1.9200000e+002
  1.9805270e+003  1.3666523e+003  2.0000000e-002  1.9300000e+002
  1.9805300e+003  1.3665015e+003  2.7000000e-002  1.9400000e+002
  1.9805330e+003  1.3662997e+003  1.7000000e-002  1.9500000e+002
  1.9805360e+003  1.3662848e+003  2.2000000e-002  1.9600000e+002
  1.9805380e+003  1.3665315e+003  2.1000000e-002  1.9700000e+002
  1.9805410e+003  1.3665155e+003  1.9000000e-002  1.9800000e+002
  1.9805440e+003  1.3664755e+003  3.1000000e-002  1.9900000e+002
  1.9805470e+003  1.3663996e+003  4.5000000e-002  2.0000000e+002
  1.9805490e+003  1.3663717e+003  1.7000000e-002  2.0100000e+002
  1.9805520e+003  1.3665474e+003  1.4000000e-002  2.0200000e+002
  1.9805550e+003  1.3665544e+003  1.4000000e-002  2.0300000e+002
  1.9805570e+003  1.3666853e+003  1.9000000e-002  2.0400000e+002
  1.9805600e+003  1.3669669e+003  2.6000000e-002  2.0500000e+002
  1.9805630e+003  1.3671297e+003  1.5000000e-002  2.0600000e+002
  1.9805660e+003  1.3677280e+003  2.6300000e-001  2.0700000e+002
  1.9805680e+003  1.3678359e+003  1.3600000e-001  2.0800000e+002
  1.9805710e+003  1.3676721e+003  1.8000000e-002  2.0900000e+002
  1.9805740e+003  1.3674683e+003  1.9000000e-002  2.1000000e+002
  1.9805770e+003  1.3674943e+003  6.4000000e-002  2.1100000e+002
  1.9805820e+003  1.3669320e+003  2.0000000e-003  2.1300000e+002
  1.9805850e+003  1.3668501e+003  1.7000000e-002  2.1400000e+002
  1.9805870e+003  1.3668141e+003  1.7000000e-002  2.1500000e+002
  1.9805900e+003  1.3669599e+003  1.3000000e-002  2.1600000e+002
  1.9805930e+003  1.3670269e+003  1.8000000e-002  2.1700000e+002
  1.9805960e+003  1.3670159e+003  6.6000000e-002  2.1800000e+002
  1.9805980e+003  1.3669300e+003  1.8000000e-002  2.1900000e+002
  1.9806010e+003  1.3668950e+003  1.6000000e-002  2.2000000e+002
  1.9806040e+003  1.3668391e+003  1.0000000e-002  2.2100000e+002
  1.9806070e+003  1.3668980e+003  2.3000000e-002  2.2200000e+002
  1.9806090e+003  1.3669559e+003  1.2000000e-002  2.2300000e+002
  1.9806120e+003  1.3670109e+003  1.6000000e-002  2.2400000e+002
  1.9806150e+003  1.3672056e+003  2.2000000e-002  2.2500000e+002
  1.9806170e+003  1.3671657e+003  1.6000000e-002  2.2600000e+002
  1.9806200e+003  1.3672216e+003  1.0000000e-001  2.2700000e+002
  1.9806230e+003  1.3674923e+003  1.5000000e-002  2.2800000e+002
  1.9806260e+003  1.3673984e+003  1.8000000e-002  2.2900000e+002
  1.9806280e+003  1.3671108e+003  1.9000000e-002  2.3000000e+002
  1.9806310e+003  1.3669739e+003  1.6000000e-002  2.3100000e+002
  1.9806340e+003  1.3669480e+003  1.3000000e-002  2.3200000e+002
  1.9806370e+003  1.3667562e+003  7.0000000e-003  2.3300000e+002
  1.9806390e+003  1.3668271e+003  1.8000000e-002  2.3400000e+002
  1.9806420e+003  1.3669949e+003  1.6000000e-002  2.3500000e+002
  1.9806450e+003  1.3669280e+003  1.3000000e-002  2.3600000e+002
  1.9806480e+003  1.3667712e+003  1.3000000e-002  2.3700000e+002
  1.9806500e+003  1.3667092e+003  2.2000000e-002  2.3800000e+002
  1.9806530e+003  1.3666343e+003  2.1000000e-002  2.3900000e+002
  1.9806560e+003  1.3666253e+003  1.2000000e-002  2.4000000e+002
  1.9806580e+003  1.3664905e+003  2.4000000e-002  2.4100000e+002
  1.9806610e+003  1.3664775e+003  1.4000000e-002  2.4200000e+002
  1.9806640e+003  1.3660710e+003  1.6000000e-002  2.4300000e+002
  1.9806670e+003  1.3655536e+003  1.2000000e-002  2.4400000e+002
  1.9806690e+003  1.3654078e+003  1.5000000e-002  2.4500000e+002
  1.9806750e+003  1.3649813e+003  3.2000000e-002  2.4700000e+002
  1.9806780e+003  1.3649933e+003  1.7000000e-002  2.4800000e+002
  1.9806800e+003  1.3655466e+003  1.6000000e-002  2.4900000e+002
  1.9806830e+003  1.3661779e+003  1.5000000e-002  2.5000000e+002
  1.9806860e+003  1.3666883e+003  2.1000000e-002  2.5100000e+002
  1.9806880e+003  1.3670928e+003  3.6000000e-002  2.5200000e+002
  1.9806910e+003  1.3674004e+003  2.3000000e-002  2.5300000e+002
  1.9806940e+003  1.3672826e+003  1.5000000e-002  2.5400000e+002
  1.9806970e+003  1.3673804e+003  1.3000000e-002  2.5500000e+002
  1.9806990e+003  1.3672696e+003  1.3000000e-002  2.5600000e+002
  1.9807020e+003  1.3671018e+003  1.7000000e-002  2.5700000e+002
  1.9807050e+003  1.3669699e+003  1.5000000e-002  2.5800000e+002
  1.9807080e+003  1.3668101e+003  1.8000000e-002  2.5900000e+002
  1.9807100e+003  1.3669060e+003  1.7000000e-002  2.6000000e+002
  1.9807130e+003  1.3669959e+003  4.5000000e-002  2.6100000e+002
  1.9807160e+003  1.3669739e+003  7.1000000e-002  2.6200000e+002
  1.9807190e+003  1.3671387e+003  1.3000000e-002  2.6300000e+002
  1.9807210e+003  1.3669210e+003  2.0000000e-002  2.6400000e+002
  1.9807240e+003  1.3667662e+003  2.5000000e-002  2.6500000e+002
  1.9807270e+003  1.3666273e+003  1.3000000e-002  2.6600000e+002
  1.9807290e+003  1.3662458e+003  1.4000000e-002  2.6700000e+002
  1.9807320e+003  1.3663437e+003  1.7000000e-002  2.6800000e+002
  1.9807350e+003  1.3664685e+003  1.5000000e-002  2.6900000e+002
  1.9807380e+003  1.3669120e+003  1.9000000e-002  2.7000000e+002
  1.9807400e+003  1.3671577e+003  1.8000000e-002  2.7100000e+002
  1.9807430e+003  1.3670828e+003  1.9000000e-002  2.7200000e+002
  1.9807460e+003  1.3668411e+003  5.9000000e-002  2.7300000e+002
  1.9807490e+003  1.3669579e+003  1.7000000e-002  2.7400000e+002
  1.9807510e+003  1.3668211e+003  7.0000000e-002  2.7500000e+002
  1.9807540e+003  1.3670398e+003  1.9000000e-002  2.7600000e+002
  1.9807570e+003  1.3672526e+003  1.8000000e-002  2.7700000e+002
  1.9807600e+003  1.3672845e+003  1.4000000e-002  2.7800000e+002
  1.9807620e+003  1.3671297e+003  2.7600000e-001  2.7900000e+002
  1.9807650e+003  1.3672356e+003  3.0000000e-002  2.8000000e+002
  1.9807680e+003  1.3672336e+003  1.5000000e-002  2.8100000e+002
  1.9807710e+003  1.3671837e+003  1.3000000e-002  2.8200000e+002
  1.9807730e+003  1.3667182e+003  2.0000000e-002  2.8300000e+002
  1.9807760e+003  1.3664216e+003  2.5000000e-002  2.8400000e+002
  1.9807790e+003  1.3658353e+003  1.3000000e-002  2.8500000e+002
  1.9807810e+003  1.3656865e+003  2.4000000e-002  2.8600000e+002
  1.9807840e+003  1.3656775e+003  2.1000000e-002  2.8700000e+002
  1.9807870e+003  1.3657834e+003  2.3000000e-002  2.8800000e+002
  1.9807900e+003  1.3665574e+003  2.2000000e-002  2.8900000e+002
  1.9807920e+003  1.3670778e+003  1.3000000e-002  2.9000000e+002
  1.9807950e+003  1.3673744e+003  1.5000000e-002  2.9100000e+002
  1.9807980e+003  1.3672786e+003  1.5000000e-002  2.9200000e+002
  1.9808010e+003  1.3668631e+003  2.8000000e-002  2.9300000e+002
  1.9808030e+003  1.3664106e+003  2.2000000e-002  2.9400000e+002
  1.9808060e+003  1.3661899e+003  1.8000000e-002  2.9500000e+002
  1.9808090e+003  1.3658533e+003  1.4000000e-002  2.9600000e+002
  1.9808120e+003  1.3658952e+003  1.5000000e-002  2.9700000e+002
  1.9808140e+003  1.3661639e+003  9.0000000e-003  2.9800000e+002
  1.9808170e+003  1.3666613e+003  1.3000000e-002  2.9900000e+002
  1.9808200e+003  1.3666713e+003  1.9000000e-002  3.0000000e+002
  1.9808220e+003  1.3668641e+003  1.5000000e-002  3.0100000e+002
  1.9808250e+003  1.3669200e+003  1.8000000e-002  3.0200000e+002
  1.9808280e+003  1.3668641e+003  1.5000000e-002  3.0300000e+002
  1.9808310e+003  1.3669260e+003  1.3000000e-002  3.0400000e+002
  1.9808330e+003  1.3665684e+003  1.0000000e-002  3.0500000e+002
  1.9808360e+003  1.3665964e+003  2.0000000e-002  3.0600000e+002
  1.9808390e+003  1.3664855e+003  1.9000000e-002  3.0700000e+002
  1.9808420e+003  1.3661339e+003  2.7000000e-002  3.0800000e+002
  1.9808440e+003  1.3657934e+003  1.1000000e-002  3.0900000e+002
  1.9808470e+003  1.3655357e+003  1.2000000e-002  3.1000000e+002
  1.9808500e+003  1.3653039e+003  2.0000000e-002  3.1100000e+002
  1.9808520e+003  1.3651891e+003  1.8000000e-002  3.1200000e+002
  1.9808550e+003  1.3649953e+003  1.5000000e-002  3.1300000e+002
  1.9808580e+003  1.3650712e+003  1.4000000e-002  3.1400000e+002
  1.9808610e+003  1.3651871e+003  1.9000000e-002  3.1500000e+002
  1.9808630e+003  1.3652031e+003  1.7000000e-002  3.1600000e+002
  1.9808660e+003  1.3654228e+003  1.6000000e-002  3.1700000e+002
  1.9808690e+003  1.3655956e+003  1.5000000e-002  3.1800000e+002
  1.9808830e+003  1.3664006e+003  2.0000000e-002  3.2300000e+002
  1.9808850e+003  1.3665524e+003  2.0000000e-002  3.2400000e+002
  1.9808880e+003  1.3665624e+003  3.5000000e-002  3.2500000e+002
  1.9808910e+003  1.3667911e+003  1.2000000e-002  3.2600000e+002
  1.9808930e+003  1.3669170e+003  1.0000000e-002  3.2700000e+002
  1.9809180e+003  1.3667382e+003  1.9100000e-001  3.3600000e+002
  1.9809210e+003  1.3664276e+003  2.3000000e-002  3.3700000e+002
  1.9809230e+003  1.3667062e+003  4.4000000e-002  3.3800000e+002
  1.9809260e+003  1.3671257e+003  1.1600000e-001  3.3900000e+002
  1.9809290e+003  1.3671387e+003  9.6000000e-002  3.4000000e+002
  1.9809320e+003  1.3672156e+003  1.4900000e-001  3.4100000e+002
  1.9809340e+003  1.3674883e+003  6.7000000e-002  3.4200000e+002
  1.9809370e+003  1.3675802e+003  6.8000000e-002  3.4300000e+002
  1.9809400e+003  1.3675862e+003  9.6000000e-002  3.4400000e+002
  1.9809430e+003  1.3670219e+003  2.6000000e-001  3.4500000e+002
  1.9809450e+003  1.3669450e+003  3.1000000e-002  3.4600000e+002
  1.9809560e+003  1.3659881e+003  1.6200000e-001  3.5000000e+002
  1.9809590e+003  1.3639616e+003  8.5000000e-002  3.5100000e+002
  1.9809620e+003  1.3648515e+003  1.6900000e-001  3.5200000e+002
  1.9809640e+003  1.3646118e+003  5.4000000e-002  3.5300000e+002
  1.9809670e+003  1.3647736e+003  1.0000000e-001  3.5400000e+002
  1.9809730e+003  1.3645768e+003  3.3400000e-001  3.5600000e+002
  1.9809750e+003  1.3636200e+003  8.4000000e-002  3.5700000e+002
  1.9809780e+003  1.3649184e+003  1.3400000e-001  3.5800000e+002
  1.9809810e+003  1.3659152e+003  1.5600000e-001  3.5900000e+002
  1.9809840e+003  1.3665365e+003  1.8100000e-001  3.6000000e+002
  1.9809890e+003  1.3663727e+003  3.6000000e-002  3.6200000e+002
  1.9809920e+003  1.3660081e+003  8.2000000e-002  3.6300000e+002
  1.9809950e+003  1.3659262e+003  7.4000000e-002  3.6400000e+002
  1.9809970e+003  1.3664166e+003  1.4800000e-001  3.6500000e+002
  1.9810000e+003  1.3665385e+003  6.5000000e-002  3.6600000e+002
  1.9810030e+003  1.3668381e+003  1.0700000e-001  3.6700000e+002
  1.9810050e+003  1.3672726e+003  7.9000000e-002  3.6800000e+002
  1.9810080e+003  1.3665105e+003  3.1400000e-001  3.6900000e+002
  1.9810110e+003  1.3674503e+003  6.2000000e-002  3.7000000e+002
  1.9810160e+003  1.3675263e+003  5.8000000e-002  3.7200000e+002
  1.9810190e+003  1.3678389e+003  1.9200000e-001  3.7300000e+002
  1.9810270e+003  1.3678738e+003  8.0000000e-002  3.7600000e+002
  1.9810300e+003  1.3676481e+003  6.8000000e-002  3.7700000e+002
  1.9810380e+003  1.3672116e+003  1.4000000e-001  3.8000000e+002
  1.9810440e+003  1.3664745e+003  1.2900000e-001  3.8200000e+002
  1.9810470e+003  1.3677560e+003  6.1000000e-002  3.8300000e+002
  1.9810490e+003  1.3676032e+003  1.2000000e-001  3.8400000e+002
  1.9810520e+003  1.3672536e+003  4.6000000e-002  3.8500000e+002
  1.9810550e+003  1.3664036e+003  1.5500000e-001  3.8600000e+002
  1.9810570e+003  1.3671118e+003  1.4600000e-001  3.8700000e+002
  1.9810600e+003  1.3675193e+003  9.0000000e-002  3.8800000e+002
  1.9810630e+003  1.3672466e+003  5.9000000e-002  3.8900000e+002
  1.9810680e+003  1.3666603e+003  9.5000000e-002  3.9100000e+002
  1.9810710e+003  1.3672236e+003  8.1000000e-002  3.9200000e+002
  1.9810740e+003  1.3669150e+003  1.0700000e-001  3.9300000e+002
  1.9810770e+003  1.3671687e+003  5.3000000e-002  3.9400000e+002
  1.9810790e+003  1.3672106e+003  9.1000000e-002  3.9500000e+002
  1.9810820e+003  1.3667182e+003  3.7000000e-002  3.9600000e+002
  1.9810900e+003  1.3660181e+003  1.3600000e-001  3.9900000e+002
  1.9810930e+003  1.3661769e+003  8.0000000e-002  4.0000000e+002
  1.9810960e+003  1.3668171e+003  8.7000000e-002  4.0100000e+002
  1.9810990e+003  1.3667991e+003  2.0000000e-001  4.0200000e+002
  1.9811010e+003  1.3647386e+003  9.2000000e-002  4.0300000e+002
  1.9811040e+003  1.3663347e+003  6.4000000e-002  4.0400000e+002
  1.9811070e+003  1.3661889e+003  9.6000000e-002  4.0500000e+002
  1.9811100e+003  1.3663926e+003  3.9000000e-002  4.0600000e+002
  1.9811120e+003  1.3661429e+003  1.3800000e-001  4.0700000e+002
  1.9811150e+003  1.3665115e+003  4.3000000e-002  4.0800000e+002
  1.9811180e+003  1.3662358e+003  8.8000000e-002  4.0900000e+002
  1.9811210e+003  1.3665704e+003  8.5000000e-002  4.1000000e+002
  1.9811230e+003  1.3660530e+003  2.7300000e-001  4.1100000e+002
  1.9811260e+003  1.3663087e+003  1.4600000e-001  4.1200000e+002
  1.9811290e+003  1.3659372e+003  5.2000000e-002  4.1300000e+002
  1.9811310e+003  1.3663077e+003  3.2700000e-001  4.1400000e+002
  1.9811340e+003  1.3657574e+003  1.2700000e-001  4.1500000e+002
  1.9811370e+003  1.3666883e+003  9.4000000e-002  4.1600000e+002
  1.9811400e+003  1.3666633e+003  1.8700000e-001  4.1700000e+002
  1.9811420e+003  1.3668181e+003  7.2000000e-002  4.1800000e+002
  1.9811450e+003  1.3660091e+003  1.2700000e-001  4.1900000e+002
  1.9811480e+003  1.3658693e+003  4.6000000e-002  4.2000000e+002
  1.9811510e+003  1.3668730e+003  7.1000000e-002  4.2100000e+002
  1.9811530e+003  1.3661999e+003  1.3200000e-001  4.2200000e+002
  1.9811560e+003  1.3655956e+003  2.9300000e-001  4.2300000e+002
  1.9811590e+003  1.3662108e+003  1.2000000e-001  4.2400000e+002
  1.9811620e+003  1.3659631e+003  2.5100000e-001  4.2500000e+002
  1.9811640e+003  1.3659322e+003  2.0100000e-001  4.2600000e+002
  1.9811670e+003  1.3665634e+003  9.0000000e-002  4.2700000e+002
  1.9811700e+003  1.3664565e+003  1.2000000e-001  4.2800000e+002
  1.9811730e+003  1.3662348e+003  5.4000000e-002  4.2900000e+002
  1.9811750e+003  1.3667462e+003  1.4000000e-001  4.3000000e+002
  1.9811780e+003  1.3663087e+003  1.0000000e-001  4.3100000e+002
  1.9811810e+003  1.3659711e+003  1.2700000e-001  4.3200000e+002
  1.9811840e+003  1.3660620e+003  3.4000000e-002  4.3300000e+002
  1.9811860e+003  1.3663766e+003  5.6000000e-002  4.3400000e+002
  1.9811890e+003  1.3663826e+003  5.6000000e-002  4.3500000e+002
  1.9811920e+003  1.3664526e+003  4.8000000e-002  4.3600000e+002
  1.9811950e+003  1.3666084e+003  4.4000000e-002  4.3700000e+002
  1.9811970e+003  1.3667981e+003  6.2000000e-002  4.3800000e+002
  1.9812000e+003  1.3665844e+003  5.4000000e-002  4.3900000e+002
  1.9812030e+003  1.3656256e+003  2.8400000e-001  4.4000000e+002
  1.9812050e+003  1.3663657e+003  4.7000000e-002  4.4100000e+002
  1.9812080e+003  1.3665864e+003  8.0000000e-002  4.4200000e+002
  1.9812110e+003  1.3668381e+003  9.1000000e-002  4.4300000e+002
  1.9812140e+003  1.3662308e+003  9.3000000e-002  4.4400000e+002
  1.9812160e+003  1.3663736e+003  1.1100000e-001  4.4500000e+002
  1.9812190e+003  1.3656515e+003  1.8500000e-001  4.4600000e+002
  1.9812220e+003  1.3658932e+003  1.0800000e-001  4.4700000e+002
  1.9812250e+003  1.3663916e+003  8.1000000e-002  4.4800000e+002
  1.9812270e+003  1.3665075e+003  1.0600000e-001  4.4900000e+002
  1.9812300e+003  1.3660530e+003  1.1800000e-001  4.5000000e+002
  1.9812330e+003  1.3664236e+003  1.0800000e-001  4.5100000e+002
  1.9812360e+003  1.3662947e+003  5.8000000e-002  4.5200000e+002
  1.9812380e+003  1.3662029e+003  1.2600000e-001  4.5300000e+002
  1.9812410e+003  1.3665085e+003  8.0000000e-002  4.5400000e+002
  1.9812440e+003  1.3666124e+003  9.0000000e-002  4.5500000e+002
  1.9812470e+003  1.3670508e+003  9.4000000e-002  4.5600000e+002
  1.9812490e+003  1.3668521e+003  8.8000000e-002  4.5700000e+002
  1.9812520e+003  1.3671687e+003  4.8000000e-002  4.5800000e+002
  1.9812550e+003  1.3672376e+003  7.6000000e-002  4.5900000e+002
  1.9812580e+003  1.3672106e+003  1.4100000e-001  4.6000000e+002
  1.9812600e+003  1.3670988e+003  1.5700000e-001  4.6100000e+002
  1.9812630e+003  1.3664805e+003  5.7000000e-002  4.6200000e+002
  1.9812660e+003  1.3664276e+003  9.0000000e-002  4.6300000e+002
  1.9812680e+003  1.3662758e+003  1.7600000e-001  4.6400000e+002
  1.9812710e+003  1.3662618e+003  7.8000000e-002  4.6500000e+002
  1.9812740e+003  1.3655876e+003  2.1200000e-001  4.6600000e+002
  1.9812770e+003  1.3659022e+003  2.0200000e-001  4.6700000e+002
  1.9812790e+003  1.3650722e+003  2.4400000e-001  4.6800000e+002
  1.9812820e+003  1.3651192e+003  2.5600000e-001  4.6900000e+002
  1.9812850e+003  1.3656685e+003  1.4300000e-001  4.7000000e+002
  1.9812880e+003  1.3662138e+003  9.2000000e-002  4.7100000e+002
  1.9812900e+003  1.3665265e+003  1.2900000e-001  4.7200000e+002
  1.9812930e+003  1.3656655e+003  5.7000000e-002  4.7300000e+002
  1.9812960e+003  1.3657894e+003  6.5000000e-002  4.7400000e+002
  1.9812990e+003  1.3664486e+003  7.2000000e-002  4.7500000e+002
  1.9813010e+003  1.3664176e+003  1.7000000e-001  4.7600000e+002
  1.9813040e+003  1.3665385e+003  9.7000000e-002  4.7700000e+002
  1.9813070e+003  1.3664935e+003  1.7200000e-001  4.7800000e+002
  1.9813100e+003  1.3659222e+003  1.0500000e-001  4.7900000e+002
  1.9813120e+003  1.3662328e+003  6.1000000e-002  4.8000000e+002
  1.9813150e+003  1.3667162e+003  6.2000000e-002  4.8100000e+002
  1.9813180e+003  1.3670528e+003  1.6000000e-001  4.8200000e+002
  1.9813210e+003  1.3668381e+003  6.4000000e-002  4.8300000e+002
  1.9813230e+003  1.3666803e+003  1.3300000e-001  4.8400000e+002
  1.9813260e+003  1.3666933e+003  5.7000000e-002  4.8500000e+002
  1.9813290e+003  1.3669220e+003  1.4800000e-001  4.8600000e+002
  1.9813320e+003  1.3666204e+003  1.2400000e-001  4.8700000e+002
  1.9813340e+003  1.3674014e+003  7.2000000e-002  4.8800000e+002
  1.9813370e+003  1.3669520e+003  6.5000000e-002  4.8900000e+002
  1.9813400e+003  1.3663816e+003  5.5000000e-002  4.9000000e+002
  1.9813420e+003  1.3663047e+003  1.3200000e-001  4.9100000e+002
  1.9813450e+003  1.3657674e+003  7.2000000e-002  4.9200000e+002
  1.9813480e+003  1.3663177e+003  1.0400000e-001  4.9300000e+002
  1.9813510e+003  1.3662578e+003  1.9200000e-001  4.9400000e+002
  1.9813530e+003  1.3665125e+003  5.9000000e-002  4.9500000e+002
  1.9813560e+003  1.3664106e+003  6.5000000e-002  4.9600000e+002
  1.9813590e+003  1.3658293e+003  1.3100000e-001  4.9700000e+002
  1.9813640e+003  1.3662838e+003  7.3000000e-002  4.9900000e+002
  1.9813670e+003  1.3668411e+003  1.2700000e-001  5.0000000e+002
  1.9813700e+003  1.3659412e+003  1.6200000e-001  5.0100000e+002
  1.9813780e+003  1.3662598e+003  1.8100000e-001  5.0400000e+002
  1.9813840e+003  1.3654438e+003  1.0400000e-001  5.0600000e+002
  1.9813890e+003  1.3664975e+003  6.2000000e-002  5.0800000e+002
  1.9813920e+003  1.3662818e+003  1.0400000e-001  5.0900000e+002
  1.9813970e+003  1.3671897e+003  7.3000000e-002  5.1100000e+002
  1.9814000e+003  1.3666174e+003  8.1000000e-002  5.1200000e+002
  1.9814030e+003  1.3663277e+003  9.2000000e-002  5.1300000e+002
  1.9814060e+003  1.3663687e+003  1.8400000e-001  5.1400000e+002
  1.9814080e+003  1.3667402e+003  8.7000000e-002  5.1500000e+002
  1.9814110e+003  1.3668461e+003  1.0500000e-001  5.1600000e+002
  1.9814140e+003  1.3660850e+003  3.1300000e-001  5.1700000e+002
  1.9814160e+003  1.3664416e+003  2.1700000e-001  5.1800000e+002
  1.9814220e+003  1.3664056e+003  1.4200000e-001  5.2000000e+002
  1.9814250e+003  1.3670798e+003  1.0000000e-001  5.2100000e+002
  1.9814270e+003  1.3665414e+003  8.0000000e-002  5.2200000e+002
  1.9814330e+003  1.3666233e+003  7.4000000e-002  5.2400000e+002
  1.9814360e+003  1.3664935e+003  7.7000000e-002  5.2500000e+002
  1.9814380e+003  1.3668361e+003  8.9000000e-002  5.2600000e+002
  1.9814410e+003  1.3662977e+003  7.7000000e-002  5.2700000e+002
  1.9814440e+003  1.3663756e+003  1.6300000e-001  5.2800000e+002
  1.9814470e+003  1.3662208e+003  1.1900000e-001  5.2900000e+002
  1.9814490e+003  1.3664046e+003  8.1000000e-002  5.3000000e+002
  1.9814520e+003  1.3661889e+003  6.2000000e-002  5.3100000e+002
  1.9814550e+003  1.3659522e+003  5.2000000e-002  5.3200000e+002
  1.9814580e+003  1.3659292e+003  5.0000000e-002  5.3300000e+002
  1.9814600e+003  1.3658513e+003  4.3000000e-002  5.3400000e+002
  1.9814630e+003  1.3662039e+003  1.2100000e-001  5.3500000e+002
  1.9814660e+003  1.3665434e+003  7.5000000e-002  5.3600000e+002
  1.9814690e+003  1.3667452e+003  6.8000000e-002  5.3700000e+002
  1.9814710e+003  1.3663667e+003  4.7000000e-002  5.3800000e+002
  1.9814740e+003  1.3664496e+003  1.0800000e-001  5.3900000e+002
  1.9814770e+003  1.3662568e+003  6.7000000e-002  5.4000000e+002
  1.9814790e+003  1.3659192e+003  1.1000000e-001  5.4100000e+002
  1.9814820e+003  1.3658952e+003  9.0000000e-002  5.4200000e+002
  1.9814850e+003  1.3663017e+003  4.6000000e-002  5.4300000e+002
  1.9814880e+003  1.3656355e+003  1.7400000e-001  5.4400000e+002
  1.9814900e+003  1.3657684e+003  7.3000000e-002  5.4500000e+002
  1.9814930e+003  1.3658543e+003  1.3400000e-001  5.4600000e+002
  1.9814960e+003  1.3658413e+003  1.0100000e-001  5.4700000e+002
  1.9814990e+003  1.3654528e+003  4.7000000e-002  5.4800000e+002
  1.9815010e+003  1.3651162e+003  1.4900000e-001  5.4900000e+002
  1.9815040e+003  1.3660151e+003  7.3000000e-002  5.5000000e+002
  1.9815070e+003  1.3662388e+003  7.7000000e-002  5.5100000e+002
  1.9815100e+003  1.3667871e+003  1.0500000e-001  5.5200000e+002
  1.9815120e+003  1.3667262e+003  1.0100000e-001  5.5300000e+002
  1.9815150e+003  1.3663197e+003  2.2000000e-001  5.5400000e+002
  1.9815180e+003  1.3662019e+003  4.5000000e-002  5.5500000e+002
  1.9815210e+003  1.3664176e+003  6.6000000e-002  5.5600000e+002
  1.9815230e+003  1.3665335e+003  7.3000000e-002  5.5700000e+002
  1.9815260e+003  1.3661080e+003  1.0200000e-001  5.5800000e+002
  1.9815290e+003  1.3664895e+003  9.9000000e-002  5.5900000e+002
  1.9815310e+003  1.3660790e+003  7.4000000e-002  5.6000000e+002
  1.9815340e+003  1.3660970e+003  1.2200000e-001  5.6100000e+002
  1.9815370e+003  1.3662009e+003  1.2200000e-001  5.6200000e+002
  1.9815400e+003  1.3657424e+003  1.3100000e-001  5.6300000e+002
  1.9815420e+003  1.3660930e+003  1.2200000e-001  5.6400000e+002
  1.9815450e+003  1.3644979e+003  1.9100000e-001  5.6500000e+002
  1.9815510e+003  1.3653469e+003  2.0800000e-001  5.6700000e+002
  1.9815530e+003  1.3654568e+003  1.3200000e-001  5.6800000e+002
  1.9815560e+003  1.3643920e+003  9.4000000e-002  5.6900000e+002
  1.9815590e+003  1.3636919e+003  5.4000000e-002  5.7000000e+002
  1.9815620e+003  1.3634662e+003  1.3500000e-001  5.7100000e+002
  1.9815640e+003  1.3632864e+003  1.0700000e-001  5.7200000e+002
  1.9815670e+003  1.3635291e+003  8.6000000e-002  5.7300000e+002
  1.9815840e+003  1.3657005e+003  6.6000000e-002  5.7900000e+002
  1.9815860e+003  1.3659002e+003  8.9000000e-002  5.8000000e+002
  1.9815890e+003  1.3658343e+003  8.8000000e-002  5.8100000e+002
  1.9815920e+003  1.3655027e+003  6.9000000e-002  5.8200000e+002
  1.9815940e+003  1.3655516e+003  5.5000000e-002  5.8300000e+002
  1.9815970e+003  1.3654637e+003  9.7000000e-002  5.8400000e+002
  1.9816000e+003  1.3652880e+003  7.3000000e-002  5.8500000e+002
  1.9816030e+003  1.3650702e+003  7.2000000e-002  5.8600000e+002
  1.9816050e+003  1.3650982e+003  7.5000000e-002  5.8700000e+002
  1.9816080e+003  1.3654677e+003  7.3000000e-002  5.8800000e+002
  1.9816110e+003  1.3654148e+003  7.9000000e-002  5.8900000e+002
  1.9816140e+003  1.3662548e+003  1.2000000e-001  5.9000000e+002
  1.9816160e+003  1.3667782e+003  5.7000000e-002  5.9100000e+002
  1.9816190e+003  1.3668730e+003  8.2000000e-002  5.9200000e+002
  1.9816220e+003  1.3662528e+003  1.3100000e-001  5.9300000e+002
  1.9816250e+003  1.3660930e+003  4.5000000e-002  5.9400000e+002
  1.9816270e+003  1.3658163e+003  8.7000000e-002  5.9500000e+002
  1.9816300e+003  1.3659572e+003  6.2000000e-002  5.9600000e+002
  1.9816330e+003  1.3652620e+003  7.7000000e-002  5.9700000e+002
  1.9816360e+003  1.3656845e+003  5.2000000e-002  5.9800000e+002
  1.9816380e+003  1.3663367e+003  1.6700000e-001  5.9900000e+002
  1.9816410e+003  1.3661359e+003  1.1000000e-001  6.0000000e+002
  1.9816440e+003  1.3658223e+003  2.5900000e-001  6.0100000e+002
  1.9816470e+003  1.3658343e+003  1.9500000e-001  6.0200000e+002
  1.9816490e+003  1.3659062e+003  1.6000000e-001  6.0300000e+002
  1.9816520e+003  1.3655636e+003  8.7000000e-002  6.0400000e+002
  1.9816550e+003  1.3656855e+003  4.1000000e-002  6.0500000e+002
  1.9816580e+003  1.3663267e+003  9.5000000e-002  6.0600000e+002
  1.9816600e+003  1.3663357e+003  1.3200000e-001  6.0700000e+002
  1.9816630e+003  1.3666263e+003  5.9000000e-002  6.0800000e+002
  1.9816660e+003  1.3665015e+003  1.2000000e-001  6.0900000e+002
  1.9816680e+003  1.3668381e+003  7.0000000e-002  6.1000000e+002
  1.9816710e+003  1.3667342e+003  6.2000000e-002  6.1100000e+002
  1.9816740e+003  1.3666094e+003  1.5100000e-001  6.1200000e+002
  1.9816770e+003  1.3662378e+003  4.8000000e-002  6.1300000e+002
  1.9816790e+003  1.3660520e+003  7.4000000e-002  6.1400000e+002
  1.9816820e+003  1.3653679e+003  1.4200000e-001  6.1500000e+002
  1.9816850e+003  1.3654867e+003  8.8000000e-002  6.1600000e+002
  1.9816880e+003  1.3637568e+003  5.4000000e-002  6.1700000e+002
  1.9816900e+003  1.3658403e+003  1.0200000e-001  6.1800000e+002
  1.9816930e+003  1.3662778e+003  5.1000000e-002  6.1900000e+002
  1.9816990e+003  1.3657834e+003  5.9000000e-002  6.2100000e+002
  1.9817040e+003  1.3663996e+003  6.5000000e-002  6.2300000e+002
  1.9817070e+003  1.3666643e+003  9.8000000e-002  6.2400000e+002
  1.9817100e+003  1.3663796e+003  8.3000000e-002  6.2500000e+002
  1.9817120e+003  1.3665335e+003  7.2000000e-002  6.2600000e+002
  1.9817150e+003  1.3659671e+003  7.5000000e-002  6.2700000e+002
  1.9817180e+003  1.3659701e+003  6.4000000e-002  6.2800000e+002
  1.9817210e+003  1.3665454e+003  7.5000000e-002  6.2900000e+002
  1.9817230e+003  1.3668161e+003  5.8000000e-002  6.3000000e+002
  1.9817260e+003  1.3663836e+003  4.8000000e-002  6.3100000e+002
  1.9817290e+003  1.3663667e+003  2.0300000e-001  6.3200000e+002
  1.9817320e+003  1.3669529e+003  8.2000000e-002  6.3300000e+002
  1.9817340e+003  1.3670608e+003  1.3700000e-001  6.3400000e+002
  1.9817370e+003  1.3669270e+003  1.3600000e-001  6.3500000e+002
  1.9817400e+003  1.3673405e+003  1.1600000e-001  6.3600000e+002
  1.9817420e+003  1.3665804e+003  7.8000000e-002  6.3700000e+002
  1.9817450e+003  1.3663017e+003  1.3900000e-001  6.3800000e+002
  1.9817480e+003  1.3665265e+003  5.0000000e-002  6.3900000e+002
  1.9817510e+003  1.3668780e+003  5.4000000e-002  6.4000000e+002
  1.9817530e+003  1.3667662e+003  7.3000000e-002  6.4100000e+002
  1.9817560e+003  1.3670279e+003  6.0000000e-002  6.4200000e+002
  1.9817590e+003  1.3667302e+003  7.0000000e-002  6.4300000e+002
  1.9817620e+003  1.3667921e+003  6.5000000e-002  6.4400000e+002
  1.9817640e+003  1.3653339e+003  2.9300000e-001  6.4500000e+002
  1.9817670e+003  1.3662108e+003  1.3600000e-001  6.4600000e+002
  1.9817700e+003  1.3666124e+003  4.9000000e-002  6.4700000e+002
  1.9817730e+003  1.3664006e+003  5.5000000e-002  6.4800000e+002
  1.9817750e+003  1.3664216e+003  5.1000000e-002  6.4900000e+002
  1.9817780e+003  1.3658133e+003  7.4000000e-002  6.5000000e+002
  1.9817810e+003  1.3653629e+003  5.5000000e-002  6.5100000e+002
  1.9817840e+003  1.3649104e+003  9.8000000e-002  6.5200000e+002
  1.9817860e+003  1.3644570e+003  7.6000000e-002  6.5300000e+002
  1.9817890e+003  1.3645449e+003  6.6000000e-002  6.5400000e+002
  1.9817920e+003  1.3644400e+003  5.7000000e-002  6.5500000e+002
  1.9817950e+003  1.3644140e+003  5.6000000e-002  6.5600000e+002
  1.9817970e+003  1.3647336e+003  8.3000000e-002  6.5700000e+002
  1.9818000e+003  1.3650742e+003  8.3000000e-002  6.5800000e+002
  1.9818030e+003  1.3655676e+003  7.0000000e-002  6.5900000e+002
  1.9818050e+003  1.3662128e+003  4.9000000e-002  6.6000000e+002
  1.9818080e+003  1.3668810e+003  8.3000000e-002  6.6100000e+002
  1.9818110e+003  1.3669290e+003  7.2000000e-002  6.6200000e+002
  1.9818140e+003  1.3668171e+003  7.9000000e-002  6.6300000e+002
  1.9818160e+003  1.3669000e+003  1.4300000e-001  6.6400000e+002
  1.9818190e+003  1.3671817e+003  7.6000000e-002  6.6500000e+002
  1.9818220e+003  1.3670598e+003  6.7000000e-002  6.6600000e+002
  1.9818250e+003  1.3673355e+003  5.7000000e-002  6.6700000e+002
  1.9818270e+003  1.3670678e+003  7.7000000e-002  6.6800000e+002
  1.9818300e+003  1.3670129e+003  7.3000000e-002  6.6900000e+002
  1.9818330e+003  1.3667941e+003  8.8000000e-002  6.7000000e+002
  1.9818360e+003  1.3660810e+003  9.3000000e-002  6.7100000e+002
  1.9818380e+003  1.3657754e+003  1.1000000e-001  6.7200000e+002
  1.9818410e+003  1.3655766e+003  7.6000000e-002  6.7300000e+002
  1.9818440e+003  1.3654338e+003  6.2000000e-002  6.7400000e+002
  1.9818470e+003  1.3660211e+003  7.9000000e-002  6.7500000e+002
  1.9818490e+003  1.3664546e+003  8.7000000e-002  6.7600000e+002
  1.9818520e+003  1.3665135e+003  9.3000000e-002  6.7700000e+002
  1.9818550e+003  1.3667342e+003  9.7000000e-002  6.7800000e+002
  1.9818580e+003  1.3668531e+003  4.8000000e-002  6.7900000e+002
  1.9818600e+003  1.3658663e+003  1.2100000e-001  6.8000000e+002
  1.9818630e+003  1.3664096e+003  6.6000000e-002  6.8100000e+002
  1.9818660e+003  1.3661030e+003  1.0300000e-001  6.8200000e+002
  1.9818690e+003  1.3657045e+003  1.5300000e-001  6.8300000e+002
  1.9818710e+003  1.3663916e+003  5.6000000e-002  6.8400000e+002
  1.9818740e+003  1.3666473e+003  5.4000000e-002  6.8500000e+002
  1.9818770e+003  1.3668900e+003  9.7000000e-002  6.8600000e+002
  1.9818790e+003  1.3670508e+003  8.8000000e-002  6.8700000e+002
  1.9818820e+003  1.3663896e+003  4.8000000e-002  6.8800000e+002
  1.9818850e+003  1.3664016e+003  6.5000000e-002  6.8900000e+002
  1.9818880e+003  1.3665824e+003  5.3000000e-002  6.9000000e+002
  1.9818900e+003  1.3666893e+003  6.6000000e-002  6.9100000e+002
  1.9818930e+003  1.3665065e+003  7.5000000e-002  6.9200000e+002
  1.9818960e+003  1.3670818e+003  7.6000000e-002  6.9300000e+002
  1.9818990e+003  1.3675203e+003  6.5000000e-002  6.9400000e+002
  1.9819010e+003  1.3662878e+003  2.2900000e-001  6.9500000e+002
  1.9819040e+003  1.3666353e+003  1.7900000e-001  6.9600000e+002
  1.9819070e+003  1.3668481e+003  6.7000000e-002  6.9700000e+002
  1.9819100e+003  1.3668371e+003  7.2000000e-002  6.9800000e+002
  1.9819120e+003  1.3661949e+003  1.0800000e-001  6.9900000e+002
  1.9819150e+003  1.3664166e+003  7.9000000e-002  7.0000000e+002
  1.9819180e+003  1.3668780e+003  8.3000000e-002  7.0100000e+002
  1.9819210e+003  1.3668720e+003  1.6600000e-001  7.0200000e+002
  1.9819230e+003  1.3671267e+003  9.3000000e-002  7.0300000e+002
  1.9819320e+003  1.3668201e+003  9.7000000e-002  7.0600000e+002
  1.9819340e+003  1.3657474e+003  6.4000000e-002  7.0700000e+002
  1.9819370e+003  1.3655187e+003  5.3000000e-002  7.0800000e+002
  1.9819400e+003  1.3647716e+003  5.1000000e-002  7.0900000e+002
  1.9819430e+003  1.3651222e+003  5.3000000e-002  7.1000000e+002
  1.9819450e+003  1.3658353e+003  6.6000000e-002  7.1100000e+002
  1.9819480e+003  1.3661180e+003  6.6000000e-002  7.1200000e+002
  1.9819510e+003  1.3665105e+003  9.2000000e-002  7.1300000e+002
  1.9819530e+003  1.3667512e+003  1.1300000e-001  7.1400000e+002
  1.9819560e+003  1.3666643e+003  8.4000000e-002  7.1500000e+002
  1.9819590e+003  1.3666303e+003  6.6000000e-002  7.1600000e+002
  1.9819620e+003  1.3662748e+003  1.3300000e-001  7.1700000e+002
  1.9819640e+003  1.3666953e+003  4.2000000e-002  7.1800000e+002
  1.9819670e+003  1.3666164e+003  9.2000000e-002  7.1900000e+002
  1.9819700e+003  1.3664955e+003  7.6000000e-002  7.2000000e+002
  1.9819730e+003  1.3664875e+003  9.8000000e-002  7.2100000e+002
  1.9819750e+003  1.3668730e+003  1.0000000e-001  7.2200000e+002
  1.9819780e+003  1.3665005e+003  7.0000000e-002  7.2300000e+002
  1.9819810e+003  1.3662308e+003  6.5000000e-002  7.2400000e+002
  1.9819840e+003  1.3663876e+003  1.0700000e-001  7.2500000e+002
  1.9819860e+003  1.3663197e+003  8.6000000e-002  7.2600000e+002
  1.9819890e+003  1.3663796e+003  7.2000000e-002  7.2700000e+002
  1.9819920e+003  1.3666833e+003  9.5000000e-002  7.2800000e+002
  1.9820030e+003  1.3670898e+003  5.9000000e-002  7.3200000e+002
  1.9820050e+003  1.3668041e+003  9.1000000e-002  7.3300000e+002
  1.9820080e+003  1.3667951e+003  1.4000000e-001  7.3400000e+002
  1.9820110e+003  1.3670628e+003  7.6000000e-002  7.3500000e+002
  1.9820140e+003  1.3667961e+003  9.7000000e-002  7.3600000e+002
  1.9820160e+003  1.3669799e+003  6.4000000e-002  7.3700000e+002
  1.9820190e+003  1.3669839e+003  1.1000000e-001  7.3800000e+002
  1.9820220e+003  1.3665504e+003  1.3600000e-001  7.3900000e+002
  1.9820250e+003  1.3669350e+003  8.8000000e-002  7.4000000e+002
  1.9820270e+003  1.3664186e+003  7.3000000e-002  7.4100000e+002
  1.9820300e+003  1.3668860e+003  6.5000000e-002  7.4200000e+002
  1.9820330e+003  1.3669759e+003  4.9000000e-002  7.4300000e+002
  1.9820360e+003  1.3663317e+003  9.1000000e-002  7.4400000e+002
  1.9820380e+003  1.3666323e+003  5.9000000e-002  7.4500000e+002
  1.9820410e+003  1.3661359e+003  5.3000000e-002  7.4600000e+002
  1.9820440e+003  1.3661829e+003  5.5000000e-002  7.4700000e+002
  1.9820470e+003  1.3664246e+003  8.5000000e-002  7.4800000e+002
  1.9820490e+003  1.3664546e+003  8.0000000e-002  7.4900000e+002
  1.9820520e+003  1.3668001e+003  7.5000000e-002  7.5000000e+002
  1.9820550e+003  1.3670508e+003  5.3000000e-002  7.5100000e+002
  1.9820570e+003  1.3670249e+003  4.2000000e-002  7.5200000e+002
  1.9820600e+003  1.3669500e+003  7.4000000e-002  7.5300000e+002
  1.9820630e+003  1.3672246e+003  4.8000000e-002  7.5400000e+002
  1.9820660e+003  1.3668481e+003  5.9000000e-002  7.5500000e+002
  1.9820680e+003  1.3671277e+003  4.7000000e-002  7.5600000e+002
  1.9820710e+003  1.3670758e+003  5.6000000e-002  7.5700000e+002
  1.9820740e+003  1.3671297e+003  3.9000000e-002  7.5800000e+002
  1.9820770e+003  1.3666243e+003  9.3000000e-002  7.5900000e+002
  1.9820790e+003  1.3652670e+003  1.2900000e-001  7.6000000e+002
  1.9820820e+003  1.3650103e+003  1.1700000e-001  7.6100000e+002
  1.9820850e+003  1.3640674e+003  7.6000000e-002  7.6200000e+002
  1.9820880e+003  1.3650752e+003  1.2000000e-001  7.6300000e+002
  1.9820900e+003  1.3652690e+003  1.1900000e-001  7.6400000e+002
  1.9820930e+003  1.3658623e+003  8.6000000e-002  7.6500000e+002
  1.9820960e+003  1.3658553e+003  6.1000000e-002  7.6600000e+002
  1.9820990e+003  1.3662818e+003  6.7000000e-002  7.6700000e+002
  1.9821010e+003  1.3658233e+003  5.4000000e-002  7.6800000e+002
  1.9821040e+003  1.3652760e+003  7.0000000e-002  7.6900000e+002
  1.9821070e+003  1.3644610e+003  8.0000000e-002  7.7000000e+002
  1.9821100e+003  1.3646917e+003  7.7000000e-002  7.7100000e+002
  1.9821120e+003  1.3638926e+003  7.7000000e-002  7.7200000e+002
  1.9821150e+003  1.3642242e+003  7.6000000e-002  7.7300000e+002
  1.9821180e+003  1.3648864e+003  8.0000000e-002  7.7400000e+002
  1.9821210e+003  1.3651591e+003  6.2000000e-002  7.7500000e+002
  1.9821230e+003  1.3654548e+003  6.1000000e-002  7.7600000e+002
  1.9821260e+003  1.3656995e+003  8.5000000e-002  7.7700000e+002
  1.9821290e+003  1.3655377e+003  8.8000000e-002  7.7800000e+002
  1.9821310e+003  1.3649184e+003  8.8000000e-002  7.7900000e+002
  1.9821340e+003  1.3656166e+003  8.3000000e-002  7.8000000e+002
  1.9821370e+003  1.3652001e+003  5.6000000e-002  7.8100000e+002
  1.9821400e+003  1.3658423e+003  1.0600000e-001  7.8200000e+002
  1.9821420e+003  1.3660111e+003  1.5900000e-001  7.8300000e+002
  1.9821450e+003  1.3662308e+003  6.1000000e-002  7.8400000e+002
  1.9821480e+003  1.3665654e+003  3.9000000e-002  7.8500000e+002
  1.9821510e+003  1.3666243e+003  1.1800000e-001  7.8600000e+002
  1.9821530e+003  1.3666933e+003  5.9000000e-002  7.8700000e+002
  1.9821560e+003  1.3668081e+003  3.8000000e-002  7.8800000e+002
  1.9821590e+003  1.3665105e+003  6.0000000e-002  7.8900000e+002
  1.9821620e+003  1.3659891e+003  8.1000000e-002  7.9000000e+002
  1.9821640e+003  1.3654378e+003  9.6000000e-002  7.9100000e+002
  1.9821670e+003  1.3650932e+003  1.1200000e-001  7.9200000e+002
  1.9821700e+003  1.3660261e+003  7.7000000e-002  7.9300000e+002
  1.9821730e+003  1.3660550e+003  9.3000000e-002  7.9400000e+002
  1.9821750e+003  1.3659292e+003  7.1000000e-002  7.9500000e+002
  1.9821780e+003  1.3664296e+003  5.0000000e-002  7.9600000e+002
  1.9821810e+003  1.3665744e+003  7.9000000e-002  7.9700000e+002
  1.9821840e+003  1.3666963e+003  9.0000000e-002  7.9800000e+002
  1.9821860e+003  1.3665704e+003  6.8000000e-002  7.9900000e+002
  1.9821890e+003  1.3665934e+003  6.4000000e-002  8.0000000e+002
  1.9821920e+003  1.3663806e+003  7.8000000e-002  8.0100000e+002
  1.9821950e+003  1.3662818e+003  8.6000000e-002  8.0200000e+002
  1.9821970e+003  1.3662368e+003  4.6000000e-002  8.0300000e+002
  1.9822000e+003  1.3660570e+003  6.1000000e-002  8.0400000e+002
  1.9822030e+003  1.3637638e+003  1.8000000e-001  8.0500000e+002
  1.9822050e+003  1.3628329e+003  1.2000000e-001  8.0600000e+002
  1.9822080e+003  1.3633353e+003  8.2000000e-002  8.0700000e+002
  1.9822110e+003  1.3631995e+003  8.3000000e-002  8.0800000e+002
  1.9822140e+003  1.3642902e+003  1.2500000e-001  8.0900000e+002
  1.9822160e+003  1.3650552e+003  7.1000000e-002  8.1000000e+002
  1.9822190e+003  1.3654598e+003  8.7000000e-002  8.1100000e+002
  1.9822220e+003  1.3658033e+003  1.0600000e-001  8.1200000e+002
  1.9822250e+003  1.3656565e+003  6.3000000e-002  8.1300000e+002
  1.9822270e+003  1.3651701e+003  5.9000000e-002  8.1400000e+002
  1.9822300e+003  1.3653279e+003  7.8000000e-002  8.1500000e+002
  1.9822330e+003  1.3652140e+003  1.0500000e-001  8.1600000e+002
  1.9822360e+003  1.3651431e+003  7.6000000e-002  8.1700000e+002
  1.9822380e+003  1.3651082e+003  8.8000000e-002  8.1800000e+002
  1.9822410e+003  1.3657624e+003  1.0300000e-001  8.1900000e+002
  1.9822440e+003  1.3659282e+003  9.1000000e-002  8.2000000e+002
  1.9822470e+003  1.3659042e+003  1.0500000e-001  8.2100000e+002
  1.9822490e+003  1.3666493e+003  5.4000000e-002  8.2200000e+002
  1.9822520e+003  1.3667312e+003  6.0000000e-002  8.2300000e+002
  1.9822550e+003  1.3669350e+003  4.8000000e-002  8.2400000e+002
  1.9822580e+003  1.3666214e+003  5.1000000e-002  8.2500000e+002
  1.9822600e+003  1.3664066e+003  8.1000000e-002  8.2600000e+002
  1.9822630e+003  1.3663906e+003  6.0000000e-002  8.2700000e+002
  1.9822660e+003  1.3665944e+003  4.8000000e-002  8.2800000e+002
  1.9822680e+003  1.3668531e+003  4.8000000e-002  8.2900000e+002
  1.9822710e+003  1.3663926e+003  1.1900000e-001  8.3000000e+002
  1.9822740e+003  1.3661869e+003  5.7000000e-002  8.3100000e+002
  1.9822770e+003  1.3658373e+003  6.2000000e-002  8.3200000e+002
  1.9822790e+003  1.3658293e+003  1.1000000e-001  8.3300000e+002
  1.9822820e+003  1.3657514e+003  5.9000000e-002  8.3400000e+002
  1.9822850e+003  1.3656425e+003  7.1000000e-002  8.3500000e+002
  1.9822880e+003  1.3662278e+003  5.5000000e-002  8.3600000e+002
  1.9822900e+003  1.3661739e+003  8.2000000e-002  8.3700000e+002
  1.9822930e+003  1.3661110e+003  9.7000000e-002  8.3800000e+002
  1.9822960e+003  1.3663796e+003  1.0700000e-001  8.3900000e+002
  1.9822990e+003  1.3659212e+003  9.0000000e-002  8.4000000e+002
  1.9823010e+003  1.3658433e+003  1.8100000e-001  8.4100000e+002
  1.9823040e+003  1.3660620e+003  7.6000000e-002  8.4200000e+002
  1.9823070e+003  1.3663287e+003  6.3000000e-002  8.4300000e+002
  1.9823100e+003  1.3656146e+003  6.4000000e-002  8.4400000e+002
  1.9823120e+003  1.3655946e+003  7.3000000e-002  8.4500000e+002
  1.9823150e+003  1.3655127e+003  7.7000000e-002  8.4600000e+002
  1.9823180e+003  1.3658603e+003  9.3000000e-002  8.4700000e+002
  1.9823210e+003  1.3662668e+003  9.9000000e-002  8.4800000e+002
  1.9823230e+003  1.3670528e+003  7.3000000e-002  8.4900000e+002
  1.9823260e+003  1.3669160e+003  4.4000000e-002  8.5000000e+002
  1.9823290e+003  1.3665055e+003  7.9000000e-002  8.5100000e+002
  1.9823320e+003  1.3662648e+003  5.7000000e-002  8.5200000e+002
  1.9823340e+003  1.3663337e+003  5.6000000e-002  8.5300000e+002
  1.9823370e+003  1.3661429e+003  1.3700000e-001  8.5400000e+002
  1.9823400e+003  1.3661749e+003  6.2000000e-002  8.5500000e+002
  1.9823420e+003  1.3659002e+003  7.7000000e-002  8.5600000e+002
  1.9823450e+003  1.3659172e+003  8.0000000e-002  8.5700000e+002
  1.9823480e+003  1.3657404e+003  6.6000000e-002  8.5800000e+002
  1.9823510e+003  1.3658703e+003  7.9000000e-002  8.5900000e+002
  1.9823530e+003  1.3662558e+003  1.2200000e-001  8.6000000e+002
  1.9823560e+003  1.3656855e+003  1.1500000e-001  8.6100000e+002
  1.9823590e+003  1.3664086e+003  8.0000000e-002  8.6200000e+002
  1.9823620e+003  1.3665365e+003  6.0000000e-002  8.6300000e+002
  1.9823640e+003  1.3663627e+003  4.4000000e-002  8.6400000e+002
  1.9823670e+003  1.3660141e+003  9.9000000e-002  8.6500000e+002
  1.9823700e+003  1.3659352e+003  1.2300000e-001  8.6600000e+002
  1.9823730e+003  1.3659152e+003  7.6000000e-002  8.6700000e+002
  1.9823750e+003  1.3658423e+003  7.4000000e-002  8.6800000e+002
  1.9823780e+003  1.3657983e+003  5.7000000e-002  8.6900000e+002
  1.9823810e+003  1.3660670e+003  1.2100000e-001  8.7000000e+002
  1.9823840e+003  1.3661739e+003  1.2600000e-001  8.7100000e+002
  1.9823860e+003  1.3660780e+003  4.9000000e-002  8.7200000e+002
  1.9823890e+003  1.3659861e+003  1.1400000e-001  8.7300000e+002
  1.9823920e+003  1.3665584e+003  6.2000000e-002  8.7400000e+002
  1.9823950e+003  1.3664516e+003  5.6000000e-002  8.7500000e+002
  1.9823970e+003  1.3667792e+003  5.3000000e-002  8.7600000e+002
  1.9824000e+003  1.3662977e+003  7.7000000e-002  8.7700000e+002
  1.9824030e+003  1.3663287e+003  6.1000000e-002  8.7800000e+002
  1.9824060e+003  1.3663647e+003  8.9000000e-002  8.7900000e+002
  1.9824080e+003  1.3659781e+003  9.1000000e-002  8.8000000e+002
  1.9824110e+003  1.3663047e+003  6.0000000e-002  8.8100000e+002
  1.9824140e+003  1.3661060e+003  1.2000000e-001  8.8200000e+002
  1.9824160e+003  1.3667532e+003  4.2000000e-002  8.8300000e+002
  1.9824190e+003  1.3663587e+003  1.4200000e-001  8.8400000e+002
  1.9824220e+003  1.3659651e+003  1.5900000e-001  8.8500000e+002
  1.9824250e+003  1.3663577e+003  7.7000000e-002  8.8600000e+002
  1.9824270e+003  1.3659881e+003  1.2700000e-001  8.8700000e+002
  1.9824300e+003  1.3650832e+003  1.1000000e-001  8.8800000e+002
  1.9824330e+003  1.3649793e+003  5.6000000e-002  8.8900000e+002
  1.9824360e+003  1.3644620e+003  1.7600000e-001  8.9000000e+002
  1.9824380e+003  1.3649783e+003  7.0000000e-002  8.9100000e+002
  1.9824410e+003  1.3650612e+003  9.2000000e-002  8.9200000e+002
  1.9824440e+003  1.3653828e+003  1.8100000e-001  8.9300000e+002
  1.9824470e+003  1.3655347e+003  1.3500000e-001  8.9400000e+002
  1.9824490e+003  1.3651072e+003  1.0400000e-001  8.9500000e+002
  1.9824520e+003  1.3648205e+003  4.9000000e-002  8.9600000e+002
  1.9824550e+003  1.3645838e+003  1.0800000e-001  8.9700000e+002
  1.9824580e+003  1.3646268e+003  8.0000000e-002  8.9800000e+002
  1.9824600e+003  1.3639036e+003  9.6000000e-002  8.9900000e+002
  1.9824630e+003  1.3638357e+003  1.3900000e-001  9.0000000e+002
  1.9824660e+003  1.3646288e+003  1.6600000e-001  9.0100000e+002
  1.9824690e+003  1.3642882e+003  1.2000000e-001  9.0200000e+002
  1.9824710e+003  1.3649114e+003  8.3000000e-002  9.0300000e+002
  1.9824740e+003  1.3651222e+003  8.2000000e-002  9.0400000e+002
  1.9824770e+003  1.3656615e+003  2.2100000e-001  9.0500000e+002
  1.9824790e+003  1.3657494e+003  9.6000000e-002  9.0600000e+002
  1.9824820e+003  1.3660241e+003  1.4500000e-001  9.0700000e+002
  1.9824850e+003  1.3665275e+003  8.5000000e-002  9.0800000e+002
  1.9824880e+003  1.3674244e+003  6.6000000e-002  9.0900000e+002
  1.9824900e+003  1.3660151e+003  9.8000000e-002  9.1000000e+002
  1.9824930e+003  1.3656575e+003  1.0600000e-001  9.1100000e+002
  1.9824960e+003  1.3662758e+003  7.1000000e-002  9.1200000e+002
  1.9824990e+003  1.3661359e+003  1.7900000e-001  9.1300000e+002
  1.9825010e+003  1.3665724e+003  9.5000000e-002  9.1400000e+002
  1.9825040e+003  1.3671837e+003  9.6000000e-002  9.1500000e+002
  1.9825070e+003  1.3666064e+003  6.9000000e-002  9.1600000e+002
  1.9825100e+003  1.3662078e+003  1.1500000e-001  9.1700000e+002
  1.9825120e+003  1.3665904e+003  1.1000000e-001  9.1800000e+002
  1.9825150e+003  1.3666603e+003  8.9000000e-002  9.1900000e+002
  1.9825180e+003  1.3655786e+003  1.3400000e-001  9.2000000e+002
  1.9825210e+003  1.3662658e+003  1.1100000e-001  9.2100000e+002
  1.9825230e+003  1.3659921e+003  5.6000000e-002  9.2200000e+002
  1.9825260e+003  1.3655666e+003  4.0000000e-002  9.2300000e+002
  1.9825290e+003  1.3651771e+003  5.9000000e-002  9.2400000e+002
  1.9825310e+003  1.3649723e+003  8.0000000e-002  9.2500000e+002
  1.9825340e+003  1.3644520e+003  6.3000000e-002  9.2600000e+002
  1.9825370e+003  1.3647846e+003  8.0000000e-002  9.2700000e+002
  1.9825400e+003  1.3644050e+003  7.5000000e-002  9.2800000e+002
  1.9825420e+003  1.3647696e+003  1.0700000e-001  9.2900000e+002
  1.9825450e+003  1.3656555e+003  1.0200000e-001  9.3000000e+002
  1.9825480e+003  1.3667042e+003  7.4000000e-002  9.3100000e+002
  1.9825510e+003  1.3671687e+003  9.0000000e-002  9.3200000e+002
  1.9825530e+003  1.3667512e+003  7.9000000e-002  9.3300000e+002
  1.9825560e+003  1.3669549e+003  7.1000000e-002  9.3400000e+002
  1.9825590e+003  1.3667033e+003  6.4000000e-002  9.3500000e+002
  1.9825620e+003  1.3662228e+003  1.3900000e-001  9.3600000e+002
  1.9825640e+003  1.3661349e+003  1.0100000e-001  9.3700000e+002
  1.9825670e+003  1.3661519e+003  1.6800000e-001  9.3800000e+002
  1.9825700e+003  1.3662368e+003  1.4200000e-001  9.3900000e+002
  1.9825730e+003  1.3658223e+003  1.6300000e-001  9.4000000e+002
  1.9825750e+003  1.3659572e+003  1.2800000e-001  9.4100000e+002
  1.9825780e+003  1.3659542e+003  7.9000000e-002  9.4200000e+002
  1.9825810e+003  1.3663217e+003  1.0600000e-001  9.4300000e+002
  1.9825840e+003  1.3667242e+003  1.1500000e-001  9.4400000e+002
  1.9825860e+003  1.3663207e+003  9.3000000e-002  9.4500000e+002
  1.9825890e+003  1.3661339e+003  9.8000000e-002  9.4600000e+002
  1.9825920e+003  1.3659132e+003  7.8000000e-002  9.4700000e+002
  1.9825940e+003  1.3656206e+003  1.5500000e-001  9.4800000e+002
  1.9825970e+003  1.3658253e+003  6.2000000e-002  9.4900000e+002
  1.9826000e+003  1.3656256e+003  9.4000000e-002  9.5000000e+002
  1.9826030e+003  1.3654578e+003  1.0800000e-001  9.5100000e+002
  1.9826050e+003  1.3658293e+003  5.6000000e-002  9.5200000e+002
  1.9826080e+003  1.3658273e+003  5.9000000e-002  9.5300000e+002
  1.9826110e+003  1.3662178e+003  5.2000000e-002  9.5400000e+002
  1.9826140e+003  1.3664875e+003  1.6400000e-001  9.5500000e+002
  1.9826160e+003  1.3665155e+003  1.5500000e-001  9.5600000e+002
  1.9826190e+003  1.3664815e+003  8.9000000e-002  9.5700000e+002
  1.9826220e+003  1.3659911e+003  1.8200000e-001  9.5800000e+002
  1.9826250e+003  1.3658093e+003  1.1200000e-001  9.5900000e+002
  1.9826270e+003  1.3665125e+003  1.2100000e-001  9.6000000e+002
  1.9826300e+003  1.3655437e+003  9.8000000e-002  9.6100000e+002
  1.9826330e+003  1.3658293e+003  1.0400000e-001  9.6200000e+002
  1.9826360e+003  1.3652710e+003  1.1200000e-001  9.6300000e+002
  1.9826380e+003  1.3658203e+003  7.0000000e-002  9.6400000e+002
  1.9826410e+003  1.3653039e+003  1.4400000e-001  9.6500000e+002
  1.9826440e+003  1.3654837e+003  8.7000000e-002  9.6600000e+002
  1.9826470e+003  1.3653848e+003  8.9000000e-002  9.6700000e+002
  1.9826490e+003  1.3652330e+003  6.5000000e-002  9.6800000e+002
  1.9826520e+003  1.3650203e+003  7.9000000e-002  9.6900000e+002
  1.9826550e+003  1.3653309e+003  1.7900000e-001  9.7000000e+002
  1.9826580e+003  1.3656525e+003  7.1000000e-002  9.7100000e+002
  1.9826600e+003  1.3657454e+003  8.9000000e-002  9.7200000e+002
  1.9826630e+003  1.3661919e+003  6.2000000e-002  9.7300000e+002
  1.9826660e+003  1.3663217e+003  1.2200000e-001  9.7400000e+002
  1.9826680e+003  1.3666353e+003  6.4000000e-002  9.7500000e+002
  1.9826710e+003  1.3664256e+003  6.9000000e-002  9.7600000e+002
  1.9826740e+003  1.3661819e+003  1.0100000e-001  9.7700000e+002
  1.9826770e+003  1.3663477e+003  9.4000000e-002  9.7800000e+002
  1.9826790e+003  1.3663227e+003  1.3600000e-001  9.7900000e+002
  1.9826820e+003  1.3668980e+003  1.2900000e-001  9.8000000e+002
  1.9826850e+003  1.3667871e+003  4.8000000e-002  9.8100000e+002
  1.9826880e+003  1.3667242e+003  1.5900000e-001  9.8200000e+002
  1.9826900e+003  1.3667542e+003  7.8000000e-002  9.8300000e+002
  1.9826960e+003  1.3667042e+003  9.0000000e-002  9.8500000e+002
  1.9826990e+003  1.3664106e+003  7.9000000e-002  9.8600000e+002
  1.9827010e+003  1.3664865e+003  2.1100000e-001  9.8700000e+002
  1.9827040e+003  1.3661289e+003  1.3800000e-001  9.8800000e+002
  1.9827100e+003  1.3657544e+003  1.9000000e-001  9.9000000e+002
  1.9827120e+003  1.3661619e+003  8.6000000e-002  9.9100000e+002
  1.9827150e+003  1.3654328e+003  1.9800000e-001  9.9200000e+002
  1.9827180e+003  1.3660720e+003  1.0600000e-001  9.9300000e+002
  1.9827210e+003  1.3653249e+003  1.0600000e-001  9.9400000e+002
  1.9827230e+003  1.3663097e+003  6.6000000e-002  9.9500000e+002
  1.9827260e+003  1.3662888e+003  8.7000000e-002  9.9600000e+002
  1.9827290e+003  1.3667712e+003  9.4000000e-002  9.9700000e+002
  1.9827340e+003  1.3662138e+003  2.1500000e-001  9.9900000e+002
  1.9827370e+003  1.3667023e+003  1.3500000e-001  1.0000000e+003
  1.9827400e+003  1.3660660e+003  9.1000000e-002  1.0010000e+003
  1.9827420e+003  1.3656056e+003  1.3200000e-001  1.0020000e+003
  1.9827450e+003  1.3656825e+003  1.2000000e-001  1.0030000e+003
  1.9827480e+003  1.3658483e+003  9.8000000e-002  1.0040000e+003
  1.9827510e+003  1.3657514e+003  9.0000000e-002  1.0050000e+003
  1.9827530e+003  1.3660930e+003  1.4300000e-001  1.0060000e+003
  1.9827560e+003  1.3666253e+003  7.2000000e-002  1.0070000e+003
  1.9827590e+003  1.3671497e+003  7.4000000e-002  1.0080000e+003
  1.9827620e+003  1.3672316e+003  7.2000000e-002  1.0090000e+003
  1.9827640e+003  1.3669010e+003  8.4000000e-002  1.0100000e+003
  1.9827670e+003  1.3667722e+003  7.7000000e-002  1.0110000e+003
  1.9827700e+003  1.3665265e+003  6.9000000e-002  1.0120000e+003
  1.9827730e+003  1.3663786e+003  6.7000000e-002  1.0130000e+003
  1.9827750e+003  1.3665305e+003  1.0900000e-001  1.0140000e+003
  1.9827780e+003  1.3665265e+003  7.6000000e-002  1.0150000e+003
  1.9827810e+003  1.3664665e+003  7.1000000e-002  1.0160000e+003
  1.9827840e+003  1.3660181e+003  1.1800000e-001  1.0170000e+003
  1.9827860e+003  1.3660520e+003  2.2500000e-001  1.0180000e+003
  1.9827890e+003  1.3660450e+003  1.3200000e-001  1.0190000e+003
  1.9827920e+003  1.3659042e+003  9.0000000e-002  1.0200000e+003
  1.9827950e+003  1.3661289e+003  6.1000000e-002  1.0210000e+003
  1.9827970e+003  1.3660361e+003  8.0000000e-002  1.0220000e+003
  1.9828000e+003  1.3659801e+003  7.8000000e-002  1.0230000e+003
  1.9828030e+003  1.3664376e+003  8.9000000e-002  1.0240000e+003
  1.9828050e+003  1.3663657e+003  6.3000000e-002  1.0250000e+003
  1.9828080e+003  1.3663567e+003  9.4000000e-002  1.0260000e+003
  1.9828110e+003  1.3668661e+003  8.5000000e-002  1.0270000e+003
  1.9828140e+003  1.3662408e+003  7.7000000e-002  1.0280000e+003
  1.9828160e+003  1.3662987e+003  6.7000000e-002  1.0290000e+003
  1.9828190e+003  1.3663367e+003  1.1700000e-001  1.0300000e+003
  1.9828220e+003  1.3662298e+003  8.4000000e-002  1.0310000e+003
  1.9828250e+003  1.3670339e+003  8.0000000e-002  1.0320000e+003
  1.9828270e+003  1.3669510e+003  9.2000000e-002  1.0330000e+003
  1.9828300e+003  1.3668641e+003  4.7000000e-002  1.0340000e+003
  1.9828330e+003  1.3663597e+003  9.1000000e-002  1.0350000e+003
  1.9828360e+003  1.3671327e+003  1.3200000e-001  1.0360000e+003
  1.9828380e+003  1.3676651e+003  6.0000000e-002  1.0370000e+003
  1.9828410e+003  1.3667552e+003  1.4500000e-001  1.0380000e+003
  1.9828440e+003  1.3671617e+003  9.5000000e-002  1.0390000e+003
  1.9828470e+003  1.3667852e+003  2.2200000e-001  1.0400000e+003
  1.9828490e+003  1.3660870e+003  1.5800000e-001  1.0410000e+003
  1.9828520e+003  1.3667112e+003  8.6000000e-002  1.0420000e+003
  1.9828550e+003  1.3668501e+003  7.4000000e-002  1.0430000e+003
  1.9828580e+003  1.3665544e+003  1.5400000e-001  1.0440000e+003
  1.9828600e+003  1.3666963e+003  9.8000000e-002  1.0450000e+003
  1.9828630e+003  1.3660620e+003  2.4700000e-001  1.0460000e+003
  1.9828660e+003  1.3656605e+003  8.9000000e-002  1.0470000e+003
  1.9828690e+003  1.3653039e+003  1.0000000e-001  1.0480000e+003
  1.9828770e+003  1.3660530e+003  8.9000000e-002  1.0510000e+003
  1.9828790e+003  1.3658183e+003  1.1900000e-001  1.0520000e+003
  1.9828820e+003  1.3663916e+003  1.1700000e-001  1.0530000e+003
  1.9828850e+003  1.3657884e+003  1.0200000e-001  1.0540000e+003
  1.9828880e+003  1.3660381e+003  1.5100000e-001  1.0550000e+003
  1.9828900e+003  1.3668071e+003  2.3200000e-001  1.0560000e+003
  1.9828930e+003  1.3653689e+003  1.2000000e-001  1.0570000e+003
  1.9828960e+003  1.3653958e+003  1.6700000e-001  1.0580000e+003
  1.9828990e+003  1.3656645e+003  7.4000000e-002  1.0590000e+003
  1.9829010e+003  1.3663946e+003  1.0900000e-001  1.0600000e+003
  1.9829040e+003  1.3664765e+003  9.5000000e-002  1.0610000e+003
  1.9829070e+003  1.3666603e+003  6.2000000e-002  1.0620000e+003
  1.9829100e+003  1.3663307e+003  1.0800000e-001  1.0630000e+003
  1.9829120e+003  1.3659452e+003  1.0300000e-001  1.0640000e+003
  1.9829150e+003  1.3654428e+003  1.4500000e-001  1.0650000e+003
  1.9829180e+003  1.3661389e+003  4.6000000e-002  1.0660000e+003
  1.9829210e+003  1.3656975e+003  7.8000000e-002  1.0670000e+003
  1.9829230e+003  1.3656735e+003  6.0000000e-002  1.0680000e+003
  1.9829260e+003  1.3656285e+003  9.7000000e-002  1.0690000e+003
  1.9829290e+003  1.3654967e+003  1.0500000e-001  1.0700000e+003
  1.9829320e+003  1.3659302e+003  9.5000000e-002  1.0710000e+003
  1.9829370e+003  1.3665424e+003  1.0000000e-001  1.0730000e+003
  1.9829400e+003  1.3661619e+003  6.0000000e-002  1.0740000e+003
  1.9829430e+003  1.3662568e+003  7.3000000e-002  1.0750000e+003
  1.9829450e+003  1.3659552e+003  8.3000000e-002  1.0760000e+003
  1.9829480e+003  1.3658533e+003  1.2900000e-001  1.0770000e+003
  1.9829510e+003  1.3653798e+003  1.3300000e-001  1.0780000e+003
  1.9829530e+003  1.3650892e+003  1.6100000e-001  1.0790000e+003
  1.9829560e+003  1.3656465e+003  1.0000000e-001  1.0800000e+003
  1.9829590e+003  1.3657494e+003  1.3900000e-001  1.0810000e+003
  1.9829620e+003  1.3668561e+003  7.1000000e-002  1.0820000e+003
  1.9829640e+003  1.3672496e+003  8.5000000e-002  1.0830000e+003
  1.9829670e+003  1.3667752e+003  5.8000000e-002  1.0840000e+003
  1.9829700e+003  1.3668730e+003  7.3000000e-002  1.0850000e+003
  1.9829730e+003  1.3665674e+003  1.6300000e-001  1.0860000e+003
  1.9829750e+003  1.3663647e+003  1.8000000e-001  1.0870000e+003
  1.9829780e+003  1.3662448e+003  8.5000000e-002  1.0880000e+003
  1.9829840e+003  1.3664366e+003  1.4800000e-001  1.0900000e+003
  1.9829920e+003  1.3657963e+003  1.2600000e-001  1.0930000e+003
  1.9829950e+003  1.3662788e+003  2.0300000e-001  1.0940000e+003
  1.9830000e+003  1.3661669e+003  8.7000000e-002  1.0960000e+003
  1.9830050e+003  1.3671267e+003  1.2100000e-001  1.0980000e+003
  1.9830080e+003  1.3661190e+003  2.6600000e-001  1.0990000e+003
  1.9830110e+003  1.3660321e+003  1.2700000e-001  1.1000000e+003
  1.9830140e+003  1.3657294e+003  1.3900000e-001  1.1010000e+003
  1.9830160e+003  1.3669020e+003  1.0700000e-001  1.1020000e+003
  1.9830190e+003  1.3665554e+003  6.7000000e-002  1.1030000e+003
  1.9830220e+003  1.3654797e+003  2.1400000e-001  1.1040000e+003
  1.9830250e+003  1.3662148e+003  5.8000000e-002  1.1050000e+003
  1.9830270e+003  1.3668671e+003  6.4000000e-002  1.1060000e+003
  1.9830300e+003  1.3658563e+003  2.1800000e-001  1.1070000e+003
  1.9830330e+003  1.3661859e+003  1.0200000e-001  1.1080000e+003
  1.9830360e+003  1.3669440e+003  1.0700000e-001  1.1090000e+003
  1.9830380e+003  1.3665205e+003  8.4000000e-002  1.1100000e+003
  1.9830410e+003  1.3658023e+003  1.4300000e-001  1.1110000e+003
  1.9830440e+003  1.3656485e+003  1.4600000e-001  1.1120000e+003
  1.9830470e+003  1.3660021e+003  4.7000000e-002  1.1130000e+003
  1.9830490e+003  1.3653489e+003  1.5800000e-001  1.1140000e+003
  1.9830520e+003  1.3655946e+003  8.3000000e-002  1.1150000e+003
  1.9830550e+003  1.3655866e+003  8.5000000e-002  1.1160000e+003
  1.9830570e+003  1.3655546e+003  1.1000000e-001  1.1170000e+003
  1.9830600e+003  1.3661919e+003  9.9000000e-002  1.1180000e+003
  1.9830630e+003  1.3657354e+003  2.1300000e-001  1.1190000e+003
  1.9830660e+003  1.3665135e+003  1.5600000e-001  1.1200000e+003
  1.9830680e+003  1.3666873e+003  9.2000000e-002  1.1210000e+003
  1.9830710e+003  1.3664865e+003  6.2000000e-002  1.1220000e+003
  1.9830740e+003  1.3661589e+003  2.5000000e-001  1.1230000e+003
  1.9830770e+003  1.3661010e+003  9.9000000e-002  1.1240000e+003
  1.9830790e+003  1.3662348e+003  6.4000000e-002  1.1250000e+003
  1.9830820e+003  1.3660640e+003  9.4000000e-002  1.1260000e+003
  1.9830850e+003  1.3662218e+003  8.8000000e-002  1.1270000e+003
  1.9830880e+003  1.3662957e+003  8.7000000e-002  1.1280000e+003
  1.9830900e+003  1.3664106e+003  9.1000000e-002  1.1290000e+003
  1.9830930e+003  1.3663627e+003  6.5000000e-002  1.1300000e+003
  1.9830960e+003  1.3665834e+003  1.1200000e-001  1.1310000e+003
  1.9830990e+003  1.3658003e+003  1.0700000e-001  1.1320000e+003
  1.9831010e+003  1.3658073e+003  8.5000000e-002  1.1330000e+003
  1.9831040e+003  1.3652220e+003  1.5200000e-001  1.1340000e+003
  1.9831070e+003  1.3658093e+003  2.4400000e-001  1.1350000e+003
  1.9831100e+003  1.3665055e+003  1.2800000e-001  1.1360000e+003
  1.9831120e+003  1.3667292e+003  1.3400000e-001  1.1370000e+003
  1.9831150e+003  1.3668441e+003  1.0900000e-001  1.1380000e+003
  1.9831180e+003  1.3666803e+003  1.0700000e-001  1.1390000e+003
  1.9831210e+003  1.3671088e+003  1.1700000e-001  1.1400000e+003
  1.9831230e+003  1.3663856e+003  1.5600000e-001  1.1410000e+003
  1.9831260e+003  1.3665404e+003  2.6900000e-001  1.1420000e+003
  1.9831290e+003  1.3662628e+003  1.0300000e-001  1.1430000e+003
  1.9831340e+003  1.3653149e+003  4.0000000e-002  1.1450000e+003
  1.9831400e+003  1.3663347e+003  1.1800000e-001  1.1470000e+003
  1.9831420e+003  1.3647027e+003  2.0100000e-001  1.1480000e+003
  1.9831450e+003  1.3666343e+003  8.5000000e-002  1.1490000e+003
  1.9831480e+003  1.3664655e+003  7.1000000e-002  1.1500000e+003
  1.9831510e+003  1.3663227e+003  2.2000000e-001  1.1510000e+003
  1.9831530e+003  1.3662088e+003  1.0600000e-001  1.1520000e+003
  1.9831560e+003  1.3655267e+003  1.9000000e-001  1.1530000e+003
  1.9831590e+003  1.3657065e+003  7.1000000e-002  1.1540000e+003
  1.9831620e+003  1.3658673e+003  1.1200000e-001  1.1550000e+003
  1.9831640e+003  1.3663517e+003  8.9000000e-002  1.1560000e+003
  1.9831670e+003  1.3656595e+003  8.2000000e-002  1.1570000e+003
  1.9831700e+003  1.3662518e+003  1.3200000e-001  1.1580000e+003
  1.9831730e+003  1.3649723e+003  1.3200000e-001  1.1590000e+003
  1.9831750e+003  1.3653808e+003  1.5300000e-001  1.1600000e+003
  1.9831780e+003  1.3654697e+003  1.1100000e-001  1.1610000e+003
  1.9831810e+003  1.3659012e+003  1.5100000e-001  1.1620000e+003
  1.9831840e+003  1.3643781e+003  8.7000000e-002  1.1630000e+003
  1.9831860e+003  1.3660331e+003  1.5700000e-001  1.1640000e+003
  1.9831890e+003  1.3662967e+003  1.1800000e-001  1.1650000e+003
  1.9831920e+003  1.3661999e+003  1.4000000e-001  1.1660000e+003
  1.9831950e+003  1.3660770e+003  6.4000000e-002  1.1670000e+003
  1.9831970e+003  1.3659542e+003  1.0500000e-001  1.1680000e+003
  1.9832000e+003  1.3655636e+003  1.6600000e-001  1.1690000e+003
  1.9832030e+003  1.3648465e+003  5.3000000e-002  1.1700000e+003
  1.9832080e+003  1.3663227e+003  8.1000000e-002  1.1720000e+003
  1.9832110e+003  1.3659102e+003  5.8000000e-002  1.1730000e+003
  1.9832140e+003  1.3659791e+003  1.0300000e-001  1.1740000e+003
  1.9832160e+003  1.3659781e+003  1.0600000e-001  1.1750000e+003
  1.9832190e+003  1.3656975e+003  1.1600000e-001  1.1760000e+003
  1.9832220e+003  1.3656695e+003  7.3000000e-002  1.1770000e+003
  1.9832250e+003  1.3667422e+003  1.2300000e-001  1.1780000e+003
  1.9832270e+003  1.3664556e+003  1.0600000e-001  1.1790000e+003
  1.9832300e+003  1.3669160e+003  1.2900000e-001  1.1800000e+003
  1.9832330e+003  1.3665914e+003  9.9000000e-002  1.1810000e+003
  1.9832360e+003  1.3655147e+003  1.8800000e-001  1.1820000e+003
  1.9832380e+003  1.3663507e+003  1.3500000e-001  1.1830000e+003
  1.9832410e+003  1.3658822e+003  1.0300000e-001  1.1840000e+003
  1.9832440e+003  1.3650992e+003  6.6000000e-002  1.1850000e+003
  1.9832470e+003  1.3659382e+003  1.0900000e-001  1.1860000e+003
  1.9832490e+003  1.3659142e+003  1.6900000e-001  1.1870000e+003
  1.9832520e+003  1.3652760e+003  1.4900000e-001  1.1880000e+003
  1.9832550e+003  1.3648365e+003  2.0800000e-001  1.1890000e+003
  1.9832580e+003  1.3657824e+003  1.3400000e-001  1.1900000e+003
  1.9832600e+003  1.3662518e+003  6.4000000e-002  1.1910000e+003
  1.9832630e+003  1.3665085e+003  8.8000000e-002  1.1920000e+003
  1.9832660e+003  1.3653369e+003  1.0400000e-001  1.1930000e+003
  1.9832680e+003  1.3653918e+003  1.3600000e-001  1.1940000e+003
  1.9832710e+003  1.3656435e+003  5.4000000e-002  1.1950000e+003
  1.9832740e+003  1.3659691e+003  1.2000000e-001  1.1960000e+003
  1.9832770e+003  1.3656475e+003  1.4900000e-001  1.1970000e+003
  1.9832790e+003  1.3659601e+003  9.9000000e-002  1.1980000e+003
  1.9832820e+003  1.3654408e+003  1.5900000e-001  1.1990000e+003
  1.9832850e+003  1.3665165e+003  7.6000000e-002  1.2000000e+003
  1.9832880e+003  1.3661220e+003  1.9700000e-001  1.2010000e+003
  1.9832900e+003  1.3658623e+003  1.1300000e-001  1.2020000e+003
  1.9832930e+003  1.3652870e+003  3.3800000e-001  1.2030000e+003
  1.9832960e+003  1.3656765e+003  1.5000000e-001  1.2040000e+003
  1.9832990e+003  1.3660760e+003  6.2000000e-002  1.2050000e+003
  1.9833010e+003  1.3660311e+003  7.2000000e-002  1.2060000e+003
  1.9833040e+003  1.3662558e+003  7.1000000e-002  1.2070000e+003
  1.9833070e+003  1.3657934e+003  1.9200000e-001  1.2080000e+003
  1.9833100e+003  1.3663307e+003  9.2000000e-002  1.2090000e+003
  1.9833120e+003  1.3660830e+003  5.8000000e-002  1.2100000e+003
  1.9833150e+003  1.3654997e+003  1.5400000e-001  1.2110000e+003
  1.9833180e+003  1.3658553e+003  8.6000000e-002  1.2120000e+003
  1.9833210e+003  1.3659512e+003  8.4000000e-002  1.2130000e+003
  1.9833230e+003  1.3658703e+003  1.2400000e-001  1.2140000e+003
  1.9833260e+003  1.3658633e+003  9.3000000e-002  1.2150000e+003
  1.9833320e+003  1.3655217e+003  7.2000000e-002  1.2170000e+003
  1.9833340e+003  1.3663317e+003  5.9000000e-002  1.2180000e+003
  1.9833370e+003  1.3660880e+003  1.4000000e-001  1.2190000e+003
  1.9833400e+003  1.3663367e+003  6.6000000e-002  1.2200000e+003
  1.9833420e+003  1.3664136e+003  6.2000000e-002  1.2210000e+003
  1.9833450e+003  1.3659591e+003  1.4100000e-001  1.2220000e+003
  1.9833480e+003  1.3659442e+003  1.1200000e-001  1.2230000e+003
  1.9833510e+003  1.3662069e+003  7.3000000e-002  1.2240000e+003
  1.9833530e+003  1.3654548e+003  2.4300000e-001  1.2250000e+003
  1.9833560e+003  1.3654168e+003  1.6200000e-001  1.2260000e+003
  1.9833590e+003  1.3651631e+003  1.4200000e-001  1.2270000e+003
  1.9833620e+003  1.3645469e+003  9.9000000e-002  1.2280000e+003
  1.9833640e+003  1.3650712e+003  1.0700000e-001  1.2290000e+003
  1.9833670e+003  1.3651831e+003  5.3000000e-002  1.2300000e+003
  1.9833700e+003  1.3654408e+003  4.2000000e-002  1.2310000e+003
  1.9833730e+003  1.3653848e+003  1.7200000e-001  1.2320000e+003
  1.9833750e+003  1.3659921e+003  0.0000000e+000  1.2330000e+003
  1.9833780e+003  1.3671197e+003  0.0000000e+000  1.2340000e+003
  1.9833810e+003  1.3655986e+003  3.6000000e-002  1.2350000e+003
  1.9833840e+003  1.3662608e+003  9.6000000e-002  1.2360000e+003
  1.9833860e+003  1.3651122e+003  2.7600000e-001  1.2370000e+003
  1.9833890e+003  1.3649604e+003  1.7800000e-001  1.2380000e+003
  1.9833920e+003  1.3653669e+003  9.5000000e-002  1.2390000e+003
  1.9833950e+003  1.3659102e+003  9.5000000e-002  1.2400000e+003
  1.9833970e+003  1.3657914e+003  6.0000000e-002  1.2410000e+003
  1.9834000e+003  1.3661939e+003  9.4000000e-002  1.2420000e+003
  1.9834030e+003  1.3660680e+003  9.8000000e-002  1.2430000e+003
  1.9834060e+003  1.3664895e+003  4.8000000e-002  1.2440000e+003
  1.9834080e+003  1.3667632e+003  8.5000000e-002  1.2450000e+003
  1.9834110e+003  1.3667921e+003  1.1600000e-001  1.2460000e+003
  1.9834140e+003  1.3666903e+003  9.0000000e-002  1.2470000e+003
  1.9834160e+003  1.3659621e+003  5.8000000e-002  1.2480000e+003
  1.9834190e+003  1.3659791e+003  1.0100000e-001  1.2490000e+003
  1.9834220e+003  1.3654228e+003  7.1000000e-002  1.2500000e+003
  1.9834250e+003  1.3652590e+003  1.2300000e-001  1.2510000e+003
  1.9834270e+003  1.3648515e+003  1.5800000e-001  1.2520000e+003
  1.9834300e+003  1.3646927e+003  4.8000000e-002  1.2530000e+003
  1.9834330e+003  1.3649354e+003  1.2100000e-001  1.2540000e+003
  1.9834360e+003  1.3647546e+003  7.7000000e-002  1.2550000e+003
  1.9834380e+003  1.3649903e+003  6.7000000e-002  1.2560000e+003
  1.9834410e+003  1.3655287e+003  6.1000000e-002  1.2570000e+003
  1.9834440e+003  1.3653429e+003  1.1700000e-001  1.2580000e+003
  1.9834490e+003  1.3652640e+003  1.4600000e-001  1.2600000e+003
  1.9834520e+003  1.3664386e+003  1.0300000e-001  1.2610000e+003
  1.9834550e+003  1.3661579e+003  6.9000000e-002  1.2620000e+003
  1.9834580e+003  1.3662508e+003  9.2000000e-002  1.2630000e+003
  1.9834600e+003  1.3663786e+003  6.7000000e-002  1.2640000e+003
  1.9834630e+003  1.3658663e+003  9.4000000e-002  1.2650000e+003
  1.9834660e+003  1.3658573e+003  1.4400000e-001  1.2660000e+003
  1.9834690e+003  1.3665295e+003  7.8000000e-002  1.2670000e+003
  1.9834710e+003  1.3662378e+003  8.9000000e-002  1.2680000e+003
  1.9834770e+003  1.3660960e+003  8.3000000e-002  1.2700000e+003
  1.9834820e+003  1.3660990e+003  1.2500000e-001  1.2720000e+003
  1.9834850e+003  1.3663017e+003  7.7000000e-002  1.2730000e+003
  1.9834880e+003  1.3665265e+003  9.5000000e-002  1.2740000e+003
  1.9834900e+003  1.3659601e+003  3.2000000e-001  1.2750000e+003
  1.9834930e+003  1.3658403e+003  1.0500000e-001  1.2760000e+003
  1.9834960e+003  1.3657584e+003  1.3000000e-001  1.2770000e+003
  1.9834990e+003  1.3654168e+003  6.7000000e-002  1.2780000e+003
  1.9835010e+003  1.3657943e+003  7.6000000e-002  1.2790000e+003
  1.9835040e+003  1.3654977e+003  1.0300000e-001  1.2800000e+003
  1.9835070e+003  1.3661589e+003  9.0000000e-002  1.2810000e+003
  1.9835100e+003  1.3661409e+003  7.7000000e-002  1.2820000e+003
  1.9835120e+003  1.3661349e+003  1.6000000e-001  1.2830000e+003
  1.9835150e+003  1.3661629e+003  6.8000000e-002  1.2840000e+003
  1.9835180e+003  1.3658533e+003  1.7500000e-001  1.2850000e+003
  1.9835210e+003  1.3652930e+003  0.0000000e+000  1.2860000e+003
  1.9835230e+003  1.3661919e+003  0.0000000e+000  1.2870000e+003
  1.9835260e+003  1.3657834e+003  1.0700000e-001  1.2880000e+003
  1.9835290e+003  1.3658123e+003  9.6000000e-002  1.2890000e+003
  1.9835310e+003  1.3659701e+003  8.8000000e-002  1.2900000e+003
  1.9835340e+003  1.3658723e+003  8.7000000e-002  1.2910000e+003
  1.9835370e+003  1.3658393e+003  1.0000000e-001  1.2920000e+003
  1.9835400e+003  1.3659881e+003  6.2000000e-002  1.2930000e+003
  1.9835420e+003  1.3650183e+003  1.7300000e-001  1.2940000e+003
  1.9835450e+003  1.3664865e+003  6.4000000e-002  1.2950000e+003
  1.9835480e+003  1.3664536e+003  6.0000000e-002  1.2960000e+003
  1.9835510e+003  1.3665684e+003  5.9000000e-002  1.2970000e+003
  1.9835530e+003  1.3662138e+003  5.9000000e-002  1.2980000e+003
  1.9835560e+003  1.3659472e+003  8.0000000e-002  1.2990000e+003
  1.9835590e+003  1.3660660e+003  5.6000000e-002  1.3000000e+003
  1.9835620e+003  1.3662049e+003  5.5000000e-002  1.3010000e+003
  1.9835640e+003  1.3659152e+003  9.1000000e-002  1.3020000e+003
  1.9835670e+003  1.3660241e+003  5.3000000e-002  1.3030000e+003
  1.9835700e+003  1.3664146e+003  7.5000000e-002  1.3040000e+003
  1.9835730e+003  1.3659591e+003  8.8000000e-002  1.3050000e+003
  1.9835750e+003  1.3660081e+003  9.2000000e-002  1.3060000e+003
  1.9835780e+003  1.3659582e+003  1.0700000e-001  1.3070000e+003
  1.9835810e+003  1.3655986e+003  7.8000000e-002  1.3080000e+003
  1.9835840e+003  1.3656206e+003  9.5000000e-002  1.3090000e+003
  1.9835860e+003  1.3654737e+003  1.2800000e-001  1.3100000e+003
  1.9835890e+003  1.3649993e+003  1.7100000e-001  1.3110000e+003
  1.9835920e+003  1.3655327e+003  8.8000000e-002  1.3120000e+003
  1.9835940e+003  1.3660590e+003  1.6300000e-001  1.3130000e+003
  1.9835970e+003  1.3660930e+003  8.6000000e-002  1.3140000e+003
  1.9836000e+003  1.3661429e+003  1.6600000e-001  1.3150000e+003
  1.9836030e+003  1.3665265e+003  1.5800000e-001  1.3160000e+003
  1.9836050e+003  1.3663137e+003  9.6000000e-002  1.3170000e+003
  1.9836080e+003  1.3653818e+003  1.4800000e-001  1.3180000e+003
  1.9836110e+003  1.3661269e+003  6.4000000e-002  1.3190000e+003
  1.9836140e+003  1.3657884e+003  7.8000000e-002  1.3200000e+003
  1.9836160e+003  1.3658892e+003  6.2000000e-002  1.3210000e+003
  1.9836190e+003  1.3661190e+003  8.1000000e-002  1.3220000e+003
  1.9836220e+003  1.3663227e+003  1.0800000e-001  1.3230000e+003
  1.9836250e+003  1.3655037e+003  1.6600000e-001  1.3240000e+003
  1.9836270e+003  1.3666443e+003  1.1100000e-001  1.3250000e+003
  1.9836300e+003  1.3665055e+003  2.2100000e-001  1.3260000e+003
  1.9836330e+003  1.3663936e+003  1.0400000e-001  1.3270000e+003
  1.9836380e+003  1.3659731e+003  1.3600000e-001  1.3290000e+003
  1.9836410e+003  1.3661659e+003  1.1900000e-001  1.3300000e+003
  1.9836440e+003  1.3657694e+003  7.8000000e-002  1.3310000e+003
  1.9836470e+003  1.3665764e+003  1.3200000e-001  1.3320000e+003
  1.9836490e+003  1.3661979e+003  1.2600000e-001  1.3330000e+003
  1.9836520e+003  1.3657314e+003  1.7500000e-001  1.3340000e+003
  1.9836550e+003  1.3661949e+003  1.1100000e-001  1.3350000e+003
  1.9836580e+003  1.3660321e+003  7.8000000e-002  1.3360000e+003
  1.9836600e+003  1.3659282e+003  2.0100000e-001  1.3370000e+003
  1.9836630e+003  1.3660361e+003  1.5100000e-001  1.3380000e+003
  1.9836660e+003  1.3659012e+003  7.2000000e-002  1.3390000e+003
  1.9836680e+003  1.3662448e+003  1.1900000e-001  1.3400000e+003
  1.9836710e+003  1.3659901e+003  1.2000000e-001  1.3410000e+003
  1.9836740e+003  1.3662098e+003  1.0400000e-001  1.3420000e+003
  1.9836770e+003  1.3660301e+003  3.1200000e-001  1.3430000e+003
  1.9836790e+003  1.3661130e+003  5.0000000e-002  1.3440000e+003
  1.9836820e+003  1.3655247e+003  1.1300000e-001  1.3450000e+003
  1.9836880e+003  1.3661339e+003  5.4000000e-002  1.3470000e+003
  1.9836900e+003  1.3660950e+003  6.3000000e-002  1.3480000e+003
  1.9836930e+003  1.3661739e+003  7.6000000e-002  1.3490000e+003
  1.9836960e+003  1.3665624e+003  6.0000000e-002  1.3500000e+003
  1.9836990e+003  1.3665155e+003  8.7000000e-002  1.3510000e+003
  1.9837010e+003  1.3659641e+003  1.0600000e-001  1.3520000e+003
  1.9837040e+003  1.3661180e+003  1.4300000e-001  1.3530000e+003
  1.9837070e+003  1.3660740e+003  1.0500000e-001  1.3540000e+003
  1.9837100e+003  1.3657934e+003  1.1700000e-001  1.3550000e+003
  1.9837120e+003  1.3660540e+003  6.4000000e-002  1.3560000e+003
  1.9837150e+003  1.3659681e+003  1.8000000e-001  1.3570000e+003
  1.9837180e+003  1.3651611e+003  1.9100000e-001  1.3580000e+003
  1.9837210e+003  1.3661779e+003  9.2000000e-002  1.3590000e+003
  1.9837230e+003  1.3663417e+003  1.7400000e-001  1.3600000e+003
  1.9837260e+003  1.3664136e+003  1.3400000e-001  1.3610000e+003
  1.9837560e+003  1.3659422e+003  1.0600000e-001  1.3720000e+003
  1.9837590e+003  1.3662238e+003  1.3200000e-001  1.3730000e+003
  1.9837620e+003  1.3661150e+003  9.4000000e-002  1.3740000e+003
  1.9837640e+003  1.3655726e+003  1.0500000e-001  1.3750000e+003
  1.9837670e+003  1.3657075e+003  9.2000000e-002  1.3760000e+003
  1.9837700e+003  1.3650133e+003  1.5300000e-001  1.3770000e+003
  1.9837730e+003  1.3660111e+003  6.9000000e-002  1.3780000e+003
  1.9837750e+003  1.3659981e+003  1.2100000e-001  1.3790000e+003
  1.9837780e+003  1.3660750e+003  6.7000000e-002  1.3800000e+003
  1.9837810e+003  1.3662508e+003  1.0100000e-001  1.3810000e+003
  1.9837840e+003  1.3662358e+003  1.0000000e-001  1.3820000e+003
  1.9837860e+003  1.3664286e+003  9.8000000e-002  1.3830000e+003
  1.9837950e+003  1.3662458e+003  5.1000000e-002  1.3860000e+003
  1.9837970e+003  1.3656745e+003  1.1500000e-001  1.3870000e+003
  1.9838000e+003  1.3653309e+003  3.4000000e-002  1.3880000e+003
  1.9838030e+003  1.3659062e+003  8.8000000e-002  1.3890000e+003
  1.9838050e+003  1.3655936e+003  1.2700000e-001  1.3900000e+003
  1.9838080e+003  1.3661909e+003  7.7000000e-002  1.3910000e+003
  1.9838110e+003  1.3659422e+003  7.9000000e-002  1.3920000e+003
  1.9838140e+003  1.3653779e+003  1.2100000e-001  1.3930000e+003
  1.9838160e+003  1.3656076e+003  1.1200000e-001  1.3940000e+003
  1.9838190e+003  1.3653589e+003  1.5300000e-001  1.3950000e+003
  1.9838220e+003  1.3660191e+003  9.1000000e-002  1.3960000e+003
  1.9838250e+003  1.3657394e+003  7.4000000e-002  1.3970000e+003
  1.9838270e+003  1.3654298e+003  1.7900000e-001  1.3980000e+003
  1.9838300e+003  1.3658772e+003  1.4300000e-001  1.3990000e+003
  1.9838330e+003  1.3662039e+003  9.1000000e-002  1.4000000e+003
  1.9838380e+003  1.3653469e+003  6.4000000e-002  1.4020000e+003
  1.9838410e+003  1.3663816e+003  2.0900000e-001  1.4030000e+003
  1.9838410e+003  1.3656196e+003  1.5000000e-001  1.4040000e+003
  1.9838440e+003  1.3658386e+003  2.0000000e-001  1.4050000e+003
  1.9838470e+003  1.3657391e+003  1.9000000e-001  1.4060000e+003
  1.9838490e+003  1.3657490e+003  1.5000000e-001  1.4070000e+003
  1.9838520e+003  1.3656395e+003  1.4000000e-001  1.4080000e+003
  1.9838550e+003  1.3657590e+003  1.5000000e-001  1.4090000e+003
  1.9838580e+003  1.3655997e+003  1.4000000e-001  1.4100000e+003
  1.9838600e+003  1.3656893e+003  1.9000000e-001  1.4110000e+003
  1.9838630e+003  1.3656694e+003  1.1000000e-001  1.4120000e+003
  1.9838660e+003  1.3656893e+003  1.2000000e-001  1.4130000e+003
  1.9838690e+003  1.3656594e+003  1.4000000e-001  1.4140000e+003
  1.9838710e+003  1.3655997e+003  1.2000000e-001  1.4150000e+003
  1.9838740e+003  1.3655698e+003  1.4000000e-001  1.4160000e+003
  1.9838770e+003  1.3653308e+003  1.2000000e-001  1.4170000e+003
  1.9838790e+003  1.3654005e+003  1.1000000e-001  1.4180000e+003
  1.9838820e+003  1.3654404e+003  1.2000000e-001  1.4190000e+003
  1.9838850e+003  1.3654702e+003  1.2000000e-001  1.4200000e+003
  1.9838880e+003  1.3655499e+003  8.0000000e-002  1.4210000e+003
  1.9838900e+003  1.3654901e+003  1.6000000e-001  1.4220000e+003
  1.9838930e+003  1.3654005e+003  1.0000000e-001  1.4230000e+003
  1.9838960e+003  1.3654005e+003  9.0000000e-002  1.4240000e+003
  1.9838990e+003  1.3654901e+003  1.7000000e-001  1.4250000e+003
  1.9839010e+003  1.3655101e+003  1.1000000e-001  1.4260000e+003
  1.9839040e+003  1.3654901e+003  1.3000000e-001  1.4270000e+003
  1.9839070e+003  1.3653507e+003  2.2000000e-001  1.4280000e+003
  1.9839100e+003  1.3654802e+003  1.9000000e-001  1.4290000e+003
  1.9839120e+003  1.3656295e+003  1.0000000e-001  1.4300000e+003
  1.9839150e+003  1.3656395e+003  9.0000000e-002  1.4310000e+003
  1.9839180e+003  1.3656295e+003  1.5000000e-001  1.4320000e+003
  1.9839210e+003  1.3657490e+003  1.9000000e-001  1.4330000e+003
  1.9839230e+003  1.3657391e+003  1.4000000e-001  1.4340000e+003
  1.9839260e+003  1.3657391e+003  1.6000000e-001  1.4350000e+003
  1.9839290e+003  1.3655997e+003  1.3000000e-001  1.4360000e+003
  1.9839320e+003  1.3656295e+003  9.0000000e-002  1.4370000e+003
  1.9839340e+003  1.3654901e+003  1.8000000e-001  1.4380000e+003
  1.9839370e+003  1.3655797e+003  1.1000000e-001  1.4390000e+003
  1.9839400e+003  1.3654702e+003  1.6000000e-001  1.4400000e+003
  1.9839430e+003  1.3654603e+003  1.0000000e-001  1.4410000e+003
  1.9839450e+003  1.3654304e+003  1.4000000e-001  1.4420000e+003
  1.9839480e+003  1.3654404e+003  1.0000000e-001  1.4430000e+003
  1.9839510e+003  1.3656295e+003  1.8000000e-001  1.4440000e+003
  1.9839530e+003  1.3657391e+003  1.9000000e-001  1.4450000e+003
  1.9839560e+003  1.3656096e+003  1.9000000e-001  1.4460000e+003
  1.9839590e+003  1.3655499e+003  1.8000000e-001  1.4470000e+003
  1.9839620e+003  1.3653607e+003  1.3000000e-001  1.4480000e+003
  1.9839640e+003  1.3653806e+003  1.1000000e-001  1.4490000e+003
  1.9839670e+003  1.3652910e+003  1.1000000e-001  1.4500000e+003
  1.9839700e+003  1.3653408e+003  9.0000000e-002  1.4510000e+003
  1.9839730e+003  1.3653308e+003  1.1000000e-001  1.4520000e+003
  1.9839750e+003  1.3654005e+003  1.7000000e-001  1.4530000e+003
  1.9839780e+003  1.3653906e+003  1.5000000e-001  1.4540000e+003
  1.9839810e+003  1.3654204e+003  1.6000000e-001  1.4550000e+003
  1.9839840e+003  1.3653906e+003  1.6000000e-001  1.4560000e+003
  1.9839860e+003  1.3654204e+003  1.8000000e-001  1.4570000e+003
  1.9839890e+003  1.3654603e+003  1.7000000e-001  1.4580000e+003
  1.9839920e+003  1.3654404e+003  1.6000000e-001  1.4590000e+003
  1.9839950e+003  1.3654404e+003  1.6000000e-001  1.4600000e+003
  1.9839970e+003  1.3655101e+003  1.3000000e-001  1.4610000e+003
  1.9840000e+003  1.3654304e+003  1.6000000e-001  1.4620000e+003
  1.9840030e+003  1.3655897e+003  1.3000000e-001  1.4630000e+003
  1.9840050e+003  1.3655598e+003  1.3000000e-001  1.4640000e+003
  1.9840080e+003  1.3656793e+003  1.9000000e-001  1.4650000e+003
  1.9840110e+003  1.3657391e+003  1.3000000e-001  1.4660000e+003
  1.9840140e+003  1.3657191e+003  1.6000000e-001  1.4670000e+003
  1.9840160e+003  1.3655499e+003  1.3000000e-001  1.4680000e+003
  1.9840190e+003  1.3656096e+003  1.4000000e-001  1.4690000e+003
  1.9840220e+003  1.3655997e+003  9.0000000e-002  1.4700000e+003
  1.9840250e+003  1.3656694e+003  1.3000000e-001  1.4710000e+003
  1.9840270e+003  1.3655698e+003  1.3000000e-001  1.4720000e+003
  1.9840300e+003  1.3655598e+003  9.0000000e-002  1.4730000e+003
  1.9840330e+003  1.3653308e+003  1.2000000e-001  1.4740000e+003
  1.9840360e+003  1.3652114e+003  1.3000000e-001  1.4750000e+003
  1.9840380e+003  1.3648828e+003  1.5000000e-001  1.4760000e+003
  1.9840410e+003  1.3649823e+003  1.0000000e-001  1.4770000e+003
  1.9840440e+003  1.3649823e+003  1.6000000e-001  1.4780000e+003
  1.9840470e+003  1.3651715e+003  1.2000000e-001  1.4790000e+003
  1.9840490e+003  1.3651018e+003  1.5000000e-001  1.4800000e+003
  1.9840520e+003  1.3654304e+003  1.4000000e-001  1.4810000e+003
  1.9840550e+003  1.3653507e+003  8.0000000e-002  1.4820000e+003
  1.9840570e+003  1.3653408e+003  1.6000000e-001  1.4830000e+003
  1.9840600e+003  1.3653408e+003  2.0000000e-001  1.4840000e+003
  1.9840630e+003  1.3653408e+003  1.2000000e-001  1.4850000e+003
  1.9840660e+003  1.3648629e+003  1.7000000e-001  1.4860000e+003
  1.9840680e+003  1.3644646e+003  2.6000000e-001  1.4870000e+003
  1.9840710e+003  1.3637178e+003  2.3000000e-001  1.4880000e+003
  1.9840740e+003  1.3629811e+003  2.8000000e-001  1.4890000e+003
  1.9840770e+003  1.3627521e+003  1.8000000e-001  1.4900000e+003
  1.9840790e+003  1.3626425e+003  1.8000000e-001  1.4910000e+003
  1.9840820e+003  1.3630010e+003  2.2000000e-001  1.4920000e+003
  1.9840850e+003  1.3635685e+003  2.6000000e-001  1.4930000e+003
  1.9840870e+003  1.3642456e+003  3.4000000e-001  1.4940000e+003
  1.9840900e+003  1.3651018e+003  2.2000000e-001  1.4950000e+003
  1.9840930e+003  1.3653707e+003  1.3000000e-001  1.4960000e+003
  1.9840960e+003  1.3656395e+003  1.8000000e-001  1.4970000e+003
  1.9840980e+003  1.3654702e+003  1.3000000e-001  1.4980000e+003
  1.9841010e+003  1.3654105e+003  1.4000000e-001  1.4990000e+003
  1.9841040e+003  1.3652512e+003  9.0000000e-002  1.5000000e+003
  1.9841070e+003  1.3649823e+003  2.3000000e-001  1.5010000e+003
  1.9841090e+003  1.3645642e+003  1.5000000e-001  1.5020000e+003
  1.9841120e+003  1.3645642e+003  1.2000000e-001  1.5030000e+003
  1.9841150e+003  1.3645940e+003  1.7000000e-001  1.5040000e+003
  1.9841170e+003  1.3649425e+003  1.4000000e-001  1.5050000e+003
  1.9841200e+003  1.3650122e+003  1.3000000e-001  1.5060000e+003
  1.9841230e+003  1.3655300e+003  1.0000000e-001  1.5070000e+003
  1.9841260e+003  1.3656295e+003  1.7000000e-001  1.5080000e+003
  1.9841280e+003  1.3656793e+003  1.1000000e-001  1.5090000e+003
  1.9841310e+003  1.3655101e+003  1.3000000e-001  1.5100000e+003
  1.9841340e+003  1.3656893e+003  1.6000000e-001  1.5110000e+003
  1.9841370e+003  1.3652810e+003  2.0000000e-001  1.5120000e+003
  1.9841390e+003  1.3653209e+003  1.3000000e-001  1.5130000e+003
  1.9841420e+003  1.3648927e+003  1.6000000e-001  1.5140000e+003
  1.9841450e+003  1.3646936e+003  1.7000000e-001  1.5150000e+003
  1.9841480e+003  1.3644546e+003  1.0000000e-001  1.5160000e+003
  1.9841500e+003  1.3645940e+003  1.4000000e-001  1.5170000e+003
  1.9841530e+003  1.3646040e+003  2.5000000e-001  1.5180000e+003
  1.9841560e+003  1.3649326e+003  1.8000000e-001  1.5190000e+003
  1.9841580e+003  1.3652114e+003  2.3000000e-001  1.5200000e+003
  1.9841610e+003  1.3656992e+003  1.3000000e-001  1.5210000e+003
  1.9841640e+003  1.3658088e+003  2.0000000e-001  1.5220000e+003
  1.9841670e+003  1.3657291e+003  1.6000000e-001  1.5230000e+003
  1.9841690e+003  1.3657092e+003  1.5000000e-001  1.5240000e+003
  1.9841720e+003  1.3658187e+003  1.3000000e-001  1.5250000e+003
  1.9841750e+003  1.3656992e+003  1.4000000e-001  1.5260000e+003
  1.9841780e+003  1.3658685e+003  1.7000000e-001  1.5270000e+003
  1.9841800e+003  1.3656295e+003  1.4000000e-001  1.5280000e+003
  1.9841830e+003  1.3656295e+003  1.6000000e-001  1.5290000e+003
  1.9841860e+003  1.3653906e+003  1.3000000e-001  1.5300000e+003
  1.9841880e+003  1.3654503e+003  1.3000000e-001  1.5310000e+003
  1.9841910e+003  1.3654005e+003  1.3000000e-001  1.5320000e+003
  1.9841940e+003  1.3655997e+003  1.0000000e-001  1.5330000e+003
  1.9841970e+003  1.3653906e+003  1.4000000e-001  1.5340000e+003
  1.9841990e+003  1.3654204e+003  1.8000000e-001  1.5350000e+003
  1.9842020e+003  1.3653607e+003  6.0000000e-002  1.5360000e+003
  1.9842050e+003  1.3655698e+003  1.1000000e-001  1.5370000e+003
  1.9842080e+003  1.3656594e+003  1.2000000e-001  1.5380000e+003
  1.9842100e+003  1.3658585e+003  1.5000000e-001  1.5390000e+003
  1.9842130e+003  1.3658984e+003  1.5000000e-001  1.5400000e+003
  1.9842160e+003  1.3659880e+003  1.3000000e-001  1.5410000e+003
  1.9842190e+003  1.3659581e+003  1.6000000e-001  1.5420000e+003
  1.9842210e+003  1.3659282e+003  1.2000000e-001  1.5430000e+003
  1.9842240e+003  1.3656992e+003  7.0000000e-002  1.5440000e+003
  1.9842270e+003  1.3657689e+003  1.4000000e-001  1.5450000e+003
  1.9842290e+003  1.3657291e+003  9.0000000e-002  1.5460000e+003
  1.9842320e+003  1.3659481e+003  1.4000000e-001  1.5470000e+003
  1.9842350e+003  1.3658088e+003  1.0000000e-001  1.5480000e+003
  1.9842380e+003  1.3659481e+003  1.0000000e-001  1.5490000e+003
  1.9842400e+003  1.3655997e+003  1.5000000e-001  1.5500000e+003
  1.9842430e+003  1.3652512e+003  1.9000000e-001  1.5510000e+003
  1.9842460e+003  1.3648629e+003  1.3000000e-001  1.5520000e+003
  1.9842490e+003  1.3647533e+003  1.6000000e-001  1.5530000e+003
  1.9842510e+003  1.3646538e+003  1.0000000e-001  1.5540000e+003
  1.9842540e+003  1.3648131e+003  1.6000000e-001  1.5550000e+003
  1.9842570e+003  1.3651018e+003  1.4000000e-001  1.5560000e+003
  1.9842600e+003  1.3653109e+003  1.5000000e-001  1.5570000e+003
  1.9842620e+003  1.3654802e+003  1.2000000e-001  1.5580000e+003
  1.9842650e+003  1.3656494e+003  1.5000000e-001  1.5590000e+003
  1.9842680e+003  1.3656992e+003  1.1000000e-001  1.5600000e+003
  1.9842710e+003  1.3657689e+003  1.7000000e-001  1.5610000e+003
  1.9842730e+003  1.3655897e+003  1.4000000e-001  1.5620000e+003
  1.9842760e+003  1.3656694e+003  1.7000000e-001  1.5630000e+003
  1.9842790e+003  1.3655399e+003  1.4000000e-001  1.5640000e+003
  1.9842810e+003  1.3656395e+003  1.5000000e-001  1.5650000e+003
  1.9842840e+003  1.3655499e+003  1.6000000e-001  1.5660000e+003
  1.9842870e+003  1.3654702e+003  1.3000000e-001  1.5670000e+003
  1.9842900e+003  1.3653408e+003  1.8000000e-001  1.5680000e+003
  1.9842920e+003  1.3653707e+003  1.7000000e-001  1.5690000e+003
  1.9842980e+003  1.3652611e+003  1.1000000e-001  1.5710000e+003
  1.9843010e+003  1.3654901e+003  1.5000000e-001  1.5720000e+003
  1.9843030e+003  1.3658088e+003  1.5000000e-001  1.5730000e+003
  1.9843090e+003  1.3656992e+003  1.6000000e-001  1.5750000e+003
  1.9843120e+003  1.3654005e+003  1.4000000e-001  1.5760000e+003
  1.9843140e+003  1.3648131e+003  2.0000000e-001  1.5770000e+003
  1.9843330e+003  1.3645968e+003  4.0000000e-003  1.5830000e+003
  1.9843390e+003  1.3656076e+003  4.0000000e-003  1.5850000e+003
  1.9843420e+003  1.3658553e+003  4.0000000e-003  1.5860000e+003
  1.9843440e+003  1.3658882e+003  4.0000000e-003  1.5870000e+003
  1.9843470e+003  1.3658693e+003  4.0000000e-003  1.5880000e+003
  1.9843500e+003  1.3656675e+003  4.0000000e-003  1.5890000e+003
  1.9843520e+003  1.3653309e+003  4.0000000e-003  1.5900000e+003
  1.9843550e+003  1.3649104e+003  5.0000000e-003  1.5910000e+003
  1.9843580e+003  1.3645379e+003  5.0000000e-003  1.5920000e+003
  1.9843610e+003  1.3643521e+003  4.0000000e-003  1.5930000e+003
  1.9843630e+003  1.3644380e+003  5.0000000e-003  1.5940000e+003
  1.9843690e+003  1.3650043e+003  5.0000000e-003  1.5960000e+003
  1.9843740e+003  1.3658723e+003  1.0000000e-003  1.5980000e+003
  1.9843770e+003  1.3659971e+003  4.0000000e-003  1.5990000e+003
  1.9843800e+003  1.3661419e+003  5.0000000e-003  1.6000000e+003
  1.9843830e+003  1.3661070e+003  3.0000000e-003  1.6010000e+003
  1.9843850e+003  1.3660680e+003  5.0000000e-003  1.6020000e+003
  1.9843880e+003  1.3659412e+003  4.0000000e-003  1.6030000e+003
  1.9843910e+003  1.3657824e+003  5.0000000e-003  1.6040000e+003
  1.9843930e+003  1.3656046e+003  4.0000000e-003  1.6050000e+003
  1.9843960e+003  1.3654877e+003  4.0000000e-003  1.6060000e+003
  1.9843990e+003  1.3655237e+003  5.0000000e-003  1.6070000e+003
  1.9844020e+003  1.3657164e+003  5.0000000e-003  1.6080000e+003
  1.9844040e+003  1.3659681e+003  4.0000000e-003  1.6090000e+003
  1.9844070e+003  1.3661120e+003  4.0000000e-003  1.6100000e+003
  1.9844100e+003  1.3660131e+003  5.0000000e-003  1.6110000e+003
  1.9844130e+003  1.3658743e+003  1.2000000e-002  1.6120000e+003
  1.9844150e+003  1.3655856e+003  4.0000000e-003  1.6130000e+003
  1.9844180e+003  1.3655626e+003  5.0000000e-003  1.6140000e+003
  1.9844210e+003  1.3658133e+003  4.0000000e-003  1.6150000e+003
  1.9844230e+003  1.3659132e+003  4.0000000e-003  1.6160000e+003
  1.9844260e+003  1.3660540e+003  4.0000000e-003  1.6170000e+003
  1.9844290e+003  1.3661040e+003  9.0000000e-003  1.6180000e+003
  1.9844320e+003  1.3661050e+003  8.0000000e-003  1.6190000e+003
  1.9844340e+003  1.3660191e+003  9.0000000e-003  1.6200000e+003
  1.9844370e+003  1.3660151e+003  7.0000000e-003  1.6210000e+003
  1.9844400e+003  1.3660301e+003  1.0000000e-002  1.6220000e+003
  1.9844430e+003  1.3661359e+003  9.0000000e-003  1.6230000e+003
  1.9844450e+003  1.3661719e+003  8.0000000e-003  1.6240000e+003
  1.9844480e+003  1.3661859e+003  2.9000000e-002  1.6250000e+003
  1.9844510e+003  1.3660760e+003  1.0000000e-002  1.6260000e+003
  1.9844530e+003  1.3659681e+003  1.3000000e-002  1.6270000e+003
  1.9844560e+003  1.3658093e+003  9.0000000e-003  1.6280000e+003
  1.9844590e+003  1.3658353e+003  6.0000000e-003  1.6290000e+003
  1.9844620e+003  1.3658772e+003  1.2000000e-002  1.6300000e+003
  1.9844640e+003  1.3658103e+003  1.1000000e-002  1.6310000e+003
  1.9844670e+003  1.3656266e+003  7.0000000e-003  1.6320000e+003
  1.9844700e+003  1.3655956e+003  5.0000000e-003  1.6330000e+003
  1.9844730e+003  1.3656975e+003  8.0000000e-003  1.6340000e+003
  1.9844750e+003  1.3657015e+003  8.0000000e-003  1.6350000e+003
  1.9844780e+003  1.3656515e+003  4.0000000e-003  1.6360000e+003
  1.9844810e+003  1.3656475e+003  5.0000000e-003  1.6370000e+003
  1.9844890e+003  1.3655447e+003  4.0000000e-003  1.6400000e+003
  1.9844920e+003  1.3656136e+003  6.0000000e-003  1.6410000e+003
  1.9844950e+003  1.3657234e+003  4.0000000e-003  1.6420000e+003
  1.9844970e+003  1.3657884e+003  4.0000000e-003  1.6430000e+003
  1.9845000e+003  1.3658203e+003  4.0000000e-003  1.6440000e+003
  1.9845030e+003  1.3659382e+003  4.0000000e-003  1.6450000e+003
  1.9845050e+003  1.3658753e+003  5.0000000e-003  1.6460000e+003
  1.9845080e+003  1.3659741e+003  4.0000000e-003  1.6470000e+003
  1.9845110e+003  1.3660221e+003  5.0000000e-003  1.6480000e+003
  1.9845140e+003  1.3660211e+003  2.0000000e-003  1.6490000e+003
  1.9845160e+003  1.3659961e+003  4.0000000e-003  1.6500000e+003
  1.9845190e+003  1.3659761e+003  4.0000000e-003  1.6510000e+003
  1.9845220e+003  1.3659432e+003  4.0000000e-003  1.6520000e+003
  1.9845250e+003  1.3658553e+003  4.0000000e-003  1.6530000e+003
  1.9845270e+003  1.3658233e+003  5.0000000e-003  1.6540000e+003
  1.9845300e+003  1.3658932e+003  5.0000000e-003  1.6550000e+003
  1.9845330e+003  1.3659871e+003  4.0000000e-003  1.6560000e+003
  1.9845360e+003  1.3659701e+003  5.0000000e-003  1.6570000e+003
  1.9845380e+003  1.3659562e+003  4.0000000e-003  1.6580000e+003
  1.9845410e+003  1.3658992e+003  4.0000000e-003  1.6590000e+003
  1.9845440e+003  1.3658623e+003  5.0000000e-003  1.6600000e+003
  1.9845470e+003  1.3658173e+003  5.0000000e-003  1.6610000e+003
  1.9845490e+003  1.3658063e+003  4.0000000e-003  1.6620000e+003
  1.9845520e+003  1.3657983e+003  4.0000000e-003  1.6630000e+003
  1.9845550e+003  1.3657364e+003  4.0000000e-003  1.6640000e+003
  1.9845570e+003  1.3657164e+003  4.0000000e-003  1.6650000e+003
  1.9845600e+003  1.3657015e+003  4.0000000e-003  1.6660000e+003
  1.9845630e+003  1.3657005e+003  4.0000000e-003  1.6670000e+003
  1.9845660e+003  1.3657264e+003  4.0000000e-003  1.6680000e+003
  1.9845680e+003  1.3657264e+003  4.0000000e-003  1.6690000e+003
  1.9845710e+003  1.3657144e+003  4.0000000e-003  1.6700000e+003
  1.9845740e+003  1.3657304e+003  4.0000000e-003  1.6710000e+003
  1.9845770e+003  1.3657684e+003  4.0000000e-003  1.6720000e+003
  1.9845790e+003  1.3658463e+003  4.0000000e-003  1.6730000e+003
  1.9845820e+003  1.3658982e+003  4.0000000e-003  1.6740000e+003
  1.9845850e+003  1.3659182e+003  4.0000000e-003  1.6750000e+003
  1.9845870e+003  1.3659591e+003  5.0000000e-003  1.6760000e+003
  1.9845900e+003  1.3659262e+003  5.0000000e-003  1.6770000e+003
  1.9845930e+003  1.3659562e+003  5.0000000e-003  1.6780000e+003
  1.9845960e+003  1.3659761e+003  6.0000000e-003  1.6790000e+003
  1.9845980e+003  1.3660101e+003  5.0000000e-003  1.6800000e+003
  1.9846010e+003  1.3659102e+003  4.0000000e-003  1.6810000e+003
  1.9846040e+003  1.3658203e+003  4.0000000e-003  1.6820000e+003
  1.9846070e+003  1.3657394e+003  5.0000000e-003  1.6830000e+003
  1.9846090e+003  1.3657254e+003  5.0000000e-003  1.6840000e+003
  1.9846120e+003  1.3658063e+003  6.0000000e-003  1.6850000e+003
  1.9846150e+003  1.3658743e+003  5.0000000e-003  1.6860000e+003
  1.9846170e+003  1.3659302e+003  5.0000000e-003  1.6870000e+003
  1.9846200e+003  1.3658972e+003  4.0000000e-003  1.6880000e+003
  1.9846230e+003  1.3657983e+003  5.0000000e-003  1.6890000e+003
  1.9846260e+003  1.3657005e+003  4.0000000e-003  1.6900000e+003
  1.9846280e+003  1.3656465e+003  6.0000000e-003  1.6910000e+003
  1.9846310e+003  1.3655936e+003  4.0000000e-003  1.6920000e+003
  1.9846340e+003  1.3655397e+003  4.0000000e-003  1.6930000e+003
  1.9846370e+003  1.3655247e+003  5.0000000e-003  1.6940000e+003
  1.9846390e+003  1.3655506e+003  4.0000000e-003  1.6950000e+003
  1.9846420e+003  1.3655636e+003  5.0000000e-003  1.6960000e+003
  1.9846450e+003  1.3655377e+003  5.0000000e-003  1.6970000e+003
  1.9846480e+003  1.3655536e+003  4.0000000e-003  1.6980000e+003
  1.9846500e+003  1.3655067e+003  4.0000000e-003  1.6990000e+003
  1.9846530e+003  1.3655646e+003  4.0000000e-003  1.7000000e+003
  1.9846560e+003  1.3656156e+003  5.0000000e-003  1.7010000e+003
  1.9846580e+003  1.3655736e+003  6.0000000e-003  1.7020000e+003
  1.9846610e+003  1.3655127e+003  1.0000000e-002  1.7030000e+003
  1.9846830e+003  1.3659252e+003  4.0000000e-003  1.7110000e+003
  1.9846860e+003  1.3659072e+003  4.0000000e-003  1.7120000e+003
  1.9846880e+003  1.3659012e+003  4.0000000e-003  1.7130000e+003
  1.9846910e+003  1.3658683e+003  4.0000000e-003  1.7140000e+003
  1.9846940e+003  1.3659502e+003  4.0000000e-003  1.7150000e+003
  1.9846970e+003  1.3659472e+003  4.0000000e-003  1.7160000e+003
  1.9846990e+003  1.3657005e+003  4.0000000e-003  1.7170000e+003
  1.9847020e+003  1.3656156e+003  4.0000000e-003  1.7180000e+003
  1.9847050e+003  1.3655347e+003  4.0000000e-003  1.7190000e+003
  1.9847080e+003  1.3655367e+003  5.0000000e-003  1.7200000e+003
  1.9847100e+003  1.3655427e+003  7.0000000e-003  1.7210000e+003
  1.9847130e+003  1.3655736e+003  5.0000000e-003  1.7220000e+003
  1.9847160e+003  1.3655916e+003  5.0000000e-003  1.7230000e+003
  1.9847190e+003  1.3656405e+003  4.0000000e-003  1.7240000e+003
  1.9847210e+003  1.3655876e+003  5.0000000e-003  1.7250000e+003
  1.9847240e+003  1.3656206e+003  4.0000000e-003  1.7260000e+003
  1.9847270e+003  1.3655986e+003  5.0000000e-003  1.7270000e+003
  1.9847290e+003  1.3656665e+003  4.0000000e-003  1.7280000e+003
  1.9847320e+003  1.3656865e+003  4.0000000e-003  1.7290000e+003
  1.9847350e+003  1.3656685e+003  3.0000000e-003  1.7300000e+003
  1.9847380e+003  1.3657025e+003  4.0000000e-003  1.7310000e+003
  1.9847400e+003  1.3656855e+003  4.0000000e-003  1.7320000e+003
  1.9847430e+003  1.3656875e+003  5.0000000e-003  1.7330000e+003
  1.9847460e+003  1.3657314e+003  4.0000000e-003  1.7340000e+003
  1.9847490e+003  1.3657294e+003  4.0000000e-003  1.7350000e+003
  1.9847510e+003  1.3657324e+003  5.0000000e-003  1.7360000e+003
  1.9847540e+003  1.3657554e+003  4.0000000e-003  1.7370000e+003
  1.9847570e+003  1.3657194e+003  4.0000000e-003  1.7380000e+003
  1.9847600e+003  1.3657514e+003  5.0000000e-003  1.7390000e+003
  1.9847620e+003  1.3657234e+003  4.0000000e-003  1.7400000e+003
  1.9847650e+003  1.3657065e+003  5.0000000e-003  1.7410000e+003
  1.9847680e+003  1.3657374e+003  4.0000000e-003  1.7420000e+003
  1.9847710e+003  1.3656935e+003  5.0000000e-003  1.7430000e+003
  1.9847730e+003  1.3656026e+003  4.0000000e-003  1.7440000e+003
  1.9847760e+003  1.3655417e+003  5.0000000e-003  1.7450000e+003
  1.9847790e+003  1.3655606e+003  5.0000000e-003  1.7460000e+003
  1.9847810e+003  1.3655297e+003  5.0000000e-003  1.7470000e+003
  1.9847840e+003  1.3655486e+003  6.0000000e-003  1.7480000e+003
  1.9847870e+003  1.3655516e+003  4.0000000e-003  1.7490000e+003
  1.9847900e+003  1.3654797e+003  4.0000000e-003  1.7500000e+003
  1.9847920e+003  1.3654388e+003  4.0000000e-003  1.7510000e+003
  1.9847950e+003  1.3654108e+003  4.0000000e-003  1.7520000e+003
  1.9847980e+003  1.3654877e+003  4.0000000e-003  1.7530000e+003
  1.9848010e+003  1.3654837e+003  4.0000000e-003  1.7540000e+003
  1.9848030e+003  1.3654877e+003  4.0000000e-003  1.7550000e+003
  1.9848060e+003  1.3655456e+003  4.0000000e-003  1.7560000e+003
  1.9848090e+003  1.3655756e+003  4.0000000e-003  1.7570000e+003
  1.9848120e+003  1.3656236e+003  4.0000000e-003  1.7580000e+003
  1.9848140e+003  1.3656415e+003  4.0000000e-003  1.7590000e+003
  1.9848170e+003  1.3656355e+003  4.0000000e-003  1.7600000e+003
  1.9848200e+003  1.3656006e+003  4.0000000e-003  1.7610000e+003
  1.9848220e+003  1.3656126e+003  4.0000000e-003  1.7620000e+003
  1.9848250e+003  1.3655866e+003  4.0000000e-003  1.7630000e+003
  1.9848280e+003  1.3655217e+003  4.0000000e-003  1.7640000e+003
  1.9848310e+003  1.3655456e+003  5.0000000e-003  1.7650000e+003
  1.9848330e+003  1.3655476e+003  5.0000000e-003  1.7660000e+003
  1.9848360e+003  1.3655277e+003  4.0000000e-003  1.7670000e+003
  1.9848390e+003  1.3655506e+003  4.0000000e-003  1.7680000e+003
  1.9848420e+003  1.3655676e+003  4.0000000e-003  1.7690000e+003
  1.9848440e+003  1.3655666e+003  4.0000000e-003  1.7700000e+003
  1.9848470e+003  1.3656226e+003  4.0000000e-003  1.7710000e+003
  1.9848500e+003  1.3656455e+003  4.0000000e-003  1.7720000e+003
  1.9848520e+003  1.3656196e+003  5.0000000e-003  1.7730000e+003
  1.9848550e+003  1.3655147e+003  5.0000000e-003  1.7740000e+003
  1.9848580e+003  1.3655417e+003  4.0000000e-003  1.7750000e+003
  1.9848610e+003  1.3655297e+003  5.0000000e-003  1.7760000e+003
  1.9848630e+003  1.3655616e+003  5.0000000e-003  1.7770000e+003
  1.9848660e+003  1.3655846e+003  4.0000000e-003  1.7780000e+003
  1.9848690e+003  1.3652061e+003  5.0000000e-003  1.7790000e+003
  1.9848720e+003  1.3656106e+003  5.0000000e-003  1.7800000e+003
  1.9848770e+003  1.3656335e+003  4.0000000e-003  1.7820000e+003
  1.9848800e+003  1.3656335e+003  4.0000000e-003  1.7830000e+003
  1.9848830e+003  1.3656665e+003  4.0000000e-003  1.7840000e+003
  1.9848850e+003  1.3657055e+003  4.0000000e-003  1.7850000e+003
  1.9848880e+003  1.3656415e+003  4.0000000e-003  1.7860000e+003
  1.9848910e+003  1.3655696e+003  4.0000000e-003  1.7870000e+003
  1.9848930e+003  1.3655337e+003  4.0000000e-003  1.7880000e+003
  1.9848960e+003  1.3654548e+003  4.0000000e-003  1.7890000e+003
  1.9848990e+003  1.3653948e+003  4.0000000e-003  1.7900000e+003
  1.9849020e+003  1.3652370e+003  4.0000000e-003  1.7910000e+003
  1.9849040e+003  1.3651311e+003  4.0000000e-003  1.7920000e+003
  1.9849070e+003  1.3651142e+003  4.0000000e-003  1.7930000e+003
  1.9849100e+003  1.3652580e+003  4.0000000e-003  1.7940000e+003
  1.9849130e+003  1.3654438e+003  4.0000000e-003  1.7950000e+003
  1.9849150e+003  1.3655736e+003  4.0000000e-003  1.7960000e+003
  1.9849180e+003  1.3656875e+003  4.0000000e-003  1.7970000e+003
  1.9849210e+003  1.3657404e+003  4.0000000e-003  1.7980000e+003
  1.9849230e+003  1.3656975e+003  4.0000000e-003  1.7990000e+003
  1.9849260e+003  1.3656006e+003  4.0000000e-003  1.8000000e+003
  1.9849290e+003  1.3655696e+003  4.0000000e-003  1.8010000e+003
  1.9849320e+003  1.3655836e+003  4.0000000e-003  1.8020000e+003
  1.9849340e+003  1.3655476e+003  4.0000000e-003  1.8030000e+003
  1.9849370e+003  1.3655586e+003  4.0000000e-003  1.8040000e+003
  1.9849400e+003  1.3655806e+003  4.0000000e-003  1.8050000e+003
  1.9849430e+003  1.3655846e+003  4.0000000e-003  1.8060000e+003
  1.9849450e+003  1.3654797e+003  4.0000000e-003  1.8070000e+003
  1.9849480e+003  1.3654408e+003  5.0000000e-003  1.8080000e+003
  1.9849510e+003  1.3654757e+003  4.0000000e-003  1.8090000e+003
  1.9849530e+003  1.3654947e+003  4.0000000e-003  1.8100000e+003
  1.9849560e+003  1.3655466e+003  4.0000000e-003  1.8110000e+003
  1.9849590e+003  1.3654458e+003  3.0000000e-003  1.8120000e+003
  1.9849620e+003  1.3654907e+003  4.0000000e-003  1.8130000e+003
  1.9849640e+003  1.3655337e+003  4.0000000e-003  1.8140000e+003
  1.9849670e+003  1.3655936e+003  4.0000000e-003  1.8150000e+003
  1.9849700e+003  1.3656106e+003  4.0000000e-003  1.8160000e+003
  1.9849730e+003  1.3655546e+003  4.0000000e-003  1.8170000e+003
  1.9849750e+003  1.3655556e+003  4.0000000e-003  1.8180000e+003
  1.9849810e+003  1.3654787e+003  5.0000000e-003  1.8200000e+003
  1.9849840e+003  1.3654977e+003  4.0000000e-003  1.8210000e+003
  1.9849860e+003  1.3655666e+003  4.0000000e-003  1.8220000e+003
  1.9849890e+003  1.3655506e+003  4.0000000e-003  1.8230000e+003
  1.9849950e+003  1.3655676e+003  4.0000000e-003  1.8250000e+003
  1.9850000e+003  1.3656006e+003  4.0000000e-003  1.8270000e+003
  1.9850030e+003  1.3657085e+003  4.0000000e-003  1.8280000e+003
  1.9850050e+003  1.3657704e+003  4.0000000e-003  1.8290000e+003
  1.9850080e+003  1.3656625e+003  4.0000000e-003  1.8300000e+003
  1.9850110e+003  1.3657314e+003  4.0000000e-003  1.8310000e+003
  1.9850140e+003  1.3657164e+003  4.0000000e-003  1.8320000e+003
  1.9850190e+003  1.3656785e+003  4.0000000e-003  1.8340000e+003
  1.9850250e+003  1.3655876e+003  1.4000000e-002  1.8360000e+003
  1.9850270e+003  1.3655227e+003  5.0000000e-003  1.8370000e+003
  1.9850300e+003  1.3655067e+003  4.0000000e-003  1.8380000e+003
  1.9850330e+003  1.3655177e+003  4.0000000e-003  1.8390000e+003
  1.9850360e+003  1.3654178e+003  5.0000000e-003  1.8400000e+003
  1.9850380e+003  1.3653559e+003  5.0000000e-003  1.8410000e+003
  1.9850410e+003  1.3653569e+003  4.0000000e-003  1.8420000e+003
  1.9850440e+003  1.3653199e+003  3.0000000e-003  1.8430000e+003
  1.9850470e+003  1.3653119e+003  5.0000000e-003  1.8440000e+003
  1.9850490e+003  1.3654118e+003  4.0000000e-003  1.8450000e+003
  1.9850520e+003  1.3653569e+003  7.0000000e-003  1.8460000e+003
  1.9850550e+003  1.3650932e+003  4.0000000e-003  1.8470000e+003
  1.9850570e+003  1.3650512e+003  4.0000000e-003  1.8480000e+003
  1.9850600e+003  1.3652021e+003  5.0000000e-003  1.8490000e+003
  1.9850630e+003  1.3654428e+003  4.0000000e-003  1.8500000e+003
  1.9850660e+003  1.3655057e+003  6.0000000e-003  1.8510000e+003
  1.9850680e+003  1.3654717e+003  4.0000000e-003  1.8520000e+003
  1.9850710e+003  1.3654278e+003  4.0000000e-003  1.8530000e+003
  1.9850740e+003  1.3654218e+003  4.0000000e-003  1.8540000e+003
  1.9850770e+003  1.3654468e+003  4.0000000e-003  1.8550000e+003
  1.9850790e+003  1.3654108e+003  4.0000000e-003  1.8560000e+003
  1.9850820e+003  1.3654208e+003  4.0000000e-003  1.8570000e+003
  1.9850850e+003  1.3654218e+003  4.0000000e-003  1.8580000e+003
  1.9850880e+003  1.3654028e+003  4.0000000e-003  1.8590000e+003
  1.9850900e+003  1.3653149e+003  4.0000000e-003  1.8600000e+003
  1.9850930e+003  1.3654408e+003  4.0000000e-003  1.8610000e+003
  1.9850960e+003  1.3655706e+003  4.0000000e-003  1.8620000e+003
  1.9850990e+003  1.3655287e+003  5.0000000e-003  1.8630000e+003
  1.9851010e+003  1.3655227e+003  4.0000000e-003  1.8640000e+003
  1.9851040e+003  1.3654987e+003  5.0000000e-003  1.8650000e+003
  1.9851070e+003  1.3655227e+003  4.0000000e-003  1.8660000e+003
  1.9851100e+003  1.3656076e+003  5.0000000e-003  1.8670000e+003
  1.9851120e+003  1.3656415e+003  4.0000000e-003  1.8680000e+003
  1.9851150e+003  1.3655966e+003  4.0000000e-003  1.8690000e+003
  1.9851180e+003  1.3655766e+003  4.0000000e-003  1.8700000e+003
  1.9851210e+003  1.3655367e+003  4.0000000e-003  1.8710000e+003
  1.9851230e+003  1.3655137e+003  4.0000000e-003  1.8720000e+003
  1.9851260e+003  1.3655087e+003  5.0000000e-003  1.8730000e+003
  1.9851290e+003  1.3654987e+003  4.0000000e-003  1.8740000e+003
  1.9851310e+003  1.3655087e+003  4.0000000e-003  1.8750000e+003
  1.9851340e+003  1.3655506e+003  4.0000000e-003  1.8760000e+003
  1.9851370e+003  1.3655466e+003  4.0000000e-003  1.8770000e+003
  1.9851400e+003  1.3655287e+003  4.0000000e-003  1.8780000e+003
  1.9851420e+003  1.3654827e+003  4.0000000e-003  1.8790000e+003
  1.9851450e+003  1.3654408e+003  4.0000000e-003  1.8800000e+003
  1.9851480e+003  1.3654428e+003  5.0000000e-003  1.8810000e+003
  1.9851510e+003  1.3654098e+003  5.0000000e-003  1.8820000e+003
  1.9851530e+003  1.3653749e+003  4.0000000e-003  1.8830000e+003
  1.9851560e+003  1.3653629e+003  4.0000000e-003  1.8840000e+003
  1.9851590e+003  1.3653619e+003  4.0000000e-003  1.8850000e+003
  1.9851620e+003  1.3654138e+003  6.0000000e-003  1.8860000e+003
  1.9851640e+003  1.3654408e+003  4.0000000e-003  1.8870000e+003
  1.9851670e+003  1.3655347e+003  5.0000000e-003  1.8880000e+003
  1.9851700e+003  1.3653908e+003  5.0000000e-003  1.8890000e+003
  1.9851730e+003  1.3653499e+003  4.0000000e-003  1.8900000e+003
  1.9851750e+003  1.3653569e+003  5.0000000e-003  1.8910000e+003
  1.9851780e+003  1.3653848e+003  4.0000000e-003  1.8920000e+003
  1.9851810e+003  1.3653539e+003  4.0000000e-003  1.8930000e+003
  1.9851840e+003  1.3653769e+003  4.0000000e-003  1.8940000e+003
  1.9851860e+003  1.3653988e+003  4.0000000e-003  1.8950000e+003
  1.9851890e+003  1.3654368e+003  4.0000000e-003  1.8960000e+003
  1.9851920e+003  1.3653769e+003  1.0000000e-002  1.8970000e+003
  1.9851950e+003  1.3654188e+003  5.0000000e-003  1.8980000e+003
  1.9851970e+003  1.3654238e+003  4.0000000e-003  1.8990000e+003
  1.9852000e+003  1.3654288e+003  4.0000000e-003  1.9000000e+003
  1.9852030e+003  1.3653898e+003  5.0000000e-003  1.9010000e+003
  1.9852050e+003  1.3654068e+003  5.0000000e-003  1.9020000e+003
  1.9852080e+003  1.3653948e+003  4.0000000e-003  1.9030000e+003
  1.9852110e+003  1.3654468e+003  4.0000000e-003  1.9040000e+003
  1.9852140e+003  1.3654637e+003  4.0000000e-003  1.9050000e+003
  1.9852160e+003  1.3654687e+003  4.0000000e-003  1.9060000e+003
  1.9852190e+003  1.3654947e+003  4.0000000e-003  1.9070000e+003
  1.9852220e+003  1.3654867e+003  4.0000000e-003  1.9080000e+003
  1.9852250e+003  1.3654887e+003  4.0000000e-003  1.9090000e+003
  1.9852270e+003  1.3654388e+003  4.0000000e-003  1.9100000e+003
  1.9852300e+003  1.3653289e+003  5.0000000e-003  1.9110000e+003
  1.9852330e+003  1.3652840e+003  4.0000000e-003  1.9120000e+003
  1.9852360e+003  1.3652480e+003  7.0000000e-003  1.9130000e+003
  1.9852380e+003  1.3652240e+003  5.0000000e-003  1.9140000e+003
  1.9852410e+003  1.3652660e+003  4.0000000e-003  1.9150000e+003
  1.9852440e+003  1.3652870e+003  1.3000000e-002  1.9160000e+003
  1.9852470e+003  1.3653609e+003  6.0000000e-003  1.9170000e+003
  1.9852490e+003  1.3653868e+003  5.0000000e-003  1.9180000e+003
  1.9852520e+003  1.3654608e+003  5.0000000e-003  1.9190000e+003
  1.9852550e+003  1.3653439e+003  4.0000000e-003  1.9200000e+003
  1.9852580e+003  1.3653159e+003  4.0000000e-003  1.9210000e+003
  1.9852600e+003  1.3653449e+003  7.0000000e-003  1.9220000e+003
  1.9852630e+003  1.3653988e+003  5.0000000e-003  1.9230000e+003
  1.9852660e+003  1.3653219e+003  4.0000000e-003  1.9240000e+003
  1.9852680e+003  1.3653469e+003  4.0000000e-003  1.9250000e+003
  1.9852710e+003  1.3653389e+003  6.0000000e-003  1.9260000e+003
  1.9852740e+003  1.3653609e+003  5.0000000e-003  1.9270000e+003
  1.9852770e+003  1.3653159e+003  4.0000000e-003  1.9280000e+003
  1.9852790e+003  1.3653129e+003  6.0000000e-003  1.9290000e+003
  1.9852820e+003  1.3653369e+003  6.0000000e-003  1.9300000e+003
  1.9852850e+003  1.3653399e+003  7.0000000e-003  1.9310000e+003
  1.9852880e+003  1.3653329e+003  3.0000000e-003  1.9320000e+003
  1.9852900e+003  1.3653599e+003  5.0000000e-003  1.9330000e+003
  1.9852930e+003  1.3654278e+003  7.0000000e-003  1.9340000e+003
  1.9852960e+003  1.3653789e+003  5.0000000e-003  1.9350000e+003
  1.9852990e+003  1.3654118e+003  5.0000000e-003  1.9360000e+003
  1.9853010e+003  1.3654448e+003  4.0000000e-003  1.9370000e+003
  1.9853040e+003  1.3653848e+003  5.0000000e-003  1.9380000e+003
  1.9853070e+003  1.3651381e+003  5.0000000e-003  1.9390000e+003
  1.9853100e+003  1.3648805e+003  5.0000000e-003  1.9400000e+003
  1.9853120e+003  1.3646957e+003  4.0000000e-003  1.9410000e+003
  1.9853150e+003  1.3646417e+003  5.0000000e-003  1.9420000e+003
  1.9853180e+003  1.3646517e+003  4.0000000e-003  1.9430000e+003
  1.9853210e+003  1.3648455e+003  4.0000000e-003  1.9440000e+003
  1.9853230e+003  1.3651032e+003  4.0000000e-003  1.9450000e+003
  1.9853260e+003  1.3652071e+003  5.0000000e-003  1.9460000e+003
  1.9853290e+003  1.3653119e+003  4.0000000e-003  1.9470000e+003
  1.9853320e+003  1.3655466e+003  5.0000000e-003  1.9480000e+003
  1.9853340e+003  1.3655496e+003  4.0000000e-003  1.9490000e+003
  1.9853370e+003  1.3654378e+003  5.0000000e-003  1.9500000e+003
  1.9853400e+003  1.3654558e+003  5.0000000e-003  1.9510000e+003
  1.9853420e+003  1.3654178e+003  6.0000000e-003  1.9520000e+003
  1.9853450e+003  1.3653559e+003  5.0000000e-003  1.9530000e+003
  1.9853480e+003  1.3653679e+003  4.0000000e-003  1.9540000e+003
  1.9853510e+003  1.3652610e+003  4.0000000e-003  1.9550000e+003
  1.9853530e+003  1.3652330e+003  4.0000000e-003  1.9560000e+003
  1.9853560e+003  1.3651471e+003  5.0000000e-003  1.9570000e+003
  1.9853590e+003  1.3650093e+003  6.0000000e-003  1.9580000e+003
  1.9853620e+003  1.3649693e+003  5.0000000e-003  1.9590000e+003
  1.9853640e+003  1.3649204e+003  4.0000000e-003  1.9600000e+003
  1.9853670e+003  1.3649434e+003  4.0000000e-003  1.9610000e+003
  1.9853700e+003  1.3650463e+003  4.0000000e-003  1.9620000e+003
  1.9853730e+003  1.3652320e+003  5.0000000e-003  1.9630000e+003
  1.9853810e+003  1.3654508e+003  4.0000000e-003  1.9660000e+003
  1.9853840e+003  1.3653199e+003  4.0000000e-003  1.9670000e+003
  1.9853860e+003  1.3652680e+003  6.0000000e-003  1.9680000e+003
  1.9853890e+003  1.3652969e+003  5.0000000e-003  1.9690000e+003
  1.9853920e+003  1.3653469e+003  5.0000000e-003  1.9700000e+003
  1.9853950e+003  1.3653888e+003  5.0000000e-003  1.9710000e+003
  1.9853970e+003  1.3654198e+003  5.0000000e-003  1.9720000e+003
  1.9854000e+003  1.3654488e+003  4.0000000e-003  1.9730000e+003
  1.9854030e+003  1.3654498e+003  5.0000000e-003  1.9740000e+003
  1.9854060e+003  1.3653838e+003  5.0000000e-003  1.9750000e+003
  1.9854080e+003  1.3653069e+003  5.0000000e-003  1.9760000e+003
  1.9854110e+003  1.3652930e+003  4.0000000e-003  1.9770000e+003
  1.9854140e+003  1.3655087e+003  3.4000000e-002  1.9780000e+003
  1.9854160e+003  1.3653529e+003  5.0000000e-003  1.9790000e+003
  1.9854190e+003  1.3653459e+003  4.0000000e-003  1.9800000e+003
  1.9854220e+003  1.3653739e+003  4.0000000e-003  1.9810000e+003
  1.9854250e+003  1.3653878e+003  1.0000000e-003  1.9820000e+003
  1.9854270e+003  1.3653848e+003  2.2000000e-002  1.9830000e+003
  1.9854300e+003  1.3653749e+003  5.0000000e-003  1.9840000e+003
  1.9854330e+003  1.3652790e+003  4.0000000e-003  1.9850000e+003
  1.9854360e+003  1.3654188e+003  1.3000000e-002  1.9860000e+003
  1.9854380e+003  1.3652240e+003  5.0000000e-003  1.9870000e+003
  1.9854410e+003  1.3651511e+003  5.0000000e-003  1.9880000e+003
  1.9854440e+003  1.3651741e+003  4.0000000e-003  1.9890000e+003
  1.9854470e+003  1.3653938e+003  4.0000000e-003  1.9900000e+003
  1.9854490e+003  1.3654937e+003  5.0000000e-003  1.9910000e+003
  1.9854550e+003  1.3656196e+003  4.0000000e-003  1.9930000e+003
  1.9854580e+003  1.3656315e+003  4.0000000e-003  1.9940000e+003
  1.9854600e+003  1.3655956e+003  5.0000000e-003  1.9950000e+003
  1.9854630e+003  1.3655167e+003  5.0000000e-003  1.9960000e+003
  1.9854660e+003  1.3654647e+003  4.0000000e-003  1.9970000e+003
  1.9854690e+003  1.3654298e+003  5.0000000e-003  1.9980000e+003
  1.9854710e+003  1.3653968e+003  5.0000000e-003  1.9990000e+003
  1.9854740e+003  1.3653938e+003  4.0000000e-003  2.0000000e+003
  1.9854770e+003  1.3652640e+003  3.5000000e-002  2.0010000e+003
  1.9854790e+003  1.3653029e+003  6.0000000e-003  2.0020000e+003
  1.9854820e+003  1.3652590e+003  5.0000000e-003  2.0030000e+003
  1.9854850e+003  1.3652730e+003  5.0000000e-003  2.0040000e+003
  1.9854880e+003  1.3652290e+003  4.0000000e-003  2.0050000e+003
  1.9854900e+003  1.3652540e+003  7.0000000e-003  2.0060000e+003
  1.9854930e+003  1.3652950e+003  5.0000000e-003  2.0070000e+003
  1.9854960e+003  1.3654068e+003  5.0000000e-003  2.0080000e+003
  1.9854990e+003  1.3654787e+003  5.0000000e-003  2.0090000e+003
  1.9855010e+003  1.3655427e+003  5.0000000e-003  2.0100000e+003
  1.9855040e+003  1.3653499e+003  5.0000000e-003  2.0110000e+003
  1.9855070e+003  1.3653609e+003  5.0000000e-003  2.0120000e+003
  1.9855100e+003  1.3652460e+003  4.0000000e-003  2.0130000e+003
  1.9855120e+003  1.3650602e+003  5.0000000e-003  2.0140000e+003
  1.9855150e+003  1.3648545e+003  4.0000000e-003  2.0150000e+003
  1.9855180e+003  1.3648825e+003  5.0000000e-003  2.0160000e+003
  1.9855210e+003  1.3649893e+003  5.0000000e-003  2.0170000e+003
  1.9855230e+003  1.3651341e+003  4.0000000e-003  2.0180000e+003
  1.9855260e+003  1.3653579e+003  5.0000000e-003  2.0190000e+003
  1.9855290e+003  1.3654138e+003  5.0000000e-003  2.0200000e+003
  1.9855310e+003  1.3654008e+003  5.0000000e-003  2.0210000e+003
  1.9855340e+003  1.3653559e+003  5.0000000e-003  2.0220000e+003
  1.9855370e+003  1.3653139e+003  4.0000000e-003  2.0230000e+003
  1.9855400e+003  1.3653229e+003  4.0000000e-003  2.0240000e+003
  1.9855420e+003  1.3653349e+003  5.0000000e-003  2.0250000e+003
  1.9855450e+003  1.3653279e+003  5.0000000e-003  2.0260000e+003
  1.9855480e+003  1.3653199e+003  9.0000000e-003  2.0270000e+003
  1.9855510e+003  1.3653729e+003  4.0000000e-003  2.0280000e+003
  1.9855530e+003  1.3653649e+003  4.0000000e-003  2.0290000e+003
  1.9855560e+003  1.3653189e+003  5.0000000e-003  2.0300000e+003
  1.9855590e+003  1.3653179e+003  4.0000000e-003  2.0310000e+003
  1.9855620e+003  1.3653029e+003  4.0000000e-003  2.0320000e+003
  1.9855640e+003  1.3653459e+003  4.0000000e-003  2.0330000e+003
  1.9855670e+003  1.3654028e+003  5.0000000e-003  2.0340000e+003
  1.9855700e+003  1.3655317e+003  4.0000000e-003  2.0350000e+003
  1.9855730e+003  1.3655656e+003  5.0000000e-003  2.0360000e+003
  1.9855750e+003  1.3656315e+003  5.0000000e-003  2.0370000e+003
  1.9855780e+003  1.3655926e+003  4.0000000e-003  2.0380000e+003
  1.9855810e+003  1.3656036e+003  4.0000000e-003  2.0390000e+003
  1.9855840e+003  1.3655357e+003  5.0000000e-003  2.0400000e+003
  1.9855860e+003  1.3655327e+003  5.0000000e-003  2.0410000e+003
  1.9855890e+003  1.3655906e+003  4.0000000e-003  2.0420000e+003
  1.9855920e+003  1.3655606e+003  4.0000000e-003  2.0430000e+003
  1.9855940e+003  1.3655866e+003  4.0000000e-003  2.0440000e+003
  1.9855970e+003  1.3656076e+003  5.0000000e-003  2.0450000e+003
  1.9856000e+003  1.3655906e+003  5.0000000e-003  2.0460000e+003
  1.9856030e+003  1.3655317e+003  5.0000000e-003  2.0470000e+003
  1.9856050e+003  1.3653858e+003  6.0000000e-003  2.0480000e+003
  1.9856080e+003  1.3653339e+003  5.0000000e-003  2.0490000e+003
  1.9856110e+003  1.3652780e+003  4.0000000e-003  2.0500000e+003
  1.9856140e+003  1.3652680e+003  5.0000000e-003  2.0510000e+003
  1.9856160e+003  1.3652470e+003  3.0000000e-003  2.0520000e+003
  1.9856190e+003  1.3652950e+003  4.0000000e-003  2.0530000e+003
  1.9856220e+003  1.3653149e+003  4.0000000e-003  2.0540000e+003
  1.9856250e+003  1.3652999e+003  4.0000000e-003  2.0550000e+003
  1.9856270e+003  1.3652740e+003  5.0000000e-003  2.0560000e+003
  1.9856300e+003  1.3652300e+003  5.0000000e-003  2.0570000e+003
  1.9856330e+003  1.3652590e+003  4.0000000e-003  2.0580000e+003
  1.9856360e+003  1.3652330e+003  4.0000000e-003  2.0590000e+003
  1.9856380e+003  1.3653179e+003  4.0000000e-003  2.0600000e+003
  1.9856410e+003  1.3653009e+003  4.0000000e-003  2.0610000e+003
  1.9856440e+003  1.3653888e+003  4.0000000e-003  2.0620000e+003
  1.9856470e+003  1.3654348e+003  5.0000000e-003  2.0630000e+003
  1.9856490e+003  1.3654657e+003  4.0000000e-003  2.0640000e+003
  1.9856520e+003  1.3654797e+003  5.0000000e-003  2.0650000e+003
  1.9856550e+003  1.3654927e+003  4.0000000e-003  2.0660000e+003
  1.9856580e+003  1.3654777e+003  4.0000000e-003  2.0670000e+003
  1.9856600e+003  1.3654887e+003  4.0000000e-003  2.0680000e+003
  1.9856630e+003  1.3654987e+003  4.0000000e-003  2.0690000e+003
  1.9856660e+003  1.3654777e+003  4.0000000e-003  2.0700000e+003
  1.9856680e+003  1.3655067e+003  6.0000000e-003  2.0710000e+003
  1.9856710e+003  1.3656945e+003  4.0000000e-003  2.0720000e+003
  1.9856740e+003  1.3654568e+003  4.0000000e-003  2.0730000e+003
  1.9856770e+003  1.3653988e+003  5.0000000e-003  2.0740000e+003
  1.9856790e+003  1.3653429e+003  4.0000000e-003  2.0750000e+003
  1.9856820e+003  1.3653729e+003  5.0000000e-003  2.0760000e+003
  1.9856850e+003  1.3653639e+003  5.0000000e-003  2.0770000e+003
  1.9856880e+003  1.3653169e+003  5.0000000e-003  2.0780000e+003
  1.9856900e+003  1.3653359e+003  4.0000000e-003  2.0790000e+003
  1.9856930e+003  1.3653559e+003  4.0000000e-003  2.0800000e+003
  1.9856960e+003  1.3653419e+003  4.0000000e-003  2.0810000e+003
  1.9856990e+003  1.3653299e+003  5.0000000e-003  2.0820000e+003
  1.9857010e+003  1.3653958e+003  4.0000000e-003  2.0830000e+003
  1.9857040e+003  1.3653579e+003  4.0000000e-003  2.0840000e+003
  1.9857070e+003  1.3653469e+003  4.0000000e-003  2.0850000e+003
  1.9857100e+003  1.3653369e+003  5.0000000e-003  2.0860000e+003
  1.9857120e+003  1.3653109e+003  5.0000000e-003  2.0870000e+003
  1.9857150e+003  1.3652940e+003  5.0000000e-003  2.0880000e+003
  1.9857180e+003  1.3653219e+003  4.0000000e-003  2.0890000e+003
  1.9857210e+003  1.3653399e+003  4.0000000e-003  2.0900000e+003
  1.9857230e+003  1.3654218e+003  5.0000000e-003  2.0910000e+003
  1.9857260e+003  1.3654228e+003  4.0000000e-003  2.0920000e+003
  1.9857290e+003  1.3654268e+003  5.0000000e-003  2.0930000e+003
  1.9857340e+003  1.3653779e+003  4.0000000e-003  2.0950000e+003
  1.9857370e+003  1.3653719e+003  4.0000000e-003  2.0960000e+003
  1.9857400e+003  1.3652660e+003  1.0000000e-002  2.0970000e+003
  1.9857420e+003  1.3653559e+003  4.0000000e-003  2.0980000e+003
  1.9857450e+003  1.3653339e+003  4.0000000e-003  2.0990000e+003
  1.9857480e+003  1.3653689e+003  5.0000000e-003  2.1000000e+003
  1.9857510e+003  1.3653828e+003  4.0000000e-003  2.1010000e+003
  1.9857530e+003  1.3652640e+003  4.0000000e-003  2.1020000e+003
  1.9857560e+003  1.3652890e+003  4.0000000e-003  2.1030000e+003
  1.9857590e+003  1.3652690e+003  5.0000000e-003  2.1040000e+003
  1.9857620e+003  1.3652180e+003  5.0000000e-003  2.1050000e+003
  1.9857640e+003  1.3652690e+003  4.0000000e-003  2.1060000e+003
  1.9857670e+003  1.3653019e+003  4.0000000e-003  2.1070000e+003
  1.9857700e+003  1.3652800e+003  4.0000000e-003  2.1080000e+003
  1.9857730e+003  1.3652520e+003  5.0000000e-003  2.1090000e+003
  1.9857780e+003  1.3653049e+003  4.0000000e-003  2.1110000e+003
  1.9857810e+003  1.3653029e+003  4.0000000e-003  2.1120000e+003
  1.9857840e+003  1.3652450e+003  4.0000000e-003  2.1130000e+003
  1.9857860e+003  1.3652850e+003  5.0000000e-003  2.1140000e+003
  1.9857890e+003  1.3653069e+003  5.0000000e-003  2.1150000e+003
  1.9857920e+003  1.3654268e+003  5.0000000e-003  2.1160000e+003
  1.9857950e+003  1.3654028e+003  5.0000000e-003  2.1170000e+003
  1.9857970e+003  1.3653679e+003  4.0000000e-003  2.1180000e+003
  1.9858000e+003  1.3652670e+003  4.0000000e-003  2.1190000e+003
  1.9858030e+003  1.3651541e+003  4.0000000e-003  2.1200000e+003
  1.9858050e+003  1.3650403e+003  4.0000000e-003  2.1210000e+003
  1.9858080e+003  1.3648105e+003  5.0000000e-003  2.1220000e+003
  1.9858140e+003  1.3650542e+003  4.0000000e-003  2.1240000e+003
  1.9858160e+003  1.3653479e+003  4.0000000e-003  2.1250000e+003
  1.9858190e+003  1.3654917e+003  4.0000000e-003  2.1260000e+003
  1.9858220e+003  1.3654877e+003  4.0000000e-003  2.1270000e+003
  1.9858250e+003  1.3654238e+003  4.0000000e-003  2.1280000e+003
  1.9858270e+003  1.3653499e+003  4.0000000e-003  2.1290000e+003
  1.9858300e+003  1.3652770e+003  4.0000000e-003  2.1300000e+003
  1.9858330e+003  1.3652790e+003  4.0000000e-003  2.1310000e+003
  1.9858360e+003  1.3653429e+003  5.0000000e-003  2.1320000e+003
  1.9858380e+003  1.3654088e+003  5.0000000e-003  2.1330000e+003
  1.9858410e+003  1.3653179e+003  4.0000000e-003  2.1340000e+003
  1.9858440e+003  1.3653059e+003  4.0000000e-003  2.1350000e+003
  1.9858470e+003  1.3652770e+003  5.0000000e-003  2.1360000e+003
  1.9858490e+003  1.3652390e+003  5.0000000e-003  2.1370000e+003
  1.9858520e+003  1.3652750e+003  5.0000000e-003  2.1380000e+003
  1.9858550e+003  1.3652999e+003  8.0000000e-003  2.1390000e+003
  1.9858580e+003  1.3652890e+003  5.0000000e-003  2.1400000e+003
  1.9858600e+003  1.3653369e+003  5.0000000e-003  2.1410000e+003
  1.9858630e+003  1.3653749e+003  4.0000000e-003  2.1420000e+003
  1.9858660e+003  1.3654168e+003  5.0000000e-003  2.1430000e+003
  1.9858690e+003  1.3654927e+003  4.0000000e-003  2.1440000e+003
  1.9858710e+003  1.3654228e+003  9.0000000e-003  2.1450000e+003
  1.9858740e+003  1.3653139e+003  4.0000000e-003  2.1460000e+003
  1.9858790e+003  1.3653419e+003  4.0000000e-003  2.1480000e+003
  1.9858820e+003  1.3653848e+003  5.0000000e-003  2.1490000e+003
  1.9858850e+003  1.3654398e+003  4.0000000e-003  2.1500000e+003
  1.9858880e+003  1.3654877e+003  4.0000000e-003  2.1510000e+003
  1.9858900e+003  1.3655606e+003  4.0000000e-003  2.1520000e+003
  1.9858930e+003  1.3656056e+003  4.0000000e-003  2.1530000e+003
  1.9858990e+003  1.3654837e+003  3.0000000e-003  2.1550000e+003
  1.9859010e+003  1.3654438e+003  4.0000000e-003  2.1560000e+003
  1.9859230e+003  1.3651182e+003  7.0000000e-003  2.1640000e+003
  1.9859260e+003  1.3652520e+003  4.0000000e-003  2.1650000e+003
  1.9859290e+003  1.3652969e+003  5.0000000e-003  2.1660000e+003
  1.9859320e+003  1.3653299e+003  5.0000000e-003  2.1670000e+003
  1.9859340e+003  1.3653539e+003  4.0000000e-003  2.1680000e+003
  1.9859370e+003  1.3653828e+003  4.0000000e-003  2.1690000e+003
  1.9859400e+003  1.3654847e+003  5.0000000e-003  2.1700000e+003
  1.9859430e+003  1.3656036e+003  4.0000000e-003  2.1710000e+003
  1.9859450e+003  1.3655746e+003  4.0000000e-003  2.1720000e+003
  1.9859480e+003  1.3655456e+003  4.0000000e-003  2.1730000e+003
  1.9859510e+003  1.3655317e+003  4.0000000e-003  2.1740000e+003
  1.9859530e+003  1.3655147e+003  4.0000000e-003  2.1750000e+003
  1.9859560e+003  1.3654618e+003  4.0000000e-003  2.1760000e+003
  1.9859590e+003  1.3653619e+003  4.0000000e-003  2.1770000e+003
  1.9859620e+003  1.3653808e+003  4.0000000e-003  2.1780000e+003
  1.9859640e+003  1.3654827e+003  5.0000000e-003  2.1790000e+003
  1.9859670e+003  1.3655606e+003  4.0000000e-003  2.1800000e+003
  1.9859700e+003  1.3654997e+003  4.0000000e-003  2.1810000e+003
  1.9859730e+003  1.3654558e+003  4.0000000e-003  2.1820000e+003
  1.9859750e+003  1.3653868e+003  4.0000000e-003  2.1830000e+003
  1.9859780e+003  1.3653559e+003  7.0000000e-003  2.1840000e+003
  1.9859810e+003  1.3652250e+003  5.0000000e-003  2.1850000e+003
  1.9859840e+003  1.3652490e+003  4.0000000e-003  2.1860000e+003
  1.9859860e+003  1.3652860e+003  4.0000000e-003  2.1870000e+003
  1.9859890e+003  1.3653349e+003  4.0000000e-003  2.1880000e+003
  1.9859920e+003  1.3653479e+003  4.0000000e-003  2.1890000e+003
  1.9859950e+003  1.3653419e+003  4.0000000e-003  2.1900000e+003
  1.9859970e+003  1.3653399e+003  5.0000000e-003  2.1910000e+003
  1.9860000e+003  1.3653299e+003  4.0000000e-003  2.1920000e+003
  1.9860030e+003  1.3653089e+003  4.0000000e-003  2.1930000e+003
  1.9860050e+003  1.3653389e+003  4.0000000e-003  2.1940000e+003
  1.9860080e+003  1.3654618e+003  5.0000000e-003  2.1950000e+003
  1.9860110e+003  1.3654627e+003  4.0000000e-003  2.1960000e+003
  1.9860140e+003  1.3655476e+003  4.0000000e-003  2.1970000e+003
  1.9860160e+003  1.3656116e+003  4.0000000e-003  2.1980000e+003
  1.9860190e+003  1.3656845e+003  4.0000000e-003  2.1990000e+003
  1.9860220e+003  1.3657834e+003  9.0000000e-003  2.2000000e+003
  1.9860600e+003  1.3652520e+003  6.0000000e-003  2.2140000e+003
  1.9860630e+003  1.3652510e+003  4.0000000e-003  2.2150000e+003
  1.9860660e+003  1.3652580e+003  4.0000000e-003  2.2160000e+003
  1.9860680e+003  1.3652960e+003  5.0000000e-003  2.2170000e+003
  1.9860710e+003  1.3652370e+003  4.0000000e-003  2.2180000e+003
  1.9860740e+003  1.3652410e+003  4.0000000e-003  2.2190000e+003
  1.9860770e+003  1.3652150e+003  5.0000000e-003  2.2200000e+003
  1.9860790e+003  1.3651931e+003  0.0000000e+000  2.2210000e+003
  1.9860820e+003  1.3653099e+003  3.0000000e-003  2.2220000e+003
  1.9860850e+003  1.3654108e+003  4.0000000e-003  2.2230000e+003
  1.9860880e+003  1.3654398e+003  4.0000000e-003  2.2240000e+003
  1.9860900e+003  1.3653099e+003  4.0000000e-003  2.2250000e+003
  1.9860930e+003  1.3650193e+003  5.0000000e-003  2.2260000e+003
  1.9860960e+003  1.3649644e+003  4.0000000e-003  2.2270000e+003
  1.9860990e+003  1.3649733e+003  4.0000000e-003  2.2280000e+003
  1.9861010e+003  1.3650612e+003  4.0000000e-003  2.2290000e+003
  1.9861040e+003  1.3652470e+003  4.0000000e-003  2.2300000e+003
  1.9861070e+003  1.3653389e+003  1.1000000e-002  2.2310000e+003
  1.9861100e+003  1.3653818e+003  4.0000000e-003  2.2320000e+003
  1.9861120e+003  1.3653019e+003  4.0000000e-003  2.2330000e+003
  1.9861150e+003  1.3651791e+003  4.0000000e-003  2.2340000e+003
  1.9861180e+003  1.3651561e+003  4.0000000e-003  2.2350000e+003
  1.9861210e+003  1.3653339e+003  5.0000000e-003  2.2360000e+003
  1.9861230e+003  1.3653928e+003  5.0000000e-003  2.2370000e+003
  1.9861260e+003  1.3653339e+003  5.0000000e-003  2.2380000e+003
  1.9861290e+003  1.3653499e+003  4.0000000e-003  2.2390000e+003
  1.9861310e+003  1.3653619e+003  4.0000000e-003  2.2400000e+003
  1.9861340e+003  1.3653529e+003  5.0000000e-003  2.2410000e+003
  1.9861370e+003  1.3652560e+003  5.0000000e-003  2.2420000e+003
  1.9861400e+003  1.3653319e+003  4.0000000e-003  2.2430000e+003
  1.9861420e+003  1.3653359e+003  3.0000000e-003  2.2440000e+003
  1.9861450e+003  1.3653798e+003  4.0000000e-003  2.2450000e+003
  1.9861480e+003  1.3653589e+003  4.0000000e-003  2.2460000e+003
  1.9861510e+003  1.3653539e+003  5.0000000e-003  2.2470000e+003
  1.9861530e+003  1.3653619e+003  4.0000000e-003  2.2480000e+003
  1.9861560e+003  1.3653729e+003  2.0000000e-003  2.2490000e+003
  1.9861590e+003  1.3654078e+003  4.0000000e-003  2.2500000e+003
  1.9861620e+003  1.3654608e+003  4.0000000e-003  2.2510000e+003
  1.9861640e+003  1.3656455e+003  4.0000000e-003  2.2520000e+003
  1.9861670e+003  1.3657414e+003  5.0000000e-003  2.2530000e+003
  1.9861700e+003  1.3654827e+003  4.0000000e-003  2.2540000e+003
  1.9861730e+003  1.3653838e+003  4.0000000e-003  2.2550000e+003
  1.9861750e+003  1.3652620e+003  5.0000000e-003  2.2560000e+003
  1.9861780e+003  1.3652150e+003  4.0000000e-003  2.2570000e+003
  1.9861810e+003  1.3652500e+003  5.0000000e-003  2.2580000e+003
  1.9861840e+003  1.3653389e+003  5.0000000e-003  2.2590000e+003
  1.9861860e+003  1.3654627e+003  4.0000000e-003  2.2600000e+003
  1.9861890e+003  1.3655047e+003  5.0000000e-003  2.2610000e+003
  1.9861920e+003  1.3655197e+003  5.0000000e-003  2.2620000e+003
  1.9861950e+003  1.3654268e+003  4.0000000e-003  2.2630000e+003
  1.9861970e+003  1.3652979e+003  4.0000000e-003  2.2640000e+003
  1.9862030e+003  1.3652250e+003  5.0000000e-003  2.2660000e+003
  1.9862050e+003  1.3652460e+003  5.0000000e-003  2.2670000e+003
  1.9862080e+003  1.3652300e+003  5.0000000e-003  2.2680000e+003
  1.9862110e+003  1.3652210e+003  4.0000000e-003  2.2690000e+003
  1.9862140e+003  1.3652410e+003  5.0000000e-003  2.2700000e+003
  1.9862160e+003  1.3652989e+003  5.0000000e-003  2.2710000e+003
  1.9862190e+003  1.3653149e+003  4.0000000e-003  2.2720000e+003
  1.9862220e+003  1.3653099e+003  4.0000000e-003  2.2730000e+003
  1.9862250e+003  1.3653159e+003  4.0000000e-003  2.2740000e+003
  1.9862270e+003  1.3652989e+003  4.0000000e-003  2.2750000e+003
  1.9862300e+003  1.3653389e+003  4.0000000e-003  2.2760000e+003
  1.9862330e+003  1.3653489e+003  4.0000000e-003  2.2770000e+003
  1.9862360e+003  1.3653699e+003  4.0000000e-003  2.2780000e+003
  1.9862380e+003  1.3654168e+003  4.0000000e-003  2.2790000e+003
  1.9862410e+003  1.3654897e+003  4.0000000e-003  2.2800000e+003
  1.9862440e+003  1.3655007e+003  4.0000000e-003  2.2810000e+003
  1.9862470e+003  1.3654787e+003  4.0000000e-003  2.2820000e+003
  1.9862490e+003  1.3655007e+003  4.0000000e-003  2.2830000e+003
  1.9862520e+003  1.3654398e+003  4.0000000e-003  2.2840000e+003
  1.9862550e+003  1.3653848e+003  4.0000000e-003  2.2850000e+003
  1.9862580e+003  1.3654298e+003  9.0000000e-003  2.2860000e+003
  1.9862600e+003  1.3654128e+003  4.0000000e-003  2.2870000e+003
  1.9862630e+003  1.3653609e+003  4.0000000e-003  2.2880000e+003
  1.9862660e+003  1.3653639e+003  5.0000000e-003  2.2890000e+003
  1.9862680e+003  1.3653729e+003  5.0000000e-003  2.2900000e+003
  1.9862710e+003  1.3653709e+003  4.0000000e-003  2.2910000e+003
  1.9862740e+003  1.3652540e+003  1.0000000e-003  2.2920000e+003
  1.9862770e+003  1.3652920e+003  5.0000000e-003  2.2930000e+003
  1.9862790e+003  1.3652560e+003  5.0000000e-003  2.2940000e+003
  1.9862820e+003  1.3652280e+003  4.0000000e-003  2.2950000e+003
  1.9862850e+003  1.3653499e+003  5.0000000e-003  2.2960000e+003
  1.9862880e+003  1.3653928e+003  5.0000000e-003  2.2970000e+003
  1.9862900e+003  1.3654478e+003  4.0000000e-003  2.2980000e+003
  1.9862930e+003  1.3654178e+003  5.0000000e-003  2.2990000e+003
  1.9862960e+003  1.3653629e+003  5.0000000e-003  2.3000000e+003
  1.9862990e+003  1.3652840e+003  5.0000000e-003  2.3010000e+003
  1.9863010e+003  1.3652580e+003  4.0000000e-003  2.3020000e+003
  1.9863040e+003  1.3652590e+003  5.0000000e-003  2.3030000e+003
  1.9863070e+003  1.3653019e+003  9.0000000e-003  2.3040000e+003
  1.9863100e+003  1.3651711e+003  1.8000000e-002  2.3050000e+003
  1.9863320e+003  1.3653789e+003  1.4000000e-002  2.3130000e+003
  1.9863340e+003  1.3655057e+003  5.7000000e-002  2.3140000e+003
  1.9863370e+003  1.3656865e+003  9.3000000e-002  2.3150000e+003
  1.9863400e+003  1.3653808e+003  7.0000000e-003  2.3160000e+003
  1.9863420e+003  1.3653679e+003  3.7000000e-002  2.3170000e+003
  1.9863450e+003  1.3655536e+003  0.0000000e+000  2.3180000e+003
  1.9863480e+003  1.3652550e+003  1.6000000e-002  2.3190000e+003
  1.9863510e+003  1.3653109e+003  5.0000000e-003  2.3200000e+003
  1.9863530e+003  1.3652670e+003  9.0000000e-003  2.3210000e+003
  1.9863560e+003  1.3653189e+003  2.5000000e-002  2.3220000e+003
  1.9863590e+003  1.3654088e+003  4.4000000e-002  2.3230000e+003
  1.9863620e+003  1.3654987e+003  5.8000000e-002  2.3240000e+003
  1.9863640e+003  1.3653199e+003  8.0000000e-003  2.3250000e+003
  1.9863670e+003  1.3652900e+003  6.0000000e-003  2.3260000e+003
  1.9863700e+003  1.3653249e+003  4.7000000e-002  2.3270000e+003
  1.9863730e+003  1.3653858e+003  1.0000000e-002  2.3280000e+003
  1.9863750e+003  1.3653469e+003  1.2000000e-002  2.3290000e+003
  1.9863780e+003  1.3653769e+003  5.0000000e-003  2.3300000e+003
  1.9863810e+003  1.3654348e+003  3.8000000e-002  2.3310000e+003
  1.9863840e+003  1.3655057e+003  1.7000000e-002  2.3320000e+003
  1.9863860e+003  1.3655656e+003  1.0000000e-002  2.3330000e+003
  1.9863890e+003  1.3656935e+003  6.4000000e-002  2.3340000e+003
  1.9863920e+003  1.3655437e+003  6.0000000e-003  2.3350000e+003
  1.9863950e+003  1.3654598e+003  6.0000000e-003  2.3360000e+003
  1.9863970e+003  1.3654208e+003  6.0000000e-003  2.3370000e+003
  1.9864000e+003  1.3654028e+003  1.3000000e-002  2.3380000e+003
  1.9864030e+003  1.3653769e+003  7.0000000e-003  2.3390000e+003
  1.9864060e+003  1.3654248e+003  5.0000000e-003  2.3400000e+003
  1.9864080e+003  1.3654008e+003  1.5000000e-002  2.3410000e+003
  1.9864110e+003  1.3653449e+003  8.0000000e-003  2.3420000e+003
  1.9864140e+003  1.3652770e+003  7.0000000e-003  2.3430000e+003
  1.9864220e+003  1.3653509e+003  8.1000000e-002  2.3460000e+003
  1.9864250e+003  1.3651991e+003  1.0000000e-002  2.3470000e+003
  1.9864270e+003  1.3651711e+003  1.6000000e-002  2.3480000e+003
  1.9864300e+003  1.3652630e+003  1.3000000e-002  2.3490000e+003
  1.9864330e+003  1.3654168e+003  1.1900000e-001  2.3500000e+003
  1.9864360e+003  1.3652520e+003  1.4000000e-002  2.3510000e+003
  1.9864380e+003  1.3654238e+003  1.0900000e-001  2.3520000e+003
  1.9864410e+003  1.3652989e+003  5.5000000e-002  2.3530000e+003
  1.9864440e+003  1.3652890e+003  1.0000000e-002  2.3540000e+003
  1.9864490e+003  1.3653189e+003  1.0000000e-002  2.3560000e+003
  1.9864520e+003  1.3654657e+003  2.6000000e-002  2.3570000e+003
  1.9864550e+003  1.3653988e+003  1.4000000e-002  2.3580000e+003
  1.9864580e+003  1.3655237e+003  2.8000000e-002  2.3590000e+003
  1.9864600e+003  1.3657604e+003  2.2200000e-001  2.3600000e+003
  1.9864630e+003  1.3654627e+003  9.0000000e-003  2.3610000e+003
  1.9864660e+003  1.3655197e+003  0.0000000e+000  2.3620000e+003
  1.9864690e+003  1.3654807e+003  1.7000000e-002  2.3630000e+003
  1.9864710e+003  1.3655257e+003  2.7000000e-002  2.3640000e+003
  1.9864740e+003  1.3654448e+003  2.2000000e-002  2.3650000e+003
  1.9864770e+003  1.3654857e+003  1.7000000e-002  2.3660000e+003
  1.9864790e+003  1.3654168e+003  1.5000000e-002  2.3670000e+003
  1.9864820e+003  1.3653529e+003  7.0000000e-003  2.3680000e+003
  1.9864850e+003  1.3652710e+003  7.0000000e-003  2.3690000e+003
  1.9864880e+003  1.3652550e+003  9.0000000e-003  2.3700000e+003
  1.9864900e+003  1.3652450e+003  4.0000000e-003  2.3710000e+003
  1.9864930e+003  1.3653099e+003  2.7000000e-002  2.3720000e+003
  1.9864960e+003  1.3654598e+003  1.1100000e-001  2.3730000e+003
  1.9864990e+003  1.3652280e+003  7.0000000e-003  2.3740000e+003
  1.9865010e+003  1.3653938e+003  1.5000000e-002  2.3750000e+003
  1.9865040e+003  1.3656176e+003  9.4000000e-002  2.3760000e+003
  1.9865070e+003  1.3655556e+003  1.2800000e-001  2.3770000e+003
  1.9865100e+003  1.3655097e+003  1.8800000e-001  2.3780000e+003
  1.9865120e+003  1.3652051e+003  1.3000000e-002  2.3790000e+003
  1.9865150e+003  1.3652930e+003  3.2000000e-002  2.3800000e+003
  1.9865180e+003  1.3652250e+003  2.8000000e-002  2.3810000e+003
  1.9865210e+003  1.3652460e+003  4.9000000e-002  2.3820000e+003
  1.9865230e+003  1.3651671e+003  2.0000000e-002  2.3830000e+003
  1.9865260e+003  1.3651331e+003  1.6000000e-002  2.3840000e+003
  1.9865290e+003  1.3652800e+003  3.6000000e-002  2.3850000e+003
  1.9865310e+003  1.3652720e+003  9.0000000e-003  2.3860000e+003
  1.9865340e+003  1.3652910e+003  5.0000000e-003  2.3870000e+003
  1.9865370e+003  1.3653619e+003  7.0000000e-003  2.3880000e+003
  1.9865400e+003  1.3654787e+003  2.3000000e-002  2.3890000e+003
  1.9865420e+003  1.3654787e+003  2.8000000e-002  2.3900000e+003
  1.9865450e+003  1.3653888e+003  4.0000000e-003  2.3910000e+003
  1.9865480e+003  1.3655157e+003  3.3000000e-002  2.3920000e+003
  1.9865510e+003  1.3653519e+003  1.5000000e-002  2.3930000e+003
  1.9865530e+003  1.3653369e+003  1.4000000e-002  2.3940000e+003
  1.9865560e+003  1.3653129e+003  3.4000000e-002  2.3950000e+003
  1.9865590e+003  1.3652989e+003  1.0000000e-002  2.3960000e+003
  1.9865620e+003  1.3652710e+003  2.0000000e-002  2.3970000e+003
  1.9865640e+003  1.3652860e+003  1.1000000e-002  2.3980000e+003
  1.9865670e+003  1.3652930e+003  5.0000000e-003  2.3990000e+003
  1.9865700e+003  1.3652500e+003  6.0000000e-003  2.4000000e+003
  1.9865730e+003  1.3652430e+003  5.0000000e-003  2.4010000e+003
  1.9865750e+003  1.3652490e+003  1.0000000e-002  2.4020000e+003
  1.9865780e+003  1.3652280e+003  3.5000000e-002  2.4030000e+003
  1.9865840e+003  1.3651431e+003  6.0000000e-003  2.4050000e+003
  1.9865860e+003  1.3651701e+003  8.0000000e-003  2.4060000e+003
  1.9865890e+003  1.3652840e+003  7.2000000e-002  2.4070000e+003
  1.9865920e+003  1.3652081e+003  2.6000000e-002  2.4080000e+003
  1.9865940e+003  1.3653459e+003  4.3000000e-002  2.4090000e+003
  1.9865970e+003  1.3652810e+003  9.0000000e-003  2.4100000e+003
  1.9866000e+003  1.3654068e+003  2.2000000e-002  2.4110000e+003
  1.9866030e+003  1.3653559e+003  7.0000000e-003  2.4120000e+003
  1.9866050e+003  1.3653279e+003  1.4000000e-002  2.4130000e+003
  1.9866080e+003  1.3653209e+003  8.0000000e-003  2.4140000e+003
  1.9866110e+003  1.3653968e+003  7.0000000e-003  2.4150000e+003
  1.9866140e+003  1.3653739e+003  1.4000000e-002  2.4160000e+003
  1.9866160e+003  1.3653928e+003  8.0000000e-003  2.4170000e+003
  1.9866190e+003  1.3654148e+003  2.4000000e-002  2.4180000e+003
  1.9866220e+003  1.3653509e+003  8.0000000e-003  2.4190000e+003
  1.9866250e+003  1.3652300e+003  9.1000000e-002  2.4200000e+003
  1.9866270e+003  1.3652969e+003  1.4000000e-002  2.4210000e+003
  1.9866300e+003  1.3652780e+003  8.0000000e-003  2.4220000e+003
  1.9866330e+003  1.3653009e+003  1.1000000e-002  2.4230000e+003
  1.9866360e+003  1.3652650e+003  2.0000000e-002  2.4240000e+003
  1.9866380e+003  1.3652400e+003  8.0000000e-003  2.4250000e+003
  1.9866410e+003  1.3652590e+003  1.0000000e-002  2.4260000e+003
  1.9866440e+003  1.3652550e+003  1.2000000e-002  2.4270000e+003
  1.9866470e+003  1.3654198e+003  2.8000000e-002  2.4280000e+003
  1.9866490e+003  1.3652630e+003  8.0000000e-003  2.4290000e+003
  1.9866520e+003  1.3653569e+003  3.6000000e-002  2.4300000e+003
  1.9866550e+003  1.3651861e+003  2.7000000e-002  2.4310000e+003
  1.9866580e+003  1.3651501e+003  5.0000000e-003  2.4320000e+003
  1.9866600e+003  1.3651711e+003  1.3000000e-002  2.4330000e+003
  1.9866630e+003  1.3652940e+003  3.7000000e-002  2.4340000e+003
  1.9866660e+003  1.3651881e+003  1.8000000e-002  2.4350000e+003
  1.9866680e+003  1.3652300e+003  6.0000000e-003  2.4360000e+003
  1.9866710e+003  1.3654398e+003  1.6000000e-002  2.4370000e+003
  1.9866740e+003  1.3652160e+003  1.0000000e-002  2.4380000e+003
  1.9866770e+003  1.3652690e+003  1.7000000e-002  2.4390000e+003
  1.9866790e+003  1.3652720e+003  9.0000000e-003  2.4400000e+003
  1.9866820e+003  1.3652940e+003  1.3000000e-002  2.4410000e+003
  1.9866850e+003  1.3653329e+003  1.1000000e-002  2.4420000e+003
  1.9866880e+003  1.3652750e+003  1.3000000e-002  2.4430000e+003
  1.9866900e+003  1.3652880e+003  1.4000000e-002  2.4440000e+003
  1.9866930e+003  1.3652969e+003  1.6000000e-002  2.4450000e+003
  1.9866960e+003  1.3652969e+003  1.7000000e-002  2.4460000e+003
  1.9866990e+003  1.3652920e+003  2.6000000e-002  2.4470000e+003
  1.9867010e+003  1.3653059e+003  1.5000000e-002  2.4480000e+003
  1.9867040e+003  1.3654747e+003  5.5000000e-002  2.4490000e+003
  1.9867070e+003  1.3653209e+003  9.0000000e-003  2.4500000e+003
  1.9867100e+003  1.3652770e+003  1.4000000e-002  2.4510000e+003
  1.9867120e+003  1.3652920e+003  1.3000000e-002  2.4520000e+003
  1.9867150e+003  1.3653149e+003  1.1000000e-002  2.4530000e+003
  1.9867180e+003  1.3652780e+003  1.4000000e-002  2.4540000e+003
  1.9867210e+003  1.3653499e+003  1.0000000e-002  2.4550000e+003
  1.9867230e+003  1.3653289e+003  7.0000000e-003  2.4560000e+003
  1.9867260e+003  1.3653479e+003  1.8000000e-002  2.4570000e+003
  1.9867290e+003  1.3653469e+003  3.4000000e-002  2.4580000e+003
  1.9867320e+003  1.3654428e+003  8.6000000e-002  2.4590000e+003
  1.9867340e+003  1.3653938e+003  1.7000000e-002  2.4600000e+003
  1.9867370e+003  1.3653339e+003  1.6000000e-002  2.4610000e+003
  1.9867400e+003  1.3653399e+003  1.1000000e-002  2.4620000e+003
  1.9867420e+003  1.3652810e+003  7.0000000e-003  2.4630000e+003
  1.9867450e+003  1.3652920e+003  4.0000000e-003  2.4640000e+003
  1.9867480e+003  1.3653679e+003  1.0000000e-002  2.4650000e+003
  1.9867510e+003  1.3654877e+003  3.2000000e-002  2.4660000e+003
  1.9867530e+003  1.3653279e+003  8.0000000e-003  2.4670000e+003
  1.9867560e+003  1.3653958e+003  2.5000000e-002  2.4680000e+003
  1.9867590e+003  1.3652830e+003  0.0000000e+000  2.4690000e+003
  1.9867620e+003  1.3656665e+003  5.0000000e-002  2.4700000e+003
  1.9867640e+003  1.3653409e+003  5.0000000e-003  2.4710000e+003
  1.9867670e+003  1.3655077e+003  3.8000000e-002  2.4720000e+003
  1.9867730e+003  1.3654478e+003  4.4000000e-002  2.4740000e+003
  1.9867750e+003  1.3653659e+003  7.0000000e-003  2.4750000e+003
  1.9867780e+003  1.3654038e+003  1.8000000e-002  2.4760000e+003
  1.9867810e+003  1.3653868e+003  1.0000000e-002  2.4770000e+003
  1.9867840e+003  1.3653009e+003  1.2000000e-002  2.4780000e+003
  1.9867860e+003  1.3652580e+003  8.0000000e-003  2.4790000e+003
  1.9867890e+003  1.3652250e+003  9.0000000e-003  2.4800000e+003
  1.9867920e+003  1.3654108e+003  2.5000000e-002  2.4810000e+003
  1.9867950e+003  1.3653509e+003  9.0000000e-003  2.4820000e+003
  1.9867970e+003  1.3653479e+003  7.0000000e-003  2.4830000e+003
  1.9868000e+003  1.3652540e+003  1.7000000e-002  2.4840000e+003
  1.9868030e+003  1.3652121e+003  3.6000000e-002  2.4850000e+003
  1.9868050e+003  1.3651961e+003  3.2000000e-002  2.4860000e+003
  1.9868080e+003  1.3651621e+003  1.5000000e-002  2.4870000e+003
  1.9868110e+003  1.3651781e+003  7.0000000e-003  2.4880000e+003
  1.9868140e+003  1.3651272e+003  6.0000000e-003  2.4890000e+003
  1.9868160e+003  1.3652680e+003  1.4000000e-002  2.4900000e+003
  1.9868190e+003  1.3654048e+003  3.0000000e-003  2.4910000e+003
  1.9868220e+003  1.3655017e+003  4.0000000e-003  2.4920000e+003
  1.9868250e+003  1.3654947e+003  6.0000000e-003  2.4930000e+003
  1.9868270e+003  1.3655476e+003  1.1000000e-002  2.4940000e+003
  1.9868300e+003  1.3654687e+003  1.0000000e-002  2.4950000e+003
  1.9868330e+003  1.3654098e+003  3.1000000e-002  2.4960000e+003
  1.9868360e+003  1.3652190e+003  6.0000000e-003  2.4970000e+003
  1.9868380e+003  1.3652380e+003  2.1000000e-002  2.4980000e+003
  1.9868410e+003  1.3652680e+003  6.0000000e-003  2.4990000e+003
  1.9868440e+003  1.3655307e+003  2.1000000e-002  2.5000000e+003
  1.9868470e+003  1.3653439e+003  5.0000000e-003  2.5010000e+003
  1.9868490e+003  1.3654018e+003  1.0000000e-002  2.5020000e+003
  1.9868520e+003  1.3654518e+003  5.0000000e-003  2.5030000e+003
  1.9868550e+003  1.3653918e+003  5.0000000e-003  2.5040000e+003
  1.9868580e+003  1.3653499e+003  2.4000000e-002  2.5050000e+003
  1.9868600e+003  1.3652600e+003  1.1000000e-002  2.5060000e+003
  1.9868630e+003  1.3652760e+003  9.0000000e-003  2.5070000e+003
  1.9868660e+003  1.3652820e+003  2.0000000e-002  2.5080000e+003
  1.9868710e+003  1.3653419e+003  9.0000000e-003  2.5100000e+003
  1.9868740e+003  1.3654468e+003  2.3000000e-002  2.5110000e+003
  1.9868770e+003  1.3655546e+003  2.2000000e-002  2.5120000e+003
  1.9868790e+003  1.3654847e+003  1.1000000e-002  2.5130000e+003
  1.9868820e+003  1.3655147e+003  5.0000000e-003  2.5140000e+003
  1.9868850e+003  1.3654727e+003  1.1000000e-002  2.5150000e+003
  1.9868880e+003  1.3654897e+003  9.0000000e-003  2.5160000e+003
  1.9868900e+003  1.3655387e+003  2.5000000e-002  2.5170000e+003
  1.9868930e+003  1.3655227e+003  9.0000000e-003  2.5180000e+003
  1.9868960e+003  1.3655447e+003  4.0000000e-003  2.5190000e+003
  1.9868990e+003  1.3656266e+003  7.0000000e-003  2.5200000e+003
  1.9869010e+003  1.3656226e+003  2.0000000e-002  2.5210000e+003
  1.9869040e+003  1.3655946e+003  7.0000000e-003  2.5220000e+003
  1.9869070e+003  1.3655666e+003  1.0000000e-002  2.5230000e+003
  1.9869100e+003  1.3655916e+003  1.0000000e-002  2.5240000e+003
  1.9869120e+003  1.3655656e+003  9.0000000e-003  2.5250000e+003
  1.9869150e+003  1.3655856e+003  7.0000000e-003  2.5260000e+003
  1.9869180e+003  1.3655806e+003  6.0000000e-003  2.5270000e+003
  1.9869210e+003  1.3656126e+003  2.6000000e-002  2.5280000e+003
  1.9869230e+003  1.3655437e+003  1.2000000e-002  2.5290000e+003
  1.9869260e+003  1.3655387e+003  2.4000000e-002  2.5300000e+003
  1.9869290e+003  1.3654198e+003  1.7000000e-002  2.5310000e+003
  1.9869320e+003  1.3655057e+003  2.5000000e-002  2.5320000e+003
  1.9869340e+003  1.3653689e+003  7.0000000e-003  2.5330000e+003
  1.9869370e+003  1.3653649e+003  6.0000000e-003  2.5340000e+003
  1.9869400e+003  1.3652910e+003  1.2000000e-002  2.5350000e+003
  1.9869430e+003  1.3652840e+003  7.0000000e-003  2.5360000e+003
  1.9869450e+003  1.3653009e+003  6.0000000e-003  2.5370000e+003
  1.9869480e+003  1.3653179e+003  4.0000000e-003  2.5380000e+003
  1.9869510e+003  1.3653329e+003  8.0000000e-003  2.5390000e+003
  1.9869530e+003  1.3654338e+003  2.3000000e-002  2.5400000e+003
  1.9869560e+003  1.3654018e+003  2.2000000e-002  2.5410000e+003
  1.9869590e+003  1.3654697e+003  3.4000000e-002  2.5420000e+003
  1.9869620e+003  1.3654048e+003  6.0000000e-003  2.5430000e+003
  1.9869640e+003  1.3653709e+003  2.5000000e-002  2.5440000e+003
  1.9869670e+003  1.3653689e+003  4.0000000e-003  2.5450000e+003
  1.9869700e+003  1.3654068e+003  9.0000000e-003  2.5460000e+003
  1.9869730e+003  1.3654258e+003  6.0000000e-003  2.5470000e+003
  1.9869750e+003  1.3653439e+003  1.1000000e-002  2.5480000e+003
  1.9869780e+003  1.3653749e+003  5.0000000e-003  2.5490000e+003
  1.9869810e+003  1.3654448e+003  1.0400000e-001  2.5500000e+003
  1.9869840e+003  1.3653509e+003  4.0000000e-003  2.5510000e+003
  1.9869860e+003  1.3653289e+003  4.0000000e-003  2.5520000e+003
  1.9869890e+003  1.3653079e+003  8.0000000e-003  2.5530000e+003
  1.9869920e+003  1.3653309e+003  5.0000000e-003  2.5540000e+003
  1.9869950e+003  1.3652660e+003  8.0000000e-003  2.5550000e+003
  1.9869970e+003  1.3652820e+003  7.0000000e-003  2.5560000e+003
  1.9870030e+003  1.3652031e+003  1.7000000e-002  2.5580000e+003
  1.9870050e+003  1.3654108e+003  7.0000000e-003  2.5590000e+003
  1.9870080e+003  1.3652121e+003  1.3000000e-002  2.5600000e+003
  1.9870110e+003  1.3652650e+003  2.7000000e-002  2.5610000e+003
  1.9870140e+003  1.3652740e+003  4.0000000e-003  2.5620000e+003
  1.9870160e+003  1.3653499e+003  2.2000000e-002  2.5630000e+003
  1.9870190e+003  1.3653019e+003  1.0000000e-002  2.5640000e+003
  1.9870220e+003  1.3652240e+003  4.0000000e-003  2.5650000e+003
  1.9870250e+003  1.3652900e+003  5.0000000e-003  2.5660000e+003
  1.9870270e+003  1.3652720e+003  7.0000000e-003  2.5670000e+003
  1.9870300e+003  1.3653319e+003  2.0000000e-002  2.5680000e+003
  1.9870330e+003  1.3653469e+003  1.1000000e-002  2.5690000e+003
  1.9870360e+003  1.3655746e+003  2.2800000e-001  2.5700000e+003
  1.9870380e+003  1.3653958e+003  1.5000000e-002  2.5710000e+003
  1.9870410e+003  1.3654647e+003  6.0000000e-003  2.5720000e+003
  1.9870440e+003  1.3655207e+003  9.0000000e-003  2.5730000e+003
  1.9870470e+003  1.3655037e+003  2.7000000e-002  2.5740000e+003
  1.9870490e+003  1.3654997e+003  3.0000000e-003  2.5750000e+003
  1.9870520e+003  1.3656835e+003  3.6000000e-002  2.5760000e+003
  1.9870550e+003  1.3655516e+003  3.0000000e-002  2.5770000e+003
  1.9870570e+003  1.3654158e+003  2.6000000e-002  2.5780000e+003
  1.9870600e+003  1.3653719e+003  1.5000000e-002  2.5790000e+003
  1.9870630e+003  1.3655357e+003  4.2000000e-002  2.5800000e+003
  1.9870660e+003  1.3653499e+003  7.0000000e-003  2.5810000e+003
  1.9870680e+003  1.3653169e+003  7.0000000e-003  2.5820000e+003
  1.9870710e+003  1.3652840e+003  5.0000000e-003  2.5830000e+003
  1.9870740e+003  1.3652121e+003  6.0000000e-003  2.5840000e+003
  1.9870770e+003  1.3651971e+003  1.1000000e-002  2.5850000e+003
  1.9870790e+003  1.3652170e+003  2.6000000e-002  2.5860000e+003
  1.9870820e+003  1.3651801e+003  2.2000000e-002  2.5870000e+003
  1.9870850e+003  1.3652091e+003  1.1000000e-002  2.5880000e+003
  1.9870880e+003  1.3652480e+003  1.2000000e-002  2.5890000e+003
  1.9870900e+003  1.3653149e+003  5.0000000e-003  2.5900000e+003
  1.9870930e+003  1.3652220e+003  8.0000000e-003  2.5910000e+003
  1.9870960e+003  1.3651751e+003  8.0000000e-003  2.5920000e+003
  1.9870990e+003  1.3653129e+003  2.9000000e-002  2.5930000e+003
  1.9871010e+003  1.3652200e+003  1.4000000e-002  2.5940000e+003
  1.9871040e+003  1.3651891e+003  2.9000000e-002  2.5950000e+003
  1.9871070e+003  1.3653559e+003  3.0000000e-002  2.5960000e+003
  1.9871100e+003  1.3653549e+003  2.3000000e-002  2.5970000e+003
  1.9871120e+003  1.3652870e+003  1.6000000e-002  2.5980000e+003
  1.9871150e+003  1.3652999e+003  8.0000000e-003  2.5990000e+003
  1.9871180e+003  1.3653739e+003  4.8000000e-002  2.6000000e+003
  1.9871210e+003  1.3653009e+003  1.2000000e-002  2.6010000e+003
  1.9871230e+003  1.3653489e+003  7.0000000e-003  2.6020000e+003
  1.9871260e+003  1.3653928e+003  7.0000000e-003  2.6030000e+003
  1.9871290e+003  1.3653779e+003  2.0000000e-002  2.6040000e+003
  1.9871310e+003  1.3654118e+003  5.1000000e-002  2.6050000e+003
  1.9871340e+003  1.3653119e+003  1.1000000e-002  2.6060000e+003
  1.9871370e+003  1.3653309e+003  2.3000000e-002  2.6070000e+003
  1.9871400e+003  1.3653039e+003  2.0000000e-002  2.6080000e+003
  1.9871420e+003  1.3653279e+003  1.4000000e-002  2.6090000e+003
  1.9871450e+003  1.3653219e+003  4.0000000e-003  2.6100000e+003
  1.9871480e+003  1.3652560e+003  9.0000000e-003  2.6110000e+003
  1.9871510e+003  1.3652830e+003  7.0000000e-003  2.6120000e+003
  1.9871530e+003  1.3652230e+003  1.0000000e-002  2.6130000e+003
  1.9871560e+003  1.3652930e+003  1.1000000e-002  2.6140000e+003
  1.9871590e+003  1.3653589e+003  8.0000000e-003  2.6150000e+003
  1.9871620e+003  1.3654258e+003  3.2000000e-002  2.6160000e+003
  1.9871640e+003  1.3652750e+003  7.0000000e-003  2.6170000e+003
  1.9871670e+003  1.3654797e+003  0.0000000e+000  2.6180000e+003
  1.9871700e+003  1.3652760e+003  1.6000000e-002  2.6190000e+003
  1.9871730e+003  1.3655996e+003  8.7000000e-002  2.6200000e+003
  1.9871750e+003  1.3652710e+003  5.0000000e-003  2.6210000e+003
  1.9871780e+003  1.3651741e+003  2.0000000e-002  2.6220000e+003
  1.9871810e+003  1.3651621e+003  5.0000000e-003  2.6230000e+003
  1.9871840e+003  1.3651901e+003  4.0000000e-003  2.6240000e+003
  1.9871860e+003  1.3651821e+003  7.0000000e-003  2.6250000e+003
  1.9871890e+003  1.3651781e+003  5.0000000e-003  2.6260000e+003
  1.9871920e+003  1.3651661e+003  7.0000000e-003  2.6270000e+003
  1.9871950e+003  1.3651741e+003  5.0000000e-003  2.6280000e+003
  1.9871970e+003  1.3651721e+003  1.8000000e-002  2.6290000e+003
  1.9872000e+003  1.3651831e+003  4.0000000e-003  2.6300000e+003
  1.9872030e+003  1.3652320e+003  8.0000000e-003  2.6310000e+003
  1.9872050e+003  1.3652570e+003  1.0000000e-002  2.6320000e+003
  1.9872080e+003  1.3652340e+003  1.1000000e-002  2.6330000e+003
  1.9872110e+003  1.3652510e+003  1.6000000e-002  2.6340000e+003
  1.9872140e+003  1.3652710e+003  1.1000000e-002  2.6350000e+003
  1.9872160e+003  1.3652720e+003  1.2000000e-002  2.6360000e+003
  1.9872190e+003  1.3654458e+003  1.0100000e-001  2.6370000e+003
  1.9872220e+003  1.3652680e+003  1.4000000e-002  2.6380000e+003
  1.9872250e+003  1.3652680e+003  1.0000000e-002  2.6390000e+003
  1.9872270e+003  1.3652850e+003  7.0000000e-003  2.6400000e+003
  1.9872300e+003  1.3652989e+003  9.0000000e-003  2.6410000e+003
  1.9872330e+003  1.3653219e+003  6.0000000e-003  2.6420000e+003
  1.9872360e+003  1.3653589e+003  0.0000000e+000  2.6430000e+003
  1.9872380e+003  1.3652770e+003  2.2000000e-002  2.6440000e+003
  1.9872410e+003  1.3652730e+003  3.5000000e-002  2.6450000e+003
  1.9872440e+003  1.3650642e+003  6.0000000e-003  2.6460000e+003
  1.9872470e+003  1.3651721e+003  7.2000000e-002  2.6470000e+003
  1.9872490e+003  1.3654797e+003  5.9000000e-002  2.6480000e+003
  1.9872520e+003  1.3651591e+003  7.0000000e-003  2.6490000e+003
  1.9872550e+003  1.3654608e+003  8.9000000e-002  2.6500000e+003
  1.9872580e+003  1.3650592e+003  1.1000000e-002  2.6510000e+003
  1.9872600e+003  1.3651711e+003  8.0000000e-003  2.6520000e+003
  1.9872630e+003  1.3651022e+003  3.7000000e-002  2.6530000e+003
  1.9872660e+003  1.3648914e+003  3.0000000e-002  2.6540000e+003
  1.9872680e+003  1.3654767e+003  1.2600000e-001  2.6550000e+003
  1.9872710e+003  1.3648944e+003  2.7000000e-002  2.6560000e+003
  1.9872740e+003  1.3659162e+003  1.7400000e-001  2.6570000e+003
  1.9872770e+003  1.3654687e+003  1.1800000e-001  2.6580000e+003
  1.9872790e+003  1.3648964e+003  6.0000000e-003  2.6590000e+003
  1.9872820e+003  1.3650542e+003  1.0400000e-001  2.6600000e+003
  1.9872850e+003  1.3655437e+003  9.7000000e-002  2.6610000e+003
  1.9872880e+003  1.3651921e+003  2.1000000e-002  2.6620000e+003
  1.9872900e+003  1.3652810e+003  2.4000000e-002  2.6630000e+003
  1.9872930e+003  1.3653868e+003  1.6000000e-002  2.6640000e+003
  1.9872960e+003  1.3654887e+003  1.1000000e-002  2.6650000e+003
  1.9872990e+003  1.3655616e+003  2.6000000e-002  2.6660000e+003
  1.9873010e+003  1.3654288e+003  1.7000000e-002  2.6670000e+003
  1.9873040e+003  1.3652979e+003  1.0000000e-002  2.6680000e+003
  1.9873070e+003  1.3653739e+003  1.0000000e-002  2.6690000e+003
  1.9873100e+003  1.3654598e+003  3.0000000e-002  2.6700000e+003
  1.9873120e+003  1.3653319e+003  1.6000000e-002  2.6710000e+003
  1.9873150e+003  1.3653119e+003  2.8000000e-002  2.6720000e+003
  1.9873180e+003  1.3653319e+003  1.5000000e-002  2.6730000e+003
  1.9873210e+003  1.3652510e+003  1.3000000e-002  2.6740000e+003
  1.9873230e+003  1.3652071e+003  8.0000000e-003  2.6750000e+003
  1.9873260e+003  1.3652380e+003  1.3000000e-002  2.6760000e+003
  1.9873290e+003  1.3652989e+003  1.9000000e-002  2.6770000e+003
  1.9873320e+003  1.3652710e+003  2.8000000e-002  2.6780000e+003
  1.9873340e+003  1.3653489e+003  3.4000000e-002  2.6790000e+003
  1.9873370e+003  1.3652920e+003  1.9000000e-002  2.6800000e+003
  1.9873400e+003  1.3654428e+003  2.0000000e-002  2.6810000e+003
  1.9873420e+003  1.3656465e+003  3.5000000e-002  2.6820000e+003
  1.9873450e+003  1.3655007e+003  7.0000000e-003  2.6830000e+003
  1.9873480e+003  1.3655137e+003  9.0000000e-003  2.6840000e+003
  1.9873510e+003  1.3655107e+003  0.0000000e+000  2.6850000e+003
  1.9873530e+003  1.3655387e+003  1.8000000e-002  2.6860000e+003
  1.9873560e+003  1.3656016e+003  1.0000000e-002  2.6870000e+003
  1.9873590e+003  1.3655786e+003  8.0000000e-003  2.6880000e+003
  1.9873620e+003  1.3656425e+003  9.0000000e-003  2.6890000e+003
  1.9873640e+003  1.3657134e+003  8.0000000e-002  2.6900000e+003
  1.9873670e+003  1.3656315e+003  6.0000000e-003  2.6910000e+003
  1.9873700e+003  1.3656645e+003  1.0000000e-002  2.6920000e+003
  1.9873730e+003  1.3656305e+003  1.0000000e-002  2.6930000e+003
  1.9873750e+003  1.3653948e+003  9.0000000e-003  2.6940000e+003
  1.9873780e+003  1.3653279e+003  6.0000000e-003  2.6950000e+003
  1.9873810e+003  1.3651951e+003  9.0000000e-003  2.6960000e+003
  1.9873840e+003  1.3650492e+003  1.3000000e-002  2.6970000e+003
  1.9873860e+003  1.3655057e+003  1.3000000e-001  2.6980000e+003
  1.9873890e+003  1.3648765e+003  1.4000000e-002  2.6990000e+003
  1.9873920e+003  1.3652330e+003  8.4000000e-002  2.7000000e+003
  1.9873950e+003  1.3653079e+003  9.2000000e-002  2.7010000e+003
  1.9873970e+003  1.3652660e+003  7.0000000e-003  2.7020000e+003
  1.9874000e+003  1.3653828e+003  6.0000000e-003  2.7030000e+003
  1.9874030e+003  1.3653009e+003  8.0000000e-003  2.7040000e+003
  1.9874060e+003  1.3651491e+003  8.0000000e-003  2.7050000e+003
  1.9874080e+003  1.3653129e+003  5.8000000e-002  2.7060000e+003
  1.9874110e+003  1.3651681e+003  7.0000000e-003  2.7070000e+003
  1.9874140e+003  1.3652340e+003  2.0000000e-002  2.7080000e+003
  1.9874160e+003  1.3653449e+003  4.9000000e-002  2.7090000e+003
  1.9874190e+003  1.3654378e+003  5.1000000e-002  2.7100000e+003
  1.9874220e+003  1.3654078e+003  3.8000000e-002  2.7110000e+003
  1.9874250e+003  1.3654288e+003  1.0000000e-002  2.7120000e+003
  1.9874270e+003  1.3654238e+003  6.0000000e-003  2.7130000e+003
  1.9874300e+003  1.3654488e+003  6.0000000e-003  2.7140000e+003
  1.9874330e+003  1.3654777e+003  6.0000000e-003  2.7150000e+003
  1.9874360e+003  1.3655107e+003  0.0000000e+000  2.7160000e+003
  1.9874380e+003  1.3654797e+003  1.4000000e-002  2.7170000e+003
  1.9874410e+003  1.3654598e+003  8.0000000e-003  2.7180000e+003
  1.9874440e+003  1.3654787e+003  9.0000000e-003  2.7190000e+003
  1.9874470e+003  1.3655107e+003  1.7000000e-002  2.7200000e+003
  1.9874490e+003  1.3655906e+003  1.3000000e-002  2.7210000e+003
  1.9874520e+003  1.3655796e+003  7.1000000e-002  2.7220000e+003
  1.9874550e+003  1.3656325e+003  4.0000000e-003  2.7230000e+003
  1.9874580e+003  1.3656276e+003  0.0000000e+000  2.7240000e+003
  1.9874600e+003  1.3654697e+003  1.4000000e-002  2.7250000e+003
  1.9874660e+003  1.3655247e+003  7.0000000e-003  2.7270000e+003
  1.9874690e+003  1.3655387e+003  7.0000000e-003  2.7280000e+003
  1.9874710e+003  1.3655806e+003  1.1000000e-002  2.7290000e+003
  1.9874740e+003  1.3654627e+003  2.3000000e-002  2.7300000e+003
  1.9874770e+003  1.3653589e+003  8.0000000e-003  2.7310000e+003
  1.9874790e+003  1.3653369e+003  8.0000000e-003  2.7320000e+003
  1.9874820e+003  1.3653928e+003  1.7000000e-002  2.7330000e+003
  1.9874850e+003  1.3654118e+003  6.0000000e-003  2.7340000e+003
  1.9874880e+003  1.3655257e+003  1.4000000e-002  2.7350000e+003
  1.9874900e+003  1.3655227e+003  4.0000000e-003  2.7360000e+003
  1.9874930e+003  1.3654727e+003  0.0000000e+000  2.7370000e+003
  1.9874990e+003  1.3654777e+003  8.0000000e-003  2.7390000e+003
  1.9875010e+003  1.3656116e+003  9.0000000e-003  2.7400000e+003
  1.9875040e+003  1.3654348e+003  1.0000000e-002  2.7410000e+003
  1.9875070e+003  1.3654358e+003  4.0000000e-003  2.7420000e+003
  1.9875100e+003  1.3654518e+003  1.7000000e-002  2.7430000e+003
  1.9875120e+003  1.3653838e+003  1.5000000e-002  2.7440000e+003
  1.9875150e+003  1.3653749e+003  8.0000000e-003  2.7450000e+003
  1.9875180e+003  1.3653149e+003  2.3000000e-002  2.7460000e+003
  1.9875210e+003  1.3653389e+003  3.5000000e-002  2.7470000e+003
  1.9875230e+003  1.3653209e+003  8.0000000e-003  2.7480000e+003
  1.9875260e+003  1.3653029e+003  5.0000000e-003  2.7490000e+003
  1.9875290e+003  1.3653359e+003  3.7000000e-002  2.7500000e+003
  1.9875310e+003  1.3653479e+003  5.0000000e-003  2.7510000e+003
  1.9875340e+003  1.3654008e+003  9.0000000e-003  2.7520000e+003
  1.9875370e+003  1.3654058e+003  1.7000000e-002  2.7530000e+003
  1.9875400e+003  1.3654627e+003  5.0000000e-003  2.7540000e+003
  1.9875420e+003  1.3654787e+003  1.6000000e-002  2.7550000e+003
  1.9875450e+003  1.3654887e+003  7.0000000e-003  2.7560000e+003
  1.9875480e+003  1.3656086e+003  4.6000000e-002  2.7570000e+003
  1.9875510e+003  1.3655107e+003  0.0000000e+000  2.7580000e+003
  1.9875530e+003  1.3655127e+003  8.0000000e-003  2.7590000e+003
  1.9875560e+003  1.3654997e+003  1.7000000e-002  2.7600000e+003
  1.9875590e+003  1.3654168e+003  4.0000000e-003  2.7610000e+003
  1.9875620e+003  1.3654078e+003  5.0000000e-003  2.7620000e+003
  1.9875640e+003  1.3654827e+003  6.0000000e-003  2.7630000e+003
  1.9875670e+003  1.3654877e+003  6.0000000e-003  2.7640000e+003
  1.9875700e+003  1.3654707e+003  0.0000000e+000  2.7650000e+003
  1.9875730e+003  1.3655037e+003  1.5000000e-002  2.7660000e+003
  1.9875750e+003  1.3656415e+003  3.0000000e-003  2.7670000e+003
  1.9875780e+003  1.3656026e+003  1.7000000e-002  2.7680000e+003
  1.9875810e+003  1.3655427e+003  6.0000000e-003  2.7690000e+003
  1.9875840e+003  1.3654448e+003  2.1000000e-002  2.7700000e+003
  1.9875860e+003  1.3654078e+003  1.4000000e-002  2.7710000e+003
  1.9875890e+003  1.3654917e+003  4.0000000e-002  2.7720000e+003
  1.9875920e+003  1.3654168e+003  1.4000000e-002  2.7730000e+003
  1.9875940e+003  1.3654068e+003  2.0000000e-002  2.7740000e+003
  1.9875970e+003  1.3653569e+003  2.3000000e-002  2.7750000e+003
  1.9876000e+003  1.3653169e+003  2.2000000e-002  2.7760000e+003
  1.9876030e+003  1.3655277e+003  9.0000000e-002  2.7770000e+003
  1.9876050e+003  1.3652041e+003  1.2000000e-002  2.7780000e+003
  1.9876080e+003  1.3654518e+003  9.0000000e-003  2.7790000e+003
  1.9876110e+003  1.3655387e+003  2.3000000e-002  2.7800000e+003
  1.9876140e+003  1.3654568e+003  6.0000000e-003  2.7810000e+003
  1.9876160e+003  1.3653609e+003  1.4000000e-002  2.7820000e+003
  1.9876190e+003  1.3653329e+003  6.0000000e-003  2.7830000e+003
  1.9876220e+003  1.3652220e+003  5.0000000e-003  2.7840000e+003
  1.9876250e+003  1.3651721e+003  1.2000000e-002  2.7850000e+003
  1.9876270e+003  1.3652680e+003  5.2000000e-002  2.7860000e+003
  1.9876300e+003  1.3652940e+003  9.0000000e-003  2.7870000e+003
  1.9876330e+003  1.3653229e+003  6.0000000e-003  2.7880000e+003
  1.9876360e+003  1.3654458e+003  1.0000000e-002  2.7890000e+003
  1.9876380e+003  1.3655147e+003  9.0000000e-003  2.7900000e+003
  1.9876410e+003  1.3655307e+003  2.4000000e-002  2.7910000e+003
  1.9876440e+003  1.3657414e+003  3.2000000e-002  2.7920000e+003
  1.9876470e+003  1.3656425e+003  1.3000000e-002  2.7930000e+003
  1.9876490e+003  1.3655966e+003  3.4000000e-002  2.7940000e+003
  1.9876520e+003  1.3654867e+003  6.0000000e-003  2.7950000e+003
  1.9876550e+003  1.3655407e+003  4.0000000e-003  2.7960000e+003
  1.9876580e+003  1.3654927e+003  6.0000000e-003  2.7970000e+003
  1.9876600e+003  1.3656405e+003  4.6000000e-002  2.7980000e+003
  1.9876630e+003  1.3655047e+003  1.8000000e-002  2.7990000e+003
  1.9876680e+003  1.3654967e+003  2.9000000e-002  2.8010000e+003
  1.9876710e+003  1.3655506e+003  2.0000000e-002  2.8020000e+003
  1.9876740e+003  1.3655267e+003  5.0000000e-003  2.8030000e+003
  1.9876770e+003  1.3655317e+003  6.0000000e-003  2.8040000e+003
  1.9876790e+003  1.3654388e+003  1.4000000e-002  2.8050000e+003
  1.9876820e+003  1.3654927e+003  3.3000000e-002  2.8060000e+003
  1.9876850e+003  1.3652290e+003  6.0000000e-003  2.8070000e+003
  1.9876880e+003  1.3651172e+003  1.0000000e-002  2.8080000e+003
  1.9876900e+003  1.3652710e+003  1.8000000e-002  2.8090000e+003
  1.9876930e+003  1.3654667e+003  6.0000000e-003  2.8100000e+003
  1.9876960e+003  1.3655826e+003  1.4000000e-002  2.8110000e+003
  1.9877010e+003  1.3656555e+003  4.0000000e-003  2.8130000e+003
  1.9877040e+003  1.3657504e+003  4.6000000e-002  2.8140000e+003
  1.9877070e+003  1.3656156e+003  1.3000000e-002  2.8150000e+003
  1.9877100e+003  1.3655966e+003  8.0000000e-003  2.8160000e+003
  1.9877120e+003  1.3656885e+003  2.5000000e-002  2.8170000e+003
  1.9877150e+003  1.3656765e+003  4.0000000e-003  2.8180000e+003
  1.9877180e+003  1.3656685e+003  2.1000000e-002  2.8190000e+003
  1.9877210e+003  1.3656495e+003  8.0000000e-003  2.8200000e+003
  1.9877230e+003  1.3655736e+003  9.0000000e-003  2.8210000e+003
  1.9877260e+003  1.3654737e+003  9.0000000e-003  2.8220000e+003
  1.9877290e+003  1.3654847e+003  8.0000000e-003  2.8230000e+003
  1.9877320e+003  1.3654328e+003  7.0000000e-003  2.8240000e+003
  1.9877340e+003  1.3654388e+003  1.1000000e-002  2.8250000e+003
  1.9877370e+003  1.3655047e+003  1.2000000e-002  2.8260000e+003
  1.9877400e+003  1.3654438e+003  9.0000000e-003  2.8270000e+003
  1.9877510e+003  1.3655826e+003  1.1000000e-002  2.8310000e+003
  1.9877640e+003  1.3654687e+003  8.0000000e-003  2.8360000e+003
  1.9877730e+003  1.3657284e+003  1.5800000e-001  2.8390000e+003
  1.9877750e+003  1.3657025e+003  1.8000000e-002  2.8400000e+003
  1.9877780e+003  1.3659322e+003  2.2300000e-001  2.8410000e+003
  1.9877810e+003  1.3655946e+003  1.0500000e-001  2.8420000e+003
  1.9877840e+003  1.3654138e+003  2.1000000e-002  2.8430000e+003
  1.9877860e+003  1.3652300e+003  1.6000000e-002  2.8440000e+003
  1.9877890e+003  1.3651421e+003  7.9000000e-002  2.8450000e+003
  1.9877920e+003  1.3652550e+003  2.7000000e-002  2.8460000e+003
  1.9877950e+003  1.3653848e+003  2.0000000e-002  2.8470000e+003
  1.9877970e+003  1.3655746e+003  2.5000000e-002  2.8480000e+003
  1.9878000e+003  1.3658103e+003  1.9400000e-001  2.8490000e+003
  1.9878030e+003  1.3657724e+003  4.3000000e-002  2.8500000e+003
  1.9878050e+003  1.3657454e+003  8.9000000e-002  2.8510000e+003
  1.9878080e+003  1.3656106e+003  3.6000000e-002  2.8520000e+003
  1.9878110e+003  1.3655317e+003  2.1000000e-002  2.8530000e+003
  1.9878140e+003  1.3655836e+003  2.2000000e-002  2.8540000e+003
  1.9878160e+003  1.3656345e+003  1.5000000e-002  2.8550000e+003
  1.9878190e+003  1.3656945e+003  9.0000000e-003  2.8560000e+003
  1.9878220e+003  1.3656755e+003  3.2000000e-002  2.8570000e+003
  1.9878250e+003  1.3655806e+003  8.7000000e-002  2.8580000e+003
  1.9878270e+003  1.3654917e+003  6.4000000e-002  2.8590000e+003
  1.9878300e+003  1.3654747e+003  2.6000000e-002  2.8600000e+003
  1.9878330e+003  1.3655686e+003  8.0000000e-003  2.8610000e+003
  1.9878360e+003  1.3656435e+003  1.2000000e-002  2.8620000e+003
  1.9878380e+003  1.3657374e+003  2.3000000e-002  2.8630000e+003
  1.9878410e+003  1.3658982e+003  3.6000000e-002  2.8640000e+003
  1.9878440e+003  1.3659282e+003  4.9000000e-002  2.8650000e+003
  1.9878470e+003  1.3660500e+003  1.0600000e-001  2.8660000e+003
  1.9878490e+003  1.3659102e+003  5.5000000e-002  2.8670000e+003
  1.9878520e+003  1.3657424e+003  1.2000000e-002  2.8680000e+003
  1.9878550e+003  1.3657264e+003  1.0000000e-002  2.8690000e+003
  1.9878580e+003  1.3657694e+003  2.0000000e-002  2.8700000e+003
  1.9878600e+003  1.3657584e+003  1.4000000e-002  2.8710000e+003
  1.9878690e+003  1.3656685e+003  1.4000000e-002  2.8740000e+003
  1.9878710e+003  1.3655796e+003  2.1000000e-002  2.8750000e+003
  1.9878740e+003  1.3654288e+003  7.5000000e-002  2.8760000e+003
  1.9878900e+003  1.3653269e+003  1.5000000e-002  2.8820000e+003
  1.9878930e+003  1.3655057e+003  2.0000000e-002  2.8830000e+003
  1.9878960e+003  1.3657065e+003  1.4100000e-001  2.8840000e+003
  1.9879010e+003  1.3658343e+003  1.2000000e-002  2.8860000e+003
  1.9879040e+003  1.3659122e+003  1.5000000e-002  2.8870000e+003
  1.9879180e+003  1.3659901e+003  1.1000000e-002  2.8920000e+003
  1.9879210e+003  1.3660331e+003  1.4000000e-002  2.8930000e+003
  1.9879230e+003  1.3659861e+003  1.3000000e-002  2.8940000e+003
  1.9879260e+003  1.3659701e+003  2.5000000e-002  2.8950000e+003
  1.9879290e+003  1.3659562e+003  1.8000000e-002  2.8960000e+003
  1.9879320e+003  1.3659062e+003  1.5000000e-002  2.8970000e+003
  1.9879370e+003  1.3647107e+003  2.8800000e-001  2.8990000e+003
  1.9879400e+003  1.3659092e+003  5.9000000e-002  2.9000000e+003
  1.9879430e+003  1.3659342e+003  1.2000000e-002  2.9010000e+003
  1.9879450e+003  1.3658453e+003  1.6000000e-002  2.9020000e+003
  1.9879480e+003  1.3658223e+003  5.7000000e-002  2.9030000e+003
  1.9879510e+003  1.3657993e+003  1.5000000e-002  2.9040000e+003
  1.9879530e+003  1.3658862e+003  1.1000000e-002  2.9050000e+003
  1.9879560e+003  1.3658822e+003  1.2000000e-002  2.9060000e+003
  1.9879590e+003  1.3658043e+003  1.7000000e-002  2.9070000e+003
  1.9879620e+003  1.3657794e+003  5.3000000e-002  2.9080000e+003
  1.9879640e+003  1.3657264e+003  7.9000000e-002  2.9090000e+003
  1.9879670e+003  1.3657194e+003  1.2000000e-002  2.9100000e+003
  1.9879700e+003  1.3657744e+003  9.0000000e-003  2.9110000e+003
  1.9879730e+003  1.3657884e+003  1.1000000e-002  2.9120000e+003
  1.9879750e+003  1.3657983e+003  1.5000000e-002  2.9130000e+003
  1.9879780e+003  1.3658333e+003  3.2000000e-002  2.9140000e+003
  1.9879810e+003  1.3657874e+003  2.1000000e-002  2.9150000e+003
  1.9879840e+003  1.3657804e+003  3.8000000e-002  2.9160000e+003
  1.9879860e+003  1.3657774e+003  1.2000000e-002  2.9170000e+003
  1.9879890e+003  1.3657095e+003  1.9000000e-002  2.9180000e+003
  1.9879920e+003  1.3657035e+003  2.1000000e-002  2.9190000e+003
  1.9879950e+003  1.3657095e+003  1.2000000e-002  2.9200000e+003
  1.9879970e+003  1.3657324e+003  6.0000000e-002  2.9210000e+003
  1.9880030e+003  1.3655606e+003  1.0000000e-002  2.9230000e+003
  1.9880050e+003  1.3655676e+003  1.3000000e-002  2.9240000e+003
  1.9880080e+003  1.3656495e+003  2.3000000e-002  2.9250000e+003
  1.9880110e+003  1.3658643e+003  1.2000000e-002  2.9260000e+003
  1.9880140e+003  1.3659152e+003  1.5000000e-002  2.9270000e+003
  1.9880160e+003  1.3659482e+003  1.3000000e-002  2.9280000e+003
  1.9880190e+003  1.3660101e+003  1.5000000e-002  2.9290000e+003
  1.9880220e+003  1.3656825e+003  1.0000000e-002  2.9300000e+003
  1.9880250e+003  1.3657834e+003  1.7000000e-002  2.9310000e+003
  1.9880270e+003  1.3657234e+003  1.6000000e-002  2.9320000e+003
  1.9880300e+003  1.3657574e+003  1.3000000e-002  2.9330000e+003
  1.9880330e+003  1.3658283e+003  1.3000000e-002  2.9340000e+003
  1.9880360e+003  1.3659941e+003  1.5000000e-002  2.9350000e+003
  1.9880380e+003  1.3661220e+003  1.6000000e-002  2.9360000e+003
  1.9880410e+003  1.3661479e+003  1.4000000e-002  2.9370000e+003
  1.9880440e+003  1.3658333e+003  4.1000000e-002  2.9380000e+003
  1.9880470e+003  1.3658173e+003  3.0000000e-002  2.9390000e+003
  1.9880490e+003  1.3657784e+003  1.8000000e-002  2.9400000e+003
  1.9880520e+003  1.3657095e+003  7.5000000e-002  2.9410000e+003
  1.9880550e+003  1.3655077e+003  1.0100000e-001  2.9420000e+003
  1.9880570e+003  1.3655966e+003  1.2000000e-002  2.9430000e+003
  1.9880600e+003  1.3656895e+003  1.3000000e-002  2.9440000e+003
  1.9880630e+003  1.3659002e+003  1.3000000e-002  2.9450000e+003
  1.9880660e+003  1.3660101e+003  1.8000000e-002  2.9460000e+003
  1.9880680e+003  1.3659761e+003  1.4000000e-002  2.9470000e+003
  1.9880710e+003  1.3659062e+003  2.7000000e-002  2.9480000e+003
  1.9880740e+003  1.3655716e+003  2.3400000e-001  2.9490000e+003
  1.9880770e+003  1.3656925e+003  2.0000000e-002  2.9500000e+003
  1.9880790e+003  1.3657694e+003  1.1000000e-002  2.9510000e+003
  1.9880820e+003  1.3658013e+003  1.5000000e-002  2.9520000e+003
  1.9880850e+003  1.3658852e+003  1.1000000e-002  2.9530000e+003
  1.9880870e+003  1.3656965e+003  1.9000000e-002  2.9540000e+003
  1.9880900e+003  1.3659961e+003  1.7000000e-002  2.9550000e+003
  1.9880930e+003  1.3659601e+003  1.1000000e-002  2.9560000e+003
  1.9880960e+003  1.3659562e+003  1.8000000e-002  2.9570000e+003
  1.9880980e+003  1.3659252e+003  1.2000000e-002  2.9580000e+003
  1.9881010e+003  1.3659232e+003  1.0000000e-002  2.9590000e+003
  1.9881040e+003  1.3658762e+003  1.1000000e-002  2.9600000e+003
  1.9881070e+003  1.3660091e+003  2.2000000e-002  2.9610000e+003
  1.9881090e+003  1.3660880e+003  2.9000000e-002  2.9620000e+003
  1.9881120e+003  1.3661060e+003  2.5000000e-002  2.9630000e+003
  1.9881150e+003  1.3661140e+003  3.1000000e-002  2.9640000e+003
  1.9881170e+003  1.3659502e+003  1.1000000e-002  2.9650000e+003
  1.9881200e+003  1.3658523e+003  1.7000000e-002  2.9660000e+003
  1.9881230e+003  1.3658313e+003  2.0000000e-002  2.9670000e+003
  1.9881260e+003  1.3657055e+003  1.3500000e-001  2.9680000e+003
  1.9881280e+003  1.3656505e+003  1.1000000e-002  2.9690000e+003
  1.9881310e+003  1.3655486e+003  1.4000000e-002  2.9700000e+003
  1.9881340e+003  1.3654847e+003  1.0000000e-002  2.9710000e+003
  1.9881370e+003  1.3654078e+003  1.6000000e-002  2.9720000e+003
  1.9881390e+003  1.3654847e+003  1.5000000e-002  2.9730000e+003
  1.9881420e+003  1.3655437e+003  1.5000000e-002  2.9740000e+003
  1.9881450e+003  1.3655986e+003  1.7000000e-002  2.9750000e+003
  1.9881480e+003  1.3657095e+003  1.4000000e-002  2.9760000e+003
  1.9881500e+003  1.3657234e+003  1.7000000e-002  2.9770000e+003
  1.9881530e+003  1.3657864e+003  1.6000000e-002  2.9780000e+003
  1.9881560e+003  1.3657804e+003  1.7000000e-002  2.9790000e+003
  1.9881580e+003  1.3656405e+003  1.2000000e-002  2.9800000e+003
  1.9881610e+003  1.3658043e+003  1.5000000e-002  2.9810000e+003
  1.9881670e+003  1.3656905e+003  1.6500000e-001  2.9830000e+003
  1.9881690e+003  1.3655546e+003  1.2000000e-002  2.9840000e+003
  1.9881720e+003  1.3655756e+003  1.3000000e-002  2.9850000e+003
  1.9881750e+003  1.3655247e+003  1.5000000e-002  2.9860000e+003
  1.9881780e+003  1.3656605e+003  1.0000000e-002  2.9870000e+003
  1.9881800e+003  1.3656815e+003  1.3000000e-002  2.9880000e+003
  1.9881830e+003  1.3657744e+003  1.4000000e-002  2.9890000e+003
  1.9881860e+003  1.3658703e+003  1.6000000e-002  2.9900000e+003
  1.9881880e+003  1.3658772e+003  2.2000000e-002  2.9910000e+003
  1.9881910e+003  1.3659012e+003  2.9000000e-002  2.9920000e+003
  1.9881940e+003  1.3658173e+003  1.6000000e-002  2.9930000e+003
  1.9881970e+003  1.3659801e+003  1.2000000e-002  2.9940000e+003
  1.9881990e+003  1.3658912e+003  9.0000000e-003  2.9950000e+003
  1.9882020e+003  1.3656745e+003  1.8000000e-002  2.9960000e+003
  1.9882050e+003  1.3655177e+003  1.9000000e-002  2.9970000e+003
  1.9882080e+003  1.3651671e+003  2.1000000e-002  2.9980000e+003
  1.9882100e+003  1.3651252e+003  3.1000000e-002  2.9990000e+003
  1.9882130e+003  1.3650463e+003  2.8000000e-002  3.0000000e+003
  1.9882160e+003  1.3651222e+003  1.6000000e-002  3.0010000e+003
  1.9882190e+003  1.3652360e+003  1.3000000e-002  3.0020000e+003
  1.9882210e+003  1.3655237e+003  2.4000000e-002  3.0030000e+003
  1.9882240e+003  1.3656985e+003  1.2000000e-002  3.0040000e+003
  1.9882270e+003  1.3656365e+003  1.6000000e-002  3.0050000e+003
  1.9882290e+003  1.3656645e+003  1.6000000e-002  3.0060000e+003
  1.9882320e+003  1.3656525e+003  2.7000000e-002  3.0070000e+003
  1.9882350e+003  1.3652880e+003  1.8400000e-001  3.0080000e+003
  1.9882380e+003  1.3656645e+003  2.0000000e-002  3.0090000e+003
  1.9882400e+003  1.3656475e+003  3.2000000e-002  3.0100000e+003
  1.9882430e+003  1.3655257e+003  2.0000000e-002  3.0110000e+003
  1.9882460e+003  1.3654857e+003  1.5000000e-002  3.0120000e+003
  1.9882490e+003  1.3654977e+003  1.2000000e-002  3.0130000e+003
  1.9882510e+003  1.3654418e+003  1.4000000e-002  3.0140000e+003
  1.9882540e+003  1.3655896e+003  1.9000000e-002  3.0150000e+003
  1.9882570e+003  1.3657474e+003  1.9000000e-002  3.0160000e+003
  1.9882600e+003  1.3658273e+003  2.0000000e-002  3.0170000e+003
  1.9882620e+003  1.3659532e+003  1.4000000e-002  3.0180000e+003
  1.9882650e+003  1.3656735e+003  1.6000000e-002  3.0190000e+003
  1.9882680e+003  1.3655946e+003  1.4000000e-002  3.0200000e+003
  1.9882710e+003  1.3655676e+003  1.8000000e-002  3.0210000e+003
  1.9882730e+003  1.3657504e+003  1.4000000e-002  3.0220000e+003
  1.9882760e+003  1.3658693e+003  1.5000000e-002  3.0230000e+003
  1.9882790e+003  1.3658463e+003  1.0000000e-002  3.0240000e+003
  1.9882810e+003  1.3658802e+003  1.8000000e-002  3.0250000e+003
  1.9882840e+003  1.3660041e+003  1.5000000e-002  3.0260000e+003
  1.9882870e+003  1.3656615e+003  1.4000000e-002  3.0270000e+003
  1.9882900e+003  1.3654298e+003  1.8000000e-002  3.0280000e+003
  1.9882920e+003  1.3652160e+003  1.6000000e-002  3.0290000e+003
  1.9882950e+003  1.3652680e+003  2.0000000e-002  3.0300000e+003
  1.9882980e+003  1.3653918e+003  2.0000000e-002  3.0310000e+003
  1.9883010e+003  1.3654837e+003  3.0000000e-002  3.0320000e+003
  1.9883030e+003  1.3658353e+003  1.9000000e-002  3.0330000e+003
  1.9883060e+003  1.3657734e+003  1.3000000e-002  3.0340000e+003
  1.9883090e+003  1.3660331e+003  1.2000000e-002  3.0350000e+003
  1.9883120e+003  1.3660870e+003  2.5000000e-002  3.0360000e+003
  1.9883140e+003  1.3660261e+003  1.9000000e-002  3.0370000e+003
  1.9883170e+003  1.3658153e+003  1.2000000e-002  3.0380000e+003
  1.9883200e+003  1.3657734e+003  2.6000000e-002  3.0390000e+003
  1.9883220e+003  1.3656545e+003  5.1000000e-002  3.0400000e+003
  1.9883250e+003  1.3655876e+003  1.3000000e-002  3.0410000e+003
  1.9883280e+003  1.3655636e+003  1.6000000e-002  3.0420000e+003
  1.9883330e+003  1.3656086e+003  2.4000000e-002  3.0440000e+003
  1.9883360e+003  1.3656915e+003  2.0000000e-002  3.0450000e+003
  1.9883390e+003  1.3657654e+003  1.8000000e-002  3.0460000e+003
  1.9883420e+003  1.3657744e+003  6.9000000e-002  3.0470000e+003
  1.9883440e+003  1.3658972e+003  1.6000000e-002  3.0480000e+003
  1.9883470e+003  1.3661899e+003  3.0100000e-001  3.0490000e+003
  1.9883500e+003  1.3659701e+003  1.4000000e-002  3.0500000e+003
  1.9883520e+003  1.3660880e+003  1.7000000e-002  3.0510000e+003
  1.9883550e+003  1.3660181e+003  6.6000000e-002  3.0520000e+003
  1.9883580e+003  1.3661949e+003  1.7000000e-002  3.0530000e+003
  1.9883610e+003  1.3661609e+003  1.4000000e-002  3.0540000e+003
  1.9883630e+003  1.3661779e+003  2.2000000e-002  3.0550000e+003
  1.9883660e+003  1.3661859e+003  1.4000000e-002  3.0560000e+003
  1.9883690e+003  1.3661289e+003  1.2000000e-002  3.0570000e+003
  1.9883720e+003  1.3661000e+003  1.5000000e-002  3.0580000e+003
  1.9883740e+003  1.3659771e+003  4.1000000e-002  3.0590000e+003
  1.9883770e+003  1.3659332e+003  1.9000000e-002  3.0600000e+003
  1.9883800e+003  1.3659512e+003  1.1000000e-002  3.0610000e+003
  1.9883830e+003  1.3659891e+003  1.2000000e-002  3.0620000e+003
  1.9883850e+003  1.3661140e+003  2.6000000e-002  3.0630000e+003
  1.9883880e+003  1.3660550e+003  1.9000000e-002  3.0640000e+003
  1.9883910e+003  1.3661669e+003  1.4000000e-002  3.0650000e+003
  1.9883930e+003  1.3661210e+003  2.0000000e-002  3.0660000e+003
  1.9883960e+003  1.3659811e+003  1.4000000e-002  3.0670000e+003
  1.9883990e+003  1.3657514e+003  2.7000000e-002  3.0680000e+003
  1.9884020e+003  1.3655576e+003  1.6000000e-002  3.0690000e+003
  1.9884040e+003  1.3655177e+003  1.7000000e-002  3.0700000e+003
  1.9884070e+003  1.3655586e+003  1.8000000e-002  3.0710000e+003
  1.9884100e+003  1.3656266e+003  1.8000000e-002  3.0720000e+003
  1.9884130e+003  1.3657304e+003  1.4000000e-002  3.0730000e+003
  1.9884150e+003  1.3658483e+003  2.1000000e-002  3.0740000e+003
  1.9884180e+003  1.3659032e+003  2.3000000e-002  3.0750000e+003
  1.9884210e+003  1.3659392e+003  1.6000000e-002  3.0760000e+003
  1.9884230e+003  1.3655377e+003  2.3000000e-002  3.0770000e+003
  1.9884260e+003  1.3654448e+003  1.8000000e-002  3.0780000e+003
  1.9884290e+003  1.3654657e+003  2.0000000e-002  3.0790000e+003
  1.9884320e+003  1.3656405e+003  3.8000000e-002  3.0800000e+003
  1.9884340e+003  1.3657953e+003  1.7000000e-002  3.0810000e+003
  1.9884370e+003  1.3657824e+003  2.0000000e-002  3.0820000e+003
  1.9884400e+003  1.3658743e+003  6.9000000e-002  3.0830000e+003
  1.9884430e+003  1.3660880e+003  1.4000000e-002  3.0840000e+003
  1.9884450e+003  1.3660610e+003  2.1000000e-002  3.0850000e+003
  1.9884480e+003  1.3658353e+003  1.5000000e-002  3.0860000e+003
  1.9884510e+003  1.3657794e+003  9.0000000e-003  3.0870000e+003
  1.9884530e+003  1.3656705e+003  2.4000000e-002  3.0880000e+003
  1.9884560e+003  1.3657764e+003  3.3000000e-002  3.0890000e+003
  1.9884590e+003  1.3658623e+003  1.4000000e-002  3.0900000e+003
  1.9884620e+003  1.3658073e+003  2.1000000e-002  3.0910000e+003
  1.9884640e+003  1.3656565e+003  1.7000000e-002  3.0920000e+003
  1.9884670e+003  1.3656845e+003  1.6000000e-002  3.0930000e+003
  1.9884700e+003  1.3655277e+003  1.5000000e-002  3.0940000e+003
  1.9884730e+003  1.3654627e+003  1.5000000e-002  3.0950000e+003
  1.9884750e+003  1.3654128e+003  1.4000000e-002  3.0960000e+003
  1.9884780e+003  1.3652880e+003  1.5000000e-002  3.0970000e+003
  1.9884810e+003  1.3652920e+003  1.9000000e-002  3.0980000e+003
  1.9884840e+003  1.3656355e+003  3.2000000e-002  3.0990000e+003
  1.9884860e+003  1.3659781e+003  2.1000000e-002  3.1000000e+003
  1.9884890e+003  1.3657304e+003  1.8000000e-002  3.1010000e+003
  1.9884920e+003  1.3651641e+003  1.5000000e-002  3.1020000e+003
  1.9884950e+003  1.3642522e+003  1.5000000e-002  3.1030000e+003
  1.9884970e+003  1.3636969e+003  1.5000000e-002  3.1040000e+003
  1.9885000e+003  1.3635720e+003  1.5000000e-002  3.1050000e+003
  1.9885050e+003  1.3636989e+003  2.8000000e-002  3.1070000e+003
  1.9885080e+003  1.3643761e+003  1.1000000e-002  3.1080000e+003
  1.9885110e+003  1.3653069e+003  1.2000000e-002  3.1090000e+003
  1.9885140e+003  1.3660381e+003  1.2000000e-002  3.1100000e+003
  1.9885160e+003  1.3661809e+003  1.6000000e-002  3.1110000e+003
  1.9885190e+003  1.3659961e+003  1.8000000e-002  3.1120000e+003
  1.9885220e+003  1.3655277e+003  1.4000000e-002  3.1130000e+003
  1.9885250e+003  1.3653359e+003  1.6000000e-002  3.1140000e+003
  1.9885270e+003  1.3652610e+003  1.6000000e-002  3.1150000e+003
  1.9885300e+003  1.3653109e+003  1.1000000e-002  3.1160000e+003
  1.9885330e+003  1.3655067e+003  1.6000000e-002  3.1170000e+003
  1.9885360e+003  1.3654208e+003  2.1000000e-002  3.1180000e+003
  1.9885380e+003  1.3653299e+003  2.2000000e-002  3.1190000e+003
  1.9885410e+003  1.3650243e+003  1.5000000e-002  3.1200000e+003
  1.9885440e+003  1.3648984e+003  1.6000000e-002  3.1210000e+003
  1.9885470e+003  1.3651232e+003  1.7000000e-002  3.1220000e+003
  1.9885490e+003  1.3653119e+003  1.7000000e-002  3.1230000e+003
  1.9885520e+003  1.3654368e+003  3.0000000e-002  3.1240000e+003
  1.9885550e+003  1.3656675e+003  1.2000000e-002  3.1250000e+003
  1.9885570e+003  1.3659142e+003  1.2000000e-002  3.1260000e+003
  1.9885600e+003  1.3660870e+003  2.1000000e-002  3.1270000e+003
  1.9885630e+003  1.3664016e+003  2.1000000e-002  3.1280000e+003
  1.9885660e+003  1.3663177e+003  1.7000000e-002  3.1290000e+003
  1.9885680e+003  1.3661519e+003  2.6000000e-002  3.1300000e+003
  1.9885710e+003  1.3658583e+003  1.0000000e-002  3.1310000e+003
  1.9885740e+003  1.3656385e+003  1.0600000e-001  3.1320000e+003
  1.9885770e+003  1.3655267e+003  2.5000000e-002  3.1330000e+003
  1.9885790e+003  1.3652760e+003  1.3000000e-002  3.1340000e+003
  1.9885820e+003  1.3650862e+003  2.5000000e-002  3.1350000e+003
  1.9885850e+003  1.3651431e+003  2.1000000e-002  3.1360000e+003
  1.9885870e+003  1.3655706e+003  2.9000000e-002  3.1370000e+003
  1.9885900e+003  1.3656166e+003  1.5000000e-002  3.1380000e+003
  1.9885930e+003  1.3658753e+003  2.6000000e-002  3.1390000e+003
  1.9885960e+003  1.3657894e+003  1.4000000e-002  3.1400000e+003
  1.9885980e+003  1.3657694e+003  5.0000000e-002  3.1410000e+003
  1.9886010e+003  1.3658563e+003  1.6000000e-002  3.1420000e+003
  1.9886040e+003  1.3657544e+003  2.1000000e-002  3.1430000e+003
  1.9886070e+003  1.3655177e+003  1.5000000e-002  3.1440000e+003
  1.9886090e+003  1.3651671e+003  9.0000000e-003  3.1450000e+003
  1.9886120e+003  1.3647336e+003  2.5000000e-002  3.1460000e+003
  1.9886150e+003  1.3645758e+003  1.7000000e-002  3.1470000e+003
  1.9886170e+003  1.3647296e+003  1.3000000e-002  3.1480000e+003
  1.9886200e+003  1.3650722e+003  1.5000000e-002  3.1490000e+003
  1.9886230e+003  1.3655197e+003  7.1000000e-002  3.1500000e+003
  1.9886260e+003  1.3655726e+003  2.1000000e-002  3.1510000e+003
  1.9886280e+003  1.3659831e+003  8.4000000e-002  3.1520000e+003
  1.9886310e+003  1.3661090e+003  1.7000000e-002  3.1530000e+003
  1.9886340e+003  1.3661769e+003  3.2000000e-002  3.1540000e+003
  1.9886370e+003  1.3661809e+003  1.8000000e-002  3.1550000e+003
  1.9886390e+003  1.3662238e+003  2.0000000e-002  3.1560000e+003
  1.9886420e+003  1.3661399e+003  2.3000000e-002  3.1570000e+003
  1.9886450e+003  1.3661160e+003  1.9000000e-002  3.1580000e+003
  1.9886480e+003  1.3661329e+003  1.6000000e-002  3.1590000e+003
  1.9886500e+003  1.3661100e+003  2.2000000e-002  3.1600000e+003
  1.9886530e+003  1.3659861e+003  2.0000000e-002  3.1610000e+003
  1.9886560e+003  1.3662158e+003  1.9000000e-002  3.1620000e+003
  1.9886580e+003  1.3663437e+003  1.7000000e-002  3.1630000e+003
  1.9886610e+003  1.3660241e+003  1.6000000e-002  3.1640000e+003
  1.9886640e+003  1.3656206e+003  1.4000000e-002  3.1650000e+003
  1.9886670e+003  1.3650892e+003  1.2000000e-002  3.1660000e+003
  1.9886690e+003  1.3646457e+003  1.6000000e-002  3.1670000e+003
  1.9886720e+003  1.3648825e+003  2.2000000e-002  3.1680000e+003
  1.9886750e+003  1.3654697e+003  2.0000000e-002  3.1690000e+003
  1.9886780e+003  1.3656615e+003  7.4000000e-002  3.1700000e+003
  1.9886800e+003  1.3661339e+003  2.2000000e-002  3.1710000e+003
  1.9886830e+003  1.3665235e+003  1.4000000e-002  3.1720000e+003
  1.9886860e+003  1.3664526e+003  1.1000000e-002  3.1730000e+003
  1.9886880e+003  1.3662977e+003  2.3000000e-002  3.1740000e+003
  1.9886910e+003  1.3662987e+003  1.4000000e-002  3.1750000e+003
  1.9886940e+003  1.3662738e+003  2.5000000e-002  3.1760000e+003
  1.9886970e+003  1.3661679e+003  2.0000000e-002  3.1770000e+003
  1.9886990e+003  1.3661799e+003  5.5000000e-002  3.1780000e+003
  1.9887020e+003  1.3662088e+003  1.3000000e-002  3.1790000e+003
  1.9887050e+003  1.3661459e+003  1.4000000e-002  3.1800000e+003
  1.9887080e+003  1.3660780e+003  1.2000000e-002  3.1810000e+003
  1.9887100e+003  1.3660950e+003  1.4000000e-002  3.1820000e+003
  1.9887130e+003  1.3660970e+003  1.3000000e-002  3.1830000e+003
  1.9887160e+003  1.3661389e+003  2.2000000e-002  3.1840000e+003
  1.9887190e+003  1.3661120e+003  1.6000000e-002  3.1850000e+003
  1.9887210e+003  1.3661999e+003  1.4000000e-002  3.1860000e+003
  1.9887240e+003  1.3662518e+003  2.3000000e-002  3.1870000e+003
  1.9887270e+003  1.3661989e+003  1.8000000e-002  3.1880000e+003
  1.9887290e+003  1.3661359e+003  1.3000000e-002  3.1890000e+003
  1.9887320e+003  1.3663637e+003  1.1000000e-002  3.1900000e+003
  1.9887350e+003  1.3664795e+003  1.6000000e-002  3.1910000e+003
  1.9887380e+003  1.3664665e+003  3.7000000e-002  3.1920000e+003
  1.9887400e+003  1.3664765e+003  3.0000000e-002  3.1930000e+003
  1.9887430e+003  1.3664995e+003  2.8000000e-002  3.1940000e+003
  1.9887460e+003  1.3664506e+003  1.1000000e-002  3.1950000e+003
  1.9887490e+003  1.3662258e+003  2.7000000e-002  3.1960000e+003
  1.9887510e+003  1.3661709e+003  2.3000000e-002  3.1970000e+003
  1.9887540e+003  1.3661040e+003  1.3000000e-002  3.1980000e+003
  1.9887570e+003  1.3662308e+003  2.0800000e-001  3.1990000e+003
  1.9887600e+003  1.3659202e+003  1.7000000e-002  3.2000000e+003
  1.9887620e+003  1.3658133e+003  2.2000000e-002  3.2010000e+003
  1.9887650e+003  1.3655287e+003  1.2000000e-002  3.2020000e+003
  1.9887680e+003  1.3652610e+003  1.0000000e-002  3.2030000e+003
  1.9887710e+003  1.3651132e+003  1.3000000e-002  3.2040000e+003
  1.9887730e+003  1.3651831e+003  4.0000000e-002  3.2050000e+003
  1.9887760e+003  1.3653858e+003  1.1000000e-002  3.2060000e+003
  1.9887790e+003  1.3657075e+003  8.1000000e-002  3.2070000e+003
  1.9887810e+003  1.3661469e+003  2.3000000e-002  3.2080000e+003
  1.9887840e+003  1.3663597e+003  1.3000000e-002  3.2090000e+003
  1.9887870e+003  1.3663597e+003  1.3000000e-002  3.2100000e+003
  1.9887900e+003  1.3663617e+003  1.5000000e-002  3.2110000e+003
  1.9887920e+003  1.3662927e+003  1.9000000e-002  3.2120000e+003
  1.9887950e+003  1.3664625e+003  1.0600000e-001  3.2130000e+003
  1.9887980e+003  1.3661999e+003  2.0000000e-002  3.2140000e+003
  1.9888010e+003  1.3662168e+003  1.6000000e-002  3.2150000e+003
  1.9888030e+003  1.3660011e+003  1.6000000e-002  3.2160000e+003
  1.9888060e+003  1.3659302e+003  2.1000000e-002  3.2170000e+003
  1.9888090e+003  1.3656945e+003  2.1000000e-002  3.2180000e+003
  1.9888120e+003  1.3654987e+003  2.2000000e-002  3.2190000e+003
  1.9888140e+003  1.3653888e+003  1.4000000e-002  3.2200000e+003
  1.9888170e+003  1.3654917e+003  1.2000000e-002  3.2210000e+003
  1.9888200e+003  1.3658043e+003  1.0000000e-002  3.2220000e+003
  1.9888220e+003  1.3661519e+003  2.2000000e-002  3.2230000e+003
  1.9888250e+003  1.3661769e+003  2.8700000e-001  3.2240000e+003
  1.9888280e+003  1.3666054e+003  1.4000000e-002  3.2250000e+003
  1.9888310e+003  1.3666253e+003  1.3000000e-002  3.2260000e+003
  1.9888330e+003  1.3663167e+003  3.0000000e-002  3.2270000e+003
  1.9888360e+003  1.3661579e+003  9.0000000e-003  3.2280000e+003
  1.9888390e+003  1.3659082e+003  3.6000000e-002  3.2290000e+003
  1.9888420e+003  1.3655087e+003  1.9000000e-002  3.2300000e+003
  1.9888440e+003  1.3650752e+003  9.0000000e-003  3.2310000e+003
  1.9888470e+003  1.3648984e+003  1.2000000e-002  3.2320000e+003
  1.9888500e+003  1.3650443e+003  1.3000000e-002  3.2330000e+003
  1.9888520e+003  1.3654178e+003  1.2000000e-002  3.2340000e+003
  1.9888550e+003  1.3655297e+003  1.0000000e-002  3.2350000e+003
  1.9888580e+003  1.3657854e+003  1.5000000e-002  3.2360000e+003
  1.9888610e+003  1.3659941e+003  1.6000000e-002  3.2370000e+003
  1.9888630e+003  1.3659761e+003  1.6000000e-002  3.2380000e+003
  1.9888660e+003  1.3661529e+003  1.1000000e-002  3.2390000e+003
  1.9888690e+003  1.3660321e+003  1.8000000e-002  3.2400000e+003
  1.9888720e+003  1.3658093e+003  1.5000000e-002  3.2410000e+003
  1.9888740e+003  1.3659382e+003  2.8000000e-002  3.2420000e+003
  1.9888770e+003  1.3659072e+003  1.5000000e-002  3.2430000e+003
  1.9888800e+003  1.3659791e+003  1.7000000e-002  3.2440000e+003
  1.9888830e+003  1.3660171e+003  4.1000000e-002  3.2450000e+003
  1.9888850e+003  1.3660321e+003  1.2000000e-002  3.2460000e+003
  1.9888880e+003  1.3661739e+003  1.8000000e-002  3.2470000e+003
  1.9888910e+003  1.3662868e+003  1.4000000e-002  3.2480000e+003
  1.9888930e+003  1.3662049e+003  2.1000000e-002  3.2490000e+003
  1.9888960e+003  1.3663587e+003  1.8000000e-002  3.2500000e+003
  1.9888990e+003  1.3664336e+003  1.4000000e-002  3.2510000e+003
  1.9889020e+003  1.3665974e+003  1.9000000e-002  3.2520000e+003
  1.9889040e+003  1.3664965e+003  2.9000000e-002  3.2530000e+003
  1.9889070e+003  1.3663876e+003  1.5000000e-002  3.2540000e+003
  1.9889100e+003  1.3663267e+003  2.1000000e-002  3.2550000e+003
  1.9889130e+003  1.3661659e+003  3.8000000e-002  3.2560000e+003
  1.9889150e+003  1.3661399e+003  1.4000000e-002  3.2570000e+003
  1.9889180e+003  1.3659542e+003  1.7000000e-002  3.2580000e+003
  1.9889210e+003  1.3659122e+003  1.7000000e-002  3.2590000e+003
  1.9889230e+003  1.3659102e+003  0.0000000e+000  3.2600000e+003
  1.9889260e+003  1.3661529e+003  1.5000000e-002  3.2610000e+003
  1.9889290e+003  1.3665235e+003  2.2000000e-002  3.2620000e+003
  1.9889320e+003  1.3666543e+003  3.1000000e-002  3.2630000e+003
  1.9889340e+003  1.3667372e+003  1.0000000e-002  3.2640000e+003
  1.9889370e+003  1.3668091e+003  2.4000000e-002  3.2650000e+003
  1.9889430e+003  1.3667862e+003  2.6000000e-002  3.2670000e+003
  1.9889450e+003  1.3666124e+003  0.0000000e+000  3.2680000e+003
  1.9889480e+003  1.3665624e+003  1.4000000e-002  3.2690000e+003
  1.9889510e+003  1.3662338e+003  1.6000000e-002  3.2700000e+003
  1.9889530e+003  1.3661429e+003  2.1000000e-002  3.2710000e+003
  1.9889560e+003  1.3658243e+003  1.0000000e-002  3.2720000e+003
  1.9889590e+003  1.3654128e+003  6.4000000e-002  3.2730000e+003
  1.9889620e+003  1.3651761e+003  2.5000000e-002  3.2740000e+003
  1.9889640e+003  1.3649544e+003  2.2000000e-002  3.2750000e+003
  1.9889670e+003  1.3647646e+003  2.0800000e-001  3.2760000e+003
  1.9889700e+003  1.3647826e+003  1.2000000e-002  3.2770000e+003
  1.9889730e+003  1.3648894e+003  2.1000000e-002  3.2780000e+003
  1.9889750e+003  1.3651771e+003  2.3000000e-002  3.2790000e+003
  1.9889780e+003  1.3653179e+003  1.6000000e-002  3.2800000e+003
  1.9889810e+003  1.3655866e+003  1.0000000e-002  3.2810000e+003
  1.9889840e+003  1.3657404e+003  1.3000000e-002  3.2820000e+003
  1.9889860e+003  1.3655486e+003  2.3000000e-002  3.2830000e+003
  1.9889890e+003  1.3651421e+003  2.0300000e-001  3.2840000e+003
  1.9889920e+003  1.3651661e+003  2.1000000e-002  3.2850000e+003
  1.9889950e+003  1.3653609e+003  1.3000000e-002  3.2860000e+003
  1.9889970e+003  1.3657814e+003  1.1000000e-002  3.2870000e+003
  1.9890000e+003  1.3660011e+003  1.7000000e-002  3.2880000e+003
  1.9890030e+003  1.3661809e+003  1.8000000e-002  3.2890000e+003
  1.9890050e+003  1.3663707e+003  2.0000000e-002  3.2900000e+003
  1.9890080e+003  1.3663457e+003  1.6000000e-002  3.2910000e+003
  1.9890110e+003  1.3662798e+003  1.2000000e-002  3.2920000e+003
  1.9890140e+003  1.3662917e+003  1.7000000e-002  3.2930000e+003
  1.9890160e+003  1.3663167e+003  1.3000000e-002  3.2940000e+003
  1.9890190e+003  1.3663337e+003  1.6000000e-002  3.2950000e+003
  1.9890220e+003  1.3661200e+003  1.4000000e-002  3.2960000e+003
  1.9890250e+003  1.3659452e+003  1.7000000e-002  3.2970000e+003
  1.9890270e+003  1.3659292e+003  2.2000000e-002  3.2980000e+003
  1.9890300e+003  1.3661589e+003  1.3000000e-002  3.2990000e+003
  1.9890330e+003  1.3661449e+003  1.8000000e-002  3.3000000e+003
  1.9890360e+003  1.3660880e+003  1.4000000e-002  3.3010000e+003
  1.9890380e+003  1.3658253e+003  1.2000000e-002  3.3020000e+003
  1.9890410e+003  1.3653459e+003  2.2000000e-002  3.3030000e+003
  1.9890440e+003  1.3649823e+003  1.7000000e-002  3.3040000e+003
  1.9890470e+003  1.3651072e+003  2.4000000e-002  3.3050000e+003
  1.9890490e+003  1.3656176e+003  1.2000000e-002  3.3060000e+003
  1.9890520e+003  1.3662588e+003  1.9000000e-002  3.3070000e+003
  1.9890550e+003  1.3666653e+003  2.4000000e-002  3.3080000e+003
  1.9890570e+003  1.3670608e+003  2.5000000e-002  3.3090000e+003
  1.9890600e+003  1.3670808e+003  4.1000000e-002  3.3100000e+003
  1.9890630e+003  1.3665964e+003  1.2000000e-002  3.3110000e+003
  1.9890680e+003  1.3655656e+003  2.2000000e-002  3.3130000e+003
  1.9890740e+003  1.3656355e+003  2.3000000e-002  3.3150000e+003
  1.9890770e+003  1.3656465e+003  1.8000000e-002  3.3160000e+003
  1.9890790e+003  1.3657284e+003  1.5000000e-002  3.3170000e+003
  1.9890820e+003  1.3661609e+003  1.7000000e-002  3.3180000e+003
  1.9890850e+003  1.3664815e+003  3.0000000e-002  3.3190000e+003
  1.9890880e+003  1.3666883e+003  2.0000000e-002  3.3200000e+003
  1.9890900e+003  1.3666363e+003  1.9000000e-002  3.3210000e+003
  1.9890930e+003  1.3666713e+003  2.6000000e-002  3.3220000e+003
  1.9890960e+003  1.3668321e+003  4.9000000e-002  3.3230000e+003
  1.9890990e+003  1.3670658e+003  1.8000000e-002  3.3240000e+003
  1.9891010e+003  1.3671757e+003  1.7000000e-002  3.3250000e+003
  1.9891040e+003  1.3672496e+003  1.3000000e-002  3.3260000e+003
  1.9891070e+003  1.3670388e+003  1.2000000e-002  3.3270000e+003
  1.9891100e+003  1.3667602e+003  1.7000000e-002  3.3280000e+003
  1.9891120e+003  1.3662977e+003  1.2000000e-002  3.3290000e+003
  1.9891150e+003  1.3661190e+003  2.0000000e-002  3.3300000e+003
  1.9891180e+003  1.3660530e+003  1.5000000e-002  3.3310000e+003
  1.9891210e+003  1.3661190e+003  1.3000000e-002  3.3320000e+003
  1.9891230e+003  1.3659342e+003  1.0000000e-002  3.3330000e+003
  1.9891260e+003  1.3660970e+003  2.3000000e-002  3.3340000e+003
  1.9891290e+003  1.3664725e+003  1.6000000e-002  3.3350000e+003
  1.9891310e+003  1.3665854e+003  1.4000000e-002  3.3360000e+003
  1.9891340e+003  1.3669569e+003  1.4000000e-002  3.3370000e+003
  1.9891370e+003  1.3670868e+003  1.2000000e-002  3.3380000e+003
  1.9891400e+003  1.3668021e+003  3.7000000e-002  3.3390000e+003
  1.9891420e+003  1.3661170e+003  1.7000000e-002  3.3400000e+003
  1.9891450e+003  1.3657504e+003  1.6000000e-002  3.3410000e+003
  1.9891480e+003  1.3655896e+003  1.4000000e-002  3.3420000e+003
  1.9891510e+003  1.3656365e+003  1.9000000e-002  3.3430000e+003
  1.9891530e+003  1.3662069e+003  2.5000000e-002  3.3440000e+003
  1.9891590e+003  1.3666263e+003  1.2000000e-002  3.3460000e+003
  1.9891620e+003  1.3666283e+003  1.3000000e-002  3.3470000e+003
  1.9891640e+003  1.3664506e+003  1.9000000e-002  3.3480000e+003
  1.9891670e+003  1.3663756e+003  1.6000000e-002  3.3490000e+003
  1.9891700e+003  1.3660930e+003  1.6000000e-002  3.3500000e+003
  1.9891730e+003  1.3663347e+003  3.5000000e-002  3.3510000e+003
  1.9891750e+003  1.3665305e+003  2.6000000e-002  3.3520000e+003
  1.9891780e+003  1.3668021e+003  1.3000000e-002  3.3530000e+003
  1.9891810e+003  1.3668960e+003  1.8000000e-002  3.3540000e+003
  1.9891840e+003  1.3667262e+003  1.6000000e-002  3.3550000e+003
  1.9891860e+003  1.3663367e+003  1.9000000e-002  3.3560000e+003
  1.9891890e+003  1.3658423e+003  2.0000000e-002  3.3570000e+003
  1.9891920e+003  1.3654378e+003  1.6000000e-002  3.3580000e+003
  1.9891950e+003  1.3648445e+003  1.6000000e-002  3.3590000e+003
  1.9891970e+003  1.3648565e+003  1.7000000e-002  3.3600000e+003
  1.9892000e+003  1.3652310e+003  1.4000000e-002  3.3610000e+003
  1.9892030e+003  1.3657314e+003  1.3000000e-002  3.3620000e+003
  1.9892050e+003  1.3662428e+003  2.6000000e-002  3.3630000e+003
  1.9892080e+003  1.3667322e+003  2.7000000e-002  3.3640000e+003
  1.9892110e+003  1.3671028e+003  1.7000000e-002  3.3650000e+003
  1.9892140e+003  1.3670378e+003  1.8000000e-002  3.3660000e+003
  1.9892160e+003  1.3665804e+003  1.5000000e-002  3.3670000e+003
  1.9892190e+003  1.3662588e+003  4.2000000e-002  3.3680000e+003
  1.9892220e+003  1.3657963e+003  1.9000000e-002  3.3690000e+003
  1.9892250e+003  1.3659801e+003  2.1000000e-002  3.3700000e+003
  1.9892300e+003  1.3662728e+003  2.2000000e-002  3.3720000e+003
  1.9892330e+003  1.3663776e+003  1.3000000e-002  3.3730000e+003
  1.9892360e+003  1.3663417e+003  1.4000000e-002  3.3740000e+003
  1.9892380e+003  1.3661969e+003  2.7000000e-002  3.3750000e+003
  1.9892410e+003  1.3662888e+003  1.4000000e-002  3.3760000e+003
  1.9892440e+003  1.3663547e+003  1.1000000e-002  3.3770000e+003
  1.9892470e+003  1.3663357e+003  1.7000000e-002  3.3780000e+003
  1.9892490e+003  1.3662868e+003  1.5000000e-002  3.3790000e+003
  1.9892520e+003  1.3662388e+003  1.8000000e-002  3.3800000e+003
  1.9892550e+003  1.3659092e+003  1.6000000e-002  3.3810000e+003
  1.9892580e+003  1.3659891e+003  3.9000000e-002  3.3820000e+003
  1.9892600e+003  1.3661110e+003  1.7000000e-002  3.3830000e+003
  1.9892630e+003  1.3662917e+003  1.2000000e-002  3.3840000e+003
  1.9892660e+003  1.3665404e+003  1.2000000e-002  3.3850000e+003
  1.9892680e+003  1.3666723e+003  1.4000000e-002  3.3860000e+003
  1.9892710e+003  1.3671357e+003  2.1000000e-002  3.3870000e+003
  1.9892740e+003  1.3675103e+003  1.7000000e-002  3.3880000e+003
  1.9892770e+003  1.3676781e+003  1.4000000e-002  3.3890000e+003
  1.9892790e+003  1.3677770e+003  1.7000000e-002  3.3900000e+003
  1.9892820e+003  1.3676781e+003  1.7000000e-002  3.3910000e+003
  1.9892850e+003  1.3672586e+003  1.6000000e-002  3.3920000e+003
  1.9892880e+003  1.3666873e+003  2.1000000e-002  3.3930000e+003
  1.9892900e+003  1.3662508e+003  1.3000000e-002  3.3940000e+003
  1.9892930e+003  1.3659092e+003  1.9000000e-002  3.3950000e+003
  1.9892960e+003  1.3657484e+003  2.0000000e-002  3.3960000e+003
  1.9892990e+003  1.3657164e+003  4.9000000e-002  3.3970000e+003
  1.9893010e+003  1.3658992e+003  1.3000000e-002  3.3980000e+003
  1.9893040e+003  1.3659332e+003  2.4000000e-002  3.3990000e+003
  1.9893070e+003  1.3660990e+003  3.0000000e-002  3.4000000e+003
  1.9893100e+003  1.3659991e+003  1.8000000e-002  3.4010000e+003
  1.9893120e+003  1.3659552e+003  1.4000000e-002  3.4020000e+003
  1.9893150e+003  1.3658982e+003  1.9000000e-002  3.4030000e+003
  1.9893180e+003  1.3661299e+003  1.0000000e-002  3.4040000e+003
  1.9893210e+003  1.3660171e+003  2.7900000e-001  3.4050000e+003
  1.9893230e+003  1.3663007e+003  2.2000000e-002  3.4060000e+003
  1.9893260e+003  1.3663267e+003  1.4000000e-002  3.4070000e+003
  1.9893290e+003  1.3663357e+003  1.3000000e-002  3.4080000e+003
  1.9893320e+003  1.3663047e+003  1.5000000e-002  3.4090000e+003
  1.9893340e+003  1.3662498e+003  3.5000000e-002  3.4100000e+003
  1.9893370e+003  1.3662728e+003  3.7000000e-002  3.4110000e+003
  1.9893400e+003  1.3662748e+003  1.4000000e-002  3.4120000e+003
  1.9893420e+003  1.3663876e+003  1.2000000e-002  3.4130000e+003
  1.9893450e+003  1.3665974e+003  1.5000000e-002  3.4140000e+003
  1.9893480e+003  1.3668940e+003  1.4000000e-002  3.4150000e+003
  1.9893510e+003  1.3671018e+003  1.6000000e-002  3.4160000e+003
  1.9893530e+003  1.3672935e+003  1.7000000e-002  3.4170000e+003
  1.9893560e+003  1.3674733e+003  1.9000000e-002  3.4180000e+003
  1.9893590e+003  1.3674593e+003  1.4000000e-002  3.4190000e+003
  1.9893620e+003  1.3680566e+003  1.6100000e-001  3.4200000e+003
  1.9893640e+003  1.3673884e+003  1.2000000e-002  3.4210000e+003
  1.9893670e+003  1.3672556e+003  2.1000000e-002  3.4220000e+003
  1.9893700e+003  1.3670598e+003  1.5000000e-002  3.4230000e+003
  1.9893730e+003  1.3669010e+003  2.2000000e-002  3.4240000e+003
  1.9893750e+003  1.3667482e+003  2.1000000e-002  3.4250000e+003
  1.9893780e+003  1.3666943e+003  2.4000000e-002  3.4260000e+003
  1.9893810e+003  1.3666044e+003  2.1000000e-002  3.4270000e+003
  1.9893840e+003  1.3661299e+003  1.3000000e-002  3.4280000e+003
  1.9893860e+003  1.3656395e+003  1.7000000e-002  3.4290000e+003
  1.9893890e+003  1.3662378e+003  1.8900000e-001  3.4300000e+003
  1.9893920e+003  1.3660311e+003  1.4000000e-002  3.4310000e+003
  1.9893950e+003  1.3660690e+003  9.0000000e-003  3.4320000e+003
  1.9893970e+003  1.3659991e+003  1.1000000e-002  3.4330000e+003
  1.9894000e+003  1.3659452e+003  1.9000000e-002  3.4340000e+003
  1.9894030e+003  1.3659881e+003  1.8000000e-002  3.4350000e+003
  1.9894060e+003  1.3660001e+003  1.4000000e-002  3.4360000e+003
  1.9894080e+003  1.3660790e+003  1.7000000e-002  3.4370000e+003
  1.9894110e+003  1.3659382e+003  2.3000000e-002  3.4380000e+003
  1.9894140e+003  1.3658932e+003  2.2000000e-002  3.4390000e+003
  1.9894160e+003  1.3660640e+003  2.0000000e-002  3.4400000e+003
  1.9894190e+003  1.3661759e+003  2.7000000e-002  3.4410000e+003
  1.9894220e+003  1.3665295e+003  1.8000000e-002  3.4420000e+003
  1.9894250e+003  1.3666703e+003  1.9000000e-002  3.4430000e+003
  1.9894300e+003  1.3670259e+003  1.9000000e-002  3.4450000e+003
  1.9894330e+003  1.3669789e+003  2.8000000e-002  3.4460000e+003
  1.9894360e+003  1.3668900e+003  7.8000000e-002  3.4470000e+003
  1.9894380e+003  1.3668990e+003  1.8000000e-002  3.4480000e+003
  1.9894410e+003  1.3667722e+003  3.8000000e-002  3.4490000e+003
  1.9894440e+003  1.3661899e+003  2.1000000e-002  3.4500000e+003
  1.9894470e+003  1.3657774e+003  2.8000000e-002  3.4510000e+003
  1.9894490e+003  1.3650063e+003  1.8000000e-002  3.4520000e+003
  1.9894520e+003  1.3643271e+003  1.8000000e-002  3.4530000e+003
  1.9894550e+003  1.3639656e+003  2.2000000e-002  3.4540000e+003
  1.9894580e+003  1.3639286e+003  2.8000000e-002  3.4550000e+003
  1.9894600e+003  1.3646018e+003  2.1000000e-002  3.4560000e+003
  1.9894630e+003  1.3654198e+003  1.6000000e-002  3.4570000e+003
  1.9894660e+003  1.3662578e+003  2.2000000e-002  3.4580000e+003
  1.9894690e+003  1.3669170e+003  4.0000000e-002  3.4590000e+003
  1.9894710e+003  1.3669759e+003  1.7000000e-002  3.4600000e+003
  1.9894740e+003  1.3666393e+003  3.1000000e-002  3.4610000e+003
  1.9894770e+003  1.3661469e+003  1.7000000e-002  3.4620000e+003
  1.9894790e+003  1.3656016e+003  1.3000000e-002  3.4630000e+003
  1.9894820e+003  1.3654068e+003  6.5000000e-002  3.4640000e+003
  1.9894850e+003  1.3653699e+003  1.3000000e-002  3.4650000e+003
  1.9894880e+003  1.3652969e+003  2.2000000e-002  3.4660000e+003
  1.9894900e+003  1.3653958e+003  2.8000000e-002  3.4670000e+003
  1.9894930e+003  1.3656755e+003  1.7000000e-002  3.4680000e+003
  1.9894960e+003  1.3661869e+003  2.8000000e-002  3.4690000e+003
  1.9894990e+003  1.3668241e+003  1.6000000e-002  3.4700000e+003
  1.9895010e+003  1.3672915e+003  1.2000000e-002  3.4710000e+003
  1.9895040e+003  1.3673674e+003  1.3000000e-002  3.4720000e+003
  1.9895070e+003  1.3670319e+003  2.9000000e-002  3.4730000e+003
  1.9895100e+003  1.3669589e+003  2.1000000e-002  3.4740000e+003
  1.9895120e+003  1.3671068e+003  1.7000000e-002  3.4750000e+003
  1.9895150e+003  1.3671158e+003  2.3000000e-002  3.4760000e+003
  1.9895180e+003  1.3672426e+003  1.6000000e-002  3.4770000e+003
  1.9895210e+003  1.3672836e+003  1.7000000e-002  3.4780000e+003
  1.9895230e+003  1.3672076e+003  1.4000000e-002  3.4790000e+003
  1.9895260e+003  1.3671767e+003  1.7000000e-002  3.4800000e+003
  1.9895290e+003  1.3669819e+003  1.4000000e-002  3.4810000e+003
  1.9895310e+003  1.3668601e+003  2.0000000e-002  3.4820000e+003
  1.9895340e+003  1.3667562e+003  2.3000000e-002  3.4830000e+003
  1.9895340e+003  1.3666352e+003  8.0000000e-002  3.4840000e+003
  1.9895370e+003  1.3667248e+003  2.4000000e-001  3.4850000e+003
  1.9895400e+003  1.3667347e+003  4.1000000e-001  3.4860000e+003
  1.9895420e+003  1.3663763e+003  1.5000000e-001  3.4870000e+003
  1.9895450e+003  1.3662568e+003  8.0000000e-002  3.4880000e+003
  1.9895480e+003  1.3661672e+003  9.0000000e-002  3.4890000e+003
  1.9895510e+003  1.3659183e+003  8.0000000e-002  3.4900000e+003
  1.9895530e+003  1.3657092e+003  8.0000000e-002  3.4910000e+003
  1.9895560e+003  1.3655598e+003  9.0000000e-002  3.4920000e+003
  1.9895590e+003  1.3654404e+003  5.0000000e-002  3.4930000e+003
  1.9895620e+003  1.3656395e+003  2.0000000e-001  3.4940000e+003
  1.9895640e+003  1.3658585e+003  1.2000000e-001  3.4950000e+003
  1.9895670e+003  1.3661174e+003  1.1000000e-001  3.4960000e+003
  1.9895700e+003  1.3661971e+003  2.0000000e-001  3.4970000e+003
  1.9895730e+003  1.3661772e+003  1.3000000e-001  3.4980000e+003
  1.9895750e+003  1.3659780e+003  1.5000000e-001  3.4990000e+003
  1.9895780e+003  1.3656793e+003  1.1000000e-001  3.5000000e+003
  1.9895810e+003  1.3655897e+003  1.2000000e-001  3.5010000e+003
  1.9895840e+003  1.3656893e+003  1.1000000e-001  3.5020000e+003
  1.9895860e+003  1.3657291e+003  9.0000000e-002  3.5030000e+003
  1.9895890e+003  1.3657590e+003  5.0000000e-002  3.5040000e+003
  1.9895920e+003  1.3662966e+003  1.2000000e-001  3.5050000e+003
  1.9895940e+003  1.3663862e+003  1.5000000e-001  3.5060000e+003
  1.9895970e+003  1.3661174e+003  1.4000000e-001  3.5070000e+003
  1.9896000e+003  1.3657789e+003  1.3000000e-001  3.5080000e+003
  1.9896030e+003  1.3655499e+003  1.5000000e-001  3.5090000e+003
  1.9896050e+003  1.3655997e+003  1.2000000e-001  3.5100000e+003
  1.9896080e+003  1.3656494e+003  1.8000000e-001  3.5110000e+003
  1.9896110e+003  1.3658287e+003  1.8000000e-001  3.5120000e+003
  1.9896140e+003  1.3661174e+003  1.6000000e-001  3.5130000e+003
  1.9896160e+003  1.3663165e+003  1.1000000e-001  3.5140000e+003
  1.9896190e+003  1.3658984e+003  1.6000000e-001  3.5150000e+003
  1.9896220e+003  1.3654702e+003  1.9000000e-001  3.5160000e+003
  1.9896250e+003  1.3650720e+003  1.5000000e-001  3.5170000e+003
  1.9896270e+003  1.3650222e+003  1.5000000e-001  3.5180000e+003
  1.9896300e+003  1.3650421e+003  1.5000000e-001  3.5190000e+003
  1.9896330e+003  1.3654105e+003  2.1000000e-001  3.5200000e+003
  1.9896360e+003  1.3659083e+003  2.4000000e-001  3.5210000e+003
  1.9896380e+003  1.3662966e+003  2.3000000e-001  3.5220000e+003
  1.9896410e+003  1.3666949e+003  2.2000000e-001  3.5230000e+003
  1.9896440e+003  1.3668841e+003  2.0000000e-001  3.5240000e+003
  1.9896470e+003  1.3667945e+003  1.3000000e-001  3.5250000e+003
  1.9896490e+003  1.3669637e+003  1.2000000e-001  3.5260000e+003
  1.9896520e+003  1.3666750e+003  1.8000000e-001  3.5270000e+003
  1.9896550e+003  1.3667347e+003  1.6000000e-001  3.5280000e+003
  1.9896580e+003  1.3669139e+003  1.8000000e-001  3.5290000e+003
  1.9896600e+003  1.3668243e+003  2.2000000e-001  3.5300000e+003
  1.9896630e+003  1.3666650e+003  1.8000000e-001  3.5310000e+003
  1.9896660e+003  1.3662170e+003  2.2000000e-001  3.5320000e+003
  1.9896680e+003  1.3656992e+003  2.1000000e-001  3.5330000e+003
  1.9896710e+003  1.3651914e+003  2.2000000e-001  3.5340000e+003
  1.9896740e+003  1.3647036e+003  1.6000000e-001  3.5350000e+003
  1.9896770e+003  1.3646040e+003  1.4000000e-001  3.5360000e+003
  1.9896790e+003  1.3645243e+003  1.4000000e-001  3.5370000e+003
  1.9896820e+003  1.3647932e+003  1.3000000e-001  3.5380000e+003
  1.9896850e+003  1.3652512e+003  1.9000000e-001  3.5390000e+003
  1.9896880e+003  1.3657092e+003  1.4000000e-001  3.5400000e+003
  1.9896900e+003  1.3658984e+003  1.4000000e-001  3.5410000e+003
  1.9896930e+003  1.3659481e+003  1.6000000e-001  3.5420000e+003
  1.9896960e+003  1.3656395e+003  1.6000000e-001  3.5430000e+003
  1.9896990e+003  1.3655598e+003  1.3000000e-001  3.5440000e+003
  1.9897010e+003  1.3657092e+003  1.3000000e-001  3.5450000e+003
  1.9897040e+003  1.3660477e+003  1.5000000e-001  3.5460000e+003
  1.9897070e+003  1.3662468e+003  2.2000000e-001  3.5470000e+003
  1.9897100e+003  1.3663265e+003  1.8000000e-001  3.5480000e+003
  1.9897120e+003  1.3664062e+003  1.6000000e-001  3.5490000e+003
  1.9897150e+003  1.3663862e+003  2.1000000e-001  3.5500000e+003
  1.9897180e+003  1.3659382e+003  1.3000000e-001  3.5510000e+003
  1.9897210e+003  1.3659183e+003  1.7000000e-001  3.5520000e+003
  1.9897230e+003  1.3657888e+003  1.5000000e-001  3.5530000e+003
  1.9897260e+003  1.3656992e+003  1.8000000e-001  3.5540000e+003
  1.9897290e+003  1.3656793e+003  2.1000000e-001  3.5550000e+003
  1.9897320e+003  1.3659282e+003  1.0000000e-001  3.5560000e+003
  1.9897420e+003  1.3670633e+003  2.9000000e-001  3.5600000e+003
  1.9897450e+003  1.3671131e+003  2.0000000e-001  3.5610000e+003
  1.9897480e+003  1.3670633e+003  2.2000000e-001  3.5620000e+003
  1.9897510e+003  1.3668343e+003  1.3000000e-001  3.5630000e+003
  1.9897530e+003  1.3668442e+003  2.1000000e-001  3.5640000e+003
  1.9897560e+003  1.3670733e+003  1.4000000e-001  3.5650000e+003
  1.9897590e+003  1.3672923e+003  1.4000000e-001  3.5660000e+003
  1.9897620e+003  1.3674317e+003  1.2000000e-001  3.5670000e+003
  1.9897640e+003  1.3674616e+003  6.0000000e-002  3.5680000e+003
  1.9897670e+003  1.3672425e+003  1.5000000e-001  3.5690000e+003
  1.9897700e+003  1.3673819e+003  1.4000000e-001  3.5700000e+003
  1.9897730e+003  1.3673222e+003  1.3000000e-001  3.5710000e+003
  1.9897750e+003  1.3671927e+003  1.6000000e-001  3.5720000e+003
  1.9897780e+003  1.3671031e+003  1.5000000e-001  3.5730000e+003
  1.9897810e+003  1.3673421e+003  2.2000000e-001  3.5740000e+003
  1.9897840e+003  1.3669637e+003  1.9000000e-001  3.5750000e+003
  1.9897860e+003  1.3666650e+003  1.7000000e-001  3.5760000e+003
  1.9897890e+003  1.3663763e+003  1.1000000e-001  3.5770000e+003
  1.9897920e+003  1.3662269e+003  1.7000000e-001  3.5780000e+003
  1.9897950e+003  1.3662568e+003  1.6000000e-001  3.5790000e+003
  1.9897970e+003  1.3662568e+003  1.5000000e-001  3.5800000e+003
  1.9898000e+003  1.3662568e+003  2.0000000e-001  3.5810000e+003
  1.9898030e+003  1.3662269e+003  1.4000000e-001  3.5820000e+003
  1.9898050e+003  1.3664659e+003  2.1000000e-001  3.5830000e+003
  1.9898080e+003  1.3665356e+003  1.8000000e-001  3.5840000e+003
  1.9898110e+003  1.3664858e+003  1.5000000e-001  3.5850000e+003
  1.9898140e+003  1.3666451e+003  1.6000000e-001  3.5860000e+003
  1.9898160e+003  1.3671429e+003  1.2000000e-001  3.5870000e+003
  1.9898190e+003  1.3669040e+003  1.8000000e-001  3.5880000e+003
  1.9898220e+003  1.3668343e+003  2.0000000e-001  3.5890000e+003
  1.9898250e+003  1.3668940e+003  1.8000000e-001  3.5900000e+003
  1.9898270e+003  1.3668542e+003  1.7000000e-001  3.5910000e+003
  1.9898300e+003  1.3669139e+003  1.2000000e-001  3.5920000e+003
  1.9898330e+003  1.3669040e+003  1.7000000e-001  3.5930000e+003
  1.9898360e+003  1.3667945e+003  1.1000000e-001  3.5940000e+003
  1.9898380e+003  1.3667049e+003  1.8000000e-001  3.5950000e+003
  1.9898410e+003  1.3665057e+003  1.6000000e-001  3.5960000e+003
  1.9898440e+003  1.3665356e+003  1.7000000e-001  3.5970000e+003
  1.9898470e+003  1.3664659e+003  1.4000000e-001  3.5980000e+003
  1.9898490e+003  1.3664261e+003  1.1000000e-001  3.5990000e+003
  1.9898520e+003  1.3665854e+003  1.8000000e-001  3.6000000e+003
  1.9898550e+003  1.3667248e+003  1.6000000e-001  3.6010000e+003
  1.9898580e+003  1.3665455e+003  2.0000000e-001  3.6020000e+003
  1.9898600e+003  1.3664559e+003  1.7000000e-001  3.6030000e+003
  1.9898630e+003  1.3665854e+003  1.1000000e-001  3.6040000e+003
  1.9898660e+003  1.3667646e+003  1.6000000e-001  3.6050000e+003
  1.9898690e+003  1.3669040e+003  1.2000000e-001  3.6060000e+003
  1.9898710e+003  1.3668442e+003  9.0000000e-002  3.6070000e+003
  1.9898740e+003  1.3668442e+003  1.9000000e-001  3.6080000e+003
  1.9898770e+003  1.3671131e+003  1.5000000e-001  3.6090000e+003
  1.9898790e+003  1.3673321e+003  1.5000000e-001  3.6100000e+003
  1.9898820e+003  1.3671230e+003  1.3000000e-001  3.6110000e+003
  1.9898850e+003  1.3669737e+003  1.5000000e-001  3.6120000e+003
  1.9898880e+003  1.3668940e+003  1.9000000e-001  3.6130000e+003
  1.9898900e+003  1.3668841e+003  1.0000000e-001  3.6140000e+003
  1.9898930e+003  1.3668841e+003  1.7000000e-001  3.6150000e+003
  1.9898960e+003  1.3665655e+003  1.1000000e-001  3.6160000e+003
  1.9898990e+003  1.3666053e+003  1.0000000e-001  3.6170000e+003
  1.9899010e+003  1.3663862e+003  1.6000000e-001  3.6180000e+003
  1.9899040e+003  1.3658984e+003  2.1000000e-001  3.6190000e+003
  1.9899070e+003  1.3659979e+003  7.0000000e-002  3.6200000e+003
  1.9899100e+003  1.3664161e+003  2.7000000e-001  3.6210000e+003
  1.9899120e+003  1.3666252e+003  1.1000000e-001  3.6220000e+003
  1.9899150e+003  1.3667049e+003  1.3000000e-001  3.6230000e+003
  1.9899180e+003  1.3668542e+003  1.0000000e-001  3.6240000e+003
  1.9899210e+003  1.3669040e+003  1.4000000e-001  3.6250000e+003
  1.9899230e+003  1.3667746e+003  2.1000000e-001  3.6260000e+003
  1.9899260e+003  1.3668243e+003  9.0000000e-002  3.6270000e+003
  1.9899290e+003  1.3667447e+003  9.0000000e-002  3.6280000e+003
  1.9899320e+003  1.3667347e+003  1.3000000e-001  3.6290000e+003
  1.9899340e+003  1.3665256e+003  9.0000000e-002  3.6300000e+003
  1.9899370e+003  1.3668841e+003  1.0000000e-001  3.6310000e+003
  1.9899400e+003  1.3671330e+003  1.3000000e-001  3.6320000e+003
  1.9899430e+003  1.3670533e+003  1.2000000e-001  3.6330000e+003
  1.9899450e+003  1.3671429e+003  1.2000000e-001  3.6340000e+003
  1.9899480e+003  1.3671131e+003  1.0000000e-001  3.6350000e+003
  1.9899510e+003  1.3672823e+003  9.0000000e-002  3.6360000e+003
  1.9899530e+003  1.3670733e+003  9.0000000e-002  3.6370000e+003
  1.9899560e+003  1.3670633e+003  1.0000000e-001  3.6380000e+003
  1.9899590e+003  1.3668841e+003  1.1000000e-001  3.6390000e+003
  1.9899620e+003  1.3668243e+003  1.8000000e-001  3.6400000e+003
  1.9899640e+003  1.3667447e+003  4.3000000e-001  3.6410000e+003
  1.9899670e+003  1.3666152e+003  1.6000000e-001  3.6420000e+003
  1.9899730e+003  1.3667049e+003  1.7000000e-001  3.6440000e+003
  1.9899750e+003  1.3668044e+003  2.5000000e-001  3.6450000e+003
  1.9899780e+003  1.3671230e+003  8.0000000e-002  3.6460000e+003
  1.9899810e+003  1.3670434e+003  1.3000000e-001  3.6470000e+003
  1.9899840e+003  1.3666352e+003  1.1000000e-001  3.6480000e+003
  1.9899860e+003  1.3664161e+003  1.1000000e-001  3.6490000e+003
  1.9899890e+003  1.3660577e+003  2.0000000e-001  3.6500000e+003
  1.9899920e+003  1.3657689e+003  1.4000000e-001  3.6510000e+003
  1.9899950e+003  1.3655698e+003  1.2000000e-001  3.6520000e+003
  1.9899970e+003  1.3655897e+003  1.5000000e-001  3.6530000e+003
  1.9900000e+003  1.3660975e+003  1.0000000e-001  3.6540000e+003
  1.9900030e+003  1.3665854e+003  2.3000000e-001  3.6550000e+003
  1.9900050e+003  1.3668940e+003  6.0000000e-002  3.6560000e+003
  1.9900080e+003  1.3669339e+003  1.0000000e-001  3.6570000e+003
  1.9900110e+003  1.3668741e+003  1.0000000e-001  3.6580000e+003
  1.9900140e+003  1.3666849e+003  2.2000000e-001  3.6590000e+003
  1.9900160e+003  1.3669139e+003  1.2000000e-001  3.6600000e+003
  1.9900190e+003  1.3669637e+003  1.1000000e-001  3.6610000e+003
  1.9900220e+003  1.3667945e+003  1.5000000e-001  3.6620000e+003
  1.9900250e+003  1.3666750e+003  1.8000000e-001  3.6630000e+003
  1.9900270e+003  1.3665854e+003  1.7000000e-001  3.6640000e+003
  1.9900300e+003  1.3667646e+003  2.3000000e-001  3.6650000e+003
  1.9900330e+003  1.3671230e+003  1.2000000e-001  3.6660000e+003
  1.9900360e+003  1.3671031e+003  8.0000000e-002  3.6670000e+003
  1.9900380e+003  1.3670533e+003  9.0000000e-002  3.6680000e+003
  1.9900410e+003  1.3670135e+003  1.2000000e-001  3.6690000e+003
  1.9900440e+003  1.3669737e+003  1.8000000e-001  3.6700000e+003
  1.9900470e+003  1.3669040e+003  1.2000000e-001  3.6710000e+003
  1.9900490e+003  1.3667845e+003  1.2000000e-001  3.6720000e+003
  1.9900520e+003  1.3669239e+003  1.3000000e-001  3.6730000e+003
  1.9900550e+003  1.3672525e+003  2.1000000e-001  3.6740000e+003
  1.9900570e+003  1.3675512e+003  1.3000000e-001  3.6750000e+003
  1.9900600e+003  1.3674018e+003  2.1000000e-001  3.6760000e+003
  1.9900630e+003  1.3671629e+003  1.9000000e-001  3.6770000e+003
  1.9900660e+003  1.3664559e+003  2.2000000e-001  3.6780000e+003
  1.9900680e+003  1.3661672e+003  2.2000000e-001  3.6790000e+003
  1.9900710e+003  1.3660079e+003  1.1000000e-001  3.6800000e+003
  1.9900740e+003  1.3661672e+003  1.1000000e-001  3.6810000e+003
  1.9900770e+003  1.3662767e+003  9.0000000e-002  3.6820000e+003
  1.9900790e+003  1.3662269e+003  1.5000000e-001  3.6830000e+003
  1.9900820e+003  1.3664460e+003  1.6000000e-001  3.6840000e+003
  1.9900850e+003  1.3666849e+003  1.4000000e-001  3.6850000e+003
  1.9900880e+003  1.3666750e+003  9.0000000e-002  3.6860000e+003
  1.9900900e+003  1.3668642e+003  1.0000000e-001  3.6870000e+003
  1.9900930e+003  1.3666750e+003  1.6000000e-001  3.6880000e+003
  1.9900960e+003  1.3667945e+003  1.6000000e-001  3.6890000e+003
  1.9900990e+003  1.3665256e+003  1.8000000e-001  3.6900000e+003
  1.9901010e+003  1.3667945e+003  1.6000000e-001  3.6910000e+003
  1.9901040e+003  1.3668044e+003  1.4000000e-001  3.6920000e+003
  1.9901070e+003  1.3669936e+003  1.2000000e-001  3.6930000e+003
  1.9901100e+003  1.3668741e+003  1.7000000e-001  3.6940000e+003
  1.9901120e+003  1.3667447e+003  1.3000000e-001  3.6950000e+003
  1.9901150e+003  1.3665555e+003  8.0000000e-002  3.6960000e+003
  1.9901180e+003  1.3663862e+003  1.1000000e-001  3.6970000e+003
  1.9901210e+003  1.3663365e+003  1.9000000e-001  3.6980000e+003
  1.9901230e+003  1.3665455e+003  1.1000000e-001  3.6990000e+003
  1.9901260e+003  1.3669040e+003  1.1000000e-001  3.7000000e+003
  1.9901290e+003  1.3670633e+003  1.7000000e-001  3.7010000e+003
  1.9901310e+003  1.3671728e+003  1.4000000e-001  3.7020000e+003
  1.9901340e+003  1.3674516e+003  1.2000000e-001  3.7030000e+003
  1.9901370e+003  1.3674516e+003  1.3000000e-001  3.7040000e+003
  1.9901400e+003  1.3672126e+003  2.3000000e-001  3.7050000e+003
  1.9901420e+003  1.3666551e+003  2.3000000e-001  3.7060000e+003
  1.9901450e+003  1.3663165e+003  1.6000000e-001  3.7070000e+003
  1.9901480e+003  1.3660776e+003  2.2000000e-001  3.7080000e+003
  1.9901510e+003  1.3658486e+003  1.4000000e-001  3.7090000e+003
  1.9901530e+003  1.3659979e+003  1.7000000e-001  3.7100000e+003
  1.9901560e+003  1.3663265e+003  1.6000000e-001  3.7110000e+003
  1.9901590e+003  1.3662767e+003  1.5000000e-001  3.7120000e+003
  1.9901620e+003  1.3663265e+003  1.5000000e-001  3.7130000e+003
  1.9901640e+003  1.3663564e+003  1.6000000e-001  3.7140000e+003
  1.9901670e+003  1.3667248e+003  1.1000000e-001  3.7150000e+003
  1.9901700e+003  1.3667248e+003  1.6000000e-001  3.7160000e+003
  1.9901730e+003  1.3664858e+003  1.2000000e-001  3.7170000e+003
  1.9901750e+003  1.3663862e+003  1.3000000e-001  3.7180000e+003
  1.9901780e+003  1.3661572e+003  1.8000000e-001  3.7190000e+003
  1.9901810e+003  1.3659681e+003  1.4000000e-001  3.7200000e+003
  1.9901840e+003  1.3660577e+003  9.0000000e-002  3.7210000e+003
  1.9901860e+003  1.3662369e+003  1.0000000e-001  3.7220000e+003
  1.9901890e+003  1.3664261e+003  1.5000000e-001  3.7230000e+003
  1.9901920e+003  1.3664261e+003  1.4000000e-001  3.7240000e+003
  1.9901950e+003  1.3662966e+003  1.7000000e-001  3.7250000e+003
  1.9901970e+003  1.3664062e+003  2.0000000e-001  3.7260000e+003
  1.9902000e+003  1.3664659e+003  1.6000000e-001  3.7270000e+003
  1.9902030e+003  1.3665356e+003  1.8000000e-001  3.7280000e+003
  1.9902050e+003  1.3666252e+003  1.2000000e-001  3.7290000e+003
  1.9902080e+003  1.3666949e+003  1.0000000e-001  3.7300000e+003
  1.9902110e+003  1.3669139e+003  1.2000000e-001  3.7310000e+003
  1.9902140e+003  1.3671330e+003  1.8000000e-001  3.7320000e+003
  1.9902160e+003  1.3670533e+003  1.0000000e-001  3.7330000e+003
  1.9902190e+003  1.3668442e+003  1.4000000e-001  3.7340000e+003
  1.9902220e+003  1.3664062e+003  2.2000000e-001  3.7350000e+003
  1.9902250e+003  1.3664659e+003  1.8000000e-001  3.7360000e+003
  1.9902270e+003  1.3664460e+003  2.0000000e-001  3.7370000e+003
  1.9902300e+003  1.3664360e+003  1.4000000e-001  3.7380000e+003
  1.9902330e+003  1.3664062e+003  1.5000000e-001  3.7390000e+003
  1.9902360e+003  1.3666949e+003  1.7000000e-001  3.7400000e+003
  1.9902380e+003  1.3668841e+003  2.0000000e-001  3.7410000e+003
  1.9902470e+003  1.3670334e+003  1.5000000e-001  3.7440000e+003
  1.9902490e+003  1.3667447e+003  1.2000000e-001  3.7450000e+003
  1.9902520e+003  1.3665953e+003  1.6000000e-001  3.7460000e+003
  1.9902550e+003  1.3664759e+003  1.6000000e-001  3.7470000e+003
  1.9902580e+003  1.3663663e+003  1.6000000e-001  3.7480000e+003
  1.9902600e+003  1.3663464e+003  1.4000000e-001  3.7490000e+003
  1.9902630e+003  1.3664161e+003  1.9000000e-001  3.7500000e+003
  1.9902660e+003  1.3665256e+003  1.2000000e-001  3.7510000e+003
  1.9902680e+003  1.3667347e+003  1.3000000e-001  3.7520000e+003
  1.9902710e+003  1.3668243e+003  1.4000000e-001  3.7530000e+003
  1.9902740e+003  1.3671529e+003  1.4000000e-001  3.7540000e+003
  1.9902770e+003  1.3669339e+003  1.3000000e-001  3.7550000e+003
  1.9902790e+003  1.3669737e+003  1.4000000e-001  3.7560000e+003
  1.9902820e+003  1.3671031e+003  1.8000000e-001  3.7570000e+003
  1.9902850e+003  1.3674118e+003  1.4000000e-001  3.7580000e+003
  1.9902880e+003  1.3673520e+003  1.3000000e-001  3.7590000e+003
  1.9902900e+003  1.3671728e+003  1.8000000e-001  3.7600000e+003
  1.9902930e+003  1.3668741e+003  2.2000000e-001  3.7610000e+003
  1.9902960e+003  1.3666551e+003  1.4000000e-001  3.7620000e+003
  1.9902990e+003  1.3666352e+003  1.0000000e-001  3.7630000e+003
  1.9903010e+003  1.3669139e+003  1.3000000e-001  3.7640000e+003
  1.9903040e+003  1.3671629e+003  2.3000000e-001  3.7650000e+003
  1.9903070e+003  1.3673520e+003  2.0000000e-001  3.7660000e+003
  1.9903100e+003  1.3675910e+003  1.5000000e-001  3.7670000e+003
  1.9903120e+003  1.3675213e+003  2.3000000e-001  3.7680000e+003
  1.9903150e+003  1.3672923e+003  1.3000000e-001  3.7690000e+003
  1.9903180e+003  1.3668542e+003  1.8000000e-001  3.7700000e+003
  1.9903210e+003  1.3665754e+003  1.9000000e-001  3.7710000e+003
  1.9903230e+003  1.3665854e+003  1.6000000e-001  3.7720000e+003
  1.9903260e+003  1.3666451e+003  1.3000000e-001  3.7730000e+003
  1.9903290e+003  1.3667447e+003  1.6000000e-001  3.7740000e+003
  1.9903320e+003  1.3665754e+003  2.0000000e-001  3.7750000e+003
  1.9903340e+003  1.3663862e+003  1.8000000e-001  3.7760000e+003
  1.9903370e+003  1.3666352e+003  2.1000000e-001  3.7770000e+003
  1.9903400e+003  1.3664659e+003  2.2000000e-001  3.7780000e+003
  1.9903420e+003  1.3665256e+003  2.0000000e-001  3.7790000e+003
  1.9903450e+003  1.3663165e+003  1.2000000e-001  3.7800000e+003
  1.9903480e+003  1.3665256e+003  2.1000000e-001  3.7810000e+003
  1.9903510e+003  1.3664759e+003  1.5000000e-001  3.7820000e+003
  1.9903530e+003  1.3670036e+003  1.7000000e-001  3.7830000e+003
  1.9903560e+003  1.3669637e+003  1.9000000e-001  3.7840000e+003
  1.9903590e+003  1.3675213e+003  1.7000000e-001  3.7850000e+003
  1.9903620e+003  1.3678200e+003  2.0000000e-001  3.7860000e+003
  1.9903640e+003  1.3678001e+003  1.8000000e-001  3.7870000e+003
  1.9903670e+003  1.3675412e+003  2.0000000e-001  3.7880000e+003
  1.9903700e+003  1.3671529e+003  2.2000000e-001  3.7890000e+003
  1.9903730e+003  1.3665455e+003  1.7000000e-001  3.7900000e+003
  1.9903750e+003  1.3662170e+003  1.5000000e-001  3.7910000e+003
  1.9903780e+003  1.3659083e+003  2.3000000e-001  3.7920000e+003
  1.9903810e+003  1.3658785e+003  1.9000000e-001  3.7930000e+003
  1.9903840e+003  1.3660676e+003  2.0000000e-001  3.7940000e+003
  1.9903860e+003  1.3663066e+003  1.7000000e-001  3.7950000e+003
  1.9903890e+003  1.3665754e+003  1.7000000e-001  3.7960000e+003
  1.9903920e+003  1.3664759e+003  1.5000000e-001  3.7970000e+003
  1.9903950e+003  1.3666252e+003  1.4000000e-001  3.7980000e+003
  1.9903970e+003  1.3669339e+003  1.7000000e-001  3.7990000e+003
  1.9904000e+003  1.3668841e+003  1.4000000e-001  3.8000000e+003
  1.9904030e+003  1.3670533e+003  1.5000000e-001  3.8010000e+003
  1.9904060e+003  1.3668442e+003  8.0000000e-002  3.8020000e+003
  1.9904080e+003  1.3669737e+003  1.3000000e-001  3.8030000e+003
  1.9904110e+003  1.3668044e+003  2.0000000e-001  3.8040000e+003
  1.9904140e+003  1.3667546e+003  2.5000000e-001  3.8050000e+003
  1.9904160e+003  1.3667248e+003  1.1000000e-001  3.8060000e+003
  1.9904190e+003  1.3669139e+003  2.2000000e-001  3.8070000e+003
  1.9904220e+003  1.3669438e+003  1.8000000e-001  3.8080000e+003
  1.9904250e+003  1.3669637e+003  1.6000000e-001  3.8090000e+003
  1.9904270e+003  1.3672027e+003  1.3000000e-001  3.8100000e+003
  1.9904300e+003  1.3669538e+003  2.1000000e-001  3.8110000e+003
  1.9904330e+003  1.3672027e+003  1.3000000e-001  3.8120000e+003
  1.9904360e+003  1.3673720e+003  1.9000000e-001  3.8130000e+003
  1.9904380e+003  1.3671828e+003  2.2000000e-001  3.8140000e+003
  1.9904410e+003  1.3674217e+003  9.0000000e-002  3.8150000e+003
  1.9904440e+003  1.3674516e+003  1.5000000e-001  3.8160000e+003
  1.9904470e+003  1.3672923e+003  1.5000000e-001  3.8170000e+003
  1.9904490e+003  1.3675512e+003  2.4000000e-001  3.8180000e+003
  1.9904520e+003  1.3673620e+003  1.2000000e-001  3.8190000e+003
  1.9904550e+003  1.3673321e+003  1.9000000e-001  3.8200000e+003
  1.9904580e+003  1.3672326e+003  1.8000000e-001  3.8210000e+003
  1.9904600e+003  1.3672624e+003  1.3000000e-001  3.8220000e+003
  1.9904630e+003  1.3674516e+003  1.2000000e-001  3.8230000e+003
  1.9904660e+003  1.3675512e+003  1.6000000e-001  3.8240000e+003
  1.9904690e+003  1.3672724e+003  1.7000000e-001  3.8250000e+003
  1.9904710e+003  1.3672226e+003  8.0000000e-002  3.8260000e+003
  1.9904740e+003  1.3671927e+003  9.0000000e-002  3.8270000e+003
  1.9904770e+003  1.3669936e+003  2.1000000e-001  3.8280000e+003
  1.9904790e+003  1.3667347e+003  1.4000000e-001  3.8290000e+003
  1.9904820e+003  1.3665953e+003  2.1000000e-001  3.8300000e+003
  1.9904850e+003  1.3664261e+003  2.2000000e-001  3.8310000e+003
  1.9904880e+003  1.3662767e+003  1.2000000e-001  3.8320000e+003
  1.9904900e+003  1.3663464e+003  1.3000000e-001  3.8330000e+003
  1.9904930e+003  1.3663564e+003  1.3000000e-001  3.8340000e+003
  1.9904960e+003  1.3660278e+003  2.3000000e-001  3.8350000e+003
  1.9904990e+003  1.3653408e+003  1.9000000e-001  3.8360000e+003
  1.9905010e+003  1.3650620e+003  1.7000000e-001  3.8370000e+003
  1.9905040e+003  1.3650222e+003  2.5000000e-001  3.8380000e+003
  1.9905070e+003  1.3652711e+003  2.1000000e-001  3.8390000e+003
  1.9905100e+003  1.3660378e+003  1.4000000e-001  3.8400000e+003
  1.9905120e+003  1.3666451e+003  2.7000000e-001  3.8410000e+003
  1.9905150e+003  1.3670932e+003  2.8000000e-001  3.8420000e+003
  1.9905180e+003  1.3673620e+003  1.8000000e-001  3.8430000e+003
  1.9905210e+003  1.3674516e+003  1.2000000e-001  3.8440000e+003
  1.9905230e+003  1.3675113e+003  1.9000000e-001  3.8450000e+003
  1.9905260e+003  1.3674914e+003  3.1000000e-001  3.8460000e+003
  1.9905290e+003  1.3671230e+003  1.5000000e-001  3.8470000e+003
  1.9905310e+003  1.3670633e+003  1.2000000e-001  3.8480000e+003
  1.9905340e+003  1.3669538e+003  9.0000000e-002  3.8490000e+003
  1.9905370e+003  1.3671529e+003  3.2000000e-001  3.8500000e+003
  1.9905400e+003  1.3673122e+003  1.7000000e-001  3.8510000e+003
  1.9905420e+003  1.3673222e+003  1.1000000e-001  3.8520000e+003
  1.9905450e+003  1.3670633e+003  1.8000000e-001  3.8530000e+003
  1.9905480e+003  1.3668343e+003  2.2000000e-001  3.8540000e+003
  1.9905510e+003  1.3665854e+003  2.3000000e-001  3.8550000e+003
  1.9905530e+003  1.3663066e+003  2.2000000e-001  3.8560000e+003
  1.9905560e+003  1.3660776e+003  2.0000000e-001  3.8570000e+003
  1.9905590e+003  1.3659681e+003  1.7000000e-001  3.8580000e+003
  1.9905620e+003  1.3658984e+003  1.3000000e-001  3.8590000e+003
  1.9905640e+003  1.3660178e+003  2.8000000e-001  3.8600000e+003
  1.9905670e+003  1.3662369e+003  2.3000000e-001  3.8610000e+003
  1.9905700e+003  1.3665854e+003  2.0000000e-001  3.8620000e+003
  1.9905730e+003  1.3670533e+003  1.1000000e-001  3.8630000e+003
  1.9905750e+003  1.3671429e+003  2.6000000e-001  3.8640000e+003
  1.9905780e+003  1.3671728e+003  2.1000000e-001  3.8650000e+003
  1.9905810e+003  1.3672923e+003  1.6000000e-001  3.8660000e+003
  1.9905840e+003  1.3672126e+003  2.4000000e-001  3.8670000e+003
  1.9905860e+003  1.3669139e+003  3.1000000e-001  3.8680000e+003
  1.9905890e+003  1.3668542e+003  1.5000000e-001  3.8690000e+003
  1.9905920e+003  1.3669339e+003  1.7000000e-001  3.8700000e+003
  1.9905940e+003  1.3666750e+003  2.1000000e-001  3.8710000e+003
  1.9905970e+003  1.3664759e+003  1.0000000e-001  3.8720000e+003
  1.9906000e+003  1.3666053e+003  1.9000000e-001  3.8730000e+003
  1.9906030e+003  1.3665057e+003  2.8000000e-001  3.8740000e+003
  1.9906050e+003  1.3667746e+003  2.6000000e-001  3.8750000e+003
  1.9906080e+003  1.3669836e+003  3.0000000e-001  3.8760000e+003
  1.9906110e+003  1.3670334e+003  2.1000000e-001  3.8770000e+003
  1.9906140e+003  1.3669637e+003  2.6000000e-001  3.8780000e+003
  1.9906160e+003  1.3666352e+003  1.7000000e-001  3.8790000e+003
  1.9906190e+003  1.3665555e+003  1.3000000e-001  3.8800000e+003
  1.9906220e+003  1.3663464e+003  1.3000000e-001  3.8810000e+003
  1.9906250e+003  1.3664261e+003  2.1000000e-001  3.8820000e+003
  1.9906270e+003  1.3662468e+003  1.7000000e-001  3.8830000e+003
  1.9906300e+003  1.3662369e+003  1.9000000e-001  3.8840000e+003
  1.9906330e+003  1.3660278e+003  1.2000000e-001  3.8850000e+003
  1.9906360e+003  1.3659183e+003  2.2000000e-001  3.8860000e+003
  1.9906380e+003  1.3656494e+003  1.2000000e-001  3.8870000e+003
  1.9906410e+003  1.3651118e+003  2.1000000e-001  3.8880000e+003
  1.9906440e+003  1.3650321e+003  1.7000000e-001  3.8890000e+003
  1.9906470e+003  1.3650720e+003  2.4000000e-001  3.8900000e+003
  1.9906490e+003  1.3653408e+003  2.4000000e-001  3.8910000e+003
  1.9906520e+003  1.3656793e+003  2.3000000e-001  3.8920000e+003
  1.9906550e+003  1.3658984e+003  1.5000000e-001  3.8930000e+003
  1.9906580e+003  1.3663962e+003  2.9000000e-001  3.8940000e+003
  1.9906600e+003  1.3668044e+003  2.6000000e-001  3.8950000e+003
  1.9906630e+003  1.3669438e+003  2.2000000e-001  3.8960000e+003
  1.9906660e+003  1.3667447e+003  1.7000000e-001  3.8970000e+003
  1.9906680e+003  1.3666551e+003  1.7000000e-001  3.8980000e+003
  1.9906710e+003  1.3666750e+003  1.7000000e-001  3.8990000e+003
  1.9906740e+003  1.3668940e+003  2.0000000e-001  3.9000000e+003
  1.9906770e+003  1.3671728e+003  1.9000000e-001  3.9010000e+003
  1.9906790e+003  1.3668442e+003  1.0000000e-001  3.9020000e+003
  1.9906850e+003  1.3671429e+003  2.1000000e-001  3.9040000e+003
  1.9906880e+003  1.3672923e+003  2.0000000e-001  3.9050000e+003
  1.9906900e+003  1.3673023e+003  1.9000000e-001  3.9060000e+003
  1.9906930e+003  1.3673122e+003  1.7000000e-001  3.9070000e+003
  1.9906960e+003  1.3673122e+003  1.3000000e-001  3.9080000e+003
  1.9906990e+003  1.3673421e+003  1.2000000e-001  3.9090000e+003
  1.9907010e+003  1.3672624e+003  1.6000000e-001  3.9100000e+003
  1.9907040e+003  1.3670932e+003  1.0000000e-001  3.9110000e+003
  1.9907070e+003  1.3670832e+003  1.4000000e-001  3.9120000e+003
  1.9907100e+003  1.3670832e+003  1.5000000e-001  3.9130000e+003
  1.9907120e+003  1.3670235e+003  1.6000000e-001  3.9140000e+003
  1.9907150e+003  1.3670036e+003  1.6000000e-001  3.9150000e+003
  1.9907180e+003  1.3671330e+003  1.5000000e-001  3.9160000e+003
  1.9907210e+003  1.3671529e+003  2.2000000e-001  3.9170000e+003
  1.9907230e+003  1.3672624e+003  1.5000000e-001  3.9180000e+003
  1.9907260e+003  1.3672525e+003  1.5000000e-001  3.9190000e+003
  1.9907290e+003  1.3672326e+003  1.3000000e-001  3.9200000e+003
  1.9907320e+003  1.3671330e+003  1.4000000e-001  3.9210000e+003
  1.9907340e+003  1.3670036e+003  2.0000000e-001  3.9220000e+003
  1.9907370e+003  1.3667845e+003  2.0000000e-001  3.9230000e+003
  1.9907400e+003  1.3666750e+003  1.7000000e-001  3.9240000e+003
  1.9907420e+003  1.3666750e+003  2.0000000e-001  3.9250000e+003
  1.9907450e+003  1.3666551e+003  1.2000000e-001  3.9260000e+003
  1.9907480e+003  1.3666252e+003  2.1000000e-001  3.9270000e+003
  1.9907510e+003  1.3664659e+003  1.6000000e-001  3.9280000e+003
  1.9907530e+003  1.3663265e+003  1.3000000e-001  3.9290000e+003
  1.9907560e+003  1.3664958e+003  1.3000000e-001  3.9300000e+003
  1.9907590e+003  1.3666053e+003  1.1000000e-001  3.9310000e+003
  1.9907620e+003  1.3666750e+003  1.5000000e-001  3.9320000e+003
  1.9907640e+003  1.3667148e+003  1.8000000e-001  3.9330000e+003
  1.9907670e+003  1.3667248e+003  1.6000000e-001  3.9340000e+003
  1.9907700e+003  1.3666053e+003  1.8000000e-001  3.9350000e+003
  1.9907730e+003  1.3666152e+003  1.4000000e-001  3.9360000e+003
  1.9907750e+003  1.3663564e+003  7.0000000e-002  3.9370000e+003
  1.9907780e+003  1.3661871e+003  1.6000000e-001  3.9380000e+003
  1.9907810e+003  1.3661971e+003  1.1000000e-001  3.9390000e+003
  1.9907840e+003  1.3661473e+003  1.7000000e-001  3.9400000e+003
  1.9907860e+003  1.3661672e+003  1.1000000e-001  3.9410000e+003
  1.9907890e+003  1.3660577e+003  1.1000000e-001  3.9420000e+003
  1.9907920e+003  1.3662170e+003  1.6000000e-001  3.9430000e+003
  1.9907950e+003  1.3664958e+003  2.8000000e-001  3.9440000e+003
  1.9907970e+003  1.3669538e+003  1.3000000e-001  3.9450000e+003
  1.9908000e+003  1.3671529e+003  1.7000000e-001  3.9460000e+003
  1.9908030e+003  1.3674715e+003  1.1000000e-001  3.9470000e+003
  1.9908050e+003  1.3674317e+003  1.3000000e-001  3.9480000e+003
  1.9908080e+003  1.3672823e+003  9.0000000e-002  3.9490000e+003
  1.9908110e+003  1.3672027e+003  1.2000000e-001  3.9500000e+003
  1.9908140e+003  1.3669936e+003  1.5000000e-001  3.9510000e+003
  1.9908160e+003  1.3668741e+003  1.5000000e-001  3.9520000e+003
  1.9908190e+003  1.3668442e+003  1.6000000e-001  3.9530000e+003
  1.9908220e+003  1.3667746e+003  1.6000000e-001  3.9540000e+003
  1.9908250e+003  1.3668343e+003  1.0000000e-001  3.9550000e+003
  1.9908270e+003  1.3666053e+003  1.3000000e-001  3.9560000e+003
  1.9908300e+003  1.3663066e+003  1.2000000e-001  3.9570000e+003
  1.9908330e+003  1.3663165e+003  1.0000000e-001  3.9580000e+003
  1.9908360e+003  1.3663165e+003  2.0000000e-001  3.9590000e+003
  1.9908380e+003  1.3663663e+003  1.4000000e-001  3.9600000e+003
  1.9908410e+003  1.3664659e+003  1.1000000e-001  3.9610000e+003
  1.9908440e+003  1.3664659e+003  1.7000000e-001  3.9620000e+003
  1.9908470e+003  1.3666551e+003  1.3000000e-001  3.9630000e+003
  1.9908490e+003  1.3668542e+003  1.5000000e-001  3.9640000e+003
  1.9908520e+003  1.3666750e+003  1.8000000e-001  3.9650000e+003
  1.9908550e+003  1.3667347e+003  1.1000000e-001  3.9660000e+003
  1.9908580e+003  1.3668343e+003  7.0000000e-002  3.9670000e+003
  1.9908600e+003  1.3668343e+003  1.5000000e-001  3.9680000e+003
  1.9908630e+003  1.3667148e+003  1.5000000e-001  3.9690000e+003
  1.9908660e+003  1.3667248e+003  1.7000000e-001  3.9700000e+003
  1.9908690e+003  1.3667945e+003  1.2000000e-001  3.9710000e+003
  1.9908710e+003  1.3667746e+003  1.5000000e-001  3.9720000e+003
  1.9908740e+003  1.3667447e+003  1.7000000e-001  3.9730000e+003
  1.9908770e+003  1.3656992e+003  2.8000000e-001  3.9740000e+003
  1.9908790e+003  1.3651516e+003  2.9000000e-001  3.9750000e+003
  1.9908820e+003  1.3649226e+003  1.8000000e-001  3.9760000e+003
  1.9908850e+003  1.3644447e+003  1.8000000e-001  3.9770000e+003
  1.9908880e+003  1.3643252e+003  1.3000000e-001  3.9780000e+003
  1.9908900e+003  1.3646140e+003  2.1000000e-001  3.9790000e+003
  1.9908930e+003  1.3651715e+003  2.3000000e-001  3.9800000e+003
  1.9908960e+003  1.3655598e+003  2.6000000e-001  3.9810000e+003
  1.9908990e+003  1.3660875e+003  1.4000000e-001  3.9820000e+003
  1.9909010e+003  1.3665854e+003  1.5000000e-001  3.9830000e+003
  1.9909040e+003  1.3665455e+003  1.2000000e-001  3.9840000e+003
  1.9909070e+003  1.3667447e+003  1.1000000e-001  3.9850000e+003
  1.9909100e+003  1.3668442e+003  1.3000000e-001  3.9860000e+003
  1.9909120e+003  1.3670434e+003  8.0000000e-002  3.9870000e+003
  1.9909150e+003  1.3669139e+003  1.7000000e-001  3.9880000e+003
  1.9909180e+003  1.3670135e+003  1.1000000e-001  3.9890000e+003
  1.9909210e+003  1.3671927e+003  1.3000000e-001  3.9900000e+003
  1.9909230e+003  1.3672326e+003  1.9000000e-001  3.9910000e+003
  1.9909260e+003  1.3672724e+003  1.1000000e-001  3.9920000e+003
  1.9909290e+003  1.3670733e+003  1.3000000e-001  3.9930000e+003
  1.9909320e+003  1.3668940e+003  1.4000000e-001  3.9940000e+003
  1.9909340e+003  1.3668841e+003  1.3000000e-001  3.9950000e+003
  1.9909370e+003  1.3668343e+003  1.9000000e-001  3.9960000e+003
  1.9909400e+003  1.3669538e+003  1.4000000e-001  3.9970000e+003
  1.9909430e+003  1.3673919e+003  1.2000000e-001  3.9980000e+003
  1.9909450e+003  1.3676507e+003  9.0000000e-002  3.9990000e+003
  1.9909480e+003  1.3674118e+003  2.4000000e-001  4.0000000e+003
  1.9909510e+003  1.3669438e+003  1.8000000e-001  4.0010000e+003
  1.9909530e+003  1.3663763e+003  3.5000000e-001  4.0020000e+003
  1.9909560e+003  1.3658088e+003  1.1000000e-001  4.0030000e+003
  1.9909590e+003  1.3655598e+003  1.3000000e-001  4.0040000e+003
  1.9909620e+003  1.3652114e+003  1.7000000e-001  4.0050000e+003
  1.9909640e+003  1.3652014e+003  1.8000000e-001  4.0060000e+003
  1.9909670e+003  1.3655101e+003  1.8000000e-001  4.0070000e+003
  1.9909700e+003  1.3662468e+003  2.2000000e-001  4.0080000e+003
  1.9909730e+003  1.3666152e+003  1.8000000e-001  4.0090000e+003
  1.9909750e+003  1.3669139e+003  1.3000000e-001  4.0100000e+003
  1.9909780e+003  1.3670235e+003  1.4000000e-001  4.0110000e+003
  1.9909810e+003  1.3669040e+003  1.1000000e-001  4.0120000e+003
  1.9909840e+003  1.3666650e+003  1.2000000e-001  4.0130000e+003
  1.9909860e+003  1.3666650e+003  1.8000000e-001  4.0140000e+003
  1.9909890e+003  1.3669239e+003  1.0000000e-001  4.0150000e+003
  1.9909920e+003  1.3668343e+003  1.0000000e-001  4.0160000e+003
  1.9909950e+003  1.3672126e+003  2.3000000e-001  4.0170000e+003
  1.9909970e+003  1.3674715e+003  1.7000000e-001  4.0180000e+003
  1.9910000e+003  1.3676408e+003  1.8000000e-001  4.0190000e+003
  1.9910030e+003  1.3674616e+003  1.7000000e-001  4.0200000e+003
  1.9910050e+003  1.3672923e+003  8.0000000e-002  4.0210000e+003
  1.9910080e+003  1.3672525e+003  9.0000000e-002  4.0220000e+003
  1.9910110e+003  1.3672326e+003  8.0000000e-002  4.0230000e+003
  1.9910140e+003  1.3674217e+003  1.9000000e-001  4.0240000e+003
  1.9910160e+003  1.3676707e+003  1.9000000e-001  4.0250000e+003
  1.9910190e+003  1.3675014e+003  9.0000000e-002  4.0260000e+003
  1.9910220e+003  1.3672724e+003  9.0000000e-002  4.0270000e+003
  1.9910250e+003  1.3670733e+003  1.9000000e-001  4.0280000e+003
  1.9910270e+003  1.3666252e+003  2.4000000e-001  4.0290000e+003
  1.9910300e+003  1.3662568e+003  9.0000000e-002  4.0300000e+003
  1.9910330e+003  1.3657391e+003  1.4000000e-001  4.0310000e+003
  1.9910360e+003  1.3656494e+003  9.0000000e-002  4.0320000e+003
  1.9910380e+003  1.3656196e+003  1.5000000e-001  4.0330000e+003
  1.9910410e+003  1.3651417e+003  2.4000000e-001  4.0340000e+003
  1.9910440e+003  1.3651118e+003  1.6000000e-001  4.0350000e+003
  1.9910470e+003  1.3656694e+003  2.4000000e-001  4.0360000e+003
  1.9910490e+003  1.3660079e+003  1.7000000e-001  4.0370000e+003
  1.9910520e+003  1.3665555e+003  3.5000000e-001  4.0380000e+003
  1.9910550e+003  1.3669737e+003  1.4000000e-001  4.0390000e+003
  1.9910570e+003  1.3671031e+003  1.9000000e-001  4.0400000e+003
  1.9910600e+003  1.3669239e+003  9.0000000e-002  4.0410000e+003
  1.9910630e+003  1.3665754e+003  2.7000000e-001  4.0420000e+003
  1.9910660e+003  1.3663165e+003  1.8000000e-001  4.0430000e+003
  1.9910680e+003  1.3661274e+003  1.1000000e-001  4.0440000e+003
  1.9910710e+003  1.3657590e+003  2.2000000e-001  4.0450000e+003
  1.9910740e+003  1.3653109e+003  1.8000000e-001  4.0460000e+003
  1.9910770e+003  1.3651217e+003  2.2000000e-001  4.0470000e+003
  1.9910790e+003  1.3647932e+003  3.1000000e-001  4.0480000e+003
  1.9910820e+003  1.3644945e+003  1.1000000e-001  4.0490000e+003
  1.9910850e+003  1.3644546e+003  1.9000000e-001  4.0500000e+003
  1.9910880e+003  1.3649226e+003  2.1000000e-001  4.0510000e+003
  1.9910900e+003  1.3658287e+003  3.0000000e-001  4.0520000e+003
  1.9910930e+003  1.3663165e+003  2.4000000e-001  4.0530000e+003
  1.9910960e+003  1.3668343e+003  1.5000000e-001  4.0540000e+003
  1.9910990e+003  1.3671728e+003  1.7000000e-001  4.0550000e+003
  1.9911010e+003  1.3675611e+003  1.7000000e-001  4.0560000e+003
  1.9911040e+003  1.3673919e+003  1.1000000e-001  4.0570000e+003
  1.9911070e+003  1.3670533e+003  7.0000000e-002  4.0580000e+003
  1.9911100e+003  1.3666451e+003  2.0000000e-001  4.0590000e+003
  1.9911120e+003  1.3665655e+003  1.8000000e-001  4.0600000e+003
  1.9911150e+003  1.3665854e+003  1.8000000e-001  4.0610000e+003
  1.9911180e+003  1.3670135e+003  1.3000000e-001  4.0620000e+003
  1.9911210e+003  1.3668741e+003  1.9000000e-001  4.0630000e+003
  1.9911230e+003  1.3673023e+003  2.2000000e-001  4.0640000e+003
  1.9911260e+003  1.3672624e+003  2.7000000e-001  4.0650000e+003
  1.9911290e+003  1.3675014e+003  9.0000000e-002  4.0660000e+003
  1.9911310e+003  1.3673620e+003  1.1000000e-001  4.0670000e+003
  1.9911340e+003  1.3672226e+003  1.5000000e-001  4.0680000e+003
  1.9911370e+003  1.3669040e+003  1.9000000e-001  4.0690000e+003
  1.9911400e+003  1.3665356e+003  2.4000000e-001  4.0700000e+003
  1.9911420e+003  1.3662269e+003  1.6000000e-001  4.0710000e+003
  1.9911450e+003  1.3660477e+003  1.6000000e-001  4.0720000e+003
  1.9911480e+003  1.3659681e+003  2.1000000e-001  4.0730000e+003
  1.9911510e+003  1.3659382e+003  1.2000000e-001  4.0740000e+003
  1.9911530e+003  1.3663265e+003  2.1000000e-001  4.0750000e+003
  1.9911560e+003  1.3664958e+003  3.1000000e-001  4.0760000e+003
  1.9911590e+003  1.3667845e+003  3.5000000e-001  4.0770000e+003
  1.9911620e+003  1.3672226e+003  2.9000000e-001  4.0780000e+003
  1.9911640e+003  1.3675113e+003  2.3000000e-001  4.0790000e+003
  1.9911670e+003  1.3677005e+003  1.5000000e-001  4.0800000e+003
  1.9911700e+003  1.3677005e+003  1.9000000e-001  4.0810000e+003
  1.9911730e+003  1.3677702e+003  1.8000000e-001  4.0820000e+003
  1.9911750e+003  1.3679096e+003  3.2000000e-001  4.0830000e+003
  1.9911780e+003  1.3679793e+003  2.8000000e-001  4.0840000e+003
  1.9911810e+003  1.3679196e+003  2.2000000e-001  4.0850000e+003
  1.9911840e+003  1.3677702e+003  1.5000000e-001  4.0860000e+003
  1.9911860e+003  1.3673222e+003  1.7000000e-001  4.0870000e+003
  1.9911890e+003  1.3668841e+003  2.3000000e-001  4.0880000e+003
  1.9911920e+003  1.3667646e+003  2.0000000e-001  4.0890000e+003
  1.9911950e+003  1.3668044e+003  2.0000000e-001  4.0900000e+003
  1.9911970e+003  1.3667845e+003  2.3000000e-001  4.0910000e+003
  1.9912000e+003  1.3668841e+003  2.7000000e-001  4.0920000e+003
  1.9912030e+003  1.3672226e+003  1.5000000e-001  4.0930000e+003
  1.9912050e+003  1.3673520e+003  2.4000000e-001  4.0940000e+003
  1.9912080e+003  1.3674616e+003  1.5000000e-001  4.0950000e+003
  1.9912110e+003  1.3673122e+003  1.8000000e-001  4.0960000e+003
  1.9912140e+003  1.3669836e+003  1.3000000e-001  4.0970000e+003
  1.9912160e+003  1.3666352e+003  1.4000000e-001  4.0980000e+003
  1.9912190e+003  1.3664460e+003  1.5000000e-001  4.0990000e+003
  1.9912220e+003  1.3659481e+003  1.8000000e-001  4.1000000e+003
  1.9912250e+003  1.3653507e+003  1.8000000e-001  4.1010000e+003
  1.9912270e+003  1.3652014e+003  1.9000000e-001  4.1020000e+003
  1.9912300e+003  1.3653109e+003  2.3000000e-001  4.1030000e+003
  1.9912330e+003  1.3657888e+003  3.9000000e-001  4.1040000e+003
  1.9912360e+003  1.3661772e+003  2.6000000e-001  4.1050000e+003
  1.9912380e+003  1.3668841e+003  2.7000000e-001  4.1060000e+003
  1.9912410e+003  1.3672923e+003  2.2000000e-001  4.1070000e+003
  1.9912440e+003  1.3672226e+003  1.5000000e-001  4.1080000e+003
  1.9912470e+003  1.3670733e+003  1.5000000e-001  4.1090000e+003
  1.9912490e+003  1.3668741e+003  1.0000000e-001  4.1100000e+003
  1.9912520e+003  1.3667248e+003  1.3000000e-001  4.1110000e+003
  1.9912550e+003  1.3668243e+003  2.0000000e-001  4.1120000e+003
  1.9912580e+003  1.3670135e+003  2.7000000e-001  4.1130000e+003
  1.9912600e+003  1.3673023e+003  2.2000000e-001  4.1140000e+003
  1.9912630e+003  1.3674616e+003  2.1000000e-001  4.1150000e+003
  1.9912660e+003  1.3680191e+003  2.0000000e-001  4.1160000e+003
  1.9912680e+003  1.3680988e+003  2.3000000e-001  4.1170000e+003
  1.9912710e+003  1.3680092e+003  1.7000000e-001  4.1180000e+003
  1.9912740e+003  1.3681087e+003  1.6000000e-001  4.1190000e+003
  1.9912770e+003  1.3679196e+003  1.6000000e-001  4.1200000e+003
  1.9912790e+003  1.3676607e+003  2.4000000e-001  4.1210000e+003
  1.9912820e+003  1.3676209e+003  1.5000000e-001  4.1220000e+003
  1.9912850e+003  1.3675213e+003  1.9000000e-001  4.1230000e+003
  1.9912880e+003  1.3674616e+003  1.7000000e-001  4.1240000e+003
  1.9912900e+003  1.3673122e+003  1.5000000e-001  4.1250000e+003
  1.9912930e+003  1.3671529e+003  1.9000000e-001  4.1260000e+003
  1.9912960e+003  1.3673023e+003  2.6000000e-001  4.1270000e+003
  1.9912990e+003  1.3673720e+003  2.1000000e-001  4.1280000e+003
  1.9913010e+003  1.3675810e+003  2.8000000e-001  4.1290000e+003
  1.9913040e+003  1.3677404e+003  2.2000000e-001  4.1300000e+003
  1.9913070e+003  1.3677005e+003  1.9000000e-001  4.1310000e+003
  1.9913100e+003  1.3675810e+003  1.9000000e-001  4.1320000e+003
  1.9913120e+003  1.3675412e+003  2.1000000e-001  4.1330000e+003
  1.9913150e+003  1.3675113e+003  2.0000000e-001  4.1340000e+003
  1.9913180e+003  1.3673222e+003  1.5000000e-001  4.1350000e+003
  1.9913210e+003  1.3672226e+003  1.7000000e-001  4.1360000e+003
  1.9913230e+003  1.3669339e+003  2.2000000e-001  4.1370000e+003
  1.9913260e+003  1.3669737e+003  1.7000000e-001  4.1380000e+003
  1.9913290e+003  1.3669836e+003  1.9000000e-001  4.1390000e+003
  1.9913320e+003  1.3670235e+003  3.0000000e-001  4.1400000e+003
  1.9913340e+003  1.3674616e+003  2.1000000e-001  4.1410000e+003
  1.9913370e+003  1.3675014e+003  1.4000000e-001  4.1420000e+003
  1.9913400e+003  1.3673321e+003  1.9000000e-001  4.1430000e+003
  1.9913420e+003  1.3671131e+003  1.7000000e-001  4.1440000e+003
  1.9913450e+003  1.3664958e+003  1.0000000e-001  4.1450000e+003
  1.9913480e+003  1.3662369e+003  1.7000000e-001  4.1460000e+003
  1.9913510e+003  1.3659880e+003  1.7000000e-001  4.1470000e+003
  1.9913530e+003  1.3660278e+003  2.1000000e-001  4.1480000e+003
  1.9913560e+003  1.3664858e+003  2.1000000e-001  4.1490000e+003
  1.9913590e+003  1.3664958e+003  1.9000000e-001  4.1500000e+003
  1.9913620e+003  1.3662369e+003  1.6000000e-001  4.1510000e+003
  1.9913640e+003  1.3662668e+003  1.5000000e-001  4.1520000e+003
  1.9913670e+003  1.3667248e+003  2.1000000e-001  4.1530000e+003
  1.9913700e+003  1.3667845e+003  2.0000000e-001  4.1540000e+003
  1.9913730e+003  1.3671131e+003  2.1000000e-001  4.1550000e+003
  1.9913750e+003  1.3674018e+003  2.8000000e-001  4.1560000e+003
  1.9913780e+003  1.3674417e+003  1.4000000e-001  4.1570000e+003
  1.9913810e+003  1.3671728e+003  1.4000000e-001  4.1580000e+003
  1.9913840e+003  1.3671828e+003  2.1000000e-001  4.1590000e+003
  1.9913860e+003  1.3672823e+003  1.4000000e-001  4.1600000e+003
  1.9913890e+003  1.3672724e+003  2.0000000e-001  4.1610000e+003
  1.9913920e+003  1.3672027e+003  1.8000000e-001  4.1620000e+003
  1.9913950e+003  1.3672525e+003  2.5000000e-001  4.1630000e+003
  1.9913970e+003  1.3668243e+003  2.1000000e-001  4.1640000e+003
  1.9914000e+003  1.3663663e+003  2.2000000e-001  4.1650000e+003
  1.9914030e+003  1.3663365e+003  2.4000000e-001  4.1660000e+003
  1.9914060e+003  1.3663265e+003  1.3000000e-001  4.1670000e+003
  1.9914080e+003  1.3663564e+003  2.8000000e-001  4.1680000e+003
  1.9914110e+003  1.3664559e+003  1.5000000e-001  4.1690000e+003
  1.9914140e+003  1.3666650e+003  3.3000000e-001  4.1700000e+003
  1.9914160e+003  1.3666352e+003  2.0000000e-001  4.1710000e+003
  1.9914190e+003  1.3667248e+003  1.8000000e-001  4.1720000e+003
  1.9914220e+003  1.3669040e+003  2.6000000e-001  4.1730000e+003
  1.9914250e+003  1.3667148e+003  1.4000000e-001  4.1740000e+003
  1.9914270e+003  1.3664759e+003  2.9000000e-001  4.1750000e+003
  1.9914300e+003  1.3660975e+003  3.1000000e-001  4.1760000e+003
  1.9914330e+003  1.3657092e+003  2.7000000e-001  4.1770000e+003
  1.9914360e+003  1.3652611e+003  2.4000000e-001  4.1780000e+003
  1.9914380e+003  1.3650720e+003  2.5000000e-001  4.1790000e+003
  1.9914410e+003  1.3651317e+003  3.9000000e-001  4.1800000e+003
  1.9914440e+003  1.3655499e+003  3.7000000e-001  4.1810000e+003
  1.9914470e+003  1.3660378e+003  2.5000000e-001  4.1820000e+003
  1.9914490e+003  1.3668144e+003  4.1000000e-001  4.1830000e+003
  1.9914520e+003  1.3670832e+003  3.6000000e-001  4.1840000e+003
  1.9914550e+003  1.3671728e+003  3.5000000e-001  4.1850000e+003
  1.9914580e+003  1.3669438e+003  1.5000000e-001  4.1860000e+003
  1.9914600e+003  1.3671131e+003  1.4000000e-001  4.1870000e+003
  1.9914630e+003  1.3669538e+003  2.9000000e-001  4.1880000e+003
  1.9914660e+003  1.3667546e+003  1.8000000e-001  4.1890000e+003
  1.9914690e+003  1.3667845e+003  2.0000000e-001  4.1900000e+003
  1.9914710e+003  1.3669040e+003  1.7000000e-001  4.1910000e+003
  1.9914740e+003  1.3669737e+003  2.9000000e-001  4.1920000e+003
  1.9914770e+003  1.3674018e+003  2.2000000e-001  4.1930000e+003
  1.9914790e+003  1.3675810e+003  3.1000000e-001  4.1940000e+003
  1.9914820e+003  1.3675113e+003  1.8000000e-001  4.1950000e+003
  1.9914850e+003  1.3670434e+003  3.4000000e-001  4.1960000e+003
  1.9914880e+003  1.3666750e+003  1.9000000e-001  4.1970000e+003
  1.9914900e+003  1.3662568e+003  1.3000000e-001  4.1980000e+003
  1.9914930e+003  1.3662468e+003  1.9000000e-001  4.1990000e+003
  1.9914960e+003  1.3666352e+003  2.3000000e-001  4.2000000e+003
  1.9914990e+003  1.3669239e+003  3.5000000e-001  4.2010000e+003
  1.9915010e+003  1.3672425e+003  3.6000000e-001  4.2020000e+003
  1.9915040e+003  1.3679196e+003  2.3000000e-001  4.2030000e+003
  1.9915070e+003  1.3676109e+003  3.0000000e-001  4.2040000e+003
  1.9915100e+003  1.3673421e+003  1.3000000e-001  4.2050000e+003
  1.9915120e+003  1.3672823e+003  1.4000000e-001  4.2060000e+003
  1.9915150e+003  1.3672126e+003  1.9000000e-001  4.2070000e+003
  1.9915180e+003  1.3673919e+003  1.9000000e-001  4.2080000e+003
  1.9915210e+003  1.3675512e+003  2.5000000e-001  4.2090000e+003
  1.9915230e+003  1.3672525e+003  2.1000000e-001  4.2100000e+003
  1.9915260e+003  1.3671230e+003  1.3000000e-001  4.2110000e+003
  1.9915290e+003  1.3669339e+003  1.6000000e-001  4.2120000e+003
  1.9915310e+003  1.3667546e+003  2.2000000e-001  4.2130000e+003
  1.9915340e+003  1.3666650e+003  1.6000000e-001  4.2140000e+003
  1.9915370e+003  1.3667646e+003  1.9000000e-001  4.2150000e+003
  1.9915400e+003  1.3669936e+003  2.3000000e-001  4.2160000e+003
  1.9915420e+003  1.3671031e+003  8.0000000e-002  4.2170000e+003
  1.9915450e+003  1.3670434e+003  1.2000000e-001  4.2180000e+003
  1.9915480e+003  1.3672425e+003  2.3000000e-001  4.2190000e+003
  1.9915510e+003  1.3671629e+003  2.4000000e-001  4.2200000e+003
  1.9915530e+003  1.3669836e+003  1.5000000e-001  4.2210000e+003
  1.9915560e+003  1.3665157e+003  3.4000000e-001  4.2220000e+003
  1.9915590e+003  1.3658585e+003  1.0000000e-001  4.2230000e+003
  1.9915620e+003  1.3655598e+003  1.3000000e-001  4.2240000e+003
  1.9915640e+003  1.3653209e+003  1.7000000e-001  4.2250000e+003
  1.9915670e+003  1.3654603e+003  2.9000000e-001  4.2260000e+003
  1.9915700e+003  1.3658884e+003  4.5000000e-001  4.2270000e+003
  1.9915730e+003  1.3666352e+003  3.1000000e-001  4.2280000e+003
  1.9915750e+003  1.3671728e+003  2.7000000e-001  4.2290000e+003
  1.9915780e+003  1.3675611e+003  2.4000000e-001  4.2300000e+003
  1.9915810e+003  1.3675313e+003  2.0000000e-001  4.2310000e+003
  1.9915840e+003  1.3672126e+003  1.4000000e-001  4.2320000e+003
  1.9915860e+003  1.3666551e+003  2.3000000e-001  4.2330000e+003
  1.9915890e+003  1.3666053e+003  1.3000000e-001  4.2340000e+003
  1.9915920e+003  1.3667646e+003  3.2000000e-001  4.2350000e+003
  1.9915940e+003  1.3669737e+003  3.3000000e-001  4.2360000e+003
  1.9915970e+003  1.3672425e+003  4.1000000e-001  4.2370000e+003
  1.9916000e+003  1.3675113e+003  2.9000000e-001  4.2380000e+003
  1.9916030e+003  1.3677204e+003  2.2000000e-001  4.2390000e+003
  1.9916050e+003  1.3676507e+003  2.2000000e-001  4.2400000e+003
  1.9916080e+003  1.3674715e+003  2.3000000e-001  4.2410000e+003
  1.9916110e+003  1.3671330e+003  2.0000000e-001  4.2420000e+003
  1.9916140e+003  1.3673620e+003  2.3000000e-001  4.2430000e+003
  1.9916160e+003  1.3672425e+003  3.5000000e-001  4.2440000e+003
  1.9916190e+003  1.3673520e+003  2.0000000e-001  4.2450000e+003
  1.9916220e+003  1.3672027e+003  2.1000000e-001  4.2460000e+003
  1.9916250e+003  1.3669438e+003  2.9000000e-001  4.2470000e+003
  1.9916270e+003  1.3666053e+003  2.0000000e-001  4.2480000e+003
  1.9916300e+003  1.3665356e+003  2.2000000e-001  4.2490000e+003
  1.9916330e+003  1.3660178e+003  2.4000000e-001  4.2500000e+003
  1.9916360e+003  1.3655897e+003  2.1000000e-001  4.2510000e+003
  1.9916380e+003  1.3655997e+003  3.3000000e-001  4.2520000e+003
  1.9916410e+003  1.3661274e+003  3.1000000e-001  4.2530000e+003
  1.9916440e+003  1.3667447e+003  3.6000000e-001  4.2540000e+003
  1.9916470e+003  1.3674516e+003  2.9000000e-001  4.2550000e+003
  1.9916490e+003  1.3676806e+003  2.0000000e-001  4.2560000e+003
  1.9916520e+003  1.3675711e+003  1.9000000e-001  4.2570000e+003
  1.9916550e+003  1.3673122e+003  1.7000000e-001  4.2580000e+003
  1.9916580e+003  1.3671031e+003  1.6000000e-001  4.2590000e+003
  1.9916600e+003  1.3667746e+003  1.6000000e-001  4.2600000e+003
  1.9916630e+003  1.3662070e+003  1.8000000e-001  4.2610000e+003
  1.9916660e+003  1.3662867e+003  2.3000000e-001  4.2620000e+003
  1.9916680e+003  1.3666053e+003  3.3000000e-001  4.2630000e+003
  1.9916710e+003  1.3669239e+003  3.3000000e-001  4.2640000e+003
  1.9916740e+003  1.3670633e+003  1.9000000e-001  4.2650000e+003
  1.9916770e+003  1.3670135e+003  2.3000000e-001  4.2660000e+003
  1.9916790e+003  1.3671031e+003  1.7000000e-001  4.2670000e+003
  1.9916820e+003  1.3668044e+003  2.2000000e-001  4.2680000e+003
  1.9916850e+003  1.3666352e+003  2.2000000e-001  4.2690000e+003
  1.9916880e+003  1.3664261e+003  1.8000000e-001  4.2700000e+003
  1.9916900e+003  1.3663165e+003  2.5000000e-001  4.2710000e+003
  1.9916930e+003  1.3665356e+003  2.9000000e-001  4.2720000e+003
  1.9916960e+003  1.3668542e+003  4.4000000e-001  4.2730000e+003
  1.9916990e+003  1.3672226e+003  3.1000000e-001  4.2740000e+003
  1.9917010e+003  1.3675213e+003  1.4000000e-001  4.2750000e+003
  1.9917040e+003  1.3676109e+003  2.0000000e-001  4.2760000e+003
  1.9917070e+003  1.3676408e+003  1.6000000e-001  4.2770000e+003
  1.9917100e+003  1.3674417e+003  1.5000000e-001  4.2780000e+003
  1.9917120e+003  1.3674317e+003  2.4000000e-001  4.2790000e+003
  1.9917150e+003  1.3674616e+003  1.3000000e-001  4.2800000e+003
  1.9917180e+003  1.3674118e+003  1.0000000e-001  4.2810000e+003
  1.9917210e+003  1.3675313e+003  1.1000000e-001  4.2820000e+003
  1.9917230e+003  1.3676607e+003  1.6000000e-001  4.2830000e+003
  1.9917260e+003  1.3678100e+003  1.8000000e-001  4.2840000e+003
  1.9917290e+003  1.3678100e+003  1.4000000e-001  4.2850000e+003
  1.9917320e+003  1.3677304e+003  1.4000000e-001  4.2860000e+003
  1.9917340e+003  1.3675512e+003  1.3000000e-001  4.2870000e+003
  1.9917370e+003  1.3670235e+003  1.8000000e-001  4.2880000e+003
  1.9917400e+003  1.3667746e+003  1.0000000e-001  4.2890000e+003
  1.9917420e+003  1.3663464e+003  2.2000000e-001  4.2900000e+003
  1.9917450e+003  1.3658486e+003  1.8000000e-001  4.2910000e+003
  1.9917480e+003  1.3653806e+003  2.7000000e-001  4.2920000e+003
  1.9917510e+003  1.3648828e+003  1.7000000e-001  4.2930000e+003
  1.9917530e+003  1.3648529e+003  2.2000000e-001  4.2940000e+003
  1.9917606e+003  1.3653950e+003  1.5000000e-002  4.2950000e+003
  1.9917630e+003  1.3659288e+003  1.5000000e-002  4.2960000e+003
  1.9917657e+003  1.3665667e+003  1.5000000e-002  4.2970000e+003
  1.9917682e+003  1.3670594e+003  1.4000000e-002  4.2980000e+003
  1.9917711e+003  1.3671495e+003  1.5000000e-002  4.2990000e+003
  1.9917739e+003  1.3674799e+003  1.4000000e-002  4.3000000e+003
  1.9917763e+003  1.3674559e+003  1.5000000e-002  4.3010000e+003
  1.9917794e+003  1.3674900e+003  1.5000000e-002  4.3020000e+003
  1.9917820e+003  1.3671925e+003  1.4000000e-002  4.3030000e+003
  1.9917849e+003  1.3670934e+003  1.4000000e-002  4.3040000e+003
  1.9917877e+003  1.3670043e+003  1.5000000e-002  4.3050000e+003
  1.9917903e+003  1.3669612e+003  1.5000000e-002  4.3060000e+003
  1.9917932e+003  1.3670403e+003  1.4000000e-002  4.3070000e+003
  1.9917959e+003  1.3672216e+003  1.5000000e-002  4.3080000e+003
  1.9917987e+003  1.3673978e+003  1.4000000e-002  4.3090000e+003
  1.9918014e+003  1.3675270e+003  1.5000000e-002  4.3100000e+003
  1.9918042e+003  1.3673818e+003  1.5000000e-002  4.3110000e+003
  1.9918071e+003  1.3672737e+003  1.4000000e-002  4.3120000e+003
  1.9918096e+003  1.3671865e+003  1.5000000e-002  4.3130000e+003
  1.9918123e+003  1.3667900e+003  1.4000000e-002  4.3140000e+003
  1.9918151e+003  1.3660900e+003  1.5000000e-002  4.3150000e+003
  1.9918178e+003  1.3654731e+003  1.5000000e-002  4.3160000e+003
  1.9918205e+003  1.3648983e+003  1.4000000e-002  4.3170000e+003
  1.9918233e+003  1.3644838e+003  1.5000000e-002  4.3180000e+003
  1.9918260e+003  1.3644066e+003  1.5000000e-002  4.3190000e+003
  1.9918287e+003  1.3646490e+003  1.4000000e-002  4.3200000e+003
  1.9918315e+003  1.3650475e+003  1.5000000e-002  4.3210000e+003
  1.9918341e+003  1.3656664e+003  1.5000000e-002  4.3220000e+003
  1.9918370e+003  1.3665566e+003  1.5000000e-002  4.3230000e+003
  1.9918399e+003  1.3673898e+003  1.5000000e-002  4.3240000e+003
  1.9918416e+003  1.3674960e+003  1.5000000e-002  4.3250000e+003
  1.9918454e+003  1.3673828e+003  1.5000000e-002  4.3260000e+003
  1.9918479e+003  1.3670684e+003  1.4000000e-002  4.3270000e+003
  1.9918507e+003  1.3669031e+003  1.4000000e-002  4.3280000e+003
  1.9918534e+003  1.3670543e+003  1.5000000e-002  4.3290000e+003
  1.9918561e+003  1.3670984e+003  1.4000000e-002  4.3300000e+003
  1.9918589e+003  1.3671875e+003  1.5000000e-002  4.3310000e+003
  1.9918616e+003  1.3671575e+003  1.5000000e-002  4.3320000e+003
  1.9918644e+003  1.3667599e+003  1.5000000e-002  4.3330000e+003
  1.9918671e+003  1.3666378e+003  1.4000000e-002  4.3340000e+003
  1.9918699e+003  1.3667890e+003  1.4000000e-002  4.3350000e+003
  1.9918726e+003  1.3669502e+003  1.5000000e-002  4.3360000e+003
  1.9918754e+003  1.3671745e+003  1.4000000e-002  4.3370000e+003
  1.9918781e+003  1.3672566e+003  1.4000000e-002  4.3380000e+003
  1.9918809e+003  1.3673297e+003  1.5000000e-002  4.3390000e+003
  1.9918836e+003  1.3674619e+003  1.5000000e-002  4.3400000e+003
  1.9918863e+003  1.3674729e+003  1.5000000e-002  4.3410000e+003
  1.9918891e+003  1.3674930e+003  1.4000000e-002  4.3420000e+003
  1.9918918e+003  1.3673908e+003  1.5000000e-002  4.3430000e+003
  1.9918946e+003  1.3673468e+003  1.4000000e-002  4.3440000e+003
  1.9918973e+003  1.3672126e+003  1.4000000e-002  4.3450000e+003
  1.9919000e+003  1.3671805e+003  1.5000000e-002  4.3460000e+003
  1.9919027e+003  1.3671435e+003  1.5000000e-002  4.3470000e+003
  1.9919055e+003  1.3669893e+003  1.5000000e-002  4.3480000e+003
  1.9919082e+003  1.3670353e+003  1.5000000e-002  4.3490000e+003
  1.9919109e+003  1.3669852e+003  1.5000000e-002  4.3500000e+003
  1.9919137e+003  1.3669632e+003  1.5000000e-002  4.3510000e+003
  1.9919164e+003  1.3669612e+003  1.5000000e-002  4.3520000e+003
  1.9919191e+003  1.3669562e+003  1.5000000e-002  4.3530000e+003
  1.9919219e+003  1.3670994e+003  1.5000000e-002  4.3540000e+003
  1.9919245e+003  1.3670734e+003  1.5000000e-002  4.3550000e+003
  1.9919273e+003  1.3670373e+003  1.5000000e-002  4.3560000e+003
  1.9919302e+003  1.3667519e+003  1.5000000e-002  4.3570000e+003
  1.9919329e+003  1.3666858e+003  1.5000000e-002  4.3580000e+003
  1.9919357e+003  1.3665607e+003  1.5000000e-002  4.3590000e+003
  1.9919384e+003  1.3665206e+003  1.5000000e-002  4.3600000e+003
  1.9919411e+003  1.3660259e+003  1.5000000e-002  4.3610000e+003
  1.9919439e+003  1.3658637e+003  1.4000000e-002  4.3620000e+003
  1.9919466e+003  1.3660920e+003  1.5000000e-002  4.3630000e+003
  1.9919493e+003  1.3662873e+003  1.5000000e-002  4.3640000e+003
  1.9919521e+003  1.3663644e+003  1.5000000e-002  4.3650000e+003
  1.9919548e+003  1.3662322e+003  1.5000000e-002  4.3660000e+003
  1.9919576e+003  1.3655492e+003  9.0000000e-003  4.3670000e+003
  1.9919603e+003  1.3660169e+003  9.0000000e-003  4.3680000e+003
  1.9919630e+003  1.3663884e+003  9.0000000e-003  4.3690000e+003
  1.9919657e+003  1.3667069e+003  9.0000000e-003  4.3700000e+003
  1.9919685e+003  1.3667910e+003  9.0000000e-003  4.3710000e+003
  1.9919712e+003  1.3665386e+003  9.0000000e-003  4.3720000e+003
  1.9919740e+003  1.3663323e+003  1.0000000e-002  4.3730000e+003
  1.9919767e+003  1.3658887e+003  1.0000000e-002  4.3740000e+003
  1.9919795e+003  1.3656894e+003  1.0000000e-002  4.3750000e+003
  1.9919822e+003  1.3656404e+003  1.1000000e-002  4.3760000e+003
  1.9919850e+003  1.3653900e+003  1.1000000e-002  4.3770000e+003
  1.9919875e+003  1.3651056e+003  1.1000000e-002  4.3780000e+003
  1.9919904e+003  1.3647722e+003  1.0000000e-002  4.3790000e+003
  1.9919932e+003  1.3648112e+003  1.0000000e-002  4.3800000e+003
  1.9919959e+003  1.3649534e+003  1.0000000e-002  4.3810000e+003
  1.9919986e+003  1.3656474e+003  9.0000000e-003  4.3820000e+003
  1.9920014e+003  1.3662592e+003  9.0000000e-003  4.3830000e+003
  1.9920041e+003  1.3666478e+003  9.0000000e-003  4.3840000e+003
  1.9920068e+003  1.3668140e+003  9.0000000e-003  4.3850000e+003
  1.9920095e+003  1.3664785e+003  9.0000000e-003  4.3860000e+003
  1.9920123e+003  1.3662743e+003  9.0000000e-003  4.3870000e+003
  1.9920150e+003  1.3660539e+003  9.0000000e-003  4.3880000e+003
  1.9920177e+003  1.3658997e+003  9.0000000e-003  4.3890000e+003
  1.9920205e+003  1.3659488e+003  9.0000000e-003  4.3900000e+003
  1.9920232e+003  1.3662392e+003  9.0000000e-003  4.3910000e+003
  1.9920259e+003  1.3665426e+003  9.0000000e-003  4.3920000e+003
  1.9920287e+003  1.3668330e+003  9.0000000e-003  4.3930000e+003
  1.9920314e+003  1.3671084e+003  9.0000000e-003  4.3940000e+003
  1.9920341e+003  1.3673478e+003  9.0000000e-003  4.3950000e+003
  1.9920369e+003  1.3673608e+003  9.0000000e-003  4.3960000e+003
  1.9920388e+003  1.3670323e+003  1.0000000e-002  4.3970000e+003
  1.9920423e+003  1.3673478e+003  9.0000000e-003  4.3980000e+003
  1.9920451e+003  1.3672917e+003  8.0000000e-003  4.3990000e+003
  1.9920478e+003  1.3673037e+003  8.0000000e-003  4.4000000e+003
  1.9920505e+003  1.3673798e+003  9.0000000e-003  4.4010000e+003
  1.9920533e+003  1.3674920e+003  8.0000000e-003  4.4020000e+003
  1.9920560e+003  1.3674549e+003  8.0000000e-003  4.4030000e+003
  1.9920587e+003  1.3674890e+003  9.0000000e-003  4.4040000e+003
  1.9920615e+003  1.3674769e+003  9.0000000e-003  4.4050000e+003
  1.9920642e+003  1.3673407e+003  8.0000000e-003  4.4060000e+003
  1.9920669e+003  1.3671975e+003  9.0000000e-003  4.4070000e+003
  1.9920697e+003  1.3671755e+003  9.0000000e-003  4.4080000e+003
  1.9920724e+003  1.3669883e+003  9.0000000e-003  4.4090000e+003
  1.9920752e+003  1.3664795e+003  9.0000000e-003  4.4100000e+003
  1.9920779e+003  1.3662072e+003  9.0000000e-003  4.4110000e+003
  1.9920806e+003  1.3660690e+003  9.0000000e-003  4.4120000e+003
  1.9920834e+003  1.3657966e+003  9.0000000e-003  4.4130000e+003
  1.9920861e+003  1.3657525e+003  8.0000000e-003  4.4140000e+003
  1.9920889e+003  1.3661110e+003  9.0000000e-003  4.4150000e+003
  1.9920916e+003  1.3662532e+003  8.0000000e-003  4.4160000e+003
  1.9920943e+003  1.3662092e+003  8.0000000e-003  4.4170000e+003
  1.9920970e+003  1.3665677e+003  9.0000000e-003  4.4180000e+003
  1.9920997e+003  1.3667669e+003  9.0000000e-003  4.4190000e+003
  1.9921024e+003  1.3669592e+003  9.0000000e-003  4.4200000e+003
  1.9921052e+003  1.3671995e+003  9.0000000e-003  4.4210000e+003
  1.9921079e+003  1.3673798e+003  9.0000000e-003  4.4220000e+003
  1.9921106e+003  1.3673327e+003  8.0000000e-003  4.4230000e+003
  1.9921134e+003  1.3668801e+003  9.0000000e-003  4.4240000e+003
  1.9921161e+003  1.3667009e+003  9.0000000e-003  4.4250000e+003
  1.9921188e+003  1.3667019e+003  9.0000000e-003  4.4260000e+003
  1.9921216e+003  1.3668060e+003  8.0000000e-003  4.4270000e+003
  1.9921235e+003  1.3668911e+003  9.0000000e-003  4.4280000e+003
  1.9921271e+003  1.3666277e+003  9.0000000e-003  4.4290000e+003
  1.9921298e+003  1.3667820e+003  9.0000000e-003  4.4300000e+003
  1.9921326e+003  1.3670674e+003  9.0000000e-003  4.4310000e+003
  1.9921353e+003  1.3673007e+003  9.0000000e-003  4.4320000e+003
  1.9921380e+003  1.3676502e+003  9.0000000e-003  4.4330000e+003
  1.9921407e+003  1.3677303e+003  9.0000000e-003  4.4340000e+003
  1.9921434e+003  1.3674890e+003  9.0000000e-003  4.4350000e+003
  1.9921462e+003  1.3670664e+003  9.0000000e-003  4.4360000e+003
  1.9921489e+003  1.3666598e+003  9.0000000e-003  4.4370000e+003
  1.9921516e+003  1.3663103e+003  9.0000000e-003  4.4380000e+003
  1.9921543e+003  1.3659568e+003  9.0000000e-003  4.4390000e+003
  1.9921571e+003  1.3660630e+003  9.0000000e-003  4.4400000e+003
  1.9921598e+003  1.3662262e+003  9.0000000e-003  4.4410000e+003
  1.9921625e+003  1.3666298e+003  9.0000000e-003  4.4420000e+003
  1.9921653e+003  1.3671585e+003  9.0000000e-003  4.4430000e+003
  1.9921680e+003  1.3674980e+003  1.0000000e-002  4.4440000e+003
  1.9921707e+003  1.3678274e+003  9.0000000e-003  4.4450000e+003
  1.9921739e+003  1.3678284e+003  9.0000000e-003  4.4460000e+003
  1.9921763e+003  1.3676742e+003  9.0000000e-003  4.4470000e+003
  1.9921790e+003  1.3675440e+003  9.0000000e-003  4.4480000e+003
  1.9921817e+003  1.3674809e+003  9.0000000e-003  4.4490000e+003
  1.9921845e+003  1.3674890e+003  9.0000000e-003  4.4500000e+003
  1.9921872e+003  1.3674269e+003  9.0000000e-003  4.4510000e+003
  1.9921899e+003  1.3673007e+003  9.0000000e-003  4.4520000e+003
  1.9921927e+003  1.3672997e+003  9.0000000e-003  4.4530000e+003
  1.9921954e+003  1.3674229e+003  9.0000000e-003  4.4540000e+003
  1.9921981e+003  1.3675540e+003  9.0000000e-003  4.4550000e+003
  1.9922008e+003  1.3674859e+003  9.0000000e-003  4.4560000e+003
  1.9922036e+003  1.3673197e+003  9.0000000e-003  4.4570000e+003
  1.9922063e+003  1.3672176e+003  9.0000000e-003  4.4580000e+003
  1.9922090e+003  1.3673508e+003  9.0000000e-003  4.4590000e+003
  1.9922110e+003  1.3675060e+003  9.0000000e-003  4.4600000e+003
  1.9922151e+003  1.3677323e+003  8.0000000e-003  4.4610000e+003
  1.9922172e+003  1.3677433e+003  9.0000000e-003  4.4620000e+003
  1.9922199e+003  1.3676952e+003  9.0000000e-003  4.4630000e+003
  1.9922226e+003  1.3676121e+003  9.0000000e-003  4.4640000e+003
  1.9922254e+003  1.3674529e+003  9.0000000e-003  4.4650000e+003
  1.9922273e+003  1.3674719e+003  9.0000000e-003  4.4660000e+003
  1.9922309e+003  1.3675580e+003  9.0000000e-003  4.4670000e+003
  1.9922336e+003  1.3673478e+003  9.0000000e-003  4.4680000e+003
  1.9922363e+003  1.3670483e+003  9.0000000e-003  4.4690000e+003
  1.9922390e+003  1.3666237e+003  9.0000000e-003  4.4700000e+003
  1.9922418e+003  1.3661851e+003  9.0000000e-003  4.4710000e+003
  1.9922445e+003  1.3656514e+003  9.0000000e-003  4.4720000e+003
  1.9922472e+003  1.3657105e+003  9.0000000e-003  4.4730000e+003
  1.9922500e+003  1.3660479e+003  8.0000000e-003  4.4740000e+003
  1.9922527e+003  1.3665106e+003  9.0000000e-003  4.4750000e+003
  1.9922555e+003  1.3670443e+003  9.0000000e-003  4.4760000e+003
  1.9922582e+003  1.3671885e+003  9.0000000e-003  4.4770000e+003
  1.9922610e+003  1.3670193e+003  9.0000000e-003  4.4780000e+003
  1.9922637e+003  1.3668771e+003  9.0000000e-003  4.4790000e+003
  1.9922664e+003  1.3668541e+003  9.0000000e-003  4.4800000e+003
  1.9922691e+003  1.3668941e+003  9.0000000e-003  4.4810000e+003
  1.9922718e+003  1.3669692e+003  8.0000000e-003  4.4820000e+003
  1.9922746e+003  1.3670213e+003  9.0000000e-003  4.4830000e+003
  1.9922774e+003  1.3670744e+003  9.0000000e-003  4.4840000e+003
  1.9922801e+003  1.3670283e+003  9.0000000e-003  4.4850000e+003
  1.9922828e+003  1.3670513e+003  9.0000000e-003  4.4860000e+003
  1.9922855e+003  1.3670263e+003  9.0000000e-003  4.4870000e+003
  1.9922883e+003  1.3670473e+003  9.0000000e-003  4.4880000e+003
  1.9922910e+003  1.3671565e+003  9.0000000e-003  4.4890000e+003
  1.9922938e+003  1.3672426e+003  9.0000000e-003  4.4900000e+003
  1.9922964e+003  1.3670573e+003  9.0000000e-003  4.4910000e+003
  1.9922992e+003  1.3669592e+003  9.0000000e-003  4.4920000e+003
  1.9923019e+003  1.3671645e+003  9.0000000e-003  4.4930000e+003
  1.9923046e+003  1.3671815e+003  8.0000000e-003  4.4940000e+003
  1.9923074e+003  1.3673007e+003  9.0000000e-003  4.4950000e+003
  1.9923101e+003  1.3671174e+003  9.0000000e-003  4.4960000e+003
  1.9923128e+003  1.3671595e+003  8.0000000e-003  4.4970000e+003
  1.9923156e+003  1.3672266e+003  8.0000000e-003  4.4980000e+003
  1.9923183e+003  1.3672676e+003  9.0000000e-003  4.4990000e+003
  1.9923211e+003  1.3672686e+003  9.0000000e-003  4.5000000e+003
  1.9923238e+003  1.3672747e+003  8.0000000e-003  4.5010000e+003
  1.9923265e+003  1.3673728e+003  9.0000000e-003  4.5020000e+003
  1.9923293e+003  1.3671975e+003  9.0000000e-003  4.5030000e+003
  1.9923320e+003  1.3669792e+003  9.0000000e-003  4.5040000e+003
  1.9923348e+003  1.3668741e+003  9.0000000e-003  4.5050000e+003
  1.9923374e+003  1.3667770e+003  9.0000000e-003  4.5060000e+003
  1.9923401e+003  1.3669001e+003  9.0000000e-003  4.5070000e+003
  1.9923429e+003  1.3668841e+003  9.0000000e-003  4.5080000e+003
  1.9923456e+003  1.3668260e+003  9.0000000e-003  4.5090000e+003
  1.9923483e+003  1.3667329e+003  9.0000000e-003  4.5100000e+003
  1.9923511e+003  1.3667219e+003  9.0000000e-003  4.5110000e+003
  1.9923538e+003  1.3666498e+003  9.0000000e-003  4.5120000e+003
  1.9923565e+003  1.3666217e+003  9.0000000e-003  4.5130000e+003
  1.9923593e+003  1.3667139e+003  9.0000000e-003  4.5140000e+003
  1.9923620e+003  1.3669332e+003  9.0000000e-003  4.5150000e+003
  1.9923648e+003  1.3671224e+003  9.0000000e-003  4.5160000e+003
  1.9923675e+003  1.3672977e+003  9.0000000e-003  4.5170000e+003
  1.9923702e+003  1.3672666e+003  9.0000000e-003  4.5180000e+003
  1.9923730e+003  1.3672716e+003  9.0000000e-003  4.5190000e+003
  1.9923757e+003  1.3673698e+003  9.0000000e-003  4.5200000e+003
  1.9923785e+003  1.3674890e+003  9.0000000e-003  4.5210000e+003
  1.9923812e+003  1.3675230e+003  9.0000000e-003  4.5220000e+003
  1.9923839e+003  1.3673137e+003  9.0000000e-003  4.5230000e+003
  1.9923867e+003  1.3670323e+003  9.0000000e-003  4.5240000e+003
  1.9923894e+003  1.3668110e+003  9.0000000e-003  4.5250000e+003
  1.9923921e+003  1.3666458e+003  9.0000000e-003  4.5260000e+003
  1.9923948e+003  1.3666388e+003  9.0000000e-003  4.5270000e+003
  1.9923975e+003  1.3667159e+003  9.0000000e-003  4.5280000e+003
  1.9924003e+003  1.3668130e+003  9.0000000e-003  4.5290000e+003
  1.9924030e+003  1.3668060e+003  9.0000000e-003  4.5300000e+003
  1.9924057e+003  1.3669252e+003  9.0000000e-003  4.5310000e+003
  1.9924084e+003  1.3669262e+003  9.0000000e-003  4.5320000e+003
  1.9924111e+003  1.3668661e+003  9.0000000e-003  4.5330000e+003
  1.9924139e+003  1.3668100e+003  9.0000000e-003  4.5340000e+003
  1.9924167e+003  1.3667279e+003  9.0000000e-003  4.5350000e+003
  1.9924185e+003  1.3667159e+003  9.0000000e-003  4.5360000e+003
  1.9924220e+003  1.3666077e+003  9.0000000e-003  4.5370000e+003
  1.9924210e+003  1.3664559e+003  2.7000000e-001  4.5380000e+003
  1.9924230e+003  1.3664659e+003  1.4000000e-001  4.5390000e+003
  1.9924260e+003  1.3665555e+003  2.4000000e-001  4.5400000e+003
  1.9924290e+003  1.3664261e+003  1.6000000e-001  4.5410000e+003
  1.9924320e+003  1.3664958e+003  1.7000000e-001  4.5420000e+003
  1.9924340e+003  1.3663962e+003  1.7000000e-001  4.5430000e+003
  1.9924370e+003  1.3665754e+003  3.1000000e-001  4.5440000e+003
  1.9924400e+003  1.3665157e+003  2.2000000e-001  4.5450000e+003
  1.9924430e+003  1.3667546e+003  2.4000000e-001  4.5460000e+003
  1.9924450e+003  1.3670135e+003  3.4000000e-001  4.5470000e+003
  1.9924480e+003  1.3672126e+003  3.7000000e-001  4.5480000e+003
  1.9924510e+003  1.3673421e+003  2.7000000e-001  4.5490000e+003
  1.9924530e+003  1.3672525e+003  1.3000000e-001  4.5500000e+003
  1.9924620e+003  1.3667746e+003  4.2000000e-001  4.5530000e+003
  1.9925589e+003  1.3666318e+003  9.0000000e-003  4.5870000e+003
  1.9925615e+003  1.3664725e+003  9.0000000e-003  4.5880000e+003
  1.9925643e+003  1.3663424e+003  9.0000000e-003  4.5890000e+003
  1.9925670e+003  1.3662903e+003  9.0000000e-003  4.5900000e+003
  1.9925697e+003  1.3663273e+003  1.0000000e-002  4.5910000e+003
  1.9925724e+003  1.3663023e+003  9.0000000e-003  4.5920000e+003
  1.9925751e+003  1.3661531e+003  9.0000000e-003  4.5930000e+003
  1.9925778e+003  1.3661641e+003  9.0000000e-003  4.5940000e+003
  1.9925806e+003  1.3661401e+003  9.0000000e-003  4.5950000e+003
  1.9925833e+003  1.3661491e+003  9.0000000e-003  4.5960000e+003
  1.9925861e+003  1.3662853e+003  9.0000000e-003  4.5970000e+003
  1.9925888e+003  1.3663233e+003  9.0000000e-003  4.5980000e+003
  1.9925915e+003  1.3664004e+003  9.0000000e-003  4.5990000e+003
  1.9925942e+003  1.3665276e+003  9.0000000e-003  4.6000000e+003
  1.9925970e+003  1.3666918e+003  9.0000000e-003  4.6010000e+003
  1.9925997e+003  1.3666057e+003  9.0000000e-003  4.6020000e+003
  1.9926025e+003  1.3664375e+003  9.0000000e-003  4.6030000e+003
  1.9926052e+003  1.3665627e+003  9.0000000e-003  4.6040000e+003
  1.9926079e+003  1.3667519e+003  9.0000000e-003  4.6050000e+003
  1.9926107e+003  1.3669382e+003  9.0000000e-003  4.6060000e+003
  1.9926134e+003  1.3669502e+003  9.0000000e-003  4.6070000e+003
  1.9926162e+003  1.3668861e+003  9.0000000e-003  4.6080000e+003
  1.9926187e+003  1.3667519e+003  9.0000000e-003  4.6090000e+003
  1.9926216e+003  1.3663794e+003  9.0000000e-003  4.6100000e+003
  1.9926244e+003  1.3661711e+003  8.0000000e-003  4.6110000e+003
  1.9926271e+003  1.3659037e+003  8.0000000e-003  4.6120000e+003
  1.9926298e+003  1.3656594e+003  8.0000000e-003  4.6130000e+003
  1.9926325e+003  1.3654842e+003  9.0000000e-003  4.6140000e+003
  1.9926353e+003  1.3652648e+003  9.0000000e-003  4.6150000e+003
  1.9926380e+003  1.3652849e+003  8.0000000e-003  4.6160000e+003
  1.9926408e+003  1.3657505e+003  9.0000000e-003  4.6170000e+003
  1.9926435e+003  1.3661901e+003  9.0000000e-003  4.6180000e+003
  1.9926462e+003  1.3664785e+003  9.0000000e-003  4.6190000e+003
  1.9926489e+003  1.3665857e+003  9.0000000e-003  4.6200000e+003
  1.9926516e+003  1.3665627e+003  9.0000000e-003  4.6210000e+003
  1.9926544e+003  1.3664986e+003  9.0000000e-003  4.6220000e+003
  1.9926571e+003  1.3664565e+003  9.0000000e-003  4.6230000e+003
  1.9926598e+003  1.3664395e+003  9.0000000e-003  4.6240000e+003
  1.9926626e+003  1.3665937e+003  9.0000000e-003  4.6250000e+003
  1.9926653e+003  1.3666117e+003  9.0000000e-003  4.6260000e+003
  1.9926680e+003  1.3666328e+003  9.0000000e-003  4.6270000e+003
  1.9926707e+003  1.3666067e+003  9.0000000e-003  4.6280000e+003
  1.9926735e+003  1.3664956e+003  9.0000000e-003  4.6290000e+003
  1.9926762e+003  1.3665106e+003  9.0000000e-003  4.6300000e+003
  1.9926790e+003  1.3664886e+003  9.0000000e-003  4.6310000e+003
  1.9926817e+003  1.3663434e+003  9.0000000e-003  4.6320000e+003
  1.9926844e+003  1.3661751e+003  9.0000000e-003  4.6330000e+003
  1.9926872e+003  1.3663764e+003  9.0000000e-003  4.6340000e+003
  1.9926899e+003  1.3667339e+003  9.0000000e-003  4.6350000e+003
  1.9926927e+003  1.3667770e+003  9.0000000e-003  4.6360000e+003
  1.9926954e+003  1.3666838e+003  9.0000000e-003  4.6370000e+003
  1.9926981e+003  1.3666358e+003  9.0000000e-003  4.6380000e+003
  1.9927005e+003  1.3665807e+003  9.0000000e-003  4.6390000e+003
  1.9927063e+003  1.3665627e+003  9.0000000e-003  4.6410000e+003
  1.9927090e+003  1.3665717e+003  9.0000000e-003  4.6420000e+003
  1.9927117e+003  1.3664054e+003  9.0000000e-003  4.6430000e+003
  1.9927144e+003  1.3665236e+003  8.0000000e-003  4.6440000e+003
  1.9927199e+003  1.3667599e+003  9.0000000e-003  4.6460000e+003
  1.9927226e+003  1.3667119e+003  9.0000000e-003  4.6470000e+003
  1.9927255e+003  1.3663063e+003  9.0000000e-003  4.6480000e+003
  1.9927282e+003  1.3662592e+003  9.0000000e-003  4.6490000e+003
  1.9927309e+003  1.3662302e+003  9.0000000e-003  4.6500000e+003
  1.9927336e+003  1.3663474e+003  9.0000000e-003  4.6510000e+003
  1.9927364e+003  1.3663303e+003  9.0000000e-003  4.6520000e+003
  1.9927391e+003  1.3664325e+003  9.0000000e-003  4.6530000e+003
  1.9927418e+003  1.3662302e+003  9.0000000e-003  4.6540000e+003
  1.9927446e+003  1.3660159e+003  9.0000000e-003  4.6550000e+003
  1.9927473e+003  1.3660449e+003  9.0000000e-003  4.6560000e+003
  1.9927500e+003  1.3660950e+003  9.0000000e-003  4.6570000e+003
  1.9927527e+003  1.3662052e+003  9.0000000e-003  4.6580000e+003
  1.9927555e+003  1.3663564e+003  9.0000000e-003  4.6590000e+003
  1.9927582e+003  1.3663844e+003  9.0000000e-003  4.6600000e+003
  1.9927609e+003  1.3664585e+003  9.0000000e-003  4.6610000e+003
  1.9927636e+003  1.3663283e+003  9.0000000e-003  4.6620000e+003
  1.9927664e+003  1.3661981e+003  9.0000000e-003  4.6630000e+003
  1.9927691e+003  1.3662592e+003  1.0000000e-002  4.6640000e+003
  1.9927718e+003  1.3663303e+003  9.0000000e-003  4.6650000e+003
  1.9927746e+003  1.3664906e+003  9.0000000e-003  4.6660000e+003
  1.9927815e+003  1.3665466e+003  1.0000000e-002  4.6690000e+003
  1.9927850e+003  1.3665186e+003  9.0000000e-003  4.6700000e+003
  1.9927874e+003  1.3665496e+003  9.0000000e-003  4.6710000e+003
  1.9927910e+003  1.3664645e+003  9.0000000e-003  4.6720000e+003
  1.9927938e+003  1.3664165e+003  9.0000000e-003  4.6730000e+003
  1.9927965e+003  1.3663534e+003  9.0000000e-003  4.6740000e+003
  1.9927992e+003  1.3662923e+003  9.0000000e-003  4.6750000e+003
  1.9928019e+003  1.3659488e+003  9.0000000e-003  4.6760000e+003
  1.9928047e+003  1.3655723e+003  9.0000000e-003  4.6770000e+003
  1.9928074e+003  1.3653249e+003  9.0000000e-003  4.6780000e+003
  1.9928101e+003  1.3652889e+003  9.0000000e-003  4.6790000e+003
  1.9928128e+003  1.3655022e+003  9.0000000e-003  4.6800000e+003
  1.9928156e+003  1.3656163e+003  9.0000000e-003  4.6810000e+003
  1.9928183e+003  1.3654601e+003  9.0000000e-003  4.6820000e+003
  1.9928210e+003  1.3653800e+003  9.0000000e-003  4.6830000e+003
  1.9928237e+003  1.3654000e+003  9.0000000e-003  4.6840000e+003
  1.9928264e+003  1.3654421e+003  9.0000000e-003  4.6850000e+003
  1.9928288e+003  1.3656193e+003  9.0000000e-003  4.6860000e+003
  1.9928320e+003  1.3658647e+003  9.0000000e-003  4.6870000e+003
  1.9928347e+003  1.3661080e+003  8.0000000e-003  4.6880000e+003
  1.9928374e+003  1.3663253e+003  9.0000000e-003  4.6890000e+003
  1.9928401e+003  1.3664044e+003  8.0000000e-003  4.6900000e+003
  1.9928429e+003  1.3664104e+003  8.0000000e-003  4.6910000e+003
  1.9928456e+003  1.3662662e+003  9.0000000e-003  4.6920000e+003
  1.9928483e+003  1.3661992e+003  9.0000000e-003  4.6930000e+003
  1.9928511e+003  1.3661561e+003  8.0000000e-003  4.6940000e+003
  1.9928538e+003  1.3660199e+003  8.0000000e-003  4.6950000e+003
  1.9928566e+003  1.3659238e+003  8.0000000e-003  4.6960000e+003
  1.9928593e+003  1.3657806e+003  9.0000000e-003  4.6970000e+003
  1.9928620e+003  1.3658376e+003  9.0000000e-003  4.6980000e+003
  1.9928648e+003  1.3661170e+003  9.0000000e-003  4.6990000e+003
  1.9928675e+003  1.3663444e+003  9.0000000e-003  4.7000000e+003
  1.9928702e+003  1.3664245e+003  8.0000000e-003  4.7010000e+003
  1.9928730e+003  1.3664956e+003  8.0000000e-003  4.7020000e+003
  1.9928757e+003  1.3666558e+003  9.0000000e-003  4.7030000e+003
  1.9928785e+003  1.3668030e+003  9.0000000e-003  4.7040000e+003
  1.9928812e+003  1.3668531e+003  8.0000000e-003  4.7050000e+003
  1.9928839e+003  1.3667219e+003  9.0000000e-003  4.7060000e+003
  1.9928867e+003  1.3666137e+003  9.0000000e-003  4.7070000e+003
  1.9928894e+003  1.3665496e+003  8.0000000e-003  4.7080000e+003
  1.9928921e+003  1.3663984e+003  8.0000000e-003  4.7090000e+003
  1.9928948e+003  1.3663183e+003  8.0000000e-003  4.7100000e+003
  1.9928975e+003  1.3662723e+003  8.0000000e-003  4.7110000e+003
  1.9929003e+003  1.3663884e+003  9.0000000e-003  4.7120000e+003
  1.9929030e+003  1.3665186e+003  8.0000000e-003  4.7130000e+003
  1.9929057e+003  1.3665416e+003  8.0000000e-003  4.7140000e+003
  1.9929084e+003  1.3664425e+003  8.0000000e-003  4.7150000e+003
  1.9929110e+003  1.3662512e+003  9.0000000e-003  4.7160000e+003
  1.9929139e+003  1.3661841e+003  9.0000000e-003  4.7170000e+003
  1.9929167e+003  1.3660249e+003  9.0000000e-003  4.7180000e+003
  1.9929194e+003  1.3661230e+003  9.0000000e-003  4.7190000e+003
  1.9929221e+003  1.3663293e+003  9.0000000e-003  4.7200000e+003
  1.9929249e+003  1.3665086e+003  9.0000000e-003  4.7210000e+003
  1.9929277e+003  1.3665246e+003  9.0000000e-003  4.7220000e+003
  1.9929304e+003  1.3663594e+003  9.0000000e-003  4.7230000e+003
  1.9929331e+003  1.3663434e+003  9.0000000e-003  4.7240000e+003
  1.9929358e+003  1.3663434e+003  9.0000000e-003  4.7250000e+003
  1.9929386e+003  1.3665326e+003  9.0000000e-003  4.7260000e+003
  1.9929413e+003  1.3664745e+003  9.0000000e-003  4.7270000e+003
  1.9929440e+003  1.3661250e+003  9.0000000e-003  4.7280000e+003
  1.9929467e+003  1.3658427e+003  9.0000000e-003  4.7290000e+003
  1.9929495e+003  1.3656484e+003  9.0000000e-003  4.7300000e+003
  1.9929522e+003  1.3657706e+003  9.0000000e-003  4.7310000e+003
  1.9929549e+003  1.3661200e+003  9.0000000e-003  4.7320000e+003
  1.9929576e+003  1.3664986e+003  9.0000000e-003  4.7330000e+003
  1.9929603e+003  1.3668711e+003  9.0000000e-003  4.7340000e+003
  1.9929631e+003  1.3668691e+003  9.0000000e-003  4.7350000e+003
  1.9929658e+003  1.3667910e+003  9.0000000e-003  4.7360000e+003
  1.9929686e+003  1.3667529e+003  1.1000000e-002  4.7370000e+003
  1.9929713e+003  1.3667449e+003  9.0000000e-003  4.7380000e+003
  1.9929741e+003  1.3667249e+003  1.0000000e-002  4.7390000e+003
  1.9929768e+003  1.3666748e+003  1.0000000e-002  4.7400000e+003
  1.9929795e+003  1.3666548e+003  9.0000000e-003  4.7410000e+003
  1.9929823e+003  1.3666388e+003  9.0000000e-003  4.7420000e+003
  1.9929851e+003  1.3664785e+003  9.0000000e-003  4.7430000e+003
  1.9929877e+003  1.3663003e+003  9.0000000e-003  4.7440000e+003
  1.9929905e+003  1.3661801e+003  9.0000000e-003  4.7450000e+003
  1.9929932e+003  1.3661230e+003  9.0000000e-003  4.7460000e+003
  1.9929959e+003  1.3663143e+003  9.0000000e-003  4.7470000e+003
  1.9929986e+003  1.3663023e+003  9.0000000e-003  4.7480000e+003
  1.9930013e+003  1.3663434e+003  9.0000000e-003  4.7490000e+003
  1.9930041e+003  1.3663353e+003  8.0000000e-003  4.7500000e+003
  1.9930068e+003  1.3663674e+003  9.0000000e-003  4.7510000e+003
  1.9930095e+003  1.3662532e+003  9.0000000e-003  4.7520000e+003
  1.9930123e+003  1.3661751e+003  8.0000000e-003  4.7530000e+003
  1.9930150e+003  1.3661801e+003  9.0000000e-003  4.7540000e+003
  1.9930178e+003  1.3662042e+003  9.0000000e-003  4.7550000e+003
  1.9930205e+003  1.3662552e+003  9.0000000e-003  4.7560000e+003
  1.9930232e+003  1.3664405e+003  9.0000000e-003  4.7570000e+003
  1.9930252e+003  1.3665757e+003  9.0000000e-003  4.7580000e+003
  1.9930287e+003  1.3667719e+003  8.0000000e-003  4.7590000e+003
  1.9930315e+003  1.3668120e+003  8.0000000e-003  4.7600000e+003
  1.9930342e+003  1.3667509e+003  8.0000000e-003  4.7610000e+003
  1.9930369e+003  1.3666408e+003  8.0000000e-003  4.7620000e+003
  1.9930397e+003  1.3665346e+003  8.0000000e-003  4.7630000e+003
  1.9930424e+003  1.3666298e+003  9.0000000e-003  4.7640000e+003
  1.9930452e+003  1.3665747e+003  8.0000000e-003  4.7650000e+003
  1.9930479e+003  1.3664785e+003  8.0000000e-003  4.7660000e+003
  1.9930507e+003  1.3664886e+003  8.0000000e-003  4.7670000e+003
  1.9930534e+003  1.3664845e+003  8.0000000e-003  4.7680000e+003
  1.9930562e+003  1.3665577e+003  9.0000000e-003  4.7690000e+003
  1.9930589e+003  1.3665306e+003  9.0000000e-003  4.7700000e+003
  1.9930617e+003  1.3664815e+003  8.0000000e-003  4.7710000e+003
  1.9930645e+003  1.3665817e+003  8.0000000e-003  4.7720000e+003
  1.9930672e+003  1.3665987e+003  9.0000000e-003  4.7730000e+003
  1.9930699e+003  1.3666027e+003  9.0000000e-003  4.7740000e+003
  1.9930727e+003  1.3665997e+003  9.0000000e-003  4.7750000e+003
  1.9930754e+003  1.3665747e+003  8.0000000e-003  4.7760000e+003
  1.9930781e+003  1.3666638e+003  8.0000000e-003  4.7770000e+003
  1.9930809e+003  1.3667309e+003  9.0000000e-003  4.7780000e+003
  1.9930836e+003  1.3666668e+003  9.0000000e-003  4.7790000e+003
  1.9930863e+003  1.3666087e+003  8.0000000e-003  4.7800000e+003
  1.9930891e+003  1.3665597e+003  9.0000000e-003  4.7810000e+003
  1.9930918e+003  1.3664675e+003  8.0000000e-003  4.7820000e+003
  1.9930945e+003  1.3664485e+003  8.0000000e-003  4.7830000e+003
  1.9930972e+003  1.3660760e+003  8.0000000e-003  4.7840000e+003
  1.9931000e+003  1.3657075e+003  8.0000000e-003  4.7850000e+003
  1.9931028e+003  1.3655522e+003  8.0000000e-003  4.7860000e+003
  1.9931054e+003  1.3652739e+003  9.0000000e-003  4.7870000e+003
  1.9931081e+003  1.3649905e+003  8.0000000e-003  4.7880000e+003
  1.9931109e+003  1.3650746e+003  9.0000000e-003  4.7890000e+003
  1.9931137e+003  1.3650546e+003  9.0000000e-003  4.7900000e+003
  1.9931165e+003  1.3653600e+003  9.0000000e-003  4.7910000e+003
  1.9931192e+003  1.3657075e+003  9.0000000e-003  4.7920000e+003
  1.9931220e+003  1.3661120e+003  9.0000000e-003  4.7930000e+003
  1.9931247e+003  1.3662993e+003  9.0000000e-003  4.7940000e+003
  1.9931275e+003  1.3665306e+003  9.0000000e-003  4.7950000e+003
  1.9931302e+003  1.3665526e+003  9.0000000e-003  4.7960000e+003
  1.9931329e+003  1.3663434e+003  9.0000000e-003  4.7970000e+003
  1.9931356e+003  1.3663143e+003  9.0000000e-003  4.7980000e+003
  1.9931383e+003  1.3663704e+003  9.0000000e-003  4.7990000e+003
  1.9931411e+003  1.3662602e+003  9.0000000e-003  4.8000000e+003
  1.9931439e+003  1.3661371e+003  9.0000000e-003  4.8010000e+003
  1.9931465e+003  1.3659138e+003  9.0000000e-003  4.8020000e+003
  1.9931493e+003  1.3657876e+003  9.0000000e-003  4.8030000e+003
  1.9931520e+003  1.3658847e+003  1.0000000e-002  4.8040000e+003
  1.9931548e+003  1.3661561e+003  9.0000000e-003  4.8050000e+003
  1.9931575e+003  1.3662122e+003  9.0000000e-003  4.8060000e+003
  1.9931603e+003  1.3661791e+003  9.0000000e-003  4.8070000e+003
  1.9931630e+003  1.3662432e+003  9.0000000e-003  4.8080000e+003
  1.9931658e+003  1.3660740e+003  9.0000000e-003  4.8090000e+003
  1.9931685e+003  1.3660780e+003  9.0000000e-003  4.8100000e+003
  1.9931713e+003  1.3661891e+003  9.0000000e-003  4.8110000e+003
  1.9931740e+003  1.3660770e+003  9.0000000e-003  4.8120000e+003
  1.9931768e+003  1.3660790e+003  9.0000000e-003  4.8130000e+003
  1.9931795e+003  1.3660580e+003  9.0000000e-003  4.8140000e+003
  1.9931822e+003  1.3657475e+003  9.0000000e-003  4.8150000e+003
  1.9931849e+003  1.3654421e+003  9.0000000e-003  4.8160000e+003
  1.9931877e+003  1.3655222e+003  9.0000000e-003  4.8170000e+003
  1.9931904e+003  1.3657365e+003  9.0000000e-003  4.8180000e+003
  1.9931931e+003  1.3661591e+003  9.0000000e-003  4.8190000e+003
  1.9931959e+003  1.3664715e+003  9.0000000e-003  4.8200000e+003
  1.9931986e+003  1.3666047e+003  9.0000000e-003  4.8210000e+003
  1.9932013e+003  1.3666658e+003  9.0000000e-003  4.8220000e+003
  1.9932035e+003  1.3666047e+003  9.0000000e-003  4.8230000e+003
  1.9932071e+003  1.3665957e+003  8.0000000e-003  4.8240000e+003
  1.9932095e+003  1.3665987e+003  9.0000000e-003  4.8250000e+003
  1.9932123e+003  1.3665827e+003  9.0000000e-003  4.8260000e+003
  1.9932142e+003  1.3665687e+003  8.0000000e-003  4.8270000e+003
  1.9932177e+003  1.3665166e+003  9.0000000e-003  4.8280000e+003
  1.9932205e+003  1.3665667e+003  9.0000000e-003  4.8290000e+003
  1.9932232e+003  1.3664505e+003  8.0000000e-003  4.8300000e+003
  1.9932260e+003  1.3663934e+003  9.0000000e-003  4.8310000e+003
  1.9932287e+003  1.3664845e+003  9.0000000e-003  4.8320000e+003
  1.9932315e+003  1.3666237e+003  8.0000000e-003  4.8330000e+003
  1.9932342e+003  1.3667439e+003  9.0000000e-003  4.8340000e+003
  1.9932370e+003  1.3666968e+003  9.0000000e-003  4.8350000e+003
  1.9932396e+003  1.3665266e+003  9.0000000e-003  4.8360000e+003
  1.9932425e+003  1.3665156e+003  8.0000000e-003  4.8370000e+003
  1.9932452e+003  1.3665346e+003  9.0000000e-003  4.8380000e+003
  1.9932479e+003  1.3665166e+003  9.0000000e-003  4.8390000e+003
  1.9932507e+003  1.3663413e+003  9.0000000e-003  4.8400000e+003
  1.9932535e+003  1.3663093e+003  9.0000000e-003  4.8410000e+003
  1.9932562e+003  1.3662953e+003  9.0000000e-003  4.8420000e+003
  1.9932589e+003  1.3662272e+003  9.0000000e-003  4.8430000e+003
  1.9932614e+003  1.3661961e+003  9.0000000e-003  4.8440000e+003
  1.9932650e+003  1.3659588e+003  8.0000000e-003  4.8450000e+003
  1.9932672e+003  1.3659508e+003  9.0000000e-003  4.8460000e+003
  1.9932699e+003  1.3660529e+003  9.0000000e-003  4.8470000e+003
  1.9932726e+003  1.3661240e+003  9.0000000e-003  4.8480000e+003
  1.9932754e+003  1.3663263e+003  9.0000000e-003  4.8490000e+003
  1.9932781e+003  1.3664425e+003  8.0000000e-003  4.8500000e+003
  1.9932808e+003  1.3664946e+003  9.0000000e-003  4.8510000e+003
  1.9932835e+003  1.3665236e+003  9.0000000e-003  4.8520000e+003
  1.9932863e+003  1.3665086e+003  9.0000000e-003  4.8530000e+003
  1.9932890e+003  1.3665416e+003  9.0000000e-003  4.8540000e+003
  1.9932911e+003  1.3664755e+003  9.0000000e-003  4.8550000e+003
  1.9932942e+003  1.3667880e+003  1.1000000e-002  4.8560000e+003
  1.9932970e+003  1.3666878e+003  1.1000000e-002  4.8570000e+003
  1.9932998e+003  1.3667529e+003  1.1000000e-002  4.8580000e+003
  1.9933028e+003  1.3665506e+003  9.0000000e-003  4.8590000e+003
  1.9933055e+003  1.3662642e+003  8.0000000e-003  4.8600000e+003
  1.9933082e+003  1.3664014e+003  8.0000000e-003  4.8610000e+003
  1.9933110e+003  1.3665176e+003  8.0000000e-003  4.8620000e+003
  1.9933137e+003  1.3665667e+003  8.0000000e-003  4.8630000e+003
  1.9933165e+003  1.3667850e+003  8.0000000e-003  4.8640000e+003
  1.9933187e+003  1.3669582e+003  9.0000000e-003  4.8650000e+003
  1.9933219e+003  1.3669652e+003  9.0000000e-003  4.8660000e+003
  1.9933246e+003  1.3669662e+003  9.0000000e-003  4.8670000e+003
  1.9933274e+003  1.3669602e+003  9.0000000e-003  4.8680000e+003
  1.9933301e+003  1.3668180e+003  9.0000000e-003  4.8690000e+003
  1.9933329e+003  1.3667699e+003  9.0000000e-003  4.8700000e+003
  1.9933356e+003  1.3667379e+003  9.0000000e-003  4.8710000e+003
  1.9933383e+003  1.3666688e+003  9.0000000e-003  4.8720000e+003
  1.9933410e+003  1.3667359e+003  9.0000000e-003  4.8730000e+003
  1.9933438e+003  1.3666918e+003  9.0000000e-003  4.8740000e+003
  1.9933465e+003  1.3665116e+003  9.0000000e-003  4.8750000e+003
  1.9933493e+003  1.3660680e+003  9.0000000e-003  4.8760000e+003
  1.9933521e+003  1.3656864e+003  9.0000000e-003  4.8770000e+003
  1.9933548e+003  1.3654090e+003  9.0000000e-003  4.8780000e+003
  1.9933575e+003  1.3652719e+003  9.0000000e-003  4.8790000e+003
  1.9933603e+003  1.3655162e+003  9.0000000e-003  4.8800000e+003
  1.9933630e+003  1.3659107e+003  9.0000000e-003  4.8810000e+003
  1.9933658e+003  1.3660860e+003  9.0000000e-003  4.8820000e+003
  1.9933685e+003  1.3663834e+003  9.0000000e-003  4.8830000e+003
  1.9933713e+003  1.3663604e+003  9.0000000e-003  4.8840000e+003
  1.9933740e+003  1.3663524e+003  9.0000000e-003  4.8850000e+003
  1.9933768e+003  1.3663183e+003  9.0000000e-003  4.8860000e+003
  1.9933795e+003  1.3663434e+003  9.0000000e-003  4.8870000e+003
  1.9933822e+003  1.3664365e+003  9.0000000e-003  4.8880000e+003
  1.9933850e+003  1.3665356e+003  9.0000000e-003  4.8890000e+003
  1.9933877e+003  1.3665947e+003  9.0000000e-003  4.8900000e+003
  1.9933904e+003  1.3665556e+003  9.0000000e-003  4.8910000e+003
  1.9933931e+003  1.3665737e+003  9.0000000e-003  4.8920000e+003
  1.9933959e+003  1.3666438e+003  9.0000000e-003  4.8930000e+003
  1.9933986e+003  1.3666768e+003  9.0000000e-003  4.8940000e+003
  1.9934013e+003  1.3666678e+003  9.0000000e-003  4.8950000e+003
  1.9934041e+003  1.3666117e+003  9.0000000e-003  4.8960000e+003
  1.9934064e+003  1.3664114e+003  9.0000000e-003  4.8970000e+003
  1.9934097e+003  1.3663253e+003  9.0000000e-003  4.8980000e+003
  1.9934123e+003  1.3661351e+003  8.0000000e-003  4.8990000e+003
  1.9934151e+003  1.3660680e+003  9.0000000e-003  4.9000000e+003
  1.9934178e+003  1.3662282e+003  9.0000000e-003  4.9010000e+003
  1.9934205e+003  1.3662252e+003  9.0000000e-003  4.9020000e+003
  1.9934233e+003  1.3662212e+003  9.0000000e-003  4.9030000e+003
  1.9934260e+003  1.3663844e+003  9.0000000e-003  4.9040000e+003
  1.9934288e+003  1.3664004e+003  9.0000000e-003  4.9050000e+003
  1.9934315e+003  1.3661741e+003  9.0000000e-003  4.9060000e+003
  1.9934342e+003  1.3662302e+003  9.0000000e-003  4.9070000e+003
  1.9934370e+003  1.3662692e+003  9.0000000e-003  4.9080000e+003
  1.9934397e+003  1.3663484e+003  9.0000000e-003  4.9090000e+003
  1.9934425e+003  1.3663003e+003  9.0000000e-003  4.9100000e+003
  1.9934452e+003  1.3663614e+003  9.0000000e-003  4.9110000e+003
  1.9934480e+003  1.3662863e+003  9.0000000e-003  4.9120000e+003
  1.9934507e+003  1.3661901e+003  9.0000000e-003  4.9130000e+003
  1.9934534e+003  1.3661401e+003  9.0000000e-003  4.9140000e+003
  1.9934562e+003  1.3661421e+003  1.0000000e-002  4.9150000e+003
  1.9934589e+003  1.3661601e+003  1.0000000e-002  4.9160000e+003
  1.9934617e+003  1.3661531e+003  1.0000000e-002  4.9170000e+003
  1.9934644e+003  1.3662282e+003  1.1000000e-002  4.9180000e+003
  1.9934672e+003  1.3663343e+003  1.2000000e-002  4.9190000e+003
  1.9934699e+003  1.3663083e+003  1.1000000e-002  4.9200000e+003
  1.9934726e+003  1.3663664e+003  1.0000000e-002  4.9210000e+003
  1.9934753e+003  1.3664425e+003  1.0000000e-002  4.9220000e+003
  1.9934781e+003  1.3664465e+003  9.0000000e-003  4.9230000e+003
  1.9934808e+003  1.3663604e+003  9.0000000e-003  4.9240000e+003
  1.9934835e+003  1.3664014e+003  9.0000000e-003  4.9250000e+003
  1.9934863e+003  1.3664976e+003  8.0000000e-003  4.9260000e+003
  1.9934890e+003  1.3665136e+003  9.0000000e-003  4.9270000e+003
  1.9934918e+003  1.3663674e+003  9.0000000e-003  4.9280000e+003
  1.9934945e+003  1.3662953e+003  9.0000000e-003  4.9290000e+003
  1.9934973e+003  1.3661751e+003  8.0000000e-003  4.9300000e+003
  1.9935000e+003  1.3662442e+003  9.0000000e-003  4.9310000e+003
  1.9935027e+003  1.3663564e+003  9.0000000e-003  4.9320000e+003
  1.9935056e+003  1.3663193e+003  8.0000000e-003  4.9330000e+003
  1.9935083e+003  1.3664956e+003  8.0000000e-003  4.9340000e+003
  1.9935110e+003  1.3665967e+003  8.0000000e-003  4.9350000e+003
  1.9935137e+003  1.3666418e+003  9.0000000e-003  4.9360000e+003
  1.9935165e+003  1.3665486e+003  9.0000000e-003  4.9370000e+003
  1.9935186e+003  1.3664165e+003  8.0000000e-003  4.9380000e+003
  1.9935219e+003  1.3660289e+003  9.0000000e-003  4.9390000e+003
  1.9935247e+003  1.3659849e+003  9.0000000e-003  4.9400000e+003
  1.9935274e+003  1.3660099e+003  9.0000000e-003  4.9410000e+003
  1.9935301e+003  1.3660880e+003  9.0000000e-003  4.9420000e+003
  1.9935328e+003  1.3660299e+003  9.0000000e-003  4.9430000e+003
  1.9935356e+003  1.3660269e+003  9.0000000e-003  4.9440000e+003
  1.9935383e+003  1.3659909e+003  9.0000000e-003  4.9450000e+003
  1.9935411e+003  1.3661571e+003  9.0000000e-003  4.9460000e+003
  1.9935439e+003  1.3663033e+003  9.0000000e-003  4.9470000e+003
  1.9935466e+003  1.3663413e+003  9.0000000e-003  4.9480000e+003
  1.9935493e+003  1.3663834e+003  9.0000000e-003  4.9490000e+003
  1.9935521e+003  1.3663373e+003  9.0000000e-003  4.9500000e+003
  1.9935548e+003  1.3661841e+003  9.0000000e-003  4.9510000e+003
  1.9935576e+003  1.3663303e+003  9.0000000e-003  4.9520000e+003
  1.9935603e+003  1.3664475e+003  9.0000000e-003  4.9530000e+003
  1.9935631e+003  1.3666127e+003  9.0000000e-003  4.9540000e+003
  1.9935658e+003  1.3665797e+003  9.0000000e-003  4.9550000e+003
  1.9935685e+003  1.3666137e+003  9.0000000e-003  4.9560000e+003
  1.9935713e+003  1.3665246e+003  9.0000000e-003  4.9570000e+003
  1.9935740e+003  1.3664715e+003  9.0000000e-003  4.9580000e+003
  1.9935768e+003  1.3664165e+003  9.0000000e-003  4.9590000e+003
  1.9935795e+003  1.3663724e+003  9.0000000e-003  4.9600000e+003
  1.9935822e+003  1.3663834e+003  9.0000000e-003  4.9610000e+003
  1.9935849e+003  1.3663724e+003  9.0000000e-003  4.9620000e+003
  1.9935877e+003  1.3663824e+003  9.0000000e-003  4.9630000e+003
  1.9935904e+003  1.3663644e+003  9.0000000e-003  4.9640000e+003
  1.9935927e+003  1.3662863e+003  9.0000000e-003  4.9650000e+003
  1.9936109e+003  1.3665176e+003  1.1000000e-002  4.9710000e+003
  1.9936123e+003  1.3664615e+003  8.0000000e-003  4.9720000e+003
  1.9936150e+003  1.3664845e+003  9.0000000e-003  4.9730000e+003
  1.9936178e+003  1.3664605e+003  8.0000000e-003  4.9740000e+003
  1.9936206e+003  1.3664165e+003  8.0000000e-003  4.9750000e+003
  1.9936233e+003  1.3663544e+003  9.0000000e-003  4.9760000e+003
  1.9936260e+003  1.3663153e+003  9.0000000e-003  4.9770000e+003
  1.9936287e+003  1.3663323e+003  9.0000000e-003  4.9780000e+003
  1.9936315e+003  1.3663403e+003  9.0000000e-003  4.9790000e+003
  1.9936343e+003  1.3663604e+003  9.0000000e-003  4.9800000e+003
  1.9936370e+003  1.3663534e+003  9.0000000e-003  4.9810000e+003
  1.9936398e+003  1.3663504e+003  9.0000000e-003  4.9820000e+003
  1.9936425e+003  1.3662763e+003  8.0000000e-003  4.9830000e+003
  1.9936452e+003  1.3662382e+003  9.0000000e-003  4.9840000e+003
  1.9936480e+003  1.3662372e+003  9.0000000e-003  4.9850000e+003
  1.9936507e+003  1.3662943e+003  9.0000000e-003  4.9860000e+003
  1.9936535e+003  1.3662963e+003  9.0000000e-003  4.9870000e+003
  1.9936562e+003  1.3662692e+003  9.0000000e-003  4.9880000e+003
  1.9936590e+003  1.3662702e+003  1.1000000e-002  4.9890000e+003
  1.9936617e+003  1.3662883e+003  1.0000000e-002  4.9900000e+003
  1.9936644e+003  1.3663303e+003  9.0000000e-003  4.9910000e+003
  1.9936671e+003  1.3663113e+003  9.0000000e-003  4.9920000e+003
  1.9936698e+003  1.3662422e+003  9.0000000e-003  4.9930000e+003
  1.9936726e+003  1.3662052e+003  9.0000000e-003  4.9940000e+003
  1.9936753e+003  1.3661781e+003  9.0000000e-003  4.9950000e+003
  1.9936781e+003  1.3661961e+003  9.0000000e-003  4.9960000e+003
  1.9936808e+003  1.3662272e+003  8.0000000e-003  4.9970000e+003
  1.9936836e+003  1.3662482e+003  9.0000000e-003  4.9980000e+003
  1.9936863e+003  1.3663243e+003  8.0000000e-003  4.9990000e+003
  1.9936891e+003  1.3663874e+003  8.0000000e-003  5.0000000e+003
  1.9936918e+003  1.3664295e+003  8.0000000e-003  5.0010000e+003
  1.9936945e+003  1.3664185e+003  9.0000000e-003  5.0020000e+003
  1.9936973e+003  1.3663794e+003  8.0000000e-003  5.0030000e+003
  1.9937000e+003  1.3663564e+003  9.0000000e-003  5.0040000e+003
  1.9937028e+003  1.3663363e+003  8.0000000e-003  5.0050000e+003
  1.9937055e+003  1.3663984e+003  9.0000000e-003  5.0060000e+003
  1.9937082e+003  1.3664926e+003  8.0000000e-003  5.0070000e+003
  1.9937110e+003  1.3665967e+003  9.0000000e-003  5.0080000e+003
  1.9937127e+003  1.3666408e+003  8.0000000e-003  5.0090000e+003
  1.9937287e+003  1.3664375e+003  8.0000000e-003  5.0140000e+003
  1.9937301e+003  1.3662542e+003  9.0000000e-003  5.0150000e+003
  1.9937329e+003  1.3660519e+003  9.0000000e-003  5.0160000e+003
  1.9937357e+003  1.3659458e+003  9.0000000e-003  5.0170000e+003
  1.9937384e+003  1.3658727e+003  9.0000000e-003  5.0180000e+003
  1.9937411e+003  1.3658577e+003  9.0000000e-003  5.0190000e+003
  1.9937439e+003  1.3657545e+003  9.0000000e-003  5.0200000e+003
  1.9937466e+003  1.3656484e+003  9.0000000e-003  5.0210000e+003
  1.9937494e+003  1.3653550e+003  9.0000000e-003  5.0220000e+003
  1.9937521e+003  1.3650636e+003  9.0000000e-003  5.0230000e+003
  1.9937549e+003  1.3648072e+003  9.0000000e-003  5.0240000e+003
  1.9937576e+003  1.3647812e+003  9.0000000e-003  5.0250000e+003
  1.9937603e+003  1.3649674e+003  9.0000000e-003  5.0260000e+003
  1.9937630e+003  1.3650716e+003  9.0000000e-003  5.0270000e+003
  1.9937657e+003  1.3652779e+003  9.0000000e-003  5.0280000e+003
  1.9937685e+003  1.3655222e+003  9.0000000e-003  5.0290000e+003
  1.9937712e+003  1.3658306e+003  9.0000000e-003  5.0300000e+003
  1.9937740e+003  1.3659198e+003  9.0000000e-003  5.0310000e+003
  1.9937767e+003  1.3659909e+003  9.0000000e-003  5.0320000e+003
  1.9937794e+003  1.3660560e+003  9.0000000e-003  5.0330000e+003
  1.9937822e+003  1.3660409e+003  9.0000000e-003  5.0340000e+003
  1.9937849e+003  1.3660239e+003  9.0000000e-003  5.0350000e+003
  1.9937877e+003  1.3660780e+003  9.0000000e-003  5.0360000e+003
  1.9937904e+003  1.3661090e+003  9.0000000e-003  5.0370000e+003
  1.9937932e+003  1.3661821e+003  9.0000000e-003  5.0380000e+003
  1.9937959e+003  1.3662723e+003  9.0000000e-003  5.0390000e+003
  1.9937987e+003  1.3663323e+003  9.0000000e-003  5.0400000e+003
  1.9938014e+003  1.3663464e+003  9.0000000e-003  5.0410000e+003
  1.9938042e+003  1.3662542e+003  9.0000000e-003  5.0420000e+003
  1.9938069e+003  1.3661200e+003  9.0000000e-003  5.0430000e+003
  1.9938096e+003  1.3661571e+003  9.0000000e-003  5.0440000e+003
  1.9938124e+003  1.3661401e+003  9.0000000e-003  5.0450000e+003
  1.9938148e+003  1.3662202e+003  9.0000000e-003  5.0460000e+003
  1.9938179e+003  1.3663904e+003  9.0000000e-003  5.0470000e+003
  1.9938207e+003  1.3663243e+003  8.0000000e-003  5.0480000e+003
  1.9938233e+003  1.3662012e+003  8.0000000e-003  5.0490000e+003
  1.9938261e+003  1.3661621e+003  8.0000000e-003  5.0500000e+003
  1.9938288e+003  1.3661200e+003  8.0000000e-003  5.0510000e+003
  1.9938316e+003  1.3660640e+003  8.0000000e-003  5.0520000e+003
  1.9938343e+003  1.3660189e+003  8.0000000e-003  5.0530000e+003
  1.9938370e+003  1.3659027e+003  8.0000000e-003  5.0540000e+003
  1.9938397e+003  1.3657625e+003  8.0000000e-003  5.0550000e+003
  1.9938425e+003  1.3656203e+003  8.0000000e-003  5.0560000e+003
  1.9938452e+003  1.3655502e+003  8.0000000e-003  5.0570000e+003
  1.9938479e+003  1.3656143e+003  8.0000000e-003  5.0580000e+003
  1.9938507e+003  1.3657195e+003  8.0000000e-003  5.0590000e+003
  1.9938534e+003  1.3658717e+003  9.0000000e-003  5.0600000e+003
  1.9938561e+003  1.3660289e+003  8.0000000e-003  5.0610000e+003
  1.9938589e+003  1.3661401e+003  8.0000000e-003  5.0620000e+003
  1.9938616e+003  1.3662342e+003  8.0000000e-003  5.0630000e+003
  1.9938644e+003  1.3662883e+003  8.0000000e-003  5.0640000e+003
  1.9938671e+003  1.3662973e+003  9.0000000e-003  5.0650000e+003
  1.9938699e+003  1.3663534e+003  8.0000000e-003  5.0660000e+003
  1.9938726e+003  1.3662682e+003  8.0000000e-003  5.0670000e+003
  1.9938754e+003  1.3661080e+003  8.0000000e-003  5.0680000e+003
  1.9938781e+003  1.3658737e+003  8.0000000e-003  5.0690000e+003
  1.9938809e+003  1.3657195e+003  8.0000000e-003  5.0700000e+003
  1.9938836e+003  1.3655362e+003  8.0000000e-003  5.0710000e+003
  1.9938864e+003  1.3655302e+003  9.0000000e-003  5.0720000e+003
  1.9938891e+003  1.3657505e+003  9.0000000e-003  5.0730000e+003
  1.9938918e+003  1.3660049e+003  8.0000000e-003  5.0740000e+003
  1.9938945e+003  1.3661961e+003  8.0000000e-003  5.0750000e+003
  1.9938972e+003  1.3662753e+003  8.0000000e-003  5.0760000e+003
  1.9938999e+003  1.3661561e+003  8.0000000e-003  5.0770000e+003
  1.9939026e+003  1.3660119e+003  8.0000000e-003  5.0780000e+003
  1.9939055e+003  1.3660590e+003  9.0000000e-003  5.0790000e+003
  1.9939083e+003  1.3662502e+003  9.0000000e-003  5.0800000e+003
  1.9939110e+003  1.3663093e+003  9.0000000e-003  5.0810000e+003
  1.9939137e+003  1.3662943e+003  9.0000000e-003  5.0820000e+003
  1.9939165e+003  1.3662492e+003  9.0000000e-003  5.0830000e+003
  1.9939192e+003  1.3661060e+003  9.0000000e-003  5.0840000e+003
  1.9939220e+003  1.3662132e+003  9.0000000e-003  5.0850000e+003
  1.9939247e+003  1.3662903e+003  9.0000000e-003  5.0860000e+003
  1.9939275e+003  1.3663273e+003  9.0000000e-003  5.0870000e+003
  1.9939302e+003  1.3662642e+003  9.0000000e-003  5.0880000e+003
  1.9939329e+003  1.3661000e+003  9.0000000e-003  5.0890000e+003
  1.9939357e+003  1.3659989e+003  9.0000000e-003  5.0900000e+003
  1.9939383e+003  1.3660129e+003  9.0000000e-003  5.0910000e+003
  1.9939418e+003  1.3662022e+003  8.0000000e-003  5.0920000e+003
  1.9939438e+003  1.3662973e+003  9.0000000e-003  5.0930000e+003
  1.9939466e+003  1.3663293e+003  9.0000000e-003  5.0940000e+003
  1.9939493e+003  1.3662232e+003  9.0000000e-003  5.0950000e+003
  1.9939520e+003  1.3660980e+003  9.0000000e-003  5.0960000e+003
  1.9939548e+003  1.3659498e+003  1.0000000e-002  5.0970000e+003
  1.9939575e+003  1.3659017e+003  1.0000000e-002  5.0980000e+003
  1.9939603e+003  1.3658527e+003  1.0000000e-002  5.0990000e+003
  1.9939631e+003  1.3658386e+003  1.0000000e-002  5.1000000e+003
  1.9939658e+003  1.3658597e+003  9.0000000e-003  5.1010000e+003
  1.9939686e+003  1.3659248e+003  9.0000000e-003  5.1020000e+003
  1.9939713e+003  1.3659168e+003  1.0000000e-002  5.1030000e+003
  1.9939740e+003  1.3659318e+003  9.0000000e-003  5.1040000e+003
  1.9939768e+003  1.3659067e+003  9.0000000e-003  5.1050000e+003
  1.9939795e+003  1.3658627e+003  9.0000000e-003  5.1060000e+003
  1.9939822e+003  1.3656944e+003  8.0000000e-003  5.1070000e+003
  1.9939850e+003  1.3654852e+003  9.0000000e-003  5.1080000e+003
  1.9939877e+003  1.3653840e+003  9.0000000e-003  5.1090000e+003
  1.9939904e+003  1.3655693e+003  8.0000000e-003  5.1100000e+003
  1.9939931e+003  1.3658186e+003  9.0000000e-003  5.1110000e+003
  1.9939959e+003  1.3660289e+003  9.0000000e-003  5.1120000e+003
  1.9939986e+003  1.3661741e+003  9.0000000e-003  5.1130000e+003
  1.9940013e+003  1.3661090e+003  9.0000000e-003  5.1140000e+003
  1.9940041e+003  1.3656844e+003  8.0000000e-003  5.1150000e+003
  1.9940068e+003  1.3653109e+003  9.0000000e-003  5.1160000e+003
  1.9940095e+003  1.3652608e+003  9.0000000e-003  5.1170000e+003
  1.9940123e+003  1.3653490e+003  9.0000000e-003  5.1180000e+003
  1.9940144e+003  1.3653069e+003  8.0000000e-003  5.1190000e+003
  1.9940179e+003  1.3655212e+003  8.0000000e-003  5.1200000e+003
  1.9940205e+003  1.3657966e+003  8.0000000e-003  5.1210000e+003
  1.9940233e+003  1.3660580e+003  9.0000000e-003  5.1220000e+003
  1.9940260e+003  1.3659017e+003  8.0000000e-003  5.1230000e+003
  1.9940287e+003  1.3657645e+003  8.0000000e-003  5.1240000e+003
  1.9940315e+003  1.3657235e+003  9.0000000e-003  5.1250000e+003
  1.9940342e+003  1.3658487e+003  8.0000000e-003  5.1260000e+003
  1.9940370e+003  1.3659638e+003  8.0000000e-003  5.1270000e+003
  1.9940397e+003  1.3660359e+003  8.0000000e-003  5.1280000e+003
  1.9940425e+003  1.3660519e+003  8.0000000e-003  5.1290000e+003
  1.9940452e+003  1.3659818e+003  8.0000000e-003  5.1300000e+003
  1.9940480e+003  1.3659458e+003  8.0000000e-003  5.1310000e+003
  1.9940507e+003  1.3658627e+003  8.0000000e-003  5.1320000e+003
  1.9940535e+003  1.3657726e+003  8.0000000e-003  5.1330000e+003
  1.9940562e+003  1.3657205e+003  8.0000000e-003  5.1340000e+003
  1.9940590e+003  1.3656464e+003  8.0000000e-003  5.1350000e+003
  1.9940617e+003  1.3656704e+003  8.0000000e-003  5.1360000e+003
  1.9940644e+003  1.3658437e+003  9.0000000e-003  5.1370000e+003
  1.9940672e+003  1.3659238e+003  8.0000000e-003  5.1380000e+003
  1.9940699e+003  1.3661681e+003  8.0000000e-003  5.1390000e+003
  1.9940726e+003  1.3664475e+003  9.0000000e-003  5.1400000e+003
  1.9940753e+003  1.3667099e+003  8.0000000e-003  5.1410000e+003
  1.9940781e+003  1.3667109e+003  8.0000000e-003  5.1420000e+003
  1.9940808e+003  1.3666247e+003  8.0000000e-003  5.1430000e+003
  1.9940835e+003  1.3665607e+003  8.0000000e-003  5.1440000e+003
  1.9940863e+003  1.3665306e+003  8.0000000e-003  5.1450000e+003
  1.9940890e+003  1.3665697e+003  8.0000000e-003  5.1460000e+003
  1.9940918e+003  1.3665717e+003  8.0000000e-003  5.1470000e+003
  1.9940944e+003  1.3665647e+003  8.0000000e-003  5.1480000e+003
  1.9940972e+003  1.3664625e+003  8.0000000e-003  5.1490000e+003
  1.9941000e+003  1.3662803e+003  9.0000000e-003  5.1500000e+003
  1.9941028e+003  1.3661160e+003  9.0000000e-003  5.1510000e+003
  1.9941055e+003  1.3659969e+003  9.0000000e-003  5.1520000e+003
  1.9941083e+003  1.3660580e+003  9.0000000e-003  5.1530000e+003
  1.9941110e+003  1.3659678e+003  9.0000000e-003  5.1540000e+003
  1.9941137e+003  1.3658517e+003  9.0000000e-003  5.1550000e+003
  1.9941165e+003  1.3658036e+003  9.0000000e-003  5.1560000e+003
  1.9941192e+003  1.3659538e+003  9.0000000e-003  5.1570000e+003
  1.9941219e+003  1.3661521e+003  9.0000000e-003  5.1580000e+003
  1.9941246e+003  1.3662402e+003  9.0000000e-003  5.1590000e+003
  1.9941274e+003  1.3662532e+003  8.0000000e-003  5.1600000e+003
  1.9941301e+003  1.3661381e+003  9.0000000e-003  5.1610000e+003
  1.9941328e+003  1.3660329e+003  9.0000000e-003  5.1620000e+003
  1.9941356e+003  1.3659178e+003  9.0000000e-003  5.1630000e+003
  1.9941384e+003  1.3658847e+003  9.0000000e-003  5.1640000e+003
  1.9941411e+003  1.3660620e+003  9.0000000e-003  5.1650000e+003
  1.9941438e+003  1.3662883e+003  9.0000000e-003  5.1660000e+003
  1.9941466e+003  1.3664205e+003  9.0000000e-003  5.1670000e+003
  1.9941493e+003  1.3664815e+003  9.0000000e-003  5.1680000e+003
  1.9941521e+003  1.3664525e+003  9.0000000e-003  5.1690000e+003
  1.9941548e+003  1.3663794e+003  9.0000000e-003  5.1700000e+003
  1.9941576e+003  1.3663233e+003  9.0000000e-003  5.1710000e+003
  1.9941609e+003  1.3662743e+003  8.0000000e-003  5.1720000e+003
  1.9941630e+003  1.3661881e+003  9.0000000e-003  5.1730000e+003
  1.9941659e+003  1.3663393e+003  9.0000000e-003  5.1740000e+003
  1.9941685e+003  1.3662642e+003  9.0000000e-003  5.1750000e+003
  1.9941712e+003  1.3663203e+003  9.0000000e-003  5.1760000e+003
  1.9941739e+003  1.3662803e+003  9.0000000e-003  5.1770000e+003
  1.9941767e+003  1.3662222e+003  9.0000000e-003  5.1780000e+003
  1.9941794e+003  1.3660770e+003  9.0000000e-003  5.1790000e+003
  1.9941822e+003  1.3660039e+003  9.0000000e-003  5.1800000e+003
  1.9941849e+003  1.3659959e+003  9.0000000e-003  5.1810000e+003
  1.9941876e+003  1.3658857e+003  9.0000000e-003  5.1820000e+003
  1.9941904e+003  1.3659037e+003  9.0000000e-003  5.1830000e+003
  1.9941931e+003  1.3659618e+003  9.0000000e-003  5.1840000e+003
  1.9941959e+003  1.3659989e+003  9.0000000e-003  5.1850000e+003
  1.9941986e+003  1.3660720e+003  9.0000000e-003  5.1860000e+003
  1.9942014e+003  1.3659208e+003  9.0000000e-003  5.1870000e+003
  1.9942035e+003  1.3660009e+003  9.0000000e-003  5.1880000e+003
  1.9942096e+003  1.3663393e+003  8.0000000e-003  5.1900000e+003
  1.9942123e+003  1.3664074e+003  8.0000000e-003  5.1910000e+003
  1.9942151e+003  1.3663434e+003  8.0000000e-003  5.1920000e+003
  1.9942178e+003  1.3665867e+003  8.0000000e-003  5.1930000e+003
  1.9942205e+003  1.3666548e+003  9.0000000e-003  5.1940000e+003
  1.9942233e+003  1.3665456e+003  8.0000000e-003  5.1950000e+003
  1.9942260e+003  1.3666508e+003  9.0000000e-003  5.1960000e+003
  1.9942288e+003  1.3666438e+003  8.0000000e-003  5.1970000e+003
  1.9942315e+003  1.3666137e+003  8.0000000e-003  5.1980000e+003
  1.9942343e+003  1.3665206e+003  8.0000000e-003  5.1990000e+003
  1.9942370e+003  1.3664305e+003  9.0000000e-003  5.2000000e+003
  1.9942398e+003  1.3664104e+003  8.0000000e-003  5.2010000e+003
  1.9942425e+003  1.3663664e+003  8.0000000e-003  5.2020000e+003
  1.9942453e+003  1.3662803e+003  8.0000000e-003  5.2030000e+003
  1.9942480e+003  1.3663033e+003  8.0000000e-003  5.2040000e+003
  1.9942507e+003  1.3662723e+003  9.0000000e-003  5.2050000e+003
  1.9942535e+003  1.3662793e+003  9.0000000e-003  5.2060000e+003
  1.9942562e+003  1.3661511e+003  9.0000000e-003  5.2070000e+003
  1.9942589e+003  1.3661441e+003  9.0000000e-003  5.2080000e+003
  1.9942616e+003  1.3660580e+003  9.0000000e-003  5.2090000e+003
  1.9942643e+003  1.3660469e+003  9.0000000e-003  5.2100000e+003
  1.9942671e+003  1.3660820e+003  9.0000000e-003  5.2110000e+003
  1.9942698e+003  1.3661270e+003  9.0000000e-003  5.2120000e+003
  1.9942726e+003  1.3661921e+003  9.0000000e-003  5.2130000e+003
  1.9942753e+003  1.3662082e+003  9.0000000e-003  5.2140000e+003
  1.9942780e+003  1.3662422e+003  8.0000000e-003  5.2150000e+003
  1.9942808e+003  1.3662362e+003  8.0000000e-003  5.2160000e+003
  1.9942836e+003  1.3662132e+003  8.0000000e-003  5.2170000e+003
  1.9942863e+003  1.3662452e+003  8.0000000e-003  5.2180000e+003
  1.9942891e+003  1.3662803e+003  8.0000000e-003  5.2190000e+003
  1.9942918e+003  1.3663424e+003  8.0000000e-003  5.2200000e+003
  1.9942945e+003  1.3662893e+003  9.0000000e-003  5.2210000e+003
  1.9942973e+003  1.3663474e+003  8.0000000e-003  5.2220000e+003
  1.9943000e+003  1.3662302e+003  9.0000000e-003  5.2230000e+003
  1.9943028e+003  1.3662442e+003  9.0000000e-003  5.2240000e+003
  1.9943055e+003  1.3661651e+003  9.0000000e-003  5.2250000e+003
  1.9943080e+003  1.3662162e+003  9.0000000e-003  5.2260000e+003
  1.9943109e+003  1.3662462e+003  9.0000000e-003  5.2270000e+003
  1.9943136e+003  1.3662092e+003  9.0000000e-003  5.2280000e+003
  1.9943164e+003  1.3662112e+003  9.0000000e-003  5.2290000e+003
  1.9943191e+003  1.3662142e+003  9.0000000e-003  5.2300000e+003
  1.9943219e+003  1.3661481e+003  9.0000000e-003  5.2310000e+003
  1.9943246e+003  1.3661010e+003  9.0000000e-003  5.2320000e+003
  1.9943274e+003  1.3660560e+003  9.0000000e-003  5.2330000e+003
  1.9943302e+003  1.3659818e+003  9.0000000e-003  5.2340000e+003
  1.9943329e+003  1.3658386e+003  9.0000000e-003  5.2350000e+003
  1.9943356e+003  1.3657976e+003  9.0000000e-003  5.2360000e+003
  1.9943384e+003  1.3658527e+003  9.0000000e-003  5.2370000e+003
  1.9943411e+003  1.3658326e+003  9.0000000e-003  5.2380000e+003
  1.9943439e+003  1.3658807e+003  9.0000000e-003  5.2390000e+003
  1.9943466e+003  1.3659007e+003  9.0000000e-003  5.2400000e+003
  1.9943494e+003  1.3659638e+003  9.0000000e-003  5.2410000e+003
  1.9943521e+003  1.3659979e+003  9.0000000e-003  5.2420000e+003
  1.9943548e+003  1.3660179e+003  9.0000000e-003  5.2430000e+003
  1.9943575e+003  1.3660710e+003  9.0000000e-003  5.2440000e+003
  1.9943603e+003  1.3661170e+003  9.0000000e-003  5.2450000e+003
  1.9943630e+003  1.3661381e+003  9.0000000e-003  5.2460000e+003
  1.9943657e+003  1.3660970e+003  9.0000000e-003  5.2470000e+003
  1.9943685e+003  1.3661421e+003  9.0000000e-003  5.2480000e+003
  1.9943712e+003  1.3661000e+003  9.0000000e-003  5.2490000e+003
  1.9943739e+003  1.3660720e+003  9.0000000e-003  5.2500000e+003
  1.9943767e+003  1.3660980e+003  9.0000000e-003  5.2510000e+003
  1.9943794e+003  1.3661371e+003  9.0000000e-003  5.2520000e+003
  1.9943822e+003  1.3661441e+003  9.0000000e-003  5.2530000e+003
  1.9943849e+003  1.3662562e+003  9.0000000e-003  5.2540000e+003
  1.9943877e+003  1.3663133e+003  9.0000000e-003  5.2550000e+003
  1.9943904e+003  1.3663774e+003  9.0000000e-003  5.2560000e+003
  1.9943926e+003  1.3663644e+003  8.0000000e-003  5.2570000e+003
  1.9943966e+003  1.3662182e+003  8.0000000e-003  5.2580000e+003
  1.9943986e+003  1.3661301e+003  9.0000000e-003  5.2590000e+003
  1.9944013e+003  1.3660570e+003  9.0000000e-003  5.2600000e+003
  1.9944041e+003  1.3659879e+003  8.0000000e-003  5.2610000e+003
  1.9944069e+003  1.3659158e+003  9.0000000e-003  5.2620000e+003
  1.9944096e+003  1.3658727e+003  9.0000000e-003  5.2630000e+003
  1.9944123e+003  1.3658887e+003  8.0000000e-003  5.2640000e+003
  1.9944151e+003  1.3658517e+003  9.0000000e-003  5.2650000e+003
  1.9944178e+003  1.3659288e+003  8.0000000e-003  5.2660000e+003
  1.9944206e+003  1.3659608e+003  8.0000000e-003  5.2670000e+003
  1.9944233e+003  1.3660019e+003  9.0000000e-003  5.2680000e+003
  1.9944261e+003  1.3660029e+003  8.0000000e-003  5.2690000e+003
  1.9944288e+003  1.3660019e+003  9.0000000e-003  5.2700000e+003
  1.9944315e+003  1.3660439e+003  8.0000000e-003  5.2710000e+003
  1.9944343e+003  1.3660870e+003  9.0000000e-003  5.2720000e+003
  1.9944370e+003  1.3661621e+003  8.0000000e-003  5.2730000e+003
  1.9944397e+003  1.3661891e+003  9.0000000e-003  5.2740000e+003
  1.9944425e+003  1.3661351e+003  1.0000000e-002  5.2750000e+003
  1.9944453e+003  1.3660590e+003  1.0000000e-002  5.2760000e+003
  1.9944480e+003  1.3659949e+003  1.0000000e-002  5.2770000e+003
  1.9944507e+003  1.3660419e+003  1.0000000e-002  5.2780000e+003
  1.9944534e+003  1.3661481e+003  1.0000000e-002  5.2790000e+003
  1.9944561e+003  1.3662112e+003  1.0000000e-002  5.2800000e+003
  1.9944588e+003  1.3662472e+003  1.0000000e-002  5.2810000e+003
  1.9944617e+003  1.3663173e+003  9.0000000e-003  5.2820000e+003
  1.9944645e+003  1.3662813e+003  1.0000000e-002  5.2830000e+003
  1.9944671e+003  1.3662632e+003  9.0000000e-003  5.2840000e+003
  1.9944699e+003  1.3662082e+003  9.0000000e-003  5.2850000e+003
  1.9944726e+003  1.3661961e+003  9.0000000e-003  5.2860000e+003
  1.9944754e+003  1.3661411e+003  8.0000000e-003  5.2870000e+003
  1.9944781e+003  1.3661301e+003  8.0000000e-003  5.2880000e+003
  1.9944809e+003  1.3661150e+003  9.0000000e-003  5.2890000e+003
  1.9944837e+003  1.3660860e+003  9.0000000e-003  5.2900000e+003
  1.9944864e+003  1.3660990e+003  9.0000000e-003  5.2910000e+003
  1.9944891e+003  1.3660820e+003  8.0000000e-003  5.2920000e+003
  1.9944918e+003  1.3661080e+003  9.0000000e-003  5.2930000e+003
  1.9944945e+003  1.3660650e+003  8.0000000e-003  5.2940000e+003
  1.9944973e+003  1.3658336e+003  9.0000000e-003  5.2950000e+003
  1.9945000e+003  1.3658537e+003  8.0000000e-003  5.2960000e+003
  1.9945028e+003  1.3658647e+003  9.0000000e-003  5.2970000e+003
  1.9945054e+003  1.3659518e+003  9.0000000e-003  5.2980000e+003
  1.9945080e+003  1.3660069e+003  9.0000000e-003  5.2990000e+003
  1.9945110e+003  1.3660930e+003  9.0000000e-003  5.3000000e+003
  1.9945137e+003  1.3661421e+003  9.0000000e-003  5.3010000e+003
  1.9945164e+003  1.3661230e+003  9.0000000e-003  5.3020000e+003
  1.9945192e+003  1.3660199e+003  9.0000000e-003  5.3030000e+003
  1.9945220e+003  1.3659728e+003  9.0000000e-003  5.3040000e+003
  1.9945247e+003  1.3660159e+003  9.0000000e-003  5.3050000e+003
  1.9945274e+003  1.3660650e+003  9.0000000e-003  5.3060000e+003
  1.9945302e+003  1.3662272e+003  9.0000000e-003  5.3070000e+003
  1.9945329e+003  1.3662682e+003  9.0000000e-003  5.3080000e+003
  1.9945357e+003  1.3661771e+003  9.0000000e-003  5.3090000e+003
  1.9945384e+003  1.3660469e+003  9.0000000e-003  5.3100000e+003
  1.9945412e+003  1.3659939e+003  9.0000000e-003  5.3110000e+003
  1.9945439e+003  1.3659859e+003  9.0000000e-003  5.3120000e+003
  1.9945466e+003  1.3660239e+003  9.0000000e-003  5.3130000e+003
  1.9945493e+003  1.3659528e+003  9.0000000e-003  5.3140000e+003
  1.9945520e+003  1.3658777e+003  9.0000000e-003  5.3150000e+003
  1.9945548e+003  1.3658106e+003  9.0000000e-003  5.3160000e+003
  1.9945575e+003  1.3657936e+003  9.0000000e-003  5.3170000e+003
  1.9945603e+003  1.3657866e+003  9.0000000e-003  5.3180000e+003
  1.9945630e+003  1.3658447e+003  9.0000000e-003  5.3190000e+003
  1.9945657e+003  1.3659588e+003  9.0000000e-003  5.3200000e+003
  1.9945685e+003  1.3660449e+003  9.0000000e-003  5.3210000e+003
  1.9945712e+003  1.3661050e+003  9.0000000e-003  5.3220000e+003
  1.9945740e+003  1.3661451e+003  9.0000000e-003  5.3230000e+003
  1.9945767e+003  1.3661591e+003  9.0000000e-003  5.3240000e+003
  1.9945795e+003  1.3662412e+003  9.0000000e-003  5.3250000e+003
  1.9945822e+003  1.3662983e+003  9.0000000e-003  5.3260000e+003
  1.9945850e+003  1.3663123e+003  9.0000000e-003  5.3270000e+003
  1.9945877e+003  1.3663564e+003  9.0000000e-003  5.3280000e+003
  1.9945904e+003  1.3663514e+003  9.0000000e-003  5.3290000e+003
  1.9945927e+003  1.3663073e+003  9.0000000e-003  5.3300000e+003
  1.9945959e+003  1.3662342e+003  9.0000000e-003  5.3310000e+003
  1.9945987e+003  1.3661331e+003  9.0000000e-003  5.3320000e+003
  1.9946014e+003  1.3661010e+003  9.0000000e-003  5.3330000e+003
  1.9946041e+003  1.3660760e+003  8.0000000e-003  5.3340000e+003
  1.9946069e+003  1.3660529e+003  8.0000000e-003  5.3350000e+003
  1.9946096e+003  1.3660129e+003  9.0000000e-003  5.3360000e+003
  1.9946124e+003  1.3660139e+003  9.0000000e-003  5.3370000e+003
  1.9946151e+003  1.3659869e+003  9.0000000e-003  5.3380000e+003
  1.9946179e+003  1.3658527e+003  8.0000000e-003  5.3390000e+003
  1.9946206e+003  1.3656904e+003  9.0000000e-003  5.3400000e+003
  1.9946233e+003  1.3658016e+003  8.0000000e-003  5.3410000e+003
  1.9946261e+003  1.3658597e+003  8.0000000e-003  5.3420000e+003
  1.9946288e+003  1.3659618e+003  9.0000000e-003  5.3430000e+003
  1.9946315e+003  1.3660379e+003  9.0000000e-003  5.3440000e+003
  1.9946343e+003  1.3659879e+003  9.0000000e-003  5.3450000e+003
  1.9946370e+003  1.3659989e+003  9.0000000e-003  5.3460000e+003
  1.9946397e+003  1.3660259e+003  9.0000000e-003  5.3470000e+003
  1.9946424e+003  1.3660439e+003  1.0000000e-002  5.3480000e+003
  1.9946452e+003  1.3660019e+003  1.0000000e-002  5.3490000e+003
  1.9946479e+003  1.3659588e+003  9.0000000e-003  5.3500000e+003
  1.9946507e+003  1.3659979e+003  9.0000000e-003  5.3510000e+003
  1.9946534e+003  1.3660119e+003  1.0000000e-002  5.3520000e+003
  1.9946562e+003  1.3660720e+003  9.0000000e-003  5.3530000e+003
  1.9946589e+003  1.3661220e+003  9.0000000e-003  5.3540000e+003
  1.9946617e+003  1.3661541e+003  8.0000000e-003  5.3550000e+003
  1.9946644e+003  1.3661811e+003  8.0000000e-003  5.3560000e+003
  1.9946672e+003  1.3661240e+003  9.0000000e-003  5.3570000e+003
  1.9946699e+003  1.3660089e+003  9.0000000e-003  5.3580000e+003
  1.9946727e+003  1.3659158e+003  9.0000000e-003  5.3590000e+003
  1.9946754e+003  1.3658246e+003  8.0000000e-003  5.3600000e+003
  1.9946781e+003  1.3657595e+003  8.0000000e-003  5.3610000e+003
  1.9946809e+003  1.3657425e+003  8.0000000e-003  5.3620000e+003
  1.9946836e+003  1.3657916e+003  8.0000000e-003  5.3630000e+003
  1.9946863e+003  1.3657886e+003  8.0000000e-003  5.3640000e+003
  1.9946890e+003  1.3659548e+003  9.0000000e-003  5.3650000e+003
  1.9946918e+003  1.3660339e+003  9.0000000e-003  5.3660000e+003
  1.9946946e+003  1.3660690e+003  8.0000000e-003  5.3670000e+003
  1.9946972e+003  1.3660760e+003  8.0000000e-003  5.3680000e+003
  1.9946998e+003  1.3661060e+003  8.0000000e-003  5.3690000e+003
  1.9947027e+003  1.3661020e+003  9.0000000e-003  5.3700000e+003
  1.9947055e+003  1.3660529e+003  9.0000000e-003  5.3710000e+003
  1.9947082e+003  1.3660379e+003  9.0000000e-003  5.3720000e+003
  1.9947110e+003  1.3660039e+003  9.0000000e-003  5.3730000e+003
  1.9947138e+003  1.3659358e+003  9.0000000e-003  5.3740000e+003
  1.9947165e+003  1.3659418e+003  9.0000000e-003  5.3750000e+003
  1.9947192e+003  1.3659077e+003  9.0000000e-003  5.3760000e+003
  1.9947220e+003  1.3658987e+003  9.0000000e-003  5.3770000e+003
  1.9947247e+003  1.3659158e+003  9.0000000e-003  5.3780000e+003
  1.9947272e+003  1.3659298e+003  9.0000000e-003  5.3790000e+003
  1.9947300e+003  1.3659208e+003  9.0000000e-003  5.3800000e+003
  1.9947331e+003  1.3658977e+003  9.0000000e-003  5.3810000e+003
  1.9947356e+003  1.3659027e+003  9.0000000e-003  5.3820000e+003
  1.9947384e+003  1.3659278e+003  9.0000000e-003  5.3830000e+003
  1.9947411e+003  1.3659899e+003  9.0000000e-003  5.3840000e+003
  1.9947438e+003  1.3659798e+003  9.0000000e-003  5.3850000e+003
  1.9947465e+003  1.3659498e+003  9.0000000e-003  5.3860000e+003
  1.9947493e+003  1.3659188e+003  9.0000000e-003  5.3870000e+003
  1.9947521e+003  1.3658797e+003  9.0000000e-003  5.3880000e+003
  1.9947548e+003  1.3658747e+003  9.0000000e-003  5.3890000e+003
  1.9947575e+003  1.3658817e+003  9.0000000e-003  5.3900000e+003
  1.9947603e+003  1.3658286e+003  9.0000000e-003  5.3910000e+003
  1.9947630e+003  1.3658427e+003  9.0000000e-003  5.3920000e+003
  1.9947658e+003  1.3658677e+003  9.0000000e-003  5.3930000e+003
  1.9947685e+003  1.3658927e+003  9.0000000e-003  5.3940000e+003
  1.9947713e+003  1.3659278e+003  9.0000000e-003  5.3950000e+003
  1.9947740e+003  1.3659288e+003  9.0000000e-003  5.3960000e+003
  1.9947768e+003  1.3659608e+003  9.0000000e-003  5.3970000e+003
  1.9947795e+003  1.3659448e+003  9.0000000e-003  5.3980000e+003
  1.9947823e+003  1.3659087e+003  9.0000000e-003  5.3990000e+003
  1.9947850e+003  1.3658987e+003  9.0000000e-003  5.4000000e+003
  1.9947877e+003  1.3658717e+003  9.0000000e-003  5.4010000e+003
  1.9947895e+003  1.3658517e+003  9.0000000e-003  5.4020000e+003
  1.9947932e+003  1.3657655e+003  9.0000000e-003  5.4030000e+003
  1.9947959e+003  1.3658497e+003  9.0000000e-003  5.4040000e+003
  1.9947986e+003  1.3659057e+003  9.0000000e-003  5.4050000e+003
  1.9948014e+003  1.3662552e+003  8.0000000e-003  5.4060000e+003
  1.9948031e+003  1.3661040e+003  8.0000000e-003  5.4070000e+003
  1.9948071e+003  1.3661230e+003  9.0000000e-003  5.4080000e+003
  1.9948097e+003  1.3660640e+003  9.0000000e-003  5.4090000e+003
  1.9948124e+003  1.3660910e+003  8.0000000e-003  5.4100000e+003
  1.9948151e+003  1.3660710e+003  8.0000000e-003  5.4110000e+003
  1.9948178e+003  1.3660610e+003  8.0000000e-003  5.4120000e+003
  1.9948205e+003  1.3661331e+003  8.0000000e-003  5.4130000e+003
  1.9948233e+003  1.3661521e+003  8.0000000e-003  5.4140000e+003
  1.9948260e+003  1.3660700e+003  8.0000000e-003  5.4150000e+003
  1.9948288e+003  1.3659728e+003  8.0000000e-003  5.4160000e+003
  1.9948315e+003  1.3658737e+003  8.0000000e-003  5.4170000e+003
  1.9948342e+003  1.3658717e+003  8.0000000e-003  5.4180000e+003
  1.9948370e+003  1.3659468e+003  9.0000000e-003  5.4190000e+003
  1.9948397e+003  1.3660079e+003  8.0000000e-003  5.4200000e+003
  1.9948425e+003  1.3660720e+003  9.0000000e-003  5.4210000e+003
  1.9948452e+003  1.3660780e+003  8.0000000e-003  5.4220000e+003
  1.9948479e+003  1.3660960e+003  8.0000000e-003  5.4230000e+003
  1.9948507e+003  1.3660920e+003  9.0000000e-003  5.4240000e+003
  1.9948535e+003  1.3660369e+003  8.0000000e-003  5.4250000e+003
  1.9948562e+003  1.3661260e+003  8.0000000e-003  5.4260000e+003
  1.9948590e+003  1.3661801e+003  8.0000000e-003  5.4270000e+003
  1.9948617e+003  1.3662062e+003  8.0000000e-003  5.4280000e+003
  1.9948644e+003  1.3662422e+003  8.0000000e-003  5.4290000e+003
  1.9948672e+003  1.3662743e+003  9.0000000e-003  5.4300000e+003
  1.9948699e+003  1.3662592e+003  8.0000000e-003  5.4310000e+003
  1.9948726e+003  1.3663073e+003  8.0000000e-003  5.4320000e+003
  1.9948753e+003  1.3663293e+003  8.0000000e-003  5.4330000e+003
  1.9948781e+003  1.3663494e+003  8.0000000e-003  5.4340000e+003
  1.9948808e+003  1.3663343e+003  8.0000000e-003  5.4350000e+003
  1.9948835e+003  1.3662993e+003  8.0000000e-003  5.4360000e+003
  1.9948861e+003  1.3662923e+003  8.0000000e-003  5.4370000e+003
  1.9948883e+003  1.3662692e+003  9.0000000e-003  5.4380000e+003
  1.9948924e+003  1.3659838e+003  8.0000000e-003  5.4390000e+003
  1.9948945e+003  1.3660369e+003  8.0000000e-003  5.4400000e+003
  1.9948973e+003  1.3660820e+003  8.0000000e-003  5.4410000e+003
  1.9949000e+003  1.3660930e+003  9.0000000e-003  5.4420000e+003
  1.9949028e+003  1.3660219e+003  9.0000000e-003  5.4430000e+003
  1.9949056e+003  1.3659989e+003  9.0000000e-003  5.4440000e+003
  1.9949083e+003  1.3660339e+003  9.0000000e-003  5.4450000e+003
  1.9949110e+003  1.3660990e+003  9.0000000e-003  5.4460000e+003
  1.9949138e+003  1.3661681e+003  8.0000000e-003  5.4470000e+003
  1.9949165e+003  1.3661611e+003  9.0000000e-003  5.4480000e+003
  1.9949192e+003  1.3661371e+003  9.0000000e-003  5.4490000e+003
  1.9949219e+003  1.3660580e+003  9.0000000e-003  5.4500000e+003
  1.9949247e+003  1.3660209e+003  9.0000000e-003  5.4510000e+003
  1.9949274e+003  1.3660169e+003  9.0000000e-003  5.4520000e+003
  1.9949300e+003  1.3660479e+003  9.0000000e-003  5.4530000e+003
  1.9949330e+003  1.3660580e+003  9.0000000e-003  5.4540000e+003
  1.9949356e+003  1.3660389e+003  9.0000000e-003  5.4550000e+003
  1.9949383e+003  1.3660109e+003  9.0000000e-003  5.4560000e+003
  1.9949411e+003  1.3659568e+003  1.0000000e-002  5.4570000e+003
  1.9949439e+003  1.3658366e+003  1.0000000e-002  5.4580000e+003
  1.9949466e+003  1.3656063e+003  1.0000000e-002  5.4590000e+003
  1.9949494e+003  1.3653339e+003  1.0000000e-002  5.4600000e+003
  1.9949521e+003  1.3653690e+003  1.0000000e-002  5.4610000e+003
  1.9949548e+003  1.3653850e+003  9.0000000e-003  5.4620000e+003
  1.9949576e+003  1.3654741e+003  9.0000000e-003  5.4630000e+003
  1.9949598e+003  1.3656113e+003  9.0000000e-003  5.4640000e+003
  1.9949630e+003  1.3658176e+003  9.0000000e-003  5.4650000e+003
  1.9949658e+003  1.3659438e+003  9.0000000e-003  5.4660000e+003
  1.9949685e+003  1.3659158e+003  9.0000000e-003  5.4670000e+003
  1.9949712e+003  1.3658487e+003  9.0000000e-003  5.4680000e+003
  1.9949740e+003  1.3658176e+003  8.0000000e-003  5.4690000e+003
  1.9949767e+003  1.3657605e+003  9.0000000e-003  5.4700000e+003
  1.9949794e+003  1.3657505e+003  8.0000000e-003  5.4710000e+003
  1.9949822e+003  1.3657826e+003  9.0000000e-003  5.4720000e+003
  1.9949849e+003  1.3658306e+003  8.0000000e-003  5.4730000e+003
  1.9949876e+003  1.3658877e+003  9.0000000e-003  5.4740000e+003
  1.9949904e+003  1.3658306e+003  9.0000000e-003  5.4750000e+003
  1.9949931e+003  1.3659588e+003  8.0000000e-003  5.4760000e+003
  1.9949959e+003  1.3658557e+003  9.0000000e-003  5.4770000e+003
  1.9949986e+003  1.3658326e+003  9.0000000e-003  5.4780000e+003
  1.9950008e+003  1.3658096e+003  9.0000000e-003  5.4790000e+003
  1.9950049e+003  1.3661531e+003  8.0000000e-003  5.4800000e+003
  1.9950068e+003  1.3661811e+003  8.0000000e-003  5.4810000e+003
  1.9950096e+003  1.3662302e+003  8.0000000e-003  5.4820000e+003
  1.9950123e+003  1.3662923e+003  8.0000000e-003  5.4830000e+003
  1.9950151e+003  1.3662843e+003  8.0000000e-003  5.4840000e+003
  1.9950178e+003  1.3662692e+003  8.0000000e-003  5.4850000e+003
  1.9950206e+003  1.3662422e+003  8.0000000e-003  5.4860000e+003
  1.9950233e+003  1.3662002e+003  8.0000000e-003  5.4870000e+003
  1.9950260e+003  1.3661651e+003  8.0000000e-003  5.4880000e+003
  1.9950288e+003  1.3661811e+003  8.0000000e-003  5.4890000e+003
  1.9950315e+003  1.3661741e+003  8.0000000e-003  5.4900000e+003
  1.9950343e+003  1.3661571e+003  8.0000000e-003  5.4910000e+003
  1.9950370e+003  1.3661771e+003  8.0000000e-003  5.4920000e+003
  1.9950402e+003  1.3661180e+003  8.0000000e-003  5.4930000e+003
  1.9950425e+003  1.3660309e+003  8.0000000e-003  5.4940000e+003
  1.9950452e+003  1.3659047e+003  8.0000000e-003  5.4950000e+003
  1.9950480e+003  1.3658336e+003  8.0000000e-003  5.4960000e+003
  1.9950507e+003  1.3658867e+003  8.0000000e-003  5.4970000e+003
  1.9950534e+003  1.3659838e+003  8.0000000e-003  5.4980000e+003
  1.9950561e+003  1.3660509e+003  8.0000000e-003  5.4990000e+003
  1.9950589e+003  1.3660750e+003  8.0000000e-003  5.5000000e+003
  1.9950616e+003  1.3660489e+003  8.0000000e-003  5.5010000e+003
  1.9950643e+003  1.3659718e+003  8.0000000e-003  5.5020000e+003
  1.9950671e+003  1.3658747e+003  8.0000000e-003  5.5030000e+003
  1.9950698e+003  1.3658457e+003  8.0000000e-003  5.5040000e+003
  1.9950726e+003  1.3658727e+003  8.0000000e-003  5.5050000e+003
  1.9950753e+003  1.3659468e+003  8.0000000e-003  5.5060000e+003
  1.9950781e+003  1.3660069e+003  9.0000000e-003  5.5070000e+003
  1.9950808e+003  1.3660349e+003  8.0000000e-003  5.5080000e+003
  1.9950829e+003  1.3660059e+003  8.0000000e-003  5.5090000e+003
  1.9950863e+003  1.3659939e+003  8.0000000e-003  5.5100000e+003
  1.9950891e+003  1.3659698e+003  9.0000000e-003  5.5110000e+003
  1.9950918e+003  1.3659178e+003  9.0000000e-003  5.5120000e+003
  1.9950945e+003  1.3658497e+003  8.0000000e-003  5.5130000e+003
  1.9950973e+003  1.3658216e+003  9.0000000e-003  5.5140000e+003
  1.9951000e+003  1.3657996e+003  9.0000000e-003  5.5150000e+003
  1.9951027e+003  1.3658427e+003  9.0000000e-003  5.5160000e+003
  1.9951054e+003  1.3659077e+003  9.0000000e-003  5.5170000e+003
  1.9951082e+003  1.3659348e+003  9.0000000e-003  5.5180000e+003
  1.9951109e+003  1.3659929e+003  9.0000000e-003  5.5190000e+003
  1.9951137e+003  1.3659698e+003  9.0000000e-003  5.5200000e+003
  1.9951165e+003  1.3658927e+003  8.0000000e-003  5.5210000e+003
  1.9951192e+003  1.3657886e+003  9.0000000e-003  5.5220000e+003
  1.9951219e+003  1.3657635e+003  9.0000000e-003  5.5230000e+003
  1.9951246e+003  1.3658066e+003  9.0000000e-003  5.5240000e+003
  1.9951274e+003  1.3659138e+003  9.0000000e-003  5.5250000e+003
  1.9951302e+003  1.3660610e+003  9.0000000e-003  5.5260000e+003
  1.9951329e+003  1.3661210e+003  9.0000000e-003  5.5270000e+003
  1.9951357e+003  1.3660509e+003  9.0000000e-003  5.5280000e+003
  1.9951384e+003  1.3659268e+003  9.0000000e-003  5.5290000e+003
  1.9951411e+003  1.3658607e+003  9.0000000e-003  5.5300000e+003
  1.9951439e+003  1.3658437e+003  9.0000000e-003  5.5310000e+003
  1.9951466e+003  1.3659398e+003  9.0000000e-003  5.5320000e+003
  1.9951493e+003  1.3660630e+003  9.0000000e-003  5.5330000e+003
  1.9951520e+003  1.3661531e+003  9.0000000e-003  5.5340000e+003
  1.9951548e+003  1.3662012e+003  9.0000000e-003  5.5350000e+003
  1.9951575e+003  1.3661831e+003  9.0000000e-003  5.5360000e+003
  1.9951602e+003  1.3660920e+003  9.0000000e-003  5.5370000e+003
  1.9951630e+003  1.3659568e+003  9.0000000e-003  5.5380000e+003
  1.9951657e+003  1.3656954e+003  9.0000000e-003  5.5390000e+003
  1.9951685e+003  1.3656053e+003  9.0000000e-003  5.5400000e+003
  1.9951712e+003  1.3655472e+003  9.0000000e-003  5.5410000e+003
  1.9951740e+003  1.3656774e+003  9.0000000e-003  5.5420000e+003
  1.9951767e+003  1.3658497e+003  9.0000000e-003  5.5430000e+003
  1.9951795e+003  1.3659288e+003  9.0000000e-003  5.5440000e+003
  1.9951822e+003  1.3659728e+003  9.0000000e-003  5.5450000e+003
  1.9951850e+003  1.3660319e+003  9.0000000e-003  5.5460000e+003
  1.9951877e+003  1.3659558e+003  9.0000000e-003  5.5470000e+003
  1.9951904e+003  1.3658306e+003  9.0000000e-003  5.5480000e+003
  1.9951928e+003  1.3658226e+003  9.0000000e-003  5.5490000e+003
  1.9951960e+003  1.3660800e+003  8.0000000e-003  5.5500000e+003
  1.9951986e+003  1.3660980e+003  8.0000000e-003  5.5510000e+003
  1.9952014e+003  1.3661701e+003  8.0000000e-003  5.5520000e+003
  1.9952041e+003  1.3662332e+003  8.0000000e-003  5.5530000e+003
  1.9952069e+003  1.3662933e+003  8.0000000e-003  5.5540000e+003
  1.9952096e+003  1.3662883e+003  8.0000000e-003  5.5550000e+003
  1.9952124e+003  1.3662362e+003  8.0000000e-003  5.5560000e+003
  1.9952151e+003  1.3661851e+003  8.0000000e-003  5.5570000e+003
  1.9952179e+003  1.3661331e+003  8.0000000e-003  5.5580000e+003
  1.9952206e+003  1.3660930e+003  8.0000000e-003  5.5590000e+003
  1.9952233e+003  1.3660650e+003  8.0000000e-003  5.5600000e+003
  1.9952248e+003  1.3660650e+003  1.1000000e-002  5.5610000e+003
  1.9952297e+003  1.3664585e+003  8.0000000e-003  5.5620000e+003
  1.9952316e+003  1.3664625e+003  8.0000000e-003  5.5630000e+003
  1.9952333e+003  1.3664435e+003  1.1000000e-002  5.5640000e+003
  1.9952380e+003  1.3662112e+003  8.0000000e-003  5.5650000e+003
  1.9952397e+003  1.3661321e+003  8.0000000e-003  5.5660000e+003
  1.9952423e+003  1.3660620e+003  8.0000000e-003  5.5670000e+003
  1.9952654e+003  1.3661781e+003  9.0000000e-003  5.5750000e+003
  1.9952672e+003  1.3660690e+003  8.0000000e-003  5.5760000e+003
  1.9952699e+003  1.3660489e+003  8.0000000e-003  5.5770000e+003
  1.9952726e+003  1.3660780e+003  9.0000000e-003  5.5780000e+003
  1.9952754e+003  1.3660900e+003  8.0000000e-003  5.5790000e+003
  1.9952781e+003  1.3661961e+003  8.0000000e-003  5.5800000e+003
  1.9952809e+003  1.3662462e+003  8.0000000e-003  5.5810000e+003
  1.9952836e+003  1.3661901e+003  8.0000000e-003  5.5820000e+003
  1.9952863e+003  1.3660570e+003  8.0000000e-003  5.5830000e+003
  1.9952891e+003  1.3659448e+003  8.0000000e-003  5.5840000e+003
  1.9952917e+003  1.3659338e+003  8.0000000e-003  5.5850000e+003
  1.9952938e+003  1.3659498e+003  9.0000000e-003  5.5860000e+003
  1.9953066e+003  1.3664375e+003  8.0000000e-003  5.5900000e+003
  1.9953083e+003  1.3663073e+003  9.0000000e-003  5.5910000e+003
  1.9953110e+003  1.3661561e+003  9.0000000e-003  5.5920000e+003
  1.9953137e+003  1.3661291e+003  9.0000000e-003  5.5930000e+003
  1.9953165e+003  1.3660610e+003  9.0000000e-003  5.5940000e+003
  1.9953192e+003  1.3660750e+003  9.0000000e-003  5.5950000e+003
  1.9953220e+003  1.3660600e+003  9.0000000e-003  5.5960000e+003
  1.9953247e+003  1.3660119e+003  9.0000000e-003  5.5970000e+003
  1.9953275e+003  1.3660049e+003  9.0000000e-003  5.5980000e+003
  1.9953302e+003  1.3659748e+003  9.0000000e-003  5.5990000e+003
  1.9953329e+003  1.3659248e+003  9.0000000e-003  5.6000000e+003
  1.9953357e+003  1.3659208e+003  8.0000000e-003  5.6010000e+003
  1.9953383e+003  1.3658857e+003  9.0000000e-003  5.6020000e+003
  1.9953411e+003  1.3658777e+003  9.0000000e-003  5.6030000e+003
  1.9953438e+003  1.3658406e+003  9.0000000e-003  5.6040000e+003
  1.9953466e+003  1.3658697e+003  1.0000000e-002  5.6050000e+003
  1.9953493e+003  1.3659208e+003  9.0000000e-003  5.6060000e+003
  1.9953520e+003  1.3659979e+003  9.0000000e-003  5.6070000e+003
  1.9953548e+003  1.3660169e+003  9.0000000e-003  5.6080000e+003
  1.9953575e+003  1.3660249e+003  9.0000000e-003  5.6090000e+003
  1.9953603e+003  1.3659818e+003  9.0000000e-003  5.6100000e+003
  1.9953630e+003  1.3659338e+003  9.0000000e-003  5.6110000e+003
  1.9953658e+003  1.3658467e+003  9.0000000e-003  5.6120000e+003
  1.9953685e+003  1.3659047e+003  9.0000000e-003  5.6130000e+003
  1.9953708e+003  1.3658577e+003  9.0000000e-003  5.6140000e+003
  1.9953968e+003  1.3662432e+003  8.0000000e-003  5.6230000e+003
  1.9953987e+003  1.3661921e+003  8.0000000e-003  5.6240000e+003
  1.9954014e+003  1.3661230e+003  8.0000000e-003  5.6250000e+003
  1.9954042e+003  1.3660890e+003  8.0000000e-003  5.6260000e+003
  1.9954069e+003  1.3660650e+003  8.0000000e-003  5.6270000e+003
  1.9954096e+003  1.3660680e+003  9.0000000e-003  5.6280000e+003
  1.9954124e+003  1.3660189e+003  9.0000000e-003  5.6290000e+003
  1.9954151e+003  1.3660139e+003  8.0000000e-003  5.6300000e+003
  1.9954179e+003  1.3659748e+003  9.0000000e-003  5.6310000e+003
  1.9954206e+003  1.3660049e+003  9.0000000e-003  5.6320000e+003
  1.9954234e+003  1.3660299e+003  9.0000000e-003  5.6330000e+003
  1.9954260e+003  1.3660680e+003  9.0000000e-003  5.6340000e+003
  1.9954288e+003  1.3660560e+003  9.0000000e-003  5.6350000e+003
  1.9954315e+003  1.3660920e+003  1.0000000e-002  5.6360000e+003
  1.9954342e+003  1.3660880e+003  9.0000000e-003  5.6370000e+003
  1.9954370e+003  1.3660189e+003  1.0000000e-002  5.6380000e+003
  1.9954397e+003  1.3659238e+003  1.0000000e-002  5.6390000e+003
  1.9954425e+003  1.3659688e+003  1.0000000e-002  5.6400000e+003
  1.9954452e+003  1.3660329e+003  1.0000000e-002  5.6410000e+003
  1.9954480e+003  1.3661090e+003  1.0000000e-002  5.6420000e+003
  1.9954507e+003  1.3662032e+003  1.0000000e-002  5.6430000e+003
  1.9954535e+003  1.3661481e+003  9.0000000e-003  5.6440000e+003
  1.9954562e+003  1.3660339e+003  9.0000000e-003  5.6450000e+003
  1.9954589e+003  1.3659598e+003  9.0000000e-003  5.6460000e+003
  1.9954617e+003  1.3659248e+003  8.0000000e-003  5.6470000e+003
  1.9954644e+003  1.3659288e+003  9.0000000e-003  5.6480000e+003
  1.9954672e+003  1.3659768e+003  9.0000000e-003  5.6490000e+003
  1.9954699e+003  1.3659939e+003  8.0000000e-003  5.6500000e+003
  1.9954726e+003  1.3659508e+003  8.0000000e-003  5.6510000e+003
  1.9954753e+003  1.3659128e+003  8.0000000e-003  5.6520000e+003
  1.9954780e+003  1.3659258e+003  8.0000000e-003  5.6530000e+003
  1.9954808e+003  1.3659057e+003  9.0000000e-003  5.6540000e+003
  1.9954835e+003  1.3659338e+003  9.0000000e-003  5.6550000e+003
  1.9954863e+003  1.3659698e+003  8.0000000e-003  5.6560000e+003
  1.9954892e+003  1.3659969e+003  8.0000000e-003  5.6570000e+003
  1.9954917e+003  1.3660319e+003  8.0000000e-003  5.6580000e+003
  1.9954942e+003  1.3660489e+003  8.0000000e-003  5.6590000e+003
  1.9955056e+003  1.3659658e+003  9.0000000e-003  5.6630000e+003
  1.9955083e+003  1.3658837e+003  9.0000000e-003  5.6640000e+003
  1.9955110e+003  1.3658126e+003  9.0000000e-003  5.6650000e+003
  1.9955138e+003  1.3658537e+003  9.0000000e-003  5.6660000e+003
  1.9955165e+003  1.3658977e+003  9.0000000e-003  5.6670000e+003
  1.9955192e+003  1.3659278e+003  9.0000000e-003  5.6680000e+003
  1.9955219e+003  1.3659949e+003  9.0000000e-003  5.6690000e+003
  1.9955246e+003  1.3660279e+003  9.0000000e-003  5.6700000e+003
  1.9955274e+003  1.3660219e+003  9.0000000e-003  5.6710000e+003
  1.9955301e+003  1.3660149e+003  9.0000000e-003  5.6720000e+003
  1.9955328e+003  1.3660019e+003  9.0000000e-003  5.6730000e+003
  1.9955356e+003  1.3659548e+003  9.0000000e-003  5.6740000e+003
  1.9955384e+003  1.3658677e+003  9.0000000e-003  5.6750000e+003
  1.9955411e+003  1.3658997e+003  9.0000000e-003  5.6760000e+003
  1.9955438e+003  1.3659358e+003  9.0000000e-003  5.6770000e+003
  1.9955466e+003  1.3659859e+003  9.0000000e-003  5.6780000e+003
  1.9955493e+003  1.3660329e+003  9.0000000e-003  5.6790000e+003
  1.9955521e+003  1.3660419e+003  9.0000000e-003  5.6800000e+003
  1.9955548e+003  1.3660349e+003  9.0000000e-003  5.6810000e+003
  1.9955576e+003  1.3659348e+003  9.0000000e-003  5.6820000e+003
  1.9955603e+003  1.3660459e+003  9.0000000e-003  5.6830000e+003
  1.9955631e+003  1.3660539e+003  9.0000000e-003  5.6840000e+003
  1.9955658e+003  1.3660680e+003  9.0000000e-003  5.6850000e+003
  1.9955686e+003  1.3660640e+003  9.0000000e-003  5.6860000e+003
  1.9955713e+003  1.3660820e+003  9.0000000e-003  5.6870000e+003
  1.9955740e+003  1.3661220e+003  9.0000000e-003  5.6880000e+003
  1.9955766e+003  1.3661491e+003  8.0000000e-003  5.6890000e+003
  1.9955863e+003  1.3664385e+003  1.2000000e-002  5.6920000e+003
  1.9955877e+003  1.3661381e+003  8.0000000e-003  5.6930000e+003
  1.9955904e+003  1.3661331e+003  9.0000000e-003  5.6940000e+003
  1.9955932e+003  1.3661651e+003  8.0000000e-003  5.6950000e+003
  1.9955960e+003  1.3661411e+003  9.0000000e-003  5.6960000e+003
  1.9955987e+003  1.3661291e+003  8.0000000e-003  5.6970000e+003
  1.9956014e+003  1.3661501e+003  8.0000000e-003  5.6980000e+003
  1.9956041e+003  1.3661040e+003  8.0000000e-003  5.6990000e+003
  1.9956068e+003  1.3660690e+003  9.0000000e-003  5.7000000e+003
  1.9956096e+003  1.3660259e+003  8.0000000e-003  5.7010000e+003
  1.9956123e+003  1.3660810e+003  8.0000000e-003  5.7020000e+003
  1.9956151e+003  1.3660990e+003  8.0000000e-003  5.7030000e+003
  1.9956178e+003  1.3660279e+003  9.0000000e-003  5.7040000e+003
  1.9956205e+003  1.3659818e+003  8.0000000e-003  5.7050000e+003
  1.9956233e+003  1.3659258e+003  9.0000000e-003  5.7060000e+003
  1.9956260e+003  1.3659388e+003  9.0000000e-003  5.7070000e+003
  1.9956288e+003  1.3659538e+003  9.0000000e-003  5.7080000e+003
  1.9956315e+003  1.3659348e+003  1.0000000e-002  5.7090000e+003
  1.9956343e+003  1.3659478e+003  1.0000000e-002  5.7100000e+003
  1.9956370e+003  1.3659758e+003  9.0000000e-003  5.7110000e+003
  1.9956397e+003  1.3659698e+003  1.0000000e-002  5.7120000e+003
  1.9956425e+003  1.3659428e+003  1.0000000e-002  5.7130000e+003
  1.9956452e+003  1.3659148e+003  9.0000000e-003  5.7140000e+003
  1.9956480e+003  1.3658406e+003  8.0000000e-003  5.7150000e+003
  1.9956507e+003  1.3659198e+003  9.0000000e-003  5.7160000e+003
  1.9956535e+003  1.3660660e+003  9.0000000e-003  5.7170000e+003
  1.9956562e+003  1.3661661e+003  8.0000000e-003  5.7180000e+003
  1.9956589e+003  1.3662332e+003  8.0000000e-003  5.7190000e+003
  1.9956616e+003  1.3661992e+003  8.0000000e-003  5.7200000e+003
  1.9956643e+003  1.3661951e+003  8.0000000e-003  5.7210000e+003
  1.9956671e+003  1.3661911e+003  8.0000000e-003  5.7220000e+003
  1.9956698e+003  1.3660439e+003  8.0000000e-003  5.7230000e+003
  1.9956726e+003  1.3661651e+003  9.0000000e-003  5.7240000e+003
  1.9956753e+003  1.3662062e+003  9.0000000e-003  5.7250000e+003
  1.9956780e+003  1.3662132e+003  8.0000000e-003  5.7260000e+003
  1.9956808e+003  1.3662192e+003  8.0000000e-003  5.7270000e+003
  1.9956836e+003  1.3662202e+003  8.0000000e-003  5.7280000e+003
  1.9956857e+003  1.3662372e+003  8.0000000e-003  5.7290000e+003
  1.9956919e+003  1.3659778e+003  9.0000000e-003  5.7310000e+003
  1.9956946e+003  1.3659148e+003  8.0000000e-003  5.7320000e+003
  1.9956973e+003  1.3659228e+003  9.0000000e-003  5.7330000e+003
  1.9957001e+003  1.3659598e+003  8.0000000e-003  5.7340000e+003
  1.9957028e+003  1.3659738e+003  8.0000000e-003  5.7350000e+003
  1.9957054e+003  1.3659979e+003  9.0000000e-003  5.7360000e+003
  1.9957093e+003  1.3660710e+003  8.0000000e-003  5.7370000e+003
  1.9957110e+003  1.3660249e+003  9.0000000e-003  5.7380000e+003
  1.9957137e+003  1.3659818e+003  8.0000000e-003  5.7390000e+003
  1.9957164e+003  1.3659919e+003  9.0000000e-003  5.7400000e+003
  1.9957191e+003  1.3660119e+003  8.0000000e-003  5.7410000e+003
  1.9957219e+003  1.3660439e+003  9.0000000e-003  5.7420000e+003
  1.9957246e+003  1.3660740e+003  9.0000000e-003  5.7430000e+003
  1.9957274e+003  1.3660950e+003  9.0000000e-003  5.7440000e+003
  1.9957302e+003  1.3660660e+003  9.0000000e-003  5.7450000e+003
  1.9957329e+003  1.3660800e+003  9.0000000e-003  5.7460000e+003
  1.9957356e+003  1.3660580e+003  9.0000000e-003  5.7470000e+003
  1.9957384e+003  1.3660529e+003  9.0000000e-003  5.7480000e+003
  1.9957411e+003  1.3660239e+003  9.0000000e-003  5.7490000e+003
  1.9957439e+003  1.3660479e+003  9.0000000e-003  5.7500000e+003
  1.9957466e+003  1.3660660e+003  9.0000000e-003  5.7510000e+003
  1.9957494e+003  1.3660549e+003  9.0000000e-003  5.7520000e+003
  1.9957521e+003  1.3659989e+003  8.0000000e-003  5.7530000e+003
  1.9957549e+003  1.3658216e+003  9.0000000e-003  5.7540000e+003
  1.9957576e+003  1.3658997e+003  9.0000000e-003  5.7550000e+003
  1.9957603e+003  1.3658877e+003  9.0000000e-003  5.7560000e+003
  1.9957630e+003  1.3658797e+003  9.0000000e-003  5.7570000e+003
  1.9957657e+003  1.3658787e+003  9.0000000e-003  5.7580000e+003
  1.9957685e+003  1.3658547e+003  9.0000000e-003  5.7590000e+003
  1.9957712e+003  1.3658527e+003  8.0000000e-003  5.7600000e+003
  1.9957739e+003  1.3658186e+003  9.0000000e-003  5.7610000e+003
  1.9957767e+003  1.3657645e+003  8.0000000e-003  5.7620000e+003
  1.9957794e+003  1.3656724e+003  9.0000000e-003  5.7630000e+003
  1.9957822e+003  1.3655593e+003  9.0000000e-003  5.7640000e+003
  1.9957848e+003  1.3654291e+003  8.0000000e-003  5.7650000e+003
  1.9958021e+003  1.3661040e+003  7.0000000e-003  5.7710000e+003
  1.9958096e+003  1.3661080e+003  8.0000000e-003  5.7740000e+003
  1.9958123e+003  1.3660189e+003  8.0000000e-003  5.7750000e+003
  1.9958151e+003  1.3660529e+003  8.0000000e-003  5.7760000e+003
  1.9958178e+003  1.3659117e+003  8.0000000e-003  5.7770000e+003
  1.9958206e+003  1.3660339e+003  8.0000000e-003  5.7780000e+003
  1.9958233e+003  1.3660940e+003  8.0000000e-003  5.7790000e+003
  1.9958261e+003  1.3660730e+003  8.0000000e-003  5.7800000e+003
  1.9958288e+003  1.3660349e+003  9.0000000e-003  5.7810000e+003
  1.9958316e+003  1.3660620e+003  8.0000000e-003  5.7820000e+003
  1.9958343e+003  1.3659849e+003  8.0000000e-003  5.7830000e+003
  1.9958370e+003  1.3660379e+003  8.0000000e-003  5.7840000e+003
  1.9958397e+003  1.3660059e+003  8.0000000e-003  5.7850000e+003
  1.9958425e+003  1.3660099e+003  8.0000000e-003  5.7860000e+003
  1.9958452e+003  1.3659828e+003  8.0000000e-003  5.7870000e+003
  1.9958479e+003  1.3660129e+003  9.0000000e-003  5.7880000e+003
  1.9958507e+003  1.3661321e+003  8.0000000e-003  5.7890000e+003
  1.9958534e+003  1.3660690e+003  8.0000000e-003  5.7900000e+003
  1.9958562e+003  1.3661130e+003  8.0000000e-003  5.7910000e+003
  1.9958589e+003  1.3660299e+003  8.0000000e-003  5.7920000e+003
  1.9958616e+003  1.3659268e+003  8.0000000e-003  5.7930000e+003
  1.9958644e+003  1.3659278e+003  8.0000000e-003  5.7940000e+003
  1.9958671e+003  1.3659358e+003  8.0000000e-003  5.7950000e+003
  1.9958698e+003  1.3659278e+003  8.0000000e-003  5.7960000e+003
  1.9958727e+003  1.3659748e+003  8.0000000e-003  5.7970000e+003
  1.9958754e+003  1.3659648e+003  8.0000000e-003  5.7980000e+003
  1.9958781e+003  1.3660179e+003  8.0000000e-003  5.7990000e+003
  1.9958809e+003  1.3659278e+003  8.0000000e-003  5.8000000e+003
  1.9958836e+003  1.3659989e+003  9.0000000e-003  5.8010000e+003
  1.9958863e+003  1.3660009e+003  8.0000000e-003  5.8020000e+003
  1.9958891e+003  1.3659708e+003  9.0000000e-003  5.8030000e+003
  1.9958918e+003  1.3659959e+003  8.0000000e-003  5.8040000e+003
  1.9958945e+003  1.3658857e+003  8.0000000e-003  5.8050000e+003
  1.9958972e+003  1.3659919e+003  9.0000000e-003  5.8060000e+003
  1.9959000e+003  1.3658146e+003  9.0000000e-003  5.8070000e+003
  1.9959027e+003  1.3658557e+003  9.0000000e-003  5.8080000e+003
  1.9959055e+003  1.3657926e+003  8.0000000e-003  5.8090000e+003
  1.9959082e+003  1.3659057e+003  9.0000000e-003  5.8100000e+003
  1.9959109e+003  1.3659278e+003  8.0000000e-003  5.8110000e+003
  1.9959137e+003  1.3658937e+003  9.0000000e-003  5.8120000e+003
  1.9959164e+003  1.3657215e+003  9.0000000e-003  5.8130000e+003
  1.9959192e+003  1.3658066e+003  9.0000000e-003  5.8140000e+003
  1.9959220e+003  1.3657185e+003  9.0000000e-003  5.8150000e+003
  1.9959247e+003  1.3657275e+003  9.0000000e-003  5.8160000e+003
  1.9959274e+003  1.3656924e+003  9.0000000e-003  5.8170000e+003
  1.9959302e+003  1.3657195e+003  1.0000000e-002  5.8180000e+003
  1.9959329e+003  1.3656143e+003  9.0000000e-003  5.8190000e+003
  1.9959356e+003  1.3656954e+003  1.0000000e-002  5.8200000e+003
  1.9959384e+003  1.3656223e+003  9.0000000e-003  5.8210000e+003
  1.9959411e+003  1.3656524e+003  9.0000000e-003  5.8220000e+003
  1.9959438e+003  1.3656394e+003  9.0000000e-003  5.8230000e+003
  1.9959465e+003  1.3656223e+003  9.0000000e-003  5.8240000e+003
  1.9959493e+003  1.3656384e+003  9.0000000e-003  5.8250000e+003
  1.9959520e+003  1.3656564e+003  9.0000000e-003  5.8260000e+003
  1.9959547e+003  1.3657045e+003  8.0000000e-003  5.8270000e+003
  1.9959575e+003  1.3656674e+003  8.0000000e-003  5.8280000e+003
  1.9959603e+003  1.3656684e+003  9.0000000e-003  5.8290000e+003
  1.9959630e+003  1.3656554e+003  8.0000000e-003  5.8300000e+003
  1.9959657e+003  1.3656023e+003  9.0000000e-003  5.8310000e+003
  1.9959685e+003  1.3656023e+003  9.0000000e-003  5.8320000e+003
  1.9959712e+003  1.3656644e+003  8.0000000e-003  5.8330000e+003
  1.9959740e+003  1.3655583e+003  8.0000000e-003  5.8340000e+003
  1.9959767e+003  1.3656564e+003  9.0000000e-003  5.8350000e+003
  1.9959795e+003  1.3657265e+003  8.0000000e-003  5.8360000e+003
  1.9959822e+003  1.3657215e+003  8.0000000e-003  5.8370000e+003
  1.9959850e+003  1.3656113e+003  8.0000000e-003  5.8380000e+003
  1.9959877e+003  1.3656644e+003  8.0000000e-003  5.8390000e+003
  1.9959891e+003  1.3660039e+003  9.0000000e-003  5.8400000e+003
  1.9959960e+003  1.3661691e+003  8.0000000e-003  5.8420000e+003
  1.9959987e+003  1.3660980e+003  8.0000000e-003  5.8430000e+003
  1.9960014e+003  1.3661891e+003  8.0000000e-003  5.8440000e+003
  1.9960041e+003  1.3660880e+003  8.0000000e-003  5.8450000e+003
  1.9960069e+003  1.3661511e+003  8.0000000e-003  5.8460000e+003
  1.9960096e+003  1.3660519e+003  8.0000000e-003  5.8470000e+003
  1.9960124e+003  1.3659158e+003  8.0000000e-003  5.8480000e+003
  1.9960151e+003  1.3658437e+003  8.0000000e-003  5.8490000e+003
  1.9960179e+003  1.3659668e+003  8.0000000e-003  5.8500000e+003
  1.9960205e+003  1.3659448e+003  8.0000000e-003  5.8510000e+003
  1.9960232e+003  1.3659398e+003  8.0000000e-003  5.8520000e+003
  1.9960260e+003  1.3659788e+003  8.0000000e-003  5.8530000e+003
  1.9960287e+003  1.3659348e+003  8.0000000e-003  5.8540000e+003
  1.9960314e+003  1.3658787e+003  8.0000000e-003  5.8550000e+003
  1.9960341e+003  1.3658296e+003  8.0000000e-003  5.8560000e+003
  1.9960369e+003  1.3657836e+003  8.0000000e-003  5.8570000e+003
  1.9960396e+003  1.3658066e+003  8.0000000e-003  5.8580000e+003
  1.9960423e+003  1.3658306e+003  8.0000000e-003  5.8590000e+003
  1.9960451e+003  1.3658226e+003  8.0000000e-003  5.8600000e+003
  1.9960478e+003  1.3657946e+003  8.0000000e-003  5.8610000e+003
  1.9960505e+003  1.3658166e+003  8.0000000e-003  5.8620000e+003
  1.9960533e+003  1.3657866e+003  8.0000000e-003  5.8630000e+003
  1.9960560e+003  1.3658296e+003  8.0000000e-003  5.8640000e+003
  1.9960587e+003  1.3658016e+003  8.0000000e-003  5.8650000e+003
  1.9960615e+003  1.3658036e+003  8.0000000e-003  5.8660000e+003
  1.9960642e+003  1.3658617e+003  8.0000000e-003  5.8670000e+003
  1.9960670e+003  1.3658146e+003  8.0000000e-003  5.8680000e+003
  1.9960696e+003  1.3657405e+003  8.0000000e-003  5.8690000e+003
  1.9960723e+003  1.3659107e+003  8.0000000e-003  5.8700000e+003
  1.9960751e+003  1.3658917e+003  9.0000000e-003  5.8710000e+003
  1.9960778e+003  1.3658957e+003  8.0000000e-003  5.8720000e+003
  1.9960805e+003  1.3659378e+003  9.0000000e-003  5.8730000e+003
  1.9960833e+003  1.3659067e+003  8.0000000e-003  5.8740000e+003
  1.9960861e+003  1.3658757e+003  8.0000000e-003  5.8750000e+003
  1.9960887e+003  1.3658687e+003  9.0000000e-003  5.8760000e+003
  1.9960910e+003  1.3658517e+003  9.0000000e-003  5.8770000e+003
  1.9961197e+003  1.3657535e+003  8.0000000e-003  5.8870000e+003
  1.9961216e+003  1.3656514e+003  9.0000000e-003  5.8880000e+003
  1.9961244e+003  1.3655953e+003  9.0000000e-003  5.8890000e+003
  1.9961271e+003  1.3656133e+003  9.0000000e-003  5.8900000e+003
  1.9961298e+003  1.3656494e+003  9.0000000e-003  5.8910000e+003
  1.9961327e+003  1.3656544e+003  1.0000000e-002  5.8920000e+003
  1.9961352e+003  1.3656173e+003  9.0000000e-003  5.8930000e+003
  1.9961380e+003  1.3656394e+003  9.0000000e-003  5.8940000e+003
  1.9961407e+003  1.3657625e+003  9.0000000e-003  5.8950000e+003
  1.9961434e+003  1.3658186e+003  9.0000000e-003  5.8960000e+003
  1.9961462e+003  1.3658136e+003  9.0000000e-003  5.8970000e+003
  1.9961489e+003  1.3657986e+003  9.0000000e-003  5.8980000e+003
  1.9961517e+003  1.3657225e+003  9.0000000e-003  5.8990000e+003
  1.9961544e+003  1.3657375e+003  9.0000000e-003  5.9000000e+003
  1.9961571e+003  1.3658136e+003  8.0000000e-003  5.9010000e+003
  1.9961598e+003  1.3658166e+003  9.0000000e-003  5.9020000e+003
  1.9961626e+003  1.3658106e+003  8.0000000e-003  5.9030000e+003
  1.9961653e+003  1.3658256e+003  9.0000000e-003  5.9040000e+003
  1.9961680e+003  1.3658627e+003  9.0000000e-003  5.9050000e+003
  1.9961708e+003  1.3657786e+003  8.0000000e-003  5.9060000e+003
  1.9961736e+003  1.3657595e+003  9.0000000e-003  5.9070000e+003
  1.9961763e+003  1.3658146e+003  8.0000000e-003  5.9080000e+003
  1.9961777e+003  1.3657585e+003  9.0000000e-003  5.9090000e+003
  1.9961846e+003  1.3657045e+003  8.0000000e-003  5.9110000e+003
  1.9961872e+003  1.3656694e+003  8.0000000e-003  5.9120000e+003
  1.9961900e+003  1.3657365e+003  8.0000000e-003  5.9130000e+003
  1.9961927e+003  1.3656694e+003  8.0000000e-003  5.9140000e+003
  1.9961954e+003  1.3657615e+003  8.0000000e-003  5.9150000e+003
  1.9961981e+003  1.3655873e+003  8.0000000e-003  5.9160000e+003
  1.9962009e+003  1.3656664e+003  9.0000000e-003  5.9170000e+003
  1.9962036e+003  1.3657085e+003  8.0000000e-003  5.9180000e+003
  1.9962063e+003  1.3657425e+003  8.0000000e-003  5.9190000e+003
  1.9962091e+003  1.3658226e+003  8.0000000e-003  5.9200000e+003
  1.9962118e+003  1.3658647e+003  8.0000000e-003  5.9210000e+003
  1.9962145e+003  1.3659067e+003  8.0000000e-003  5.9220000e+003
  1.9962172e+003  1.3658967e+003  8.0000000e-003  5.9230000e+003
  1.9962199e+003  1.3658567e+003  9.0000000e-003  5.9240000e+003
  1.9962227e+003  1.3658627e+003  9.0000000e-003  5.9250000e+003
  1.9962254e+003  1.3657896e+003  8.0000000e-003  5.9260000e+003
  1.9962281e+003  1.3657916e+003  9.0000000e-003  5.9270000e+003
  1.9962308e+003  1.3658146e+003  9.0000000e-003  5.9280000e+003
  1.9962336e+003  1.3658547e+003  9.0000000e-003  5.9290000e+003
  1.9962363e+003  1.3658437e+003  8.0000000e-003  5.9300000e+003
  1.9962391e+003  1.3658687e+003  8.0000000e-003  5.9310000e+003
  1.9962418e+003  1.3659368e+003  8.0000000e-003  5.9320000e+003
  1.9962445e+003  1.3658937e+003  9.0000000e-003  5.9330000e+003
  1.9962473e+003  1.3658767e+003  8.0000000e-003  5.9340000e+003
  1.9962500e+003  1.3658747e+003  8.0000000e-003  5.9350000e+003
  1.9962528e+003  1.3657205e+003  8.0000000e-003  5.9360000e+003
  1.9962555e+003  1.3657385e+003  8.0000000e-003  5.9370000e+003
  1.9962582e+003  1.3658166e+003  8.0000000e-003  5.9380000e+003
  1.9962610e+003  1.3658296e+003  8.0000000e-003  5.9390000e+003
  1.9962637e+003  1.3657866e+003  8.0000000e-003  5.9400000e+003
  1.9962665e+003  1.3658146e+003  8.0000000e-003  5.9410000e+003
  1.9962691e+003  1.3658497e+003  8.0000000e-003  5.9420000e+003
  1.9962719e+003  1.3658467e+003  8.0000000e-003  5.9430000e+003
  1.9962746e+003  1.3658056e+003  8.0000000e-003  5.9440000e+003
  1.9962773e+003  1.3658066e+003  8.0000000e-003  5.9450000e+003
  1.9962800e+003  1.3657505e+003  8.0000000e-003  5.9460000e+003
  1.9962828e+003  1.3657255e+003  9.0000000e-003  5.9470000e+003
  1.9962856e+003  1.3657295e+003  9.0000000e-003  5.9480000e+003
  1.9962882e+003  1.3656474e+003  9.0000000e-003  5.9490000e+003
  1.9962910e+003  1.3657275e+003  9.0000000e-003  5.9500000e+003
  1.9962937e+003  1.3656864e+003  9.0000000e-003  5.9510000e+003
  1.9962965e+003  1.3657225e+003  9.0000000e-003  5.9520000e+003
  1.9962992e+003  1.3656864e+003  8.0000000e-003  5.9530000e+003
  1.9963020e+003  1.3657896e+003  9.0000000e-003  5.9540000e+003
  1.9963047e+003  1.3657205e+003  9.0000000e-003  5.9550000e+003
  1.9963074e+003  1.3656143e+003  9.0000000e-003  5.9560000e+003
  1.9963102e+003  1.3657355e+003  9.0000000e-003  5.9570000e+003
  1.9963129e+003  1.3656804e+003  9.0000000e-003  5.9580000e+003
  1.9963156e+003  1.3657265e+003  9.0000000e-003  5.9590000e+003
  1.9963183e+003  1.3657565e+003  9.0000000e-003  5.9600000e+003
  1.9963211e+003  1.3657565e+003  9.0000000e-003  5.9610000e+003
  1.9963238e+003  1.3657345e+003  9.0000000e-003  5.9620000e+003
  1.9963265e+003  1.3657455e+003  9.0000000e-003  5.9630000e+003
  1.9963292e+003  1.3657685e+003  9.0000000e-003  5.9640000e+003
  1.9963319e+003  1.3657415e+003  8.0000000e-003  5.9650000e+003
  1.9963347e+003  1.3657876e+003  9.0000000e-003  5.9660000e+003
  1.9963374e+003  1.3658396e+003  9.0000000e-003  5.9670000e+003
  1.9963401e+003  1.3658126e+003  9.0000000e-003  5.9680000e+003
  1.9963429e+003  1.3658296e+003  9.0000000e-003  5.9690000e+003
  1.9963456e+003  1.3658286e+003  9.0000000e-003  5.9700000e+003
  1.9963484e+003  1.3658487e+003  9.0000000e-003  5.9710000e+003
  1.9963510e+003  1.3658867e+003  9.0000000e-003  5.9720000e+003
  1.9963594e+003  1.3660339e+003  8.0000000e-003  5.9750000e+003
  1.9963621e+003  1.3659007e+003  9.0000000e-003  5.9760000e+003
  1.9963648e+003  1.3659298e+003  9.0000000e-003  5.9770000e+003
  1.9963669e+003  1.3659949e+003  9.0000000e-003  5.9780000e+003
  1.9963736e+003  1.3663133e+003  8.0000000e-003  5.9800000e+003
  1.9963757e+003  1.3662432e+003  8.0000000e-003  5.9810000e+003
  1.9963785e+003  1.3662062e+003  8.0000000e-003  5.9820000e+003
  1.9963812e+003  1.3661030e+003  8.0000000e-003  5.9830000e+003
  1.9963839e+003  1.3660760e+003  8.0000000e-003  5.9840000e+003
  1.9963867e+003  1.3658857e+003  8.0000000e-003  5.9850000e+003
  1.9963894e+003  1.3659198e+003  8.0000000e-003  5.9860000e+003
  1.9963921e+003  1.3657615e+003  8.0000000e-003  5.9870000e+003
  1.9963949e+003  1.3658927e+003  8.0000000e-003  5.9880000e+003
  1.9963976e+003  1.3658046e+003  8.0000000e-003  5.9890000e+003
  1.9964004e+003  1.3658537e+003  8.0000000e-003  5.9900000e+003
  1.9964093e+003  1.3658897e+003  1.0000000e-002  5.9930000e+003
  1.9964112e+003  1.3658006e+003  8.0000000e-003  5.9940000e+003
  1.9964140e+003  1.3657355e+003  1.0000000e-002  5.9950000e+003
  1.9964167e+003  1.3657756e+003  1.0000000e-002  5.9960000e+003
  1.9964194e+003  1.3657716e+003  1.0000000e-002  5.9970000e+003
  1.9964221e+003  1.3657746e+003  1.0000000e-002  5.9980000e+003
  1.9964248e+003  1.3657605e+003  1.0000000e-002  5.9990000e+003
  1.9964276e+003  1.3658447e+003  1.0000000e-002  6.0000000e+003
  1.9964303e+003  1.3659138e+003  1.0000000e-002  6.0010000e+003
  1.9964331e+003  1.3658417e+003  9.0000000e-003  6.0020000e+003
  1.9964358e+003  1.3657926e+003  9.0000000e-003  6.0030000e+003
  1.9964386e+003  1.3658226e+003  1.0000000e-002  6.0040000e+003
  1.9964413e+003  1.3658567e+003  9.0000000e-003  6.0050000e+003
  1.9964440e+003  1.3659278e+003  9.0000000e-003  6.0060000e+003
  1.9964468e+003  1.3659338e+003  9.0000000e-003  6.0070000e+003
  1.9964495e+003  1.3659037e+003  8.0000000e-003  6.0080000e+003
  1.9964522e+003  1.3659398e+003  8.0000000e-003  6.0090000e+003
  1.9964549e+003  1.3659208e+003  9.0000000e-003  6.0100000e+003
  1.9964577e+003  1.3658657e+003  9.0000000e-003  6.0110000e+003
  1.9964604e+003  1.3658527e+003  8.0000000e-003  6.0120000e+003
  1.9964631e+003  1.3658547e+003  8.0000000e-003  6.0130000e+003
  1.9964658e+003  1.3658006e+003  8.0000000e-003  6.0140000e+003
  1.9964685e+003  1.3658777e+003  8.0000000e-003  6.0150000e+003
  1.9964713e+003  1.3658967e+003  8.0000000e-003  6.0160000e+003
  1.9964740e+003  1.3658967e+003  8.0000000e-003  6.0170000e+003
  1.9964768e+003  1.3659077e+003  9.0000000e-003  6.0180000e+003
  1.9964795e+003  1.3658667e+003  8.0000000e-003  6.0190000e+003
  1.9964820e+003  1.3658967e+003  8.0000000e-003  6.0200000e+003
  1.9964850e+003  1.3657786e+003  9.0000000e-003  6.0210000e+003
  1.9964877e+003  1.3656674e+003  9.0000000e-003  6.0220000e+003
  1.9964905e+003  1.3657355e+003  8.0000000e-003  6.0230000e+003
  1.9964932e+003  1.3658036e+003  9.0000000e-003  6.0240000e+003
  1.9964960e+003  1.3659047e+003  9.0000000e-003  6.0250000e+003
  1.9964987e+003  1.3659318e+003  9.0000000e-003  6.0260000e+003
  1.9965014e+003  1.3659698e+003  9.0000000e-003  6.0270000e+003
  1.9965041e+003  1.3660189e+003  9.0000000e-003  6.0280000e+003
  1.9965068e+003  1.3660259e+003  9.0000000e-003  6.0290000e+003
  1.9965096e+003  1.3660069e+003  9.0000000e-003  6.0300000e+003
  1.9965123e+003  1.3659838e+003  9.0000000e-003  6.0310000e+003
  1.9965150e+003  1.3659458e+003  9.0000000e-003  6.0320000e+003
  1.9965177e+003  1.3659408e+003  9.0000000e-003  6.0330000e+003
  1.9965205e+003  1.3656844e+003  9.0000000e-003  6.0340000e+003
  1.9965232e+003  1.3655823e+003  9.0000000e-003  6.0350000e+003
  1.9965259e+003  1.3656744e+003  9.0000000e-003  6.0360000e+003
  1.9965287e+003  1.3657746e+003  8.0000000e-003  6.0370000e+003
  1.9965314e+003  1.3659138e+003  9.0000000e-003  6.0380000e+003
  1.9965342e+003  1.3658817e+003  9.0000000e-003  6.0390000e+003
  1.9965369e+003  1.3658256e+003  9.0000000e-003  6.0400000e+003
  1.9965396e+003  1.3658567e+003  9.0000000e-003  6.0410000e+003
  1.9965424e+003  1.3658607e+003  9.0000000e-003  6.0420000e+003
  1.9965451e+003  1.3658417e+003  9.0000000e-003  6.0430000e+003
  1.9965478e+003  1.3658667e+003  9.0000000e-003  6.0440000e+003
  1.9965506e+003  1.3658967e+003  9.0000000e-003  6.0450000e+003
  1.9965534e+003  1.3658977e+003  9.0000000e-003  6.0460000e+003
  1.9965550e+003  1.3658747e+003  8.0000000e-003  6.0470000e+003
  1.9965819e+003  1.3660039e+003  8.0000000e-003  6.0560000e+003
  1.9965834e+003  1.3658677e+003  8.0000000e-003  6.0570000e+003
  1.9965861e+003  1.3656694e+003  8.0000000e-003  6.0580000e+003
  1.9965888e+003  1.3657395e+003  9.0000000e-003  6.0590000e+003
  1.9965916e+003  1.3657015e+003  9.0000000e-003  6.0600000e+003
  1.9965943e+003  1.3656844e+003  8.0000000e-003  6.0610000e+003
  1.9965970e+003  1.3658757e+003  9.0000000e-003  6.0620000e+003
  1.9965997e+003  1.3659949e+003  9.0000000e-003  6.0630000e+003
  1.9966024e+003  1.3660109e+003  9.0000000e-003  6.0640000e+003
  1.9966051e+003  1.3659027e+003  8.0000000e-003  6.0650000e+003
  1.9966079e+003  1.3658166e+003  9.0000000e-003  6.0660000e+003
  1.9966107e+003  1.3658006e+003  9.0000000e-003  6.0670000e+003
  1.9966134e+003  1.3657225e+003  9.0000000e-003  6.0680000e+003
  1.9966161e+003  1.3657185e+003  9.0000000e-003  6.0690000e+003
  1.9966188e+003  1.3657996e+003  1.0000000e-002  6.0700000e+003
  1.9966216e+003  1.3657716e+003  1.0000000e-002  6.0710000e+003
  1.9966243e+003  1.3657435e+003  9.0000000e-003  6.0720000e+003
  1.9966270e+003  1.3657245e+003  9.0000000e-003  6.0730000e+003
  1.9966298e+003  1.3657175e+003  9.0000000e-003  6.0740000e+003
  1.9966325e+003  1.3657425e+003  9.0000000e-003  6.0750000e+003
  1.9966353e+003  1.3658106e+003  9.0000000e-003  6.0760000e+003
  1.9966380e+003  1.3658186e+003  9.0000000e-003  6.0770000e+003
  1.9966407e+003  1.3658106e+003  8.0000000e-003  6.0780000e+003
  1.9966435e+003  1.3658256e+003  8.0000000e-003  6.0790000e+003
  1.9966462e+003  1.3658877e+003  9.0000000e-003  6.0800000e+003
  1.9966489e+003  1.3660059e+003  8.0000000e-003  6.0810000e+003
  1.9966516e+003  1.3661240e+003  8.0000000e-003  6.0820000e+003
  1.9966543e+003  1.3661401e+003  8.0000000e-003  6.0830000e+003
  1.9966571e+003  1.3660730e+003  8.0000000e-003  6.0840000e+003
  1.9966598e+003  1.3660730e+003  8.0000000e-003  6.0850000e+003
  1.9966625e+003  1.3660519e+003  8.0000000e-003  6.0860000e+003
  1.9966652e+003  1.3660820e+003  8.0000000e-003  6.0870000e+003
  1.9966680e+003  1.3660800e+003  8.0000000e-003  6.0880000e+003
  1.9966707e+003  1.3661461e+003  8.0000000e-003  6.0890000e+003
  1.9966722e+003  1.3661541e+003  8.0000000e-003  6.0900000e+003
  1.9966790e+003  1.3658717e+003  8.0000000e-003  6.0920000e+003
  1.9966817e+003  1.3658086e+003  8.0000000e-003  6.0930000e+003
  1.9966845e+003  1.3657495e+003  8.0000000e-003  6.0940000e+003
  1.9966873e+003  1.3657746e+003  9.0000000e-003  6.0950000e+003
  1.9966899e+003  1.3657635e+003  8.0000000e-003  6.0960000e+003
  1.9966926e+003  1.3657635e+003  9.0000000e-003  6.0970000e+003
  1.9966954e+003  1.3657505e+003  9.0000000e-003  6.0980000e+003
  1.9966981e+003  1.3657465e+003  9.0000000e-003  6.0990000e+003
  1.9967008e+003  1.3656904e+003  8.0000000e-003  6.1000000e+003
  1.9967035e+003  1.3657295e+003  9.0000000e-003  6.1010000e+003
  1.9967063e+003  1.3657375e+003  9.0000000e-003  6.1020000e+003
  1.9967090e+003  1.3656954e+003  9.0000000e-003  6.1030000e+003
  1.9967117e+003  1.3657075e+003  9.0000000e-003  6.1040000e+003
  1.9967144e+003  1.3657135e+003  9.0000000e-003  6.1050000e+003
  1.9967172e+003  1.3657575e+003  9.0000000e-003  6.1060000e+003
  1.9967199e+003  1.3657425e+003  9.0000000e-003  6.1070000e+003
  1.9967227e+003  1.3657565e+003  9.0000000e-003  6.1080000e+003
  1.9967255e+003  1.3658787e+003  9.0000000e-003  6.1090000e+003
  1.9967282e+003  1.3659588e+003  9.0000000e-003  6.1100000e+003
  1.9967309e+003  1.3659828e+003  9.0000000e-003  6.1110000e+003
  1.9967336e+003  1.3659588e+003  9.0000000e-003  6.1120000e+003
  1.9967364e+003  1.3659658e+003  9.0000000e-003  6.1130000e+003
  1.9967391e+003  1.3659538e+003  9.0000000e-003  6.1140000e+003
  1.9967418e+003  1.3659238e+003  8.0000000e-003  6.1150000e+003
  1.9967446e+003  1.3659328e+003  8.0000000e-003  6.1160000e+003
  1.9967473e+003  1.3659278e+003  9.0000000e-003  6.1170000e+003
  1.9967500e+003  1.3659268e+003  9.0000000e-003  6.1180000e+003
  1.9967527e+003  1.3658627e+003  9.0000000e-003  6.1190000e+003
  1.9967555e+003  1.3657786e+003  9.0000000e-003  6.1200000e+003
  1.9967582e+003  1.3658006e+003  9.0000000e-003  6.1210000e+003
  1.9967609e+003  1.3658687e+003  8.0000000e-003  6.1220000e+003
  1.9967637e+003  1.3657956e+003  9.0000000e-003  6.1230000e+003
  1.9967663e+003  1.3657926e+003  8.0000000e-003  6.1240000e+003
  1.9967691e+003  1.3657776e+003  8.0000000e-003  6.1250000e+003
  1.9967718e+003  1.3658887e+003  9.0000000e-003  6.1260000e+003
  1.9967743e+003  1.3659418e+003  8.0000000e-003  6.1270000e+003
  1.9967773e+003  1.3659077e+003  8.0000000e-003  6.1280000e+003
  1.9967801e+003  1.3660019e+003  8.0000000e-003  6.1290000e+003
  1.9967828e+003  1.3659889e+003  8.0000000e-003  6.1300000e+003
  1.9967855e+003  1.3659027e+003  8.0000000e-003  6.1310000e+003
  1.9967882e+003  1.3659298e+003  8.0000000e-003  6.1320000e+003
  1.9967909e+003  1.3659618e+003  8.0000000e-003  6.1330000e+003
  1.9967937e+003  1.3659067e+003  8.0000000e-003  6.1340000e+003
  1.9967964e+003  1.3659788e+003  8.0000000e-003  6.1350000e+003
  1.9967992e+003  1.3660009e+003  8.0000000e-003  6.1360000e+003
  1.9968020e+003  1.3660109e+003  8.0000000e-003  6.1370000e+003
  1.9968046e+003  1.3660529e+003  8.0000000e-003  6.1380000e+003
  1.9968074e+003  1.3659448e+003  8.0000000e-003  6.1390000e+003
  1.9968101e+003  1.3659939e+003  8.0000000e-003  6.1400000e+003
  1.9968129e+003  1.3659648e+003  8.0000000e-003  6.1410000e+003
  1.9968156e+003  1.3659778e+003  8.0000000e-003  6.1420000e+003
  1.9968183e+003  1.3659568e+003  8.0000000e-003  6.1430000e+003
  1.9968211e+003  1.3659178e+003  9.0000000e-003  6.1440000e+003
  1.9968238e+003  1.3659458e+003  8.0000000e-003  6.1450000e+003
  1.9968265e+003  1.3659097e+003  8.0000000e-003  6.1460000e+003
  1.9968293e+003  1.3658677e+003  9.0000000e-003  6.1470000e+003
  1.9968320e+003  1.3658166e+003  8.0000000e-003  6.1480000e+003
  1.9968347e+003  1.3657776e+003  8.0000000e-003  6.1490000e+003
  1.9968374e+003  1.3657736e+003  8.0000000e-003  6.1500000e+003
  1.9968402e+003  1.3657936e+003  8.0000000e-003  6.1510000e+003
  1.9968429e+003  1.3657786e+003  8.0000000e-003  6.1520000e+003
  1.9968456e+003  1.3657836e+003  9.0000000e-003  6.1530000e+003
  1.9968483e+003  1.3656894e+003  8.0000000e-003  6.1540000e+003
  1.9968511e+003  1.3657906e+003  8.0000000e-003  6.1550000e+003
  1.9968538e+003  1.3657355e+003  8.0000000e-003  6.1560000e+003
  1.9968565e+003  1.3657756e+003  8.0000000e-003  6.1570000e+003
  1.9968592e+003  1.3657856e+003  8.0000000e-003  6.1580000e+003
  1.9968619e+003  1.3657365e+003  8.0000000e-003  6.1590000e+003
  1.9968647e+003  1.3658647e+003  1.0000000e-002  6.1600000e+003
  1.9968675e+003  1.3659007e+003  8.0000000e-003  6.1610000e+003
  1.9968702e+003  1.3658927e+003  8.0000000e-003  6.1620000e+003
  1.9968730e+003  1.3658657e+003  8.0000000e-003  6.1630000e+003
  1.9968757e+003  1.3659618e+003  8.0000000e-003  6.1640000e+003
  1.9968785e+003  1.3658797e+003  8.0000000e-003  6.1650000e+003
  1.9968812e+003  1.3660199e+003  9.0000000e-003  6.1660000e+003
  1.9968839e+003  1.3659608e+003  9.0000000e-003  6.1670000e+003
  1.9968866e+003  1.3659067e+003  9.0000000e-003  6.1680000e+003
  1.9968894e+003  1.3659228e+003  8.0000000e-003  6.1690000e+003
  1.9968921e+003  1.3659338e+003  9.0000000e-003  6.1700000e+003
  1.9968948e+003  1.3658336e+003  9.0000000e-003  6.1710000e+003
  1.9968975e+003  1.3654922e+003  9.0000000e-003  6.1720000e+003
  1.9969002e+003  1.3651697e+003  8.0000000e-003  6.1730000e+003
  1.9969030e+003  1.3647521e+003  9.0000000e-003  6.1740000e+003
  1.9969057e+003  1.3648222e+003  9.0000000e-003  6.1750000e+003
  1.9969085e+003  1.3649174e+003  9.0000000e-003  6.1760000e+003
  1.9969112e+003  1.3649784e+003  9.0000000e-003  6.1770000e+003
  1.9969139e+003  1.3652348e+003  9.0000000e-003  6.1780000e+003
  1.9969167e+003  1.3655362e+003  9.0000000e-003  6.1790000e+003
  1.9969194e+003  1.3656484e+003  9.0000000e-003  6.1800000e+003
  1.9969222e+003  1.3656594e+003  9.0000000e-003  6.1810000e+003
  1.9969249e+003  1.3655853e+003  9.0000000e-003  6.1820000e+003
  1.9969276e+003  1.3655703e+003  8.0000000e-003  6.1830000e+003
  1.9969303e+003  1.3655222e+003  9.0000000e-003  6.1840000e+003
  1.9969331e+003  1.3655913e+003  8.0000000e-003  6.1850000e+003
  1.9969358e+003  1.3656264e+003  8.0000000e-003  6.1860000e+003
  1.9969385e+003  1.3656113e+003  8.0000000e-003  6.1870000e+003
  1.9969413e+003  1.3656504e+003  8.0000000e-003  6.1880000e+003
  1.9969440e+003  1.3656784e+003  9.0000000e-003  6.1890000e+003
  1.9969467e+003  1.3657085e+003  8.0000000e-003  6.1900000e+003
  1.9969494e+003  1.3656864e+003  9.0000000e-003  6.1910000e+003
  1.9969522e+003  1.3658827e+003  9.0000000e-003  6.1920000e+003
  1.9969549e+003  1.3659037e+003  8.0000000e-003  6.1930000e+003
  1.9969576e+003  1.3657956e+003  9.0000000e-003  6.1940000e+003
  1.9969603e+003  1.3658006e+003  8.0000000e-003  6.1950000e+003
  1.9969631e+003  1.3658537e+003  8.0000000e-003  6.1960000e+003
  1.9969658e+003  1.3658727e+003  8.0000000e-003  6.1970000e+003
  1.9969686e+003  1.3659268e+003  8.0000000e-003  6.1980000e+003
  1.9969713e+003  1.3659838e+003  8.0000000e-003  6.1990000e+003
  1.9969741e+003  1.3659678e+003  8.0000000e-003  6.2000000e+003
  1.9969765e+003  1.3660850e+003  8.0000000e-003  6.2010000e+003
  1.9969795e+003  1.3661110e+003  8.0000000e-003  6.2020000e+003
  1.9969822e+003  1.3661511e+003  8.0000000e-003  6.2030000e+003
  1.9969849e+003  1.3660189e+003  8.0000000e-003  6.2040000e+003
  1.9969877e+003  1.3660289e+003  8.0000000e-003  6.2050000e+003
  1.9969904e+003  1.3660610e+003  8.0000000e-003  6.2060000e+003
  1.9969932e+003  1.3658977e+003  8.0000000e-003  6.2070000e+003
  1.9969959e+003  1.3658817e+003  8.0000000e-003  6.2080000e+003
  1.9969987e+003  1.3658076e+003  8.0000000e-003  6.2090000e+003
  1.9970014e+003  1.3659288e+003  8.0000000e-003  6.2100000e+003
  1.9970041e+003  1.3659718e+003  8.0000000e-003  6.2110000e+003
  1.9970069e+003  1.3659588e+003  8.0000000e-003  6.2120000e+003
  1.9970096e+003  1.3660209e+003  8.0000000e-003  6.2130000e+003
  1.9970124e+003  1.3660610e+003  8.0000000e-003  6.2140000e+003
  1.9970151e+003  1.3659899e+003  8.0000000e-003  6.2150000e+003
  1.9970178e+003  1.3659919e+003  8.0000000e-003  6.2160000e+003
  1.9970206e+003  1.3659348e+003  8.0000000e-003  6.2170000e+003
  1.9970233e+003  1.3660930e+003  8.0000000e-003  6.2180000e+003
  1.9970260e+003  1.3660289e+003  8.0000000e-003  6.2190000e+003
  1.9970288e+003  1.3661601e+003  8.0000000e-003  6.2200000e+003
  1.9970315e+003  1.3660660e+003  8.0000000e-003  6.2210000e+003
  1.9970342e+003  1.3661030e+003  8.0000000e-003  6.2220000e+003
  1.9970369e+003  1.3660820e+003  8.0000000e-003  6.2230000e+003
  1.9970397e+003  1.3660830e+003  8.0000000e-003  6.2240000e+003
  1.9970424e+003  1.3660549e+003  8.0000000e-003  6.2250000e+003
  1.9970452e+003  1.3659208e+003  8.0000000e-003  6.2260000e+003
  1.9970479e+003  1.3660660e+003  8.0000000e-003  6.2270000e+003
  1.9970507e+003  1.3660359e+003  8.0000000e-003  6.2280000e+003
  1.9970534e+003  1.3660449e+003  8.0000000e-003  6.2290000e+003
  1.9970561e+003  1.3659288e+003  8.0000000e-003  6.2300000e+003
  1.9970590e+003  1.3659668e+003  8.0000000e-003  6.2310000e+003
  1.9970617e+003  1.3659348e+003  8.0000000e-003  6.2320000e+003
  1.9970644e+003  1.3658577e+003  9.0000000e-003  6.2330000e+003
  1.9970672e+003  1.3659578e+003  8.0000000e-003  6.2340000e+003
  1.9970700e+003  1.3659238e+003  9.0000000e-003  6.2350000e+003
  1.9970727e+003  1.3657545e+003  8.0000000e-003  6.2360000e+003
  1.9970754e+003  1.3658867e+003  8.0000000e-003  6.2370000e+003
  1.9970781e+003  1.3659097e+003  8.0000000e-003  6.2380000e+003
  1.9970808e+003  1.3658457e+003  9.0000000e-003  6.2390000e+003
  1.9970835e+003  1.3658897e+003  9.0000000e-003  6.2400000e+003
  1.9970863e+003  1.3658947e+003  8.0000000e-003  6.2410000e+003
  1.9970890e+003  1.3659007e+003  9.0000000e-003  6.2420000e+003
  1.9970917e+003  1.3658787e+003  8.0000000e-003  6.2430000e+003
  1.9970945e+003  1.3657145e+003  9.0000000e-003  6.2440000e+003
  1.9970972e+003  1.3657665e+003  8.0000000e-003  6.2450000e+003
  1.9971000e+003  1.3658957e+003  9.0000000e-003  6.2460000e+003
  1.9971027e+003  1.3659168e+003  8.0000000e-003  6.2470000e+003
  1.9971055e+003  1.3659408e+003  9.0000000e-003  6.2480000e+003
  1.9971083e+003  1.3658417e+003  9.0000000e-003  6.2490000e+003
  1.9971110e+003  1.3658737e+003  9.0000000e-003  6.2500000e+003
  1.9971137e+003  1.3657806e+003  9.0000000e-003  6.2510000e+003
  1.9971165e+003  1.3658266e+003  9.0000000e-003  6.2520000e+003
  1.9971192e+003  1.3658096e+003  9.0000000e-003  6.2530000e+003
  1.9971219e+003  1.3658206e+003  9.0000000e-003  6.2540000e+003
  1.9971247e+003  1.3657896e+003  9.0000000e-003  6.2550000e+003
  1.9971274e+003  1.3658356e+003  9.0000000e-003  6.2560000e+003
  1.9971301e+003  1.3657876e+003  9.0000000e-003  6.2570000e+003
  1.9971329e+003  1.3658457e+003  8.0000000e-003  6.2580000e+003
  1.9971356e+003  1.3658457e+003  9.0000000e-003  6.2590000e+003
  1.9971383e+003  1.3657746e+003  8.0000000e-003  6.2600000e+003
  1.9971411e+003  1.3656604e+003  9.0000000e-003  6.2610000e+003
  1.9971438e+003  1.3657836e+003  9.0000000e-003  6.2620000e+003
  1.9971466e+003  1.3657766e+003  8.0000000e-003  6.2630000e+003
  1.9971493e+003  1.3658006e+003  8.0000000e-003  6.2640000e+003
  1.9971520e+003  1.3658477e+003  9.0000000e-003  6.2650000e+003
  1.9971547e+003  1.3658246e+003  8.0000000e-003  6.2660000e+003
  1.9971575e+003  1.3658567e+003  9.0000000e-003  6.2670000e+003
  1.9971603e+003  1.3658857e+003  8.0000000e-003  6.2680000e+003
  1.9971630e+003  1.3658376e+003  8.0000000e-003  6.2690000e+003
  1.9971655e+003  1.3661160e+003  9.0000000e-003  6.2700000e+003
  1.9971685e+003  1.3660109e+003  8.0000000e-003  6.2710000e+003
  1.9971712e+003  1.3660610e+003  8.0000000e-003  6.2720000e+003
  1.9971739e+003  1.3660219e+003  8.0000000e-003  6.2730000e+003
  1.9971767e+003  1.3660429e+003  8.0000000e-003  6.2740000e+003
  1.9971795e+003  1.3660059e+003  8.0000000e-003  6.2750000e+003
  1.9971822e+003  1.3660069e+003  8.0000000e-003  6.2760000e+003
  1.9971849e+003  1.3660089e+003  8.0000000e-003  6.2770000e+003
  1.9971877e+003  1.3661130e+003  8.0000000e-003  6.2780000e+003
  1.9971904e+003  1.3660049e+003  8.0000000e-003  6.2790000e+003
  1.9971932e+003  1.3660009e+003  9.0000000e-003  6.2800000e+003
  1.9971959e+003  1.3659007e+003  8.0000000e-003  6.2810000e+003
  1.9971987e+003  1.3659748e+003  8.0000000e-003  6.2820000e+003
  1.9972014e+003  1.3657675e+003  8.0000000e-003  6.2830000e+003
  1.9972042e+003  1.3659368e+003  8.0000000e-003  6.2840000e+003
  1.9972069e+003  1.3659919e+003  8.0000000e-003  6.2850000e+003
  1.9972096e+003  1.3659768e+003  8.0000000e-003  6.2860000e+003
  1.9972124e+003  1.3659418e+003  9.0000000e-003  6.2870000e+003
  1.9972151e+003  1.3658326e+003  9.0000000e-003  6.2880000e+003
  1.9972178e+003  1.3657645e+003  8.0000000e-003  6.2890000e+003
  1.9972205e+003  1.3658156e+003  8.0000000e-003  6.2900000e+003
  1.9972233e+003  1.3658216e+003  8.0000000e-003  6.2910000e+003
  1.9972260e+003  1.3656624e+003  8.0000000e-003  6.2920000e+003
  1.9972287e+003  1.3658567e+003  9.0000000e-003  6.2930000e+003
  1.9972315e+003  1.3658296e+003  8.0000000e-003  6.2940000e+003
  1.9972342e+003  1.3658306e+003  8.0000000e-003  6.2950000e+003
  1.9972370e+003  1.3659128e+003  8.0000000e-003  6.2960000e+003
  1.9972397e+003  1.3659418e+003  8.0000000e-003  6.2970000e+003
  1.9972425e+003  1.3658627e+003  8.0000000e-003  6.2980000e+003
  1.9972452e+003  1.3658677e+003  8.0000000e-003  6.2990000e+003
  1.9972479e+003  1.3658717e+003  8.0000000e-003  6.3000000e+003
  1.9972507e+003  1.3661220e+003  8.0000000e-003  6.3010000e+003
  1.9972534e+003  1.3661361e+003  8.0000000e-003  6.3020000e+003
  1.9972562e+003  1.3661501e+003  8.0000000e-003  6.3030000e+003
  1.9972589e+003  1.3663143e+003  8.0000000e-003  6.3040000e+003
  1.9972617e+003  1.3663624e+003  8.0000000e-003  6.3050000e+003
  1.9972637e+003  1.3663654e+003  8.0000000e-003  6.3060000e+003
  1.9972671e+003  1.3660880e+003  9.0000000e-003  6.3070000e+003
  1.9972698e+003  1.3660820e+003  9.0000000e-003  6.3080000e+003
  1.9972726e+003  1.3659658e+003  9.0000000e-003  6.3090000e+003
  1.9972753e+003  1.3658497e+003  8.0000000e-003  6.3100000e+003
  1.9972780e+003  1.3659528e+003  8.0000000e-003  6.3110000e+003
  1.9972808e+003  1.3660770e+003  8.0000000e-003  6.3120000e+003
  1.9972835e+003  1.3659979e+003  9.0000000e-003  6.3130000e+003
  1.9972860e+003  1.3659107e+003  9.0000000e-003  6.3140000e+003
  1.9972890e+003  1.3659148e+003  9.0000000e-003  6.3150000e+003
  1.9972918e+003  1.3658376e+003  9.0000000e-003  6.3160000e+003
  1.9972945e+003  1.3658847e+003  8.0000000e-003  6.3170000e+003
  1.9972973e+003  1.3659378e+003  9.0000000e-003  6.3180000e+003
  1.9973001e+003  1.3658767e+003  9.0000000e-003  6.3190000e+003
  1.9973028e+003  1.3658897e+003  9.0000000e-003  6.3200000e+003
  1.9973055e+003  1.3659508e+003  9.0000000e-003  6.3210000e+003
  1.9973083e+003  1.3659258e+003  9.0000000e-003  6.3220000e+003
  1.9973110e+003  1.3659388e+003  9.0000000e-003  6.3230000e+003
  1.9973137e+003  1.3659238e+003  8.0000000e-003  6.3240000e+003
  1.9973165e+003  1.3660179e+003  9.0000000e-003  6.3250000e+003
  1.9973192e+003  1.3659838e+003  1.0000000e-002  6.3260000e+003
  1.9973219e+003  1.3660099e+003  9.0000000e-003  6.3270000e+003
  1.9973247e+003  1.3660610e+003  9.0000000e-003  6.3280000e+003
  1.9973274e+003  1.3659248e+003  9.0000000e-003  6.3290000e+003
  1.9973301e+003  1.3661461e+003  9.0000000e-003  6.3300000e+003
  1.9973329e+003  1.3661220e+003  9.0000000e-003  6.3310000e+003
  1.9973356e+003  1.3661661e+003  8.0000000e-003  6.3320000e+003
  1.9973384e+003  1.3661160e+003  9.0000000e-003  6.3330000e+003
  1.9973411e+003  1.3661401e+003  9.0000000e-003  6.3340000e+003
  1.9973438e+003  1.3662042e+003  9.0000000e-003  6.3350000e+003
  1.9973465e+003  1.3661761e+003  9.0000000e-003  6.3360000e+003
  1.9973493e+003  1.3661921e+003  9.0000000e-003  6.3370000e+003
  1.9973521e+003  1.3661341e+003  9.0000000e-003  6.3380000e+003
  1.9973540e+003  1.3661751e+003  8.0000000e-003  6.3390000e+003
  1.9973575e+003  1.3659728e+003  9.0000000e-003  6.3400000e+003
  1.9973603e+003  1.3660019e+003  8.0000000e-003  6.3410000e+003
  1.9973630e+003  1.3659628e+003  8.0000000e-003  6.3420000e+003
  1.9973657e+003  1.3658356e+003  8.0000000e-003  6.3430000e+003
  1.9973685e+003  1.3659919e+003  8.0000000e-003  6.3440000e+003
  1.9973712e+003  1.3660069e+003  9.0000000e-003  6.3450000e+003
  1.9973740e+003  1.3659628e+003  9.0000000e-003  6.3460000e+003
  1.9973768e+003  1.3659999e+003  8.0000000e-003  6.3470000e+003
  1.9973794e+003  1.3659859e+003  8.0000000e-003  6.3480000e+003
  1.9973822e+003  1.3659198e+003  8.0000000e-003  6.3490000e+003
  1.9973849e+003  1.3658727e+003  9.0000000e-003  6.3500000e+003
  1.9973877e+003  1.3657635e+003  8.0000000e-003  6.3510000e+003
  1.9973904e+003  1.3659188e+003  8.0000000e-003  6.3520000e+003
  1.9973932e+003  1.3660229e+003  8.0000000e-003  6.3530000e+003
  1.9973960e+003  1.3660910e+003  8.0000000e-003  6.3540000e+003
  1.9973987e+003  1.3661311e+003  8.0000000e-003  6.3550000e+003
  1.9974015e+003  1.3661180e+003  9.0000000e-003  6.3560000e+003
  1.9974041e+003  1.3660539e+003  1.0000000e-002  6.3570000e+003
  1.9974069e+003  1.3660740e+003  1.0000000e-002  6.3580000e+003
  1.9974096e+003  1.3661411e+003  1.0000000e-002  6.3590000e+003
  1.9974120e+003  1.3661661e+003  1.0000000e-002  6.3600000e+003
  1.9974186e+003  1.3660820e+003  1.0000000e-002  6.3620000e+003
  1.9974205e+003  1.3659929e+003  9.0000000e-003  6.3630000e+003
  1.9974232e+003  1.3658707e+003  1.0000000e-002  6.3640000e+003
  1.9974260e+003  1.3659618e+003  1.0000000e-002  6.3650000e+003
  1.9974287e+003  1.3659178e+003  8.0000000e-003  6.3660000e+003
  1.9974315e+003  1.3660279e+003  8.0000000e-003  6.3670000e+003
  1.9974343e+003  1.3660439e+003  9.0000000e-003  6.3680000e+003
  1.9974370e+003  1.3660229e+003  9.0000000e-003  6.3690000e+003
  1.9974397e+003  1.3659318e+003  8.0000000e-003  6.3700000e+003
  1.9974425e+003  1.3659208e+003  8.0000000e-003  6.3710000e+003
  1.9974452e+003  1.3659348e+003  8.0000000e-003  6.3720000e+003
  1.9974480e+003  1.3659989e+003  8.0000000e-003  6.3730000e+003
  1.9974507e+003  1.3658657e+003  8.0000000e-003  6.3740000e+003
  1.9974536e+003  1.3658967e+003  8.0000000e-003  6.3750000e+003
  1.9974562e+003  1.3659979e+003  8.0000000e-003  6.3760000e+003
  1.9974589e+003  1.3658807e+003  8.0000000e-003  6.3770000e+003
  1.9974617e+003  1.3660019e+003  9.0000000e-003  6.3780000e+003
  1.9974644e+003  1.3660319e+003  8.0000000e-003  6.3790000e+003
  1.9974674e+003  1.3660439e+003  9.0000000e-003  6.3800000e+003
  1.9974696e+003  1.3659448e+003  8.0000000e-003  6.3810000e+003
  1.9974726e+003  1.3660169e+003  9.0000000e-003  6.3820000e+003
  1.9974753e+003  1.3660049e+003  9.0000000e-003  6.3830000e+003
  1.9974780e+003  1.3659097e+003  9.0000000e-003  6.3840000e+003
  1.9974808e+003  1.3659658e+003  9.0000000e-003  6.3850000e+003
  1.9974836e+003  1.3659057e+003  9.0000000e-003  6.3860000e+003
  1.9974863e+003  1.3659758e+003  9.0000000e-003  6.3870000e+003
  1.9974891e+003  1.3660329e+003  9.0000000e-003  6.3880000e+003
  1.9974919e+003  1.3660660e+003  9.0000000e-003  6.3890000e+003
  1.9974946e+003  1.3660169e+003  9.0000000e-003  6.3900000e+003
  1.9974973e+003  1.3659158e+003  9.0000000e-003  6.3910000e+003
  1.9975000e+003  1.3659268e+003  9.0000000e-003  6.3920000e+003
  1.9975028e+003  1.3659208e+003  9.0000000e-003  6.3930000e+003
  1.9975055e+003  1.3659087e+003  8.0000000e-003  6.3940000e+003
  1.9975083e+003  1.3658617e+003  9.0000000e-003  6.3950000e+003
  1.9975111e+003  1.3658697e+003  9.0000000e-003  6.3960000e+003
  1.9975137e+003  1.3658917e+003  9.0000000e-003  6.3970000e+003
  1.9975165e+003  1.3658897e+003  9.0000000e-003  6.3980000e+003
  1.9975192e+003  1.3659258e+003  9.0000000e-003  6.3990000e+003
  1.9975219e+003  1.3658807e+003  9.0000000e-003  6.4000000e+003
  1.9975246e+003  1.3658497e+003  9.0000000e-003  6.4010000e+003
  1.9975273e+003  1.3658907e+003  9.0000000e-003  6.4020000e+003
  1.9975301e+003  1.3658997e+003  9.0000000e-003  6.4030000e+003
  1.9975328e+003  1.3658156e+003  9.0000000e-003  6.4040000e+003
  1.9975356e+003  1.3658266e+003  9.0000000e-003  6.4050000e+003
  1.9975383e+003  1.3658717e+003  8.0000000e-003  6.4060000e+003
  1.9975411e+003  1.3658817e+003  9.0000000e-003  6.4070000e+003
  1.9975438e+003  1.3658937e+003  8.0000000e-003  6.4080000e+003
  1.9975466e+003  1.3659909e+003  9.0000000e-003  6.4090000e+003
  1.9975493e+003  1.3659448e+003  9.0000000e-003  6.4100000e+003
  1.9975518e+003  1.3660560e+003  9.0000000e-003  6.4110000e+003
  1.9975548e+003  1.3662642e+003  8.0000000e-003  6.4120000e+003
  1.9975575e+003  1.3662032e+003  8.0000000e-003  6.4130000e+003
  1.9975602e+003  1.3662142e+003  9.0000000e-003  6.4140000e+003
  1.9975630e+003  1.3662793e+003  8.0000000e-003  6.4150000e+003
  1.9975658e+003  1.3662763e+003  8.0000000e-003  6.4160000e+003
  1.9975686e+003  1.3663444e+003  9.0000000e-003  6.4170000e+003
  1.9975712e+003  1.3663313e+003  8.0000000e-003  6.4180000e+003
  1.9975740e+003  1.3663253e+003  8.0000000e-003  6.4190000e+003
  1.9975767e+003  1.3663123e+003  8.0000000e-003  6.4200000e+003
  1.9975795e+003  1.3662602e+003  9.0000000e-003  6.4210000e+003
  1.9975822e+003  1.3662382e+003  8.0000000e-003  6.4220000e+003
  1.9975850e+003  1.3661020e+003  8.0000000e-003  6.4230000e+003
  1.9975878e+003  1.3660930e+003  8.0000000e-003  6.4240000e+003
  1.9975899e+003  1.3661371e+003  8.0000000e-003  6.4250000e+003
  1.9975932e+003  1.3660199e+003  8.0000000e-003  6.4260000e+003
  1.9975959e+003  1.3661110e+003  8.0000000e-003  6.4270000e+003
  1.9975987e+003  1.3660309e+003  9.0000000e-003  6.4280000e+003
  1.9976014e+003  1.3660419e+003  9.0000000e-003  6.4290000e+003
  1.9976041e+003  1.3659728e+003  9.0000000e-003  6.4300000e+003
  1.9976069e+003  1.3660249e+003  1.0000000e-002  6.4310000e+003
  1.9976096e+003  1.3660139e+003  1.0000000e-002  6.4320000e+003
  1.9976123e+003  1.3660900e+003  1.0000000e-002  6.4330000e+003
  1.9976150e+003  1.3660580e+003  1.0000000e-002  6.4340000e+003
  1.9976178e+003  1.3661671e+003  9.0000000e-003  6.4350000e+003
  1.9976205e+003  1.3662582e+003  9.0000000e-003  6.4360000e+003
  1.9976233e+003  1.3662262e+003  9.0000000e-003  6.4370000e+003
  1.9976260e+003  1.3661681e+003  8.0000000e-003  6.4380000e+003
  1.9976288e+003  1.3662372e+003  8.0000000e-003  6.4390000e+003
  1.9976315e+003  1.3662302e+003  8.0000000e-003  6.4400000e+003
  1.9976343e+003  1.3662332e+003  8.0000000e-003  6.4410000e+003
  1.9976370e+003  1.3662562e+003  8.0000000e-003  6.4420000e+003
  1.9976398e+003  1.3662983e+003  9.0000000e-003  6.4430000e+003
  1.9976425e+003  1.3663243e+003  8.0000000e-003  6.4440000e+003
  1.9976453e+003  1.3662853e+003  8.0000000e-003  6.4450000e+003
  1.9976480e+003  1.3662903e+003  8.0000000e-003  6.4460000e+003
  1.9976507e+003  1.3664225e+003  8.0000000e-003  6.4470000e+003
  1.9976535e+003  1.3664906e+003  9.0000000e-003  6.4480000e+003
  1.9976562e+003  1.3663954e+003  8.0000000e-003  6.4490000e+003
  1.9976589e+003  1.3663223e+003  8.0000000e-003  6.4500000e+003
  1.9976613e+003  1.3662382e+003  8.0000000e-003  6.4510000e+003
  1.9976644e+003  1.3660880e+003  8.0000000e-003  6.4520000e+003
  1.9976671e+003  1.3660229e+003  9.0000000e-003  6.4530000e+003
  1.9976698e+003  1.3661100e+003  8.0000000e-003  6.4540000e+003
  1.9976726e+003  1.3663233e+003  9.0000000e-003  6.4550000e+003
  1.9976753e+003  1.3664986e+003  8.0000000e-003  6.4560000e+003
  1.9976781e+003  1.3663474e+003  9.0000000e-003  6.4570000e+003
  1.9976808e+003  1.3662032e+003  9.0000000e-003  6.4580000e+003
  1.9976836e+003  1.3659989e+003  9.0000000e-003  6.4590000e+003
  1.9976863e+003  1.3658437e+003  9.0000000e-003  6.4600000e+003
  1.9976891e+003  1.3656093e+003  9.0000000e-003  6.4610000e+003
  1.9976918e+003  1.3654080e+003  9.0000000e-003  6.4620000e+003
  1.9976946e+003  1.3653850e+003  9.0000000e-003  6.4630000e+003
  1.9976960e+003  1.3655202e+003  8.0000000e-003  6.4640000e+003
  1.9977001e+003  1.3656233e+003  9.0000000e-003  6.4650000e+003
  1.9977028e+003  1.3657836e+003  9.0000000e-003  6.4660000e+003
  1.9977055e+003  1.3659939e+003  9.0000000e-003  6.4670000e+003
  1.9977082e+003  1.3660389e+003  9.0000000e-003  6.4680000e+003
  1.9977110e+003  1.3660820e+003  9.0000000e-003  6.4690000e+003
  1.9977137e+003  1.3660960e+003  9.0000000e-003  6.4700000e+003
  1.9977164e+003  1.3660750e+003  9.0000000e-003  6.4710000e+003
  1.9977191e+003  1.3660690e+003  9.0000000e-003  6.4720000e+003
  1.9977219e+003  1.3661601e+003  9.0000000e-003  6.4730000e+003
  1.9977246e+003  1.3661571e+003  9.0000000e-003  6.4740000e+003
  1.9977274e+003  1.3663964e+003  9.0000000e-003  6.4750000e+003
  1.9977301e+003  1.3662002e+003  8.0000000e-003  6.4760000e+003
  1.9977329e+003  1.3661491e+003  9.0000000e-003  6.4770000e+003
  1.9977349e+003  1.3660159e+003  8.0000000e-003  6.4780000e+003
  1.9977384e+003  1.3661411e+003  8.0000000e-003  6.4790000e+003
  1.9977411e+003  1.3662102e+003  9.0000000e-003  6.4800000e+003
  1.9977439e+003  1.3663103e+003  8.0000000e-003  6.4810000e+003
  1.9977466e+003  1.3664034e+003  8.0000000e-003  6.4820000e+003
  1.9977493e+003  1.3663974e+003  9.0000000e-003  6.4830000e+003
  1.9977521e+003  1.3664625e+003  8.0000000e-003  6.4840000e+003
  1.9977548e+003  1.3665006e+003  9.0000000e-003  6.4850000e+003
  1.9977576e+003  1.3664124e+003  8.0000000e-003  6.4860000e+003
  1.9977601e+003  1.3662963e+003  9.0000000e-003  6.4870000e+003
  1.9977630e+003  1.3663744e+003  8.0000000e-003  6.4880000e+003
  1.9977658e+003  1.3663363e+003  8.0000000e-003  6.4890000e+003
  1.9977685e+003  1.3663874e+003  8.0000000e-003  6.4900000e+003
  1.9977713e+003  1.3664295e+003  8.0000000e-003  6.4910000e+003
  1.9977740e+003  1.3663434e+003  8.0000000e-003  6.4920000e+003
  1.9977768e+003  1.3664175e+003  8.0000000e-003  6.4930000e+003
  1.9977795e+003  1.3662843e+003  8.0000000e-003  6.4940000e+003
  1.9977822e+003  1.3663183e+003  8.0000000e-003  6.4950000e+003
  1.9977850e+003  1.3662682e+003  8.0000000e-003  6.4960000e+003
  1.9977877e+003  1.3661861e+003  8.0000000e-003  6.4970000e+003
  1.9977904e+003  1.3661441e+003  8.0000000e-003  6.4980000e+003
  1.9977932e+003  1.3661160e+003  8.0000000e-003  6.4990000e+003
  1.9977959e+003  1.3660700e+003  8.0000000e-003  6.5000000e+003
  1.9977987e+003  1.3661571e+003  8.0000000e-003  6.5010000e+003
  1.9978013e+003  1.3660660e+003  8.0000000e-003  6.5020000e+003
  1.9978234e+003  1.3662933e+003  8.0000000e-003  6.5100000e+003
  1.9978260e+003  1.3662102e+003  8.0000000e-003  6.5110000e+003
  1.9978282e+003  1.3661621e+003  8.0000000e-003  6.5120000e+003
  1.9978315e+003  1.3660379e+003  8.0000000e-003  6.5130000e+003
  1.9978343e+003  1.3660509e+003  9.0000000e-003  6.5140000e+003
  1.9978370e+003  1.3660560e+003  8.0000000e-003  6.5150000e+003
  1.9978398e+003  1.3660019e+003  8.0000000e-003  6.5160000e+003
  1.9978425e+003  1.3656824e+003  8.0000000e-003  6.5170000e+003
  1.9978453e+003  1.3657465e+003  8.0000000e-003  6.5180000e+003
  1.9978480e+003  1.3658276e+003  8.0000000e-003  6.5190000e+003
  1.9978507e+003  1.3660439e+003  8.0000000e-003  6.5200000e+003
  1.9978534e+003  1.3661661e+003  9.0000000e-003  6.5210000e+003
  1.9978561e+003  1.3662943e+003  9.0000000e-003  6.5220000e+003
  1.9978589e+003  1.3663263e+003  8.0000000e-003  6.5230000e+003
  1.9978616e+003  1.3662102e+003  8.0000000e-003  6.5240000e+003
  1.9978644e+003  1.3661240e+003  9.0000000e-003  6.5250000e+003
  1.9978671e+003  1.3661010e+003  8.0000000e-003  6.5260000e+003
  1.9978699e+003  1.3661220e+003  8.0000000e-003  6.5270000e+003
  1.9978726e+003  1.3661391e+003  8.0000000e-003  6.5280000e+003
  1.9978754e+003  1.3661180e+003  9.0000000e-003  6.5290000e+003
  1.9978781e+003  1.3660389e+003  8.0000000e-003  6.5300000e+003
  1.9978808e+003  1.3659248e+003  8.0000000e-003  6.5310000e+003
  1.9978836e+003  1.3657836e+003  8.0000000e-003  6.5320000e+003
  1.9978863e+003  1.3658116e+003  8.0000000e-003  6.5330000e+003
  1.9978891e+003  1.3658346e+003  9.0000000e-003  6.5340000e+003
  1.9978918e+003  1.3658036e+003  9.0000000e-003  6.5350000e+003
  1.9978946e+003  1.3657746e+003  9.0000000e-003  6.5360000e+003
  1.9978973e+003  1.3661270e+003  8.0000000e-003  6.5370000e+003
  1.9979000e+003  1.3663143e+003  8.0000000e-003  6.5380000e+003
  1.9979027e+003  1.3663924e+003  9.0000000e-003  6.5390000e+003
  1.9979055e+003  1.3663283e+003  8.0000000e-003  6.5400000e+003
  1.9979082e+003  1.3662222e+003  8.0000000e-003  6.5410000e+003
  1.9979109e+003  1.3661711e+003  8.0000000e-003  6.5420000e+003
  1.9979137e+003  1.3659258e+003  8.0000000e-003  6.5430000e+003
  1.9979164e+003  1.3659418e+003  8.0000000e-003  6.5440000e+003
  1.9979191e+003  1.3658296e+003  8.0000000e-003  6.5450000e+003
  1.9979219e+003  1.3657896e+003  9.0000000e-003  6.5460000e+003
  1.9979246e+003  1.3658116e+003  8.0000000e-003  6.5470000e+003
  1.9979274e+003  1.3659798e+003  9.0000000e-003  6.5480000e+003
  1.9979301e+003  1.3660590e+003  8.0000000e-003  6.5490000e+003
  1.9979330e+003  1.3662763e+003  9.0000000e-003  6.5500000e+003
  1.9979357e+003  1.3661721e+003  8.0000000e-003  6.5510000e+003
  1.9979384e+003  1.3661611e+003  9.0000000e-003  6.5520000e+003
  1.9979411e+003  1.3659879e+003  8.0000000e-003  6.5530000e+003
  1.9979439e+003  1.3659057e+003  8.0000000e-003  6.5540000e+003
  1.9979466e+003  1.3659388e+003  8.0000000e-003  6.5550000e+003
  1.9979494e+003  1.3658907e+003  9.0000000e-003  6.5560000e+003
  1.9979522e+003  1.3659838e+003  8.0000000e-003  6.5570000e+003
  1.9979549e+003  1.3659568e+003  8.0000000e-003  6.5580000e+003
  1.9979575e+003  1.3660539e+003  8.0000000e-003  6.5590000e+003
  1.9979603e+003  1.3659488e+003  9.0000000e-003  6.5600000e+003
  1.9979626e+003  1.3659558e+003  8.0000000e-003  6.5610000e+003
  1.9979658e+003  1.3660199e+003  9.0000000e-003  6.5620000e+003
  1.9979686e+003  1.3659648e+003  7.0000000e-003  6.5630000e+003
  1.9979713e+003  1.3661791e+003  8.0000000e-003  6.5640000e+003
  1.9979740e+003  1.3662843e+003  8.0000000e-003  6.5650000e+003
  1.9979768e+003  1.3662652e+003  8.0000000e-003  6.5660000e+003
  1.9979795e+003  1.3661200e+003  8.0000000e-003  6.5670000e+003
  1.9979822e+003  1.3661561e+003  7.0000000e-003  6.5680000e+003
  1.9979850e+003  1.3661611e+003  8.0000000e-003  6.5690000e+003
  1.9979877e+003  1.3661331e+003  8.0000000e-003  6.5700000e+003
  1.9979904e+003  1.3662252e+003  8.0000000e-003  6.5710000e+003
  1.9979931e+003  1.3662292e+003  8.0000000e-003  6.5720000e+003
  1.9979956e+003  1.3662692e+003  8.0000000e-003  6.5730000e+003
  1.9979986e+003  1.3662943e+003  8.0000000e-003  6.5740000e+003
  1.9980013e+003  1.3664074e+003  9.0000000e-003  6.5750000e+003
  1.9980041e+003  1.3664515e+003  8.0000000e-003  6.5760000e+003
  1.9980068e+003  1.3664725e+003  8.0000000e-003  6.5770000e+003
  1.9980092e+003  1.3664835e+003  7.0000000e-003  6.5780000e+003
  1.9980123e+003  1.3664916e+003  8.0000000e-003  6.5790000e+003
  1.9980151e+003  1.3663934e+003  8.0000000e-003  6.5800000e+003
  1.9980178e+003  1.3663173e+003  8.0000000e-003  6.5810000e+003
  1.9980206e+003  1.3663043e+003  8.0000000e-003  6.5820000e+003
  1.9980233e+003  1.3662312e+003  8.0000000e-003  6.5830000e+003
  1.9980261e+003  1.3662983e+003  8.0000000e-003  6.5840000e+003
  1.9980289e+003  1.3663293e+003  7.0000000e-003  6.5850000e+003
  1.9980316e+003  1.3663183e+003  8.0000000e-003  6.5860000e+003
  1.9980343e+003  1.3662352e+003  8.0000000e-003  6.5870000e+003
  1.9980370e+003  1.3661551e+003  7.0000000e-003  6.5880000e+003
  1.9980398e+003  1.3661381e+003  7.0000000e-003  6.5890000e+003
  1.9980425e+003  1.3661260e+003  8.0000000e-003  6.5900000e+003
  1.9980452e+003  1.3661070e+003  8.0000000e-003  6.5910000e+003
  1.9980479e+003  1.3661230e+003  8.0000000e-003  6.5920000e+003
  1.9980506e+003  1.3662312e+003  8.0000000e-003  6.5930000e+003
  1.9980534e+003  1.3663183e+003  8.0000000e-003  6.5940000e+003
  1.9980562e+003  1.3661391e+003  8.0000000e-003  6.5950000e+003
  1.9980589e+003  1.3662733e+003  8.0000000e-003  6.5960000e+003
  1.9980616e+003  1.3662773e+003  8.0000000e-003  6.5970000e+003
  1.9980644e+003  1.3663163e+003  8.0000000e-003  6.5980000e+003
  1.9980672e+003  1.3662793e+003  8.0000000e-003  6.5990000e+003
  1.9980699e+003  1.3662152e+003  8.0000000e-003  6.6000000e+003
  1.9980726e+003  1.3662082e+003  8.0000000e-003  6.6010000e+003
  1.9980753e+003  1.3661831e+003  9.0000000e-003  6.6020000e+003
  1.9980781e+003  1.3661711e+003  9.0000000e-003  6.6030000e+003
  1.9980809e+003  1.3661311e+003  8.0000000e-003  6.6040000e+003
  1.9980836e+003  1.3661981e+003  8.0000000e-003  6.6050000e+003
  1.9980864e+003  1.3661811e+003  9.0000000e-003  6.6060000e+003
  1.9980891e+003  1.3661511e+003  8.0000000e-003  6.6070000e+003
  1.9980919e+003  1.3661010e+003  8.0000000e-003  6.6080000e+003
  1.9980946e+003  1.3660349e+003  8.0000000e-003  6.6090000e+003
  1.9980973e+003  1.3659728e+003  8.0000000e-003  6.6100000e+003
  1.9981000e+003  1.3658657e+003  8.0000000e-003  6.6110000e+003
  1.9981027e+003  1.3659138e+003  8.0000000e-003  6.6120000e+003
  1.9981055e+003  1.3659919e+003  8.0000000e-003  6.6130000e+003
  1.9981082e+003  1.3659939e+003  8.0000000e-003  6.6140000e+003
  1.9981110e+003  1.3659618e+003  9.0000000e-003  6.6150000e+003
  1.9981137e+003  1.3660549e+003  8.0000000e-003  6.6160000e+003
  1.9981164e+003  1.3661230e+003  9.0000000e-003  6.6170000e+003
  1.9981192e+003  1.3660700e+003  8.0000000e-003  6.6180000e+003
  1.9981219e+003  1.3659288e+003  8.0000000e-003  6.6190000e+003
  1.9981247e+003  1.3658947e+003  9.0000000e-003  6.6200000e+003
  1.9981274e+003  1.3657956e+003  8.0000000e-003  6.6210000e+003
  1.9981302e+003  1.3657445e+003  9.0000000e-003  6.6220000e+003
  1.9981329e+003  1.3658336e+003  8.0000000e-003  6.6230000e+003
  1.9981357e+003  1.3658747e+003  8.0000000e-003  6.6240000e+003
  1.9981384e+003  1.3660439e+003  8.0000000e-003  6.6250000e+003
  1.9981412e+003  1.3662142e+003  8.0000000e-003  6.6260000e+003
  1.9981440e+003  1.3663514e+003  9.0000000e-003  6.6270000e+003
  1.9981467e+003  1.3663754e+003  8.0000000e-003  6.6280000e+003
  1.9981494e+003  1.3663934e+003  8.0000000e-003  6.6290000e+003
  1.9981522e+003  1.3663624e+003  8.0000000e-003  6.6300000e+003
  1.9981546e+003  1.3662412e+003  8.0000000e-003  6.6310000e+003
  1.9981576e+003  1.3665336e+003  8.0000000e-003  6.6320000e+003
  1.9981603e+003  1.3664625e+003  8.0000000e-003  6.6330000e+003
  1.9981631e+003  1.3665597e+003  8.0000000e-003  6.6340000e+003
  1.9981658e+003  1.3663944e+003  8.0000000e-003  6.6350000e+003
  1.9981686e+003  1.3662823e+003  8.0000000e-003  6.6360000e+003
  1.9981713e+003  1.3662022e+003  8.0000000e-003  6.6370000e+003
  1.9981740e+003  1.3662072e+003  8.0000000e-003  6.6380000e+003
  1.9981768e+003  1.3662202e+003  8.0000000e-003  6.6390000e+003
  1.9981795e+003  1.3663243e+003  8.0000000e-003  6.6400000e+003
  1.9981822e+003  1.3663393e+003  8.0000000e-003  6.6410000e+003
  1.9981849e+003  1.3662893e+003  8.0000000e-003  6.6420000e+003
  1.9981877e+003  1.3662222e+003  8.0000000e-003  6.6430000e+003
  1.9981904e+003  1.3663343e+003  8.0000000e-003  6.6440000e+003
  1.9981931e+003  1.3664715e+003  8.0000000e-003  6.6450000e+003
  1.9982097e+003  1.3658937e+003  8.0000000e-003  6.6510000e+003
  1.9982123e+003  1.3660900e+003  8.0000000e-003  6.6520000e+003
  1.9982151e+003  1.3663343e+003  8.0000000e-003  6.6530000e+003
  1.9982178e+003  1.3665556e+003  9.0000000e-003  6.6540000e+003
  1.9982206e+003  1.3667069e+003  8.0000000e-003  6.6550000e+003
  1.9982233e+003  1.3666488e+003  8.0000000e-003  6.6560000e+003
  1.9982252e+003  1.3665386e+003  8.0000000e-003  6.6570000e+003
  1.9982288e+003  1.3663033e+003  8.0000000e-003  6.6580000e+003
  1.9982315e+003  1.3662442e+003  8.0000000e-003  6.6590000e+003
  1.9982343e+003  1.3662452e+003  8.0000000e-003  6.6600000e+003
  1.9982370e+003  1.3663013e+003  8.0000000e-003  6.6610000e+003
  1.9982398e+003  1.3662753e+003  8.0000000e-003  6.6620000e+003
  1.9982425e+003  1.3663684e+003  8.0000000e-003  6.6630000e+003
  1.9982452e+003  1.3663013e+003  8.0000000e-003  6.6640000e+003
  1.9982479e+003  1.3662873e+003  8.0000000e-003  6.6650000e+003
  1.9982507e+003  1.3662713e+003  8.0000000e-003  6.6660000e+003
  1.9982533e+003  1.3663333e+003  9.0000000e-003  6.6670000e+003
  1.9982561e+003  1.3661841e+003  8.0000000e-003  6.6680000e+003
  1.9982589e+003  1.3662222e+003  8.0000000e-003  6.6690000e+003
  1.9982617e+003  1.3661040e+003  9.0000000e-003  6.6700000e+003
  1.9982644e+003  1.3662212e+003  8.0000000e-003  6.6710000e+003
  1.9982672e+003  1.3664074e+003  8.0000000e-003  6.6720000e+003
  1.9982699e+003  1.3664525e+003  9.0000000e-003  6.6730000e+003
  1.9982726e+003  1.3664395e+003  9.0000000e-003  6.6740000e+003
  1.9982754e+003  1.3663193e+003  9.0000000e-003  6.6750000e+003
  1.9982782e+003  1.3663534e+003  8.0000000e-003  6.6760000e+003
  1.9982809e+003  1.3665627e+003  8.0000000e-003  6.6770000e+003
  1.9982836e+003  1.3666638e+003  8.0000000e-003  6.6780000e+003
  1.9982863e+003  1.3667679e+003  8.0000000e-003  6.6790000e+003
  1.9983028e+003  1.3666147e+003  8.0000000e-003  6.6850000e+003
  1.9983055e+003  1.3664946e+003  9.0000000e-003  6.6860000e+003
  1.9983082e+003  1.3665366e+003  9.0000000e-003  6.6870000e+003
  1.9983109e+003  1.3665667e+003  9.0000000e-003  6.6880000e+003
  1.9983137e+003  1.3664795e+003  8.0000000e-003  6.6890000e+003
  1.9983165e+003  1.3665016e+003  9.0000000e-003  6.6900000e+003
  1.9983192e+003  1.3665336e+003  9.0000000e-003  6.6910000e+003
  1.9983219e+003  1.3664315e+003  9.0000000e-003  6.6920000e+003
  1.9983246e+003  1.3663934e+003  8.0000000e-003  6.6930000e+003
  1.9983274e+003  1.3662863e+003  9.0000000e-003  6.6940000e+003
  1.9983302e+003  1.3662262e+003  8.0000000e-003  6.6950000e+003
  1.9983329e+003  1.3660159e+003  9.0000000e-003  6.6960000e+003
  1.9983357e+003  1.3658837e+003  9.0000000e-003  6.6970000e+003
  1.9983384e+003  1.3658316e+003  8.0000000e-003  6.6980000e+003
  1.9983411e+003  1.3659318e+003  9.0000000e-003  6.6990000e+003
  1.9983436e+003  1.3658657e+003  9.0000000e-003  6.7000000e+003
  1.9983466e+003  1.3663834e+003  8.0000000e-003  6.7010000e+003
  1.9983494e+003  1.3665897e+003  8.0000000e-003  6.7020000e+003
  1.9983521e+003  1.3666888e+003  8.0000000e-003  6.7030000e+003
  1.9983549e+003  1.3667519e+003  8.0000000e-003  6.7040000e+003
  1.9983576e+003  1.3666918e+003  8.0000000e-003  6.7050000e+003
  1.9983603e+003  1.3666758e+003  8.0000000e-003  6.7060000e+003
  1.9983630e+003  1.3666498e+003  8.0000000e-003  6.7070000e+003
  1.9983658e+003  1.3667069e+003  8.0000000e-003  6.7080000e+003
  1.9983686e+003  1.3666888e+003  9.0000000e-003  6.7090000e+003
  1.9983713e+003  1.3666308e+003  8.0000000e-003  6.7100000e+003
  1.9983740e+003  1.3664415e+003  8.0000000e-003  6.7110000e+003
  1.9983768e+003  1.3665536e+003  8.0000000e-003  6.7120000e+003
  1.9983795e+003  1.3666137e+003  8.0000000e-003  6.7130000e+003
  1.9983822e+003  1.3665296e+003  8.0000000e-003  6.7140000e+003
  1.9983850e+003  1.3665757e+003  9.0000000e-003  6.7150000e+003
  1.9983876e+003  1.3665857e+003  9.0000000e-003  6.7160000e+003
  1.9983905e+003  1.3665947e+003  9.0000000e-003  6.7170000e+003
  1.9983932e+003  1.3664175e+003  1.0000000e-002  6.7180000e+003
  1.9983959e+003  1.3661401e+003  1.0000000e-002  6.7190000e+003
  1.9983986e+003  1.3660720e+003  1.0000000e-002  6.7200000e+003
  1.9984014e+003  1.3661501e+003  1.0000000e-002  6.7210000e+003
  1.9984041e+003  1.3663203e+003  1.0000000e-002  6.7220000e+003
  1.9984068e+003  1.3663173e+003  9.0000000e-003  6.7230000e+003
  1.9984096e+003  1.3662202e+003  1.0000000e-002  6.7240000e+003
  1.9984124e+003  1.3662793e+003  1.0000000e-002  6.7250000e+003
  1.9984151e+003  1.3663133e+003  9.0000000e-003  6.7260000e+003
  1.9984179e+003  1.3663393e+003  8.0000000e-003  6.7270000e+003
  1.9984206e+003  1.3662152e+003  8.0000000e-003  6.7280000e+003
  1.9984233e+003  1.3664565e+003  8.0000000e-003  6.7290000e+003
  1.9984261e+003  1.3665566e+003  8.0000000e-003  6.7300000e+003
  1.9984288e+003  1.3665526e+003  8.0000000e-003  6.7310000e+003
  1.9984316e+003  1.3664795e+003  8.0000000e-003  6.7320000e+003
  1.9984343e+003  1.3664425e+003  8.0000000e-003  6.7330000e+003
  1.9984370e+003  1.3665276e+003  8.0000000e-003  6.7340000e+003
  1.9984397e+003  1.3666308e+003  8.0000000e-003  6.7350000e+003
  1.9984425e+003  1.3666558e+003  8.0000000e-003  6.7360000e+003
  1.9984451e+003  1.3667009e+003  8.0000000e-003  6.7370000e+003
  1.9984479e+003  1.3668360e+003  8.0000000e-003  6.7380000e+003
  1.9984507e+003  1.3668250e+003  8.0000000e-003  6.7390000e+003
  1.9984534e+003  1.3669252e+003  8.0000000e-003  6.7400000e+003
  1.9984559e+003  1.3668761e+003  8.0000000e-003  6.7410000e+003
  1.9984589e+003  1.3667519e+003  9.0000000e-003  6.7420000e+003
  1.9984617e+003  1.3666768e+003  9.0000000e-003  6.7430000e+003
  1.9984644e+003  1.3666948e+003  8.0000000e-003  6.7440000e+003
  1.9984672e+003  1.3666257e+003  9.0000000e-003  6.7450000e+003
  1.9984699e+003  1.3665707e+003  9.0000000e-003  6.7460000e+003
  1.9984726e+003  1.3665236e+003  8.0000000e-003  6.7470000e+003
  1.9984754e+003  1.3665466e+003  9.0000000e-003  6.7480000e+003
  1.9984781e+003  1.3667029e+003  8.0000000e-003  6.7490000e+003
  1.9984809e+003  1.3666838e+003  9.0000000e-003  6.7500000e+003
  1.9984836e+003  1.3665837e+003  9.0000000e-003  6.7510000e+003
  1.9984863e+003  1.3664525e+003  9.0000000e-003  6.7520000e+003
  1.9984891e+003  1.3665476e+003  8.0000000e-003  6.7530000e+003
  1.9985055e+003  1.3670313e+003  8.0000000e-003  6.7590000e+003
  1.9985082e+003  1.3669151e+003  8.0000000e-003  6.7600000e+003
  1.9985109e+003  1.3669342e+003  8.0000000e-003  6.7610000e+003
  1.9985137e+003  1.3668120e+003  9.0000000e-003  6.7620000e+003
  1.9985164e+003  1.3669903e+003  8.0000000e-003  6.7630000e+003
  1.9985192e+003  1.3670103e+003  9.0000000e-003  6.7640000e+003
  1.9985219e+003  1.3671164e+003  9.0000000e-003  6.7650000e+003
  1.9985247e+003  1.3670063e+003  8.0000000e-003  6.7660000e+003
  1.9985275e+003  1.3671024e+003  8.0000000e-003  6.7670000e+003
  1.9985301e+003  1.3670984e+003  8.0000000e-003  6.7680000e+003
  1.9985329e+003  1.3670023e+003  8.0000000e-003  6.7690000e+003
  1.9985357e+003  1.3668711e+003  9.0000000e-003  6.7700000e+003
  1.9985381e+003  1.3666868e+003  8.0000000e-003  6.7710000e+003
  1.9985411e+003  1.3667059e+003  8.0000000e-003  6.7720000e+003
  1.9985438e+003  1.3666738e+003  8.0000000e-003  6.7730000e+003
  1.9985466e+003  1.3667820e+003  9.0000000e-003  6.7740000e+003
  1.9985493e+003  1.3668220e+003  8.0000000e-003  6.7750000e+003
  1.9985521e+003  1.3668240e+003  8.0000000e-003  6.7760000e+003
  1.9985548e+003  1.3667109e+003  8.0000000e-003  6.7770000e+003
  1.9985576e+003  1.3666408e+003  8.0000000e-003  6.7780000e+003
  1.9985602e+003  1.3666688e+003  8.0000000e-003  6.7790000e+003
  1.9985795e+003  1.3667529e+003  8.0000000e-003  6.7860000e+003
  1.9985822e+003  1.3668030e+003  8.0000000e-003  6.7870000e+003
  1.9985849e+003  1.3667339e+003  9.0000000e-003  6.7880000e+003
  1.9985878e+003  1.3668951e+003  9.0000000e-003  6.7890000e+003
  1.9985904e+003  1.3668140e+003  9.0000000e-003  6.7900000e+003
  1.9985932e+003  1.3667169e+003  9.0000000e-003  6.7910000e+003
  1.9985959e+003  1.3666798e+003  9.0000000e-003  6.7920000e+003
  1.9985986e+003  1.3664475e+003  9.0000000e-003  6.7930000e+003
  1.9986013e+003  1.3664195e+003  9.0000000e-003  6.7940000e+003
  1.9986041e+003  1.3663934e+003  9.0000000e-003  6.7950000e+003
  1.9986068e+003  1.3660960e+003  9.0000000e-003  6.7960000e+003
  1.9986096e+003  1.3659428e+003  9.0000000e-003  6.7970000e+003
  1.9986124e+003  1.3660029e+003  8.0000000e-003  6.7980000e+003
  1.9986151e+003  1.3659368e+003  8.0000000e-003  6.7990000e+003
  1.9986179e+003  1.3659979e+003  8.0000000e-003  6.8000000e+003
  1.9986206e+003  1.3659758e+003  8.0000000e-003  6.8010000e+003
  1.9986234e+003  1.3659628e+003  8.0000000e-003  6.8020000e+003
  1.9986261e+003  1.3663003e+003  8.0000000e-003  6.8030000e+003
  1.9986288e+003  1.3665386e+003  8.0000000e-003  6.8040000e+003
  1.9986316e+003  1.3667449e+003  9.0000000e-003  6.8050000e+003
  1.9986344e+003  1.3667890e+003  8.0000000e-003  6.8060000e+003
  1.9986370e+003  1.3667549e+003  8.0000000e-003  6.8070000e+003
  1.9986397e+003  1.3665777e+003  8.0000000e-003  6.8080000e+003
  1.9986426e+003  1.3665727e+003  8.0000000e-003  6.8090000e+003
  1.9986452e+003  1.3666458e+003  8.0000000e-003  6.8100000e+003
  1.9986479e+003  1.3666658e+003  8.0000000e-003  6.8110000e+003
  1.9986506e+003  1.3668811e+003  8.0000000e-003  6.8120000e+003
  1.9986534e+003  1.3668811e+003  9.0000000e-003  6.8130000e+003
  1.9986562e+003  1.3668851e+003  9.0000000e-003  6.8140000e+003
  1.9986589e+003  1.3667800e+003  8.0000000e-003  6.8150000e+003
  1.9986617e+003  1.3666127e+003  9.0000000e-003  6.8160000e+003
  1.9986644e+003  1.3663564e+003  9.0000000e-003  6.8170000e+003
  1.9986672e+003  1.3663574e+003  9.0000000e-003  6.8180000e+003
  1.9986699e+003  1.3660890e+003  9.0000000e-003  6.8190000e+003
  1.9986726e+003  1.3658717e+003  9.0000000e-003  6.8200000e+003
  1.9986754e+003  1.3657996e+003  9.0000000e-003  6.8210000e+003
  1.9986781e+003  1.3659468e+003  9.0000000e-003  6.8220000e+003
  1.9986809e+003  1.3661751e+003  9.0000000e-003  6.8230000e+003
  1.9986836e+003  1.3663524e+003  9.0000000e-003  6.8240000e+003
  1.9986863e+003  1.3664515e+003  9.0000000e-003  6.8250000e+003
  1.9987082e+003  1.3669222e+003  8.0000000e-003  6.8330000e+003
  1.9987109e+003  1.3668781e+003  9.0000000e-003  6.8340000e+003
  1.9987137e+003  1.3668380e+003  9.0000000e-003  6.8350000e+003
  1.9987164e+003  1.3669262e+003  8.0000000e-003  6.8360000e+003
  1.9987192e+003  1.3667369e+003  9.0000000e-003  6.8370000e+003
  1.9987220e+003  1.3666648e+003  9.0000000e-003  6.8380000e+003
  1.9987247e+003  1.3665677e+003  9.0000000e-003  6.8390000e+003
  1.9987274e+003  1.3663654e+003  9.0000000e-003  6.8400000e+003
  1.9987302e+003  1.3663413e+003  9.0000000e-003  6.8410000e+003
  1.9987333e+003  1.3664094e+003  9.0000000e-003  6.8420000e+003
  1.9987356e+003  1.3665827e+003  9.0000000e-003  6.8430000e+003
  1.9987384e+003  1.3667319e+003  9.0000000e-003  6.8440000e+003
  1.9987411e+003  1.3668601e+003  8.0000000e-003  6.8450000e+003
  1.9987439e+003  1.3669873e+003  8.0000000e-003  6.8460000e+003
  1.9987464e+003  1.3671365e+003  8.0000000e-003  6.8470000e+003
  1.9987493e+003  1.3670674e+003  8.0000000e-003  6.8480000e+003
  1.9987521e+003  1.3669702e+003  8.0000000e-003  6.8490000e+003
  1.9987548e+003  1.3668711e+003  8.0000000e-003  6.8500000e+003
  1.9987576e+003  1.3668671e+003  8.0000000e-003  6.8510000e+003
  1.9987603e+003  1.3667439e+003  8.0000000e-003  6.8520000e+003
  1.9987631e+003  1.3668100e+003  8.0000000e-003  6.8530000e+003
  1.9987658e+003  1.3666588e+003  8.0000000e-003  6.8540000e+003
  1.9987685e+003  1.3665747e+003  8.0000000e-003  6.8550000e+003
  1.9987713e+003  1.3666538e+003  8.0000000e-003  6.8560000e+003
  1.9987738e+003  1.3666538e+003  8.0000000e-003  6.8570000e+003
  1.9987768e+003  1.3665997e+003  8.0000000e-003  6.8580000e+003
  1.9987795e+003  1.3665817e+003  8.0000000e-003  6.8590000e+003
  1.9987822e+003  1.3667179e+003  8.0000000e-003  6.8600000e+003
  1.9987849e+003  1.3667559e+003  8.0000000e-003  6.8610000e+003
  1.9987876e+003  1.3666207e+003  8.0000000e-003  6.8620000e+003
  1.9987904e+003  1.3665486e+003  8.0000000e-003  6.8630000e+003
  1.9987931e+003  1.3665046e+003  8.0000000e-003  6.8640000e+003
  1.9987959e+003  1.3665957e+003  8.0000000e-003  6.8650000e+003
  1.9987986e+003  1.3666688e+003  8.0000000e-003  6.8660000e+003
  1.9988013e+003  1.3666758e+003  8.0000000e-003  6.8670000e+003
  1.9988041e+003  1.3667369e+003  8.0000000e-003  6.8680000e+003
  1.9988068e+003  1.3665126e+003  8.0000000e-003  6.8690000e+003
  1.9988096e+003  1.3665436e+003  8.0000000e-003  6.8700000e+003
  1.9988123e+003  1.3666418e+003  8.0000000e-003  6.8710000e+003
  1.9988151e+003  1.3667850e+003  8.0000000e-003  6.8720000e+003
  1.9988178e+003  1.3667800e+003  8.0000000e-003  6.8730000e+003
  1.9988206e+003  1.3667349e+003  8.0000000e-003  6.8740000e+003
  1.9988233e+003  1.3666838e+003  8.0000000e-003  6.8750000e+003
  1.9988260e+003  1.3666087e+003  8.0000000e-003  6.8760000e+003
  1.9988288e+003  1.3665937e+003  8.0000000e-003  6.8770000e+003
  1.9988316e+003  1.3666868e+003  8.0000000e-003  6.8780000e+003
  1.9988343e+003  1.3667930e+003  8.0000000e-003  6.8790000e+003
  1.9988370e+003  1.3669111e+003  8.0000000e-003  6.8800000e+003
  1.9988395e+003  1.3667559e+003  8.0000000e-003  6.8810000e+003
  1.9988424e+003  1.3667389e+003  8.0000000e-003  6.8820000e+003
  1.9988452e+003  1.3665386e+003  8.0000000e-003  6.8830000e+003
  1.9988479e+003  1.3666428e+003  8.0000000e-003  6.8840000e+003
  1.9988506e+003  1.3665637e+003  9.0000000e-003  6.8850000e+003
  1.9988535e+003  1.3665857e+003  8.0000000e-003  6.8860000e+003
  1.9988561e+003  1.3663954e+003  8.0000000e-003  6.8870000e+003
  1.9988589e+003  1.3665426e+003  8.0000000e-003  6.8880000e+003
  1.9988616e+003  1.3665456e+003  9.0000000e-003  6.8890000e+003
  1.9988644e+003  1.3665146e+003  9.0000000e-003  6.8900000e+003
  1.9988671e+003  1.3665036e+003  8.0000000e-003  6.8910000e+003
  1.9988698e+003  1.3664455e+003  8.0000000e-003  6.8920000e+003
  1.9988727e+003  1.3665336e+003  9.0000000e-003  6.8930000e+003
  1.9988781e+003  1.3663724e+003  8.0000000e-003  6.8950000e+003
  1.9988809e+003  1.3662933e+003  8.0000000e-003  6.8960000e+003
  1.9988836e+003  1.3665356e+003  8.0000000e-003  6.8970000e+003
  1.9988864e+003  1.3666127e+003  8.0000000e-003  6.8980000e+003
  1.9988891e+003  1.3666237e+003  8.0000000e-003  6.8990000e+003
  1.9988918e+003  1.3665807e+003  8.0000000e-003  6.9000000e+003
  1.9988972e+003  1.3664916e+003  7.0000000e-003  6.9020000e+003
  1.9989000e+003  1.3665877e+003  7.0000000e-003  6.9030000e+003
  1.9989027e+003  1.3666588e+003  7.0000000e-003  6.9040000e+003
  1.9989054e+003  1.3667589e+003  7.0000000e-003  6.9050000e+003
  1.9989082e+003  1.3667159e+003  8.0000000e-003  6.9060000e+003
  1.9989110e+003  1.3667609e+003  8.0000000e-003  6.9070000e+003
  1.9989137e+003  1.3666888e+003  8.0000000e-003  6.9080000e+003
  1.9989164e+003  1.3665807e+003  8.0000000e-003  6.9090000e+003
  1.9989192e+003  1.3666568e+003  8.0000000e-003  6.9100000e+003
  1.9989219e+003  1.3667359e+003  8.0000000e-003  6.9110000e+003
  1.9989246e+003  1.3668611e+003  8.0000000e-003  6.9120000e+003
  1.9989274e+003  1.3668360e+003  9.0000000e-003  6.9130000e+003
  1.9989302e+003  1.3666968e+003  8.0000000e-003  6.9140000e+003
  1.9989329e+003  1.3666488e+003  8.0000000e-003  6.9150000e+003
  1.9989356e+003  1.3664605e+003  8.0000000e-003  6.9160000e+003
  1.9989384e+003  1.3664134e+003  8.0000000e-003  6.9170000e+003
  1.9989411e+003  1.3665416e+003  8.0000000e-003  6.9180000e+003
  1.9989439e+003  1.3668270e+003  8.0000000e-003  6.9190000e+003
  1.9989466e+003  1.3668601e+003  8.0000000e-003  6.9200000e+003
  1.9989494e+003  1.3665967e+003  8.0000000e-003  6.9210000e+003
  1.9989517e+003  1.3664205e+003  8.0000000e-003  6.9220000e+003
  1.9989548e+003  1.3663053e+003  8.0000000e-003  6.9230000e+003
  1.9989576e+003  1.3664976e+003  8.0000000e-003  6.9240000e+003
  1.9989603e+003  1.3666858e+003  7.0000000e-003  6.9250000e+003
  1.9989630e+003  1.3669802e+003  7.0000000e-003  6.9260000e+003
  1.9989658e+003  1.3670473e+003  8.0000000e-003  6.9270000e+003
  1.9989686e+003  1.3669873e+003  7.0000000e-003  6.9280000e+003
  1.9989713e+003  1.3668901e+003  7.0000000e-003  6.9290000e+003
  1.9989740e+003  1.3669702e+003  7.0000000e-003  6.9300000e+003
  1.9989767e+003  1.3670013e+003  7.0000000e-003  6.9310000e+003
  1.9989794e+003  1.3672076e+003  7.0000000e-003  6.9320000e+003
  1.9989986e+003  1.3667459e+003  7.0000000e-003  6.9390000e+003
  1.9990013e+003  1.3668130e+003  8.0000000e-003  6.9400000e+003
  1.9990041e+003  1.3668481e+003  7.0000000e-003  6.9410000e+003
  1.9990068e+003  1.3670043e+003  7.0000000e-003  6.9420000e+003
  1.9990095e+003  1.3670884e+003  7.0000000e-003  6.9430000e+003
  1.9990123e+003  1.3671054e+003  7.0000000e-003  6.9440000e+003
  1.9990151e+003  1.3669392e+003  7.0000000e-003  6.9450000e+003
  1.9990178e+003  1.3670273e+003  7.0000000e-003  6.9460000e+003
  1.9990205e+003  1.3670463e+003  7.0000000e-003  6.9470000e+003
  1.9990233e+003  1.3669562e+003  8.0000000e-003  6.9480000e+003
  1.9990260e+003  1.3668000e+003  7.0000000e-003  6.9490000e+003
  1.9990278e+003  1.3668531e+003  7.0000000e-003  6.9500000e+003
  1.9990315e+003  1.3667740e+003  8.0000000e-003  6.9510000e+003
  1.9990343e+003  1.3667449e+003  8.0000000e-003  6.9520000e+003
  1.9990370e+003  1.3668491e+003  8.0000000e-003  6.9530000e+003
  1.9990397e+003  1.3667179e+003  8.0000000e-003  6.9540000e+003
  1.9990425e+003  1.3666708e+003  8.0000000e-003  6.9550000e+003
  1.9990453e+003  1.3665246e+003  8.0000000e-003  6.9560000e+003
  1.9990479e+003  1.3663434e+003  8.0000000e-003  6.9570000e+003
  1.9990507e+003  1.3663574e+003  8.0000000e-003  6.9580000e+003
  1.9990534e+003  1.3663484e+003  8.0000000e-003  6.9590000e+003
  1.9990561e+003  1.3665156e+003  8.0000000e-003  6.9600000e+003
  1.9990589e+003  1.3668621e+003  8.0000000e-003  6.9610000e+003
  1.9990616e+003  1.3671835e+003  8.0000000e-003  6.9620000e+003
  1.9990640e+003  1.3672246e+003  8.0000000e-003  6.9630000e+003
  1.9990676e+003  1.3668220e+003  8.0000000e-003  6.9640000e+003
  1.9990703e+003  1.3673598e+003  8.0000000e-003  6.9650000e+003
  1.9990726e+003  1.3673377e+003  8.0000000e-003  6.9660000e+003
  1.9990754e+003  1.3672847e+003  8.0000000e-003  6.9670000e+003
  1.9990781e+003  1.3672586e+003  7.0000000e-003  6.9680000e+003
  1.9990809e+003  1.3671785e+003  6.0000000e-003  6.9690000e+003
  1.9990836e+003  1.3670243e+003  6.0000000e-003  6.9700000e+003
  1.9990863e+003  1.3669352e+003  6.0000000e-003  6.9710000e+003
  1.9990891e+003  1.3668501e+003  6.0000000e-003  6.9720000e+003
  1.9990918e+003  1.3667569e+003  6.0000000e-003  6.9730000e+003
  1.9990945e+003  1.3666968e+003  6.0000000e-003  6.9740000e+003
  1.9990972e+003  1.3664675e+003  7.0000000e-003  6.9750000e+003
  1.9991000e+003  1.3666077e+003  7.0000000e-003  6.9760000e+003
  1.9991028e+003  1.3665577e+003  8.0000000e-003  6.9770000e+003
  1.9991055e+003  1.3666438e+003  8.0000000e-003  6.9780000e+003
  1.9991191e+003  1.3658737e+003  8.0000000e-003  6.9830000e+003
  1.9991219e+003  1.3656053e+003  9.0000000e-003  6.9840000e+003
  1.9991246e+003  1.3653870e+003  8.0000000e-003  6.9850000e+003
  1.9991273e+003  1.3655783e+003  8.0000000e-003  6.9860000e+003
  1.9991302e+003  1.3659748e+003  8.0000000e-003  6.9870000e+003
  1.9991328e+003  1.3664555e+003  8.0000000e-003  6.9880000e+003
  1.9991356e+003  1.3668691e+003  9.0000000e-003  6.9890000e+003
  1.9991383e+003  1.3670624e+003  8.0000000e-003  6.9900000e+003
  1.9991407e+003  1.3671695e+003  8.0000000e-003  6.9910000e+003
  1.9991438e+003  1.3672947e+003  8.0000000e-003  6.9920000e+003
  1.9991466e+003  1.3672556e+003  8.0000000e-003  6.9930000e+003
  1.9991493e+003  1.3672136e+003  8.0000000e-003  6.9940000e+003
  1.9991520e+003  1.3670423e+003  8.0000000e-003  6.9950000e+003
  1.9991548e+003  1.3671505e+003  8.0000000e-003  6.9960000e+003
  1.9991575e+003  1.3669812e+003  8.0000000e-003  6.9970000e+003
  1.9991768e+003  1.3666698e+003  8.0000000e-003  7.0040000e+003
  1.9991795e+003  1.3667449e+003  8.0000000e-003  7.0050000e+003
  1.9991822e+003  1.3667850e+003  8.0000000e-003  7.0060000e+003
  1.9991850e+003  1.3668571e+003  8.0000000e-003  7.0070000e+003
  1.9991877e+003  1.3669362e+003  8.0000000e-003  7.0080000e+003
  1.9991904e+003  1.3669862e+003  8.0000000e-003  7.0090000e+003
  1.9991932e+003  1.3669402e+003  8.0000000e-003  7.0100000e+003
  1.9991959e+003  1.3669212e+003  8.0000000e-003  7.0110000e+003
  1.9991987e+003  1.3666898e+003  8.0000000e-003  7.0120000e+003
  1.9992014e+003  1.3664325e+003  8.0000000e-003  7.0130000e+003
  1.9992041e+003  1.3665917e+003  8.0000000e-003  7.0140000e+003
  1.9992068e+003  1.3667810e+003  8.0000000e-003  7.0150000e+003
  1.9992096e+003  1.3669873e+003  8.0000000e-003  7.0160000e+003
  1.9992123e+003  1.3670604e+003  8.0000000e-003  7.0170000e+003
  1.9992150e+003  1.3672606e+003  8.0000000e-003  7.0180000e+003
  1.9992179e+003  1.3672126e+003  8.0000000e-003  7.0190000e+003
  1.9992206e+003  1.3670964e+003  8.0000000e-003  7.0200000e+003
  1.9992233e+003  1.3671325e+003  8.0000000e-003  7.0210000e+003
  1.9992261e+003  1.3670333e+003  8.0000000e-003  7.0220000e+003
  1.9992289e+003  1.3670003e+003  8.0000000e-003  7.0230000e+003
  1.9992316e+003  1.3668791e+003  8.0000000e-003  7.0240000e+003
  1.9992343e+003  1.3668961e+003  8.0000000e-003  7.0250000e+003
  1.9992364e+003  1.3668801e+003  8.0000000e-003  7.0260000e+003
  1.9992398e+003  1.3667810e+003  9.0000000e-003  7.0270000e+003
  1.9992426e+003  1.3668090e+003  9.0000000e-003  7.0280000e+003
  1.9992453e+003  1.3668000e+003  8.0000000e-003  7.0290000e+003
  1.9992481e+003  1.3668030e+003  9.0000000e-003  7.0300000e+003
  1.9992508e+003  1.3667639e+003  9.0000000e-003  7.0310000e+003
  1.9992535e+003  1.3667059e+003  8.0000000e-003  7.0320000e+003
  1.9992562e+003  1.3666958e+003  8.0000000e-003  7.0330000e+003
  1.9992782e+003  1.3672276e+003  8.0000000e-003  7.0410000e+003
  1.9992808e+003  1.3668731e+003  8.0000000e-003  7.0420000e+003
  1.9992836e+003  1.3672316e+003  8.0000000e-003  7.0430000e+003
  1.9992864e+003  1.3672656e+003  9.0000000e-003  7.0440000e+003
  1.9992891e+003  1.3671485e+003  9.0000000e-003  7.0450000e+003
  1.9992918e+003  1.3670133e+003  8.0000000e-003  7.0460000e+003
  1.9992946e+003  1.3669302e+003  9.0000000e-003  7.0470000e+003
  1.9992973e+003  1.3669332e+003  9.0000000e-003  7.0480000e+003
  1.9993000e+003  1.3667579e+003  9.0000000e-003  7.0490000e+003
  1.9993028e+003  1.3665146e+003  9.0000000e-003  7.0500000e+003
  1.9993055e+003  1.3664805e+003  8.0000000e-003  7.0510000e+003
  1.9993081e+003  1.3664205e+003  9.0000000e-003  7.0520000e+003
  1.9993110e+003  1.3664345e+003  9.0000000e-003  7.0530000e+003
  1.9993138e+003  1.3665847e+003  8.0000000e-003  7.0540000e+003
  1.9993165e+003  1.3665166e+003  8.0000000e-003  7.0550000e+003
  1.9993192e+003  1.3664655e+003  9.0000000e-003  7.0560000e+003
  1.9993220e+003  1.3664545e+003  8.0000000e-003  7.0570000e+003
  1.9993247e+003  1.3664134e+003  8.0000000e-003  7.0580000e+003
  1.9993275e+003  1.3664876e+003  8.0000000e-003  7.0590000e+003
  1.9993294e+003  1.3665266e+003  9.0000000e-003  7.0600000e+003
  1.9993332e+003  1.3669993e+003  8.0000000e-003  7.0610000e+003
  1.9993359e+003  1.3670243e+003  8.0000000e-003  7.0620000e+003
  1.9993385e+003  1.3671655e+003  8.0000000e-003  7.0630000e+003
  1.9993413e+003  1.3672005e+003  8.0000000e-003  7.0640000e+003
  1.9993440e+003  1.3671855e+003  8.0000000e-003  7.0650000e+003
  1.9993466e+003  1.3673297e+003  8.0000000e-003  7.0660000e+003
  1.9993492e+003  1.3672957e+003  8.0000000e-003  7.0670000e+003
  1.9993521e+003  1.3673798e+003  8.0000000e-003  7.0680000e+003
  1.9993549e+003  1.3673227e+003  8.0000000e-003  7.0690000e+003
  1.9993576e+003  1.3671825e+003  8.0000000e-003  7.0700000e+003
  1.9993685e+003  1.3669762e+003  8.0000000e-003  7.0740000e+003
  1.9993713e+003  1.3669382e+003  8.0000000e-003  7.0750000e+003
  1.9993740e+003  1.3668451e+003  8.0000000e-003  7.0760000e+003
  1.9993768e+003  1.3667069e+003  1.0000000e-002  7.0770000e+003
  1.9993795e+003  1.3664815e+003  9.0000000e-003  7.0780000e+003
  1.9993822e+003  1.3663424e+003  1.0000000e-002  7.0790000e+003
  1.9993849e+003  1.3662682e+003  1.0000000e-002  7.0800000e+003
  1.9993876e+003  1.3662482e+003  1.0000000e-002  7.0810000e+003
  1.9993905e+003  1.3663544e+003  1.0000000e-002  7.0820000e+003
  1.9993932e+003  1.3665156e+003  1.0000000e-002  7.0830000e+003
  1.9993960e+003  1.3666388e+003  9.0000000e-003  7.0840000e+003
  1.9993987e+003  1.3667659e+003  1.0000000e-002  7.0850000e+003
  1.9994015e+003  1.3668160e+003  9.0000000e-003  7.0860000e+003
  1.9994042e+003  1.3668901e+003  8.0000000e-003  7.0870000e+003
  1.9994069e+003  1.3669081e+003  8.0000000e-003  7.0880000e+003
  1.9994097e+003  1.3670093e+003  9.0000000e-003  7.0890000e+003
  1.9994124e+003  1.3668901e+003  8.0000000e-003  7.0900000e+003
  1.9994152e+003  1.3666378e+003  9.0000000e-003  7.0910000e+003
  1.9994178e+003  1.3662903e+003  8.0000000e-003  7.0920000e+003
  1.9994206e+003  1.3664515e+003  9.0000000e-003  7.0930000e+003
  1.9994233e+003  1.3665837e+003  8.0000000e-003  7.0940000e+003
  1.9994260e+003  1.3669051e+003  8.0000000e-003  7.0950000e+003
  1.9994288e+003  1.3671855e+003  8.0000000e-003  7.0960000e+003
  1.9994315e+003  1.3672346e+003  8.0000000e-003  7.0970000e+003
  1.9994342e+003  1.3672546e+003  8.0000000e-003  7.0980000e+003
  1.9994369e+003  1.3671224e+003  8.0000000e-003  7.0990000e+003
  1.9994397e+003  1.3668471e+003  8.0000000e-003  7.1000000e+003
  1.9994424e+003  1.3667139e+003  8.0000000e-003  7.1010000e+003
  1.9994451e+003  1.3666948e+003  9.0000000e-003  7.1020000e+003
  1.9994480e+003  1.3666688e+003  9.0000000e-003  7.1030000e+003
  1.9994507e+003  1.3665697e+003  8.0000000e-003  7.1040000e+003
  1.9994534e+003  1.3666338e+003  8.0000000e-003  7.1050000e+003
  1.9994562e+003  1.3666718e+003  9.0000000e-003  7.1060000e+003
  1.9994589e+003  1.3667089e+003  8.0000000e-003  7.1070000e+003
  1.9994617e+003  1.3667419e+003  8.0000000e-003  7.1080000e+003
  1.9994645e+003  1.3668330e+003  8.0000000e-003  7.1090000e+003
  1.9994699e+003  1.3670483e+003  8.0000000e-003  7.1110000e+003
  1.9994727e+003  1.3670594e+003  8.0000000e-003  7.1120000e+003
  1.9994753e+003  1.3671485e+003  8.0000000e-003  7.1130000e+003
  1.9994972e+003  1.3671084e+003  8.0000000e-003  7.1210000e+003
  1.9995000e+003  1.3670824e+003  8.0000000e-003  7.1220000e+003
  1.9995027e+003  1.3670914e+003  8.0000000e-003  7.1230000e+003
  1.9995055e+003  1.3670924e+003  8.0000000e-003  7.1240000e+003
  1.9995082e+003  1.3672446e+003  8.0000000e-003  7.1250000e+003
  1.9995109e+003  1.3669682e+003  8.0000000e-003  7.1260000e+003
  1.9995137e+003  1.3667870e+003  8.0000000e-003  7.1270000e+003
  1.9995164e+003  1.3666998e+003  8.0000000e-003  7.1280000e+003
  1.9995192e+003  1.3668050e+003  9.0000000e-003  7.1290000e+003
  1.9995219e+003  1.3670253e+003  8.0000000e-003  7.1300000e+003
  1.9995244e+003  1.3670463e+003  8.0000000e-003  7.1310000e+003
  1.9995274e+003  1.3671595e+003  8.0000000e-003  7.1320000e+003
  1.9995302e+003  1.3671625e+003  8.0000000e-003  7.1330000e+003
  1.9995329e+003  1.3670313e+003  8.0000000e-003  7.1340000e+003
  1.9995356e+003  1.3670113e+003  8.0000000e-003  7.1350000e+003
  1.9995384e+003  1.3668911e+003  8.0000000e-003  7.1360000e+003
  1.9995411e+003  1.3669182e+003  8.0000000e-003  7.1370000e+003
  1.9995439e+003  1.3671234e+003  8.0000000e-003  7.1380000e+003
  1.9995466e+003  1.3672396e+003  8.0000000e-003  7.1390000e+003
  1.9995493e+003  1.3671695e+003  8.0000000e-003  7.1400000e+003
  1.9995521e+003  1.3670513e+003  8.0000000e-003  7.1410000e+003
  1.9995547e+003  1.3668631e+003  8.0000000e-003  7.1420000e+003
  1.9995685e+003  1.3667369e+003  8.0000000e-003  7.1470000e+003
  1.9995712e+003  1.3670003e+003  9.0000000e-003  7.1480000e+003
  1.9995740e+003  1.3670944e+003  9.0000000e-003  7.1490000e+003
  1.9995767e+003  1.3669312e+003  9.0000000e-003  7.1500000e+003
  1.9995795e+003  1.3665927e+003  9.0000000e-003  7.1510000e+003
  1.9995823e+003  1.3664755e+003  1.0000000e-002  7.1520000e+003
  1.9995850e+003  1.3660970e+003  1.0000000e-002  7.1530000e+003
  1.9995877e+003  1.3659087e+003  9.0000000e-003  7.1540000e+003
  1.9995904e+003  1.3663283e+003  1.0000000e-002  7.1550000e+003
  1.9995931e+003  1.3666888e+003  9.0000000e-003  7.1560000e+003
  1.9995958e+003  1.3670393e+003  9.0000000e-003  7.1570000e+003
  1.9995986e+003  1.3672737e+003  8.0000000e-003  7.1580000e+003
  1.9996012e+003  1.3673848e+003  8.0000000e-003  7.1590000e+003
  1.9996043e+003  1.3673948e+003  8.0000000e-003  7.1600000e+003
  1.9996068e+003  1.3672256e+003  8.0000000e-003  7.1610000e+003
  1.9996096e+003  1.3671154e+003  8.0000000e-003  7.1620000e+003
  1.9996124e+003  1.3670153e+003  8.0000000e-003  7.1630000e+003
  1.9996151e+003  1.3671505e+003  8.0000000e-003  7.1640000e+003
  1.9996178e+003  1.3672897e+003  8.0000000e-003  7.1650000e+003
  1.9996206e+003  1.3673397e+003  8.0000000e-003  7.1660000e+003
  1.9996233e+003  1.3672096e+003  8.0000000e-003  7.1670000e+003
  1.9996261e+003  1.3670794e+003  8.0000000e-003  7.1680000e+003
  1.9996288e+003  1.3669282e+003  8.0000000e-003  7.1690000e+003
  1.9996315e+003  1.3668380e+003  8.0000000e-003  7.1700000e+003
  1.9996342e+003  1.3667870e+003  8.0000000e-003  7.1710000e+003
  1.9996368e+003  1.3669512e+003  8.0000000e-003  7.1720000e+003
  1.9996398e+003  1.3671305e+003  9.0000000e-003  7.1730000e+003
  1.9996424e+003  1.3671745e+003  8.0000000e-003  7.1740000e+003
  1.9996452e+003  1.3671174e+003  8.0000000e-003  7.1750000e+003
  1.9996479e+003  1.3671545e+003  8.0000000e-003  7.1760000e+003
  1.9996507e+003  1.3672406e+003  8.0000000e-003  7.1770000e+003
  1.9996534e+003  1.3669772e+003  8.0000000e-003  7.1780000e+003
  1.9996561e+003  1.3668671e+003  8.0000000e-003  7.1790000e+003
  1.9996589e+003  1.3668240e+003  9.0000000e-003  7.1800000e+003
  1.9996616e+003  1.3669021e+003  8.0000000e-003  7.1810000e+003
  1.9996644e+003  1.3671234e+003  8.0000000e-003  7.1820000e+003
  1.9996664e+003  1.3673868e+003  9.0000000e-003  7.1830000e+003
  1.9996696e+003  1.3660009e+003  9.0000000e-003  7.1840000e+003
  1.9996730e+003  1.3674199e+003  9.0000000e-003  7.1850000e+003
  1.9996752e+003  1.3671144e+003  9.0000000e-003  7.1860000e+003
  1.9996785e+003  1.3672797e+003  8.0000000e-003  7.1870000e+003
  1.9996809e+003  1.3673067e+003  8.0000000e-003  7.1880000e+003
  1.9996836e+003  1.3670694e+003  9.0000000e-003  7.1890000e+003
  1.9996863e+003  1.3670533e+003  8.0000000e-003  7.1900000e+003
  1.9996891e+003  1.3670113e+003  9.0000000e-003  7.1910000e+003
  1.9996918e+003  1.3669782e+003  8.0000000e-003  7.1920000e+003
  1.9996946e+003  1.3669392e+003  8.0000000e-003  7.1930000e+003
  1.9996974e+003  1.3668010e+003  9.0000000e-003  7.1940000e+003
  1.9997000e+003  1.3665967e+003  8.0000000e-003  7.1950000e+003
  1.9997028e+003  1.3663574e+003  9.0000000e-003  7.1960000e+003
  1.9997055e+003  1.3661481e+003  8.0000000e-003  7.1970000e+003
  1.9997083e+003  1.3663033e+003  9.0000000e-003  7.1980000e+003
  1.9997110e+003  1.3666638e+003  9.0000000e-003  7.1990000e+003
  1.9997137e+003  1.3670253e+003  8.0000000e-003  7.2000000e+003
  1.9997164e+003  1.3673117e+003  8.0000000e-003  7.2010000e+003
  1.9997192e+003  1.3673177e+003  8.0000000e-003  7.2020000e+003
  1.9997219e+003  1.3673207e+003  8.0000000e-003  7.2030000e+003
  1.9997246e+003  1.3673167e+003  8.0000000e-003  7.2040000e+003
  1.9997272e+003  1.3672596e+003  8.0000000e-003  7.2050000e+003
  1.9997299e+003  1.3672747e+003  8.0000000e-003  7.2060000e+003
  1.9997325e+003  1.3674209e+003  8.0000000e-003  7.2070000e+003
  1.9997358e+003  1.3672396e+003  8.0000000e-003  7.2080000e+003
  1.9997384e+003  1.3673828e+003  8.0000000e-003  7.2090000e+003
  1.9997410e+003  1.3674098e+003  8.0000000e-003  7.2100000e+003
  1.9997439e+003  1.3673217e+003  8.0000000e-003  7.2110000e+003
  1.9997466e+003  1.3673988e+003  8.0000000e-003  7.2120000e+003
  1.9997493e+003  1.3673157e+003  8.0000000e-003  7.2130000e+003
  1.9997520e+003  1.3673417e+003  8.0000000e-003  7.2140000e+003
  1.9997548e+003  1.3672566e+003  8.0000000e-003  7.2150000e+003
  1.9997575e+003  1.3673297e+003  8.0000000e-003  7.2160000e+003
  1.9997602e+003  1.3671735e+003  8.0000000e-003  7.2170000e+003
  1.9997630e+003  1.3669282e+003  8.0000000e-003  7.2180000e+003
  1.9997657e+003  1.3668711e+003  8.0000000e-003  7.2190000e+003
  1.9997685e+003  1.3670283e+003  8.0000000e-003  7.2200000e+003
  1.9997712e+003  1.3671855e+003  8.0000000e-003  7.2210000e+003
  1.9997740e+003  1.3672686e+003  8.0000000e-003  7.2220000e+003
  1.9997767e+003  1.3672256e+003  8.0000000e-003  7.2230000e+003
  1.9997795e+003  1.3671735e+003  8.0000000e-003  7.2240000e+003
  1.9997822e+003  1.3668591e+003  8.0000000e-003  7.2250000e+003
  1.9997849e+003  1.3665627e+003  8.0000000e-003  7.2260000e+003
  1.9997877e+003  1.3661461e+003  8.0000000e-003  7.2270000e+003
  1.9997904e+003  1.3658817e+003  8.0000000e-003  7.2280000e+003
  1.9997932e+003  1.3658947e+003  8.0000000e-003  7.2290000e+003
  1.9997959e+003  1.3660750e+003  8.0000000e-003  7.2300000e+003
  1.9997987e+003  1.3664165e+003  8.0000000e-003  7.2310000e+003
  1.9998014e+003  1.3668100e+003  8.0000000e-003  7.2320000e+003
  1.9998041e+003  1.3672005e+003  8.0000000e-003  7.2330000e+003
  1.9998069e+003  1.3668441e+003  1.5000000e-002  7.2340000e+003
  1.9998084e+003  1.3667820e+003  1.4000000e-002  7.2350000e+003
  1.9998123e+003  1.3664004e+003  1.5000000e-002  7.2360000e+003
  1.9998151e+003  1.3662152e+003  1.5000000e-002  7.2370000e+003
  1.9998178e+003  1.3659658e+003  1.5000000e-002  7.2380000e+003
  1.9998207e+003  1.3657405e+003  1.5000000e-002  7.2390000e+003
  1.9998234e+003  1.3659388e+003  1.5000000e-002  7.2400000e+003
  1.9998252e+003  1.3660049e+003  1.6000000e-002  7.2410000e+003
  1.9998289e+003  1.3660630e+003  1.6000000e-002  7.2420000e+003
  1.9998312e+003  1.3662342e+003  1.4000000e-002  7.2430000e+003
  1.9998345e+003  1.3665997e+003  1.5000000e-002  7.2440000e+003
  1.9998358e+003  1.3667900e+003  1.4000000e-002  7.2450000e+003
  1.9998399e+003  1.3666247e+003  1.4000000e-002  7.2460000e+003
  1.9998424e+003  1.3667439e+003  1.6000000e-002  7.2470000e+003
  1.9998452e+003  1.3667800e+003  1.5000000e-002  7.2480000e+003
  1.9998476e+003  1.3667069e+003  1.5000000e-002  7.2490000e+003
  1.9998507e+003  1.3670213e+003  1.5000000e-002  7.2500000e+003
  1.9998537e+003  1.3676572e+003  1.5000000e-002  7.2510000e+003
  1.9998569e+003  1.3665306e+003  1.5000000e-002  7.2520000e+003
  1.9998591e+003  1.3660169e+003  1.5000000e-002  7.2530000e+003
  1.9998617e+003  1.3655933e+003  1.5000000e-002  7.2540000e+003
  1.9998644e+003  1.3656624e+003  1.5000000e-002  7.2550000e+003
  1.9998672e+003  1.3659408e+003  1.5000000e-002  7.2560000e+003
  1.9998700e+003  1.3661841e+003  1.5000000e-002  7.2570000e+003
  1.9998727e+003  1.3660139e+003  1.5000000e-002  7.2580000e+003
  1.9998754e+003  1.3657345e+003  1.5000000e-002  7.2590000e+003
  1.9998781e+003  1.3654501e+003  1.5000000e-002  7.2600000e+003
  1.9998808e+003  1.3654942e+003  1.5000000e-002  7.2610000e+003
  1.9998835e+003  1.3657065e+003  1.5000000e-002  7.2620000e+003
  1.9998863e+003  1.3660489e+003  1.5000000e-002  7.2630000e+003
  1.9998890e+003  1.3664074e+003  1.5000000e-002  7.2640000e+003
  1.9998917e+003  1.3667449e+003  1.5000000e-002  7.2650000e+003
  1.9998942e+003  1.3667970e+003  1.5000000e-002  7.2660000e+003
  1.9998973e+003  1.3665897e+003  1.5000000e-002  7.2670000e+003
  1.9998999e+003  1.3666107e+003  1.6000000e-002  7.2680000e+003
  1.9999029e+003  1.3665336e+003  1.5000000e-002  7.2690000e+003
  1.9999055e+003  1.3667489e+003  1.5000000e-002  7.2700000e+003
  1.9999083e+003  1.3668851e+003  1.6000000e-002  7.2710000e+003
  1.9999098e+003  1.3672957e+003  1.7000000e-002  7.2720000e+003
  1.9999137e+003  1.3665947e+003  1.6000000e-002  7.2730000e+003
  1.9999164e+003  1.3665556e+003  1.4000000e-002  7.2740000e+003
  1.9999180e+003  1.3665086e+003  1.5000000e-002  7.2750000e+003
  1.9999220e+003  1.3667439e+003  1.6000000e-002  7.2760000e+003
  1.9999247e+003  1.3667930e+003  1.4000000e-002  7.2770000e+003
  1.9999274e+003  1.3668200e+003  1.5000000e-002  7.2780000e+003
  1.9999302e+003  1.3666918e+003  1.6000000e-002  7.2790000e+003
  1.9999330e+003  1.3666578e+003  1.5000000e-002  7.2800000e+003
  1.9999356e+003  1.3664575e+003  1.6000000e-002  7.2810000e+003
  1.9999376e+003  1.3664295e+003  1.7000000e-002  7.2820000e+003
  1.9999413e+003  1.3666558e+003  1.5000000e-002  7.2830000e+003
  1.9999441e+003  1.3668541e+003  1.5000000e-002  7.2840000e+003
  1.9999466e+003  1.3671014e+003  1.5000000e-002  7.2850000e+003
  1.9999495e+003  1.3669612e+003  1.5000000e-002  7.2860000e+003
  1.9999523e+003  1.3673177e+003  1.5000000e-002  7.2870000e+003
  1.9999551e+003  1.3676322e+003  1.5000000e-002  7.2880000e+003
  1.9999578e+003  1.3676121e+003  1.5000000e-002  7.2890000e+003
  1.9999603e+003  1.3672757e+003  1.5000000e-002  7.2900000e+003
  1.9999631e+003  1.3669893e+003  1.5000000e-002  7.2910000e+003
  1.9999659e+003  1.3669302e+003  1.5000000e-002  7.2920000e+003
  1.9999683e+003  1.3668731e+003  1.5000000e-002  7.2930000e+003
  1.9999714e+003  1.3662122e+003  1.6000000e-002  7.2940000e+003
  1.9999741e+003  1.3657245e+003  1.5000000e-002  7.2950000e+003
  1.9999768e+003  1.3655963e+003  1.5000000e-002  7.2960000e+003
  1.9999796e+003  1.3659027e+003  1.5000000e-002  7.2970000e+003
  1.9999821e+003  1.3661050e+003  1.5000000e-002  7.2980000e+003
  1.9999850e+003  1.3662592e+003  1.5000000e-002  7.2990000e+003
  1.9999864e+003  1.3646670e+003  1.5000000e-002  7.3000000e+003
  1.9999905e+003  1.3667539e+003  1.6000000e-002  7.3010000e+003
  1.9999933e+003  1.3669352e+003  1.5000000e-002  7.3020000e+003
  1.9999961e+003  1.3667880e+003  1.6000000e-002  7.3030000e+003
  1.9999986e+003  1.3664475e+003  1.5000000e-002  7.3040000e+003
  2.0000014e+003  1.3668370e+003  1.5000000e-002  7.3050000e+003
  2.0000043e+003  1.3666187e+003  1.5000000e-002  7.3060000e+003
  2.0000070e+003  1.3662052e+003  1.5000000e-002  7.3070000e+003
  2.0000099e+003  1.3670383e+003  1.5000000e-002  7.3080000e+003
  2.0000127e+003  1.3673628e+003  1.5000000e-002  7.3090000e+003
  2.0000154e+003  1.3669812e+003  1.4000000e-002  7.3100000e+003
  2.0000184e+003  1.3667920e+003  1.6000000e-002  7.3110000e+003
  2.0000206e+003  1.3672847e+003  1.6000000e-002  7.3120000e+003
  2.0000230e+003  1.3672246e+003  1.5000000e-002  7.3130000e+003
  2.0000262e+003  1.3673297e+003  1.5000000e-002  7.3140000e+003
  2.0000289e+003  1.3671214e+003  1.6000000e-002  7.3150000e+003
  2.0000310e+003  1.3671595e+003  1.6000000e-002  7.3160000e+003
  2.0000344e+003  1.3668951e+003  1.5000000e-002  7.3170000e+003
  2.0000371e+003  1.3669131e+003  1.6000000e-002  7.3180000e+003
  2.0000398e+003  1.3671014e+003  1.4000000e-002  7.3190000e+003
  2.0000428e+003  1.3669842e+003  1.5000000e-002  7.3200000e+003
  2.0000454e+003  1.3669372e+003  1.6000000e-002  7.3210000e+003
  2.0000479e+003  1.3667659e+003  1.6000000e-002  7.3220000e+003
  2.0000508e+003  1.3668881e+003  1.5000000e-002  7.3230000e+003
  2.0000535e+003  1.3670133e+003  1.7000000e-002  7.3240000e+003
  2.0000565e+003  1.3668290e+003  1.5000000e-002  7.3250000e+003
  2.0000589e+003  1.3669021e+003  1.5000000e-002  7.3260000e+003
  2.0000619e+003  1.3670543e+003  1.5000000e-002  7.3270000e+003
  2.0000645e+003  1.3670674e+003  1.6000000e-002  7.3280000e+003
  2.0000672e+003  1.3667910e+003  1.5000000e-002  7.3290000e+003
  2.0000699e+003  1.3668340e+003  1.6000000e-002  7.3300000e+003
  2.0000724e+003  1.3667059e+003  1.5000000e-002  7.3310000e+003
  2.0000752e+003  1.3669362e+003  1.5000000e-002  7.3320000e+003
  2.0000778e+003  1.3669943e+003  1.5000000e-002  7.3330000e+003
  2.0000806e+003  1.3668050e+003  1.5000000e-002  7.3340000e+003
  2.0000832e+003  1.3667379e+003  1.5000000e-002  7.3350000e+003
  2.0000860e+003  1.3667159e+003  1.5000000e-002  7.3360000e+003
  2.0000888e+003  1.3671845e+003  1.4000000e-002  7.3370000e+003
  2.0000916e+003  1.3672907e+003  1.5000000e-002  7.3380000e+003
  2.0000930e+003  1.3672116e+003  1.4000000e-002  7.3390000e+003
  2.0001053e+003  1.3669382e+003  1.5000000e-002  7.3430000e+003
  2.0001076e+003  1.3676121e+003  1.6000000e-002  7.3440000e+003
  2.0001107e+003  1.3674759e+003  1.7000000e-002  7.3450000e+003
  2.0001135e+003  1.3673648e+003  1.5000000e-002  7.3460000e+003
  2.0001162e+003  1.3675651e+003  1.5000000e-002  7.3470000e+003
  2.0001189e+003  1.3670884e+003  1.5000000e-002  7.3480000e+003
  2.0001217e+003  1.3674799e+003  1.4000000e-002  7.3490000e+003
  2.0001244e+003  1.3673788e+003  1.6000000e-002  7.3500000e+003
  2.0001265e+003  1.3676502e+003  1.5000000e-002  7.3510000e+003
  2.0001300e+003  1.3670053e+003  1.5000000e-002  7.3520000e+003
  2.0001328e+003  1.3674839e+003  1.5000000e-002  7.3530000e+003
  2.0001381e+003  1.3670824e+003  1.5000000e-002  7.3550000e+003
  2.0001410e+003  1.3668821e+003  1.5000000e-002  7.3560000e+003
  2.0001436e+003  1.3669282e+003  1.4000000e-002  7.3570000e+003
  2.0001464e+003  1.3667539e+003  1.6000000e-002  7.3580000e+003
  2.0001491e+003  1.3668250e+003  1.5000000e-002  7.3590000e+003
  2.0001519e+003  1.3664475e+003  1.5000000e-002  7.3600000e+003
  2.0001545e+003  1.3660920e+003  1.5000000e-002  7.3610000e+003
  2.0001574e+003  1.3659778e+003  1.5000000e-002  7.3620000e+003
  2.0001601e+003  1.3658396e+003  1.6000000e-002  7.3630000e+003
  2.0001629e+003  1.3659458e+003  1.5000000e-002  7.3640000e+003
  2.0001654e+003  1.3652038e+003  1.5000000e-002  7.3650000e+003
  2.0001681e+003  1.3654581e+003  1.5000000e-002  7.3660000e+003
  2.0001710e+003  1.3662362e+003  1.4000000e-002  7.3670000e+003
  2.0001737e+003  1.3665276e+003  1.6000000e-002  7.3680000e+003
  2.0001764e+003  1.3671575e+003  1.5000000e-002  7.3690000e+003
  2.0001791e+003  1.3666748e+003  1.5000000e-002  7.3700000e+003
  2.0001818e+003  1.3668741e+003  1.5000000e-002  7.3710000e+003
  2.0001846e+003  1.3666187e+003  1.6000000e-002  7.3720000e+003
  2.0001873e+003  1.3667009e+003  1.5000000e-002  7.3730000e+003
  2.0001901e+003  1.3665967e+003  1.5000000e-002  7.3740000e+003
  2.0001928e+003  1.3667429e+003  1.5000000e-002  7.3750000e+003
  2.0001955e+003  1.3661981e+003  1.4000000e-002  7.3760000e+003
  2.0001982e+003  1.3665787e+003  1.5000000e-002  7.3770000e+003
  2.0002011e+003  1.3665166e+003  1.5000000e-002  7.3780000e+003
  2.0002035e+003  1.3665436e+003  1.5000000e-002  7.3790000e+003
  2.0002064e+003  1.3666658e+003  1.5000000e-002  7.3800000e+003
  2.0002093e+003  1.3670624e+003  1.5000000e-002  7.3810000e+003
  2.0002120e+003  1.3666818e+003  1.4000000e-002  7.3820000e+003
  2.0002148e+003  1.3669562e+003  1.4000000e-002  7.3830000e+003
  2.0002171e+003  1.3659458e+003  1.5000000e-002  7.3840000e+003
  2.0002201e+003  1.3665116e+003  1.5000000e-002  7.3850000e+003
  2.0002226e+003  1.3664605e+003  1.5000000e-002  7.3860000e+003
  2.0002242e+003  1.3660119e+003  1.5000000e-002  7.3870000e+003
  2.0002284e+003  1.3666578e+003  1.5000000e-002  7.3880000e+003
  2.0002310e+003  1.3666448e+003  1.5000000e-002  7.3890000e+003
  2.0002333e+003  1.3671024e+003  1.7000000e-002  7.3900000e+003
  2.0002366e+003  1.3668961e+003  1.5000000e-002  7.3910000e+003
  2.0002394e+003  1.3671495e+003  1.4000000e-002  7.3920000e+003
  2.0002421e+003  1.3670914e+003  1.5000000e-002  7.3930000e+003
  2.0002448e+003  1.3670664e+003  1.5000000e-002  7.3940000e+003
  2.0002475e+003  1.3672636e+003  1.4000000e-002  7.3950000e+003
  2.0002504e+003  1.3671254e+003  1.5000000e-002  7.3960000e+003
  2.0002529e+003  1.3673137e+003  1.5000000e-002  7.3970000e+003
  2.0002557e+003  1.3674048e+003  1.5000000e-002  7.3980000e+003
  2.0002583e+003  1.3670734e+003  1.4000000e-002  7.3990000e+003
  2.0002612e+003  1.3669111e+003  1.6000000e-002  7.4000000e+003
  2.0002612e+003  1.3675040e+003  8.0000000e-003  7.4010000e+003
  2.0002636e+003  1.3675510e+003  8.0000000e-003  7.4020000e+003
  2.0002651e+003  1.3674840e+003  6.0000000e-003  7.4030000e+003
  2.0002731e+003  1.3673140e+003  2.8000000e-002  7.4050000e+003
  2.0002747e+003  1.3674420e+003  7.0000000e-003  7.4060000e+003
  2.0002775e+003  1.3673850e+003  8.0000000e-003  7.4070000e+003
  2.0002801e+003  1.3674710e+003  2.1000000e-002  7.4080000e+003
  2.0002827e+003  1.3673770e+003  9.0000000e-003  7.4090000e+003
  2.0002855e+003  1.3672840e+003  6.0000000e-003  7.4100000e+003
  2.0002883e+003  1.3671960e+003  1.0000000e-002  7.4110000e+003
  2.0002910e+003  1.3670770e+003  8.0000000e-003  7.4120000e+003
  2.0002937e+003  1.3671170e+003  7.0000000e-003  7.4130000e+003
  2.0002964e+003  1.3671150e+003  1.0000000e-002  7.4140000e+003
  2.0002992e+003  1.3672290e+003  7.0000000e-003  7.4150000e+003
  2.0003019e+003  1.3672920e+003  1.0000000e-002  7.4160000e+003
  2.0003166e+003  1.3650670e+003  1.9000000e-002  7.4210000e+003
  2.0003183e+003  1.3652700e+003  8.0000000e-003  7.4220000e+003
  2.0003210e+003  1.3656460e+003  9.0000000e-003  7.4230000e+003
  2.0003235e+003  1.3656820e+003  1.0000000e-002  7.4240000e+003
  2.0003303e+003  1.3666510e+003  2.4000000e-002  7.4260000e+003
  2.0003319e+003  1.3668750e+003  8.0000000e-003  7.4270000e+003
  2.0003334e+003  1.3670400e+003  2.7000000e-002  7.4280000e+003
  2.0003517e+003  1.3671400e+003  1.8000000e-002  7.4340000e+003
  2.0003551e+003  1.3670290e+003  1.7000000e-002  7.4350000e+003
  2.0003565e+003  1.3668980e+003  9.0000000e-003  7.4360000e+003
  2.0003593e+003  1.3664740e+003  7.0000000e-003  7.4370000e+003
  2.0003620e+003  1.3663920e+003  1.0000000e-002  7.4380000e+003
  2.0003648e+003  1.3664890e+003  6.0000000e-003  7.4390000e+003
  2.0003675e+003  1.3664820e+003  6.0000000e-003  7.4400000e+003
  2.0003702e+003  1.3663470e+003  6.0000000e-003  7.4410000e+003
  2.0003730e+003  1.3660190e+003  9.0000000e-003  7.4420000e+003
  2.0003757e+003  1.3655910e+003  8.0000000e-003  7.4430000e+003
  2.0003784e+003  1.3653370e+003  6.0000000e-003  7.4440000e+003
  2.0003811e+003  1.3651730e+003  8.0000000e-003  7.4450000e+003
  2.0003839e+003  1.3650770e+003  7.0000000e-003  7.4460000e+003
  2.0003866e+003  1.3655010e+003  1.0000000e-002  7.4470000e+003
  2.0003893e+003  1.3660690e+003  9.0000000e-003  7.4480000e+003
  2.0003921e+003  1.3665110e+003  1.2000000e-002  7.4490000e+003
  2.0003948e+003  1.3668140e+003  6.0000000e-003  7.4500000e+003
  2.0003975e+003  1.3668760e+003  6.0000000e-003  7.4510000e+003
  2.0004003e+003  1.3667730e+003  7.0000000e-003  7.4520000e+003
  2.0004030e+003  1.3666160e+003  7.0000000e-003  7.4530000e+003
  2.0004057e+003  1.3665270e+003  7.0000000e-003  7.4540000e+003
  2.0004085e+003  1.3664380e+003  6.0000000e-003  7.4550000e+003
  2.0004112e+003  1.3662570e+003  9.0000000e-003  7.4560000e+003
  2.0004139e+003  1.3661540e+003  6.0000000e-003  7.4570000e+003
  2.0004167e+003  1.3662610e+003  8.0000000e-003  7.4580000e+003
  2.0004194e+003  1.3664600e+003  7.0000000e-003  7.4590000e+003
  2.0004221e+003  1.3665420e+003  6.0000000e-003  7.4600000e+003
  2.0004249e+003  1.3664920e+003  7.0000000e-003  7.4610000e+003
  2.0004276e+003  1.3664280e+003  7.0000000e-003  7.4620000e+003
  2.0004303e+003  1.3664410e+003  7.0000000e-003  7.4630000e+003
  2.0004331e+003  1.3664650e+003  7.0000000e-003  7.4640000e+003
  2.0004358e+003  1.3664670e+003  7.0000000e-003  7.4650000e+003
  2.0004385e+003  1.3664730e+003  8.0000000e-003  7.4660000e+003
  2.0004413e+003  1.3666670e+003  7.0000000e-003  7.4670000e+003
  2.0004440e+003  1.3666610e+003  7.0000000e-003  7.4680000e+003
  2.0004465e+003  1.3665840e+003  1.1000000e-002  7.4690000e+003
  2.0004494e+003  1.3666200e+003  8.0000000e-003  7.4700000e+003
  2.0004514e+003  1.3666900e+003  1.6000000e-002  7.4710000e+003
  2.0004547e+003  1.3670940e+003  1.5000000e-002  7.4720000e+003
  2.0004585e+003  1.3671970e+003  1.4000000e-002  7.4730000e+003
  2.0004604e+003  1.3668660e+003  1.0000000e-002  7.4740000e+003
  2.0004631e+003  1.3666140e+003  1.0000000e-002  7.4750000e+003
  2.0004658e+003  1.3666660e+003  9.0000000e-003  7.4760000e+003
  2.0004696e+003  1.3666700e+003  1.5000000e-002  7.4770000e+003
  2.0004713e+003  1.3667630e+003  9.0000000e-003  7.4780000e+003
  2.0004740e+003  1.3670330e+003  1.0000000e-002  7.4790000e+003
  2.0004774e+003  1.3669790e+003  1.1000000e-002  7.4800000e+003
  2.0004785e+003  1.3669340e+003  1.8000000e-002  7.4810000e+003
  2.0004819e+003  1.3666200e+003  1.0000000e-002  7.4820000e+003
  2.0004857e+003  1.3662520e+003  1.3000000e-002  7.4830000e+003
  2.0004876e+003  1.3661150e+003  1.0000000e-002  7.4840000e+003
  2.0004911e+003  1.3660620e+003  1.6000000e-002  7.4850000e+003
  2.0004932e+003  1.3661000e+003  8.0000000e-003  7.4860000e+003
  2.0004959e+003  1.3663690e+003  1.0000000e-002  7.4870000e+003
  2.0004986e+003  1.3666230e+003  1.2000000e-002  7.4880000e+003
  2.0005014e+003  1.3668340e+003  9.0000000e-003  7.4890000e+003
  2.0005041e+003  1.3668820e+003  1.0000000e-002  7.4900000e+003
  2.0005068e+003  1.3668360e+003  9.0000000e-003  7.4910000e+003
  2.0005096e+003  1.3666640e+003  1.0000000e-002  7.4920000e+003
  2.0005123e+003  1.3664500e+003  9.0000000e-003  7.4930000e+003
  2.0005150e+003  1.3664110e+003  9.0000000e-003  7.4940000e+003
  2.0005178e+003  1.3662780e+003  1.0000000e-002  7.4950000e+003
  2.0005205e+003  1.3663440e+003  9.0000000e-003  7.4960000e+003
  2.0005232e+003  1.3662630e+003  9.0000000e-003  7.4970000e+003
  2.0005260e+003  1.3661760e+003  9.0000000e-003  7.4980000e+003
  2.0005276e+003  1.3661580e+003  2.0000000e-002  7.4990000e+003
  2.0005314e+003  1.3664410e+003  1.0000000e-002  7.5000000e+003
  2.0005340e+003  1.3666960e+003  1.4000000e-002  7.5010000e+003
  2.0005369e+003  1.3668310e+003  1.1000000e-002  7.5020000e+003
  2.0005396e+003  1.3668330e+003  9.0000000e-003  7.5030000e+003
  2.0005424e+003  1.3668060e+003  1.0000000e-002  7.5040000e+003
  2.0005451e+003  1.3666540e+003  1.1000000e-002  7.5050000e+003
  2.0005478e+003  1.3664370e+003  1.1000000e-002  7.5060000e+003
  2.0005505e+003  1.3660930e+003  1.0000000e-002  7.5070000e+003
  2.0005533e+003  1.3659870e+003  1.3000000e-002  7.5080000e+003
  2.0005560e+003  1.3662550e+003  1.1000000e-002  7.5090000e+003
  2.0005587e+003  1.3664510e+003  1.0000000e-002  7.5100000e+003
  2.0005615e+003  1.3666240e+003  1.1000000e-002  7.5110000e+003
  2.0005642e+003  1.3666830e+003  1.0000000e-002  7.5120000e+003
  2.0005669e+003  1.3669160e+003  1.1000000e-002  7.5130000e+003
  2.0005697e+003  1.3670740e+003  1.0000000e-002  7.5140000e+003
  2.0005724e+003  1.3670830e+003  1.1000000e-002  7.5150000e+003
  2.0005751e+003  1.3671210e+003  1.0000000e-002  7.5160000e+003
  2.0005779e+003  1.3672620e+003  1.1000000e-002  7.5170000e+003
  2.0005806e+003  1.3672900e+003  1.2000000e-002  7.5180000e+003
  2.0005830e+003  1.3672710e+003  1.2000000e-002  7.5190000e+003
  2.0005872e+003  1.3671570e+003  2.5000000e-002  7.5200000e+003
  2.0005888e+003  1.3671730e+003  1.3000000e-002  7.5210000e+003
  2.0005915e+003  1.3672320e+003  1.1000000e-002  7.5220000e+003
  2.0005943e+003  1.3671570e+003  1.3000000e-002  7.5230000e+003
  2.0005970e+003  1.3671670e+003  1.1000000e-002  7.5240000e+003
  2.0005997e+003  1.3669660e+003  1.2000000e-002  7.5250000e+003
  2.0006025e+003  1.3669040e+003  1.0000000e-002  7.5260000e+003
  2.0006052e+003  1.3669070e+003  1.1000000e-002  7.5270000e+003
  2.0006079e+003  1.3670910e+003  1.1000000e-002  7.5280000e+003
  2.0006107e+003  1.3673020e+003  1.1000000e-002  7.5290000e+003
  2.0006134e+003  1.3676080e+003  1.1000000e-002  7.5300000e+003
  2.0006161e+003  1.3677080e+003  1.1000000e-002  7.5310000e+003
  2.0006188e+003  1.3675110e+003  1.1000000e-002  7.5320000e+003
  2.0006213e+003  1.3671830e+003  1.5000000e-002  7.5330000e+003
  2.0006253e+003  1.3669840e+003  2.4000000e-002  7.5340000e+003
  2.0006270e+003  1.3671010e+003  1.1000000e-002  7.5350000e+003
  2.0006298e+003  1.3672420e+003  1.2000000e-002  7.5360000e+003
  2.0006325e+003  1.3674250e+003  1.1000000e-002  7.5370000e+003
  2.0006353e+003  1.3674760e+003  1.2000000e-002  7.5380000e+003
  2.0006380e+003  1.3673120e+003  1.2000000e-002  7.5390000e+003
  2.0006398e+003  1.3671260e+003  2.0000000e-002  7.5400000e+003
  2.0006434e+003  1.3668140e+003  1.1000000e-002  7.5410000e+003
  2.0006462e+003  1.3668370e+003  1.0000000e-002  7.5420000e+003
  2.0006486e+003  1.3668790e+003  1.4000000e-002  7.5430000e+003
  2.0006582e+003  1.3666770e+003  2.1000000e-002  7.5460000e+003
  2.0006598e+003  1.3667070e+003  1.1000000e-002  7.5470000e+003
  2.0006626e+003  1.3668430e+003  1.2000000e-002  7.5480000e+003
  2.0006653e+003  1.3669950e+003  1.1000000e-002  7.5490000e+003
  2.0006680e+003  1.3670000e+003  1.0000000e-002  7.5500000e+003
  2.0006708e+003  1.3669220e+003  1.1000000e-002  7.5510000e+003
  2.0006735e+003  1.3669150e+003  1.1000000e-002  7.5520000e+003
  2.0006762e+003  1.3667960e+003  1.1000000e-002  7.5530000e+003
  2.0006790e+003  1.3666610e+003  1.0000000e-002  7.5540000e+003
  2.0006817e+003  1.3669600e+003  1.3000000e-002  7.5550000e+003
  2.0006844e+003  1.3674440e+003  1.2000000e-002  7.5560000e+003
  2.0006871e+003  1.3676940e+003  1.3000000e-002  7.5570000e+003
  2.0006899e+003  1.3677840e+003  1.0000000e-002  7.5580000e+003
  2.0006924e+003  1.3677340e+003  1.2000000e-002  7.5590000e+003
  2.0006954e+003  1.3676210e+003  1.1000000e-002  7.5600000e+003
  2.0006981e+003  1.3674130e+003  1.0000000e-002  7.5610000e+003
  2.0007008e+003  1.3673460e+003  1.2000000e-002  7.5620000e+003
  2.0007036e+003  1.3671020e+003  1.2000000e-002  7.5630000e+003
  2.0007063e+003  1.3669230e+003  1.0000000e-002  7.5640000e+003
  2.0007090e+003  1.3668680e+003  1.1000000e-002  7.5650000e+003
  2.0007227e+003  1.3648330e+003  1.3000000e-002  7.5700000e+003
  2.0007254e+003  1.3644560e+003  1.1000000e-002  7.5710000e+003
  2.0007282e+003  1.3645810e+003  1.3000000e-002  7.5720000e+003
  2.0007309e+003  1.3652010e+003  1.5000000e-002  7.5730000e+003
  2.0007337e+003  1.3660310e+003  2.1000000e-002  7.5740000e+003
  2.0007363e+003  1.3665580e+003  1.2000000e-002  7.5750000e+003
  2.0007391e+003  1.3670830e+003  1.2000000e-002  7.5760000e+003
  2.0007418e+003  1.3674440e+003  1.0000000e-002  7.5770000e+003
  2.0007445e+003  1.3672870e+003  1.0000000e-002  7.5780000e+003
  2.0007473e+003  1.3669620e+003  9.0000000e-003  7.5790000e+003
  2.0007500e+003  1.3665500e+003  1.1000000e-002  7.5800000e+003
  2.0007527e+003  1.3665720e+003  9.0000000e-003  7.5810000e+003
  2.0007555e+003  1.3668960e+003  1.1000000e-002  7.5820000e+003
  2.0007582e+003  1.3672140e+003  1.0000000e-002  7.5830000e+003
  2.0007609e+003  1.3675020e+003  9.0000000e-003  7.5840000e+003
  2.0007637e+003  1.3675580e+003  9.0000000e-003  7.5850000e+003
  2.0007664e+003  1.3675080e+003  9.0000000e-003  7.5860000e+003
  2.0007691e+003  1.3673910e+003  8.0000000e-003  7.5870000e+003
  2.0007719e+003  1.3673450e+003  9.0000000e-003  7.5880000e+003
  2.0007746e+003  1.3671620e+003  1.0000000e-002  7.5890000e+003
  2.0007774e+003  1.3670780e+003  9.0000000e-003  7.5900000e+003
  2.0007800e+003  1.3672080e+003  1.0000000e-002  7.5910000e+003
  2.0007828e+003  1.3673360e+003  9.0000000e-003  7.5920000e+003
  2.0007855e+003  1.3673110e+003  8.0000000e-003  7.5930000e+003
  2.0007882e+003  1.3673740e+003  9.0000000e-003  7.5940000e+003
  2.0007910e+003  1.3675500e+003  9.0000000e-003  7.5950000e+003
  2.0007937e+003  1.3676170e+003  9.0000000e-003  7.5960000e+003
  2.0007964e+003  1.3675640e+003  8.0000000e-003  7.5970000e+003
  2.0007992e+003  1.3674570e+003  8.0000000e-003  7.5980000e+003
  2.0008019e+003  1.3672670e+003  1.0000000e-002  7.5990000e+003
  2.0008046e+003  1.3672090e+003  8.0000000e-003  7.6000000e+003
  2.0008074e+003  1.3673300e+003  8.0000000e-003  7.6010000e+003
  2.0008101e+003  1.3675000e+003  8.0000000e-003  7.6020000e+003
  2.0008128e+003  1.3677070e+003  8.0000000e-003  7.6030000e+003
  2.0008156e+003  1.3678310e+003  8.0000000e-003  7.6040000e+003
  2.0008183e+003  1.3678420e+003  8.0000000e-003  7.6050000e+003
  2.0008210e+003  1.3676810e+003  8.0000000e-003  7.6060000e+003
  2.0008238e+003  1.3676010e+003  7.0000000e-003  7.6070000e+003
  2.0008264e+003  1.3676630e+003  1.0000000e-002  7.6080000e+003
  2.0008292e+003  1.3676070e+003  9.0000000e-003  7.6090000e+003
  2.0008320e+003  1.3675850e+003  7.0000000e-003  7.6100000e+003
  2.0008347e+003  1.3674030e+003  9.0000000e-003  7.6110000e+003
  2.0008374e+003  1.3671170e+003  8.0000000e-003  7.6120000e+003
  2.0008402e+003  1.3669980e+003  7.0000000e-003  7.6130000e+003
  2.0008429e+003  1.3670280e+003  9.0000000e-003  7.6140000e+003
  2.0008456e+003  1.3671800e+003  8.0000000e-003  7.6150000e+003
  2.0008483e+003  1.3674390e+003  1.1000000e-002  7.6160000e+003
  2.0008511e+003  1.3675740e+003  8.0000000e-003  7.6170000e+003
  2.0008538e+003  1.3674870e+003  7.0000000e-003  7.6180000e+003
  2.0008566e+003  1.3672450e+003  9.0000000e-003  7.6190000e+003
  2.0008593e+003  1.3670280e+003  7.0000000e-003  7.6200000e+003
  2.0008620e+003  1.3669900e+003  7.0000000e-003  7.6210000e+003
  2.0008648e+003  1.3670410e+003  8.0000000e-003  7.6220000e+003
  2.0008675e+003  1.3670560e+003  7.0000000e-003  7.6230000e+003
  2.0008702e+003  1.3671400e+003  7.0000000e-003  7.6240000e+003
  2.0008730e+003  1.3672750e+003  8.0000000e-003  7.6250000e+003
  2.0008754e+003  1.3673050e+003  9.0000000e-003  7.6260000e+003
  2.0008822e+003  1.3668490e+003  1.5000000e-002  7.6280000e+003
  2.0008839e+003  1.3668840e+003  6.0000000e-003  7.6290000e+003
  2.0008866e+003  1.3669290e+003  7.0000000e-003  7.6300000e+003
  2.0008893e+003  1.3670560e+003  7.0000000e-003  7.6310000e+003
  2.0008921e+003  1.3671580e+003  7.0000000e-003  7.6320000e+003
  2.0008948e+003  1.3673410e+003  7.0000000e-003  7.6330000e+003
  2.0008975e+003  1.3673610e+003  6.0000000e-003  7.6340000e+003
  2.0009003e+003  1.3674340e+003  7.0000000e-003  7.6350000e+003
  2.0009023e+003  1.3674210e+003  1.8000000e-002  7.6360000e+003
  2.0009068e+003  1.3675220e+003  2.6000000e-002  7.6370000e+003
  2.0009085e+003  1.3673520e+003  7.0000000e-003  7.6380000e+003
  2.0009112e+003  1.3672810e+003  9.0000000e-003  7.6390000e+003
  2.0009139e+003  1.3673030e+003  6.0000000e-003  7.6400000e+003
  2.0009167e+003  1.3674230e+003  7.0000000e-003  7.6410000e+003
  2.0009194e+003  1.3675490e+003  7.0000000e-003  7.6420000e+003
  2.0009221e+003  1.3677290e+003  7.0000000e-003  7.6430000e+003
  2.0009248e+003  1.3678050e+003  7.0000000e-003  7.6440000e+003
  2.0009276e+003  1.3675130e+003  8.0000000e-003  7.6450000e+003
  2.0009303e+003  1.3671850e+003  7.0000000e-003  7.6460000e+003
  2.0009331e+003  1.3670630e+003  6.0000000e-003  7.6470000e+003
  2.0009358e+003  1.3670990e+003  7.0000000e-003  7.6480000e+003
  2.0009385e+003  1.3671370e+003  6.0000000e-003  7.6490000e+003
  2.0009413e+003  1.3672670e+003  7.0000000e-003  7.6500000e+003
  2.0009439e+003  1.3673580e+003  6.0000000e-003  7.6510000e+003
  2.0009467e+003  1.3673690e+003  6.0000000e-003  7.6520000e+003
  2.0009494e+003  1.3672260e+003  6.0000000e-003  7.6530000e+003
  2.0009522e+003  1.3670930e+003  9.0000000e-003  7.6540000e+003
  2.0009549e+003  1.3670470e+003  7.0000000e-003  7.6550000e+003
  2.0009577e+003  1.3672140e+003  8.0000000e-003  7.6560000e+003
  2.0009604e+003  1.3674150e+003  7.0000000e-003  7.6570000e+003
  2.0009631e+003  1.3676980e+003  6.0000000e-003  7.6580000e+003
  2.0009659e+003  1.3677500e+003  6.0000000e-003  7.6590000e+003
  2.0009683e+003  1.3677220e+003  7.0000000e-003  7.6600000e+003
  2.0009723e+003  1.3674690e+003  1.1000000e-002  7.6610000e+003
  2.0009740e+003  1.3673630e+003  6.0000000e-003  7.6620000e+003
  2.0009768e+003  1.3672300e+003  6.0000000e-003  7.6630000e+003
  2.0009795e+003  1.3671710e+003  6.0000000e-003  7.6640000e+003
  2.0009822e+003  1.3671560e+003  5.0000000e-003  7.6650000e+003
  2.0009850e+003  1.3671660e+003  5.0000000e-003  7.6660000e+003
  2.0009877e+003  1.3672120e+003  6.0000000e-003  7.6670000e+003
  2.0009904e+003  1.3671590e+003  6.0000000e-003  7.6680000e+003
  2.0009932e+003  1.3670660e+003  7.0000000e-003  7.6690000e+003
  2.0009959e+003  1.3669120e+003  5.0000000e-003  7.6700000e+003
  2.0009986e+003  1.3666730e+003  7.0000000e-003  7.6710000e+003
  2.0010014e+003  1.3665310e+003  6.0000000e-003  7.6720000e+003
  2.0010042e+003  1.3666480e+003  6.0000000e-003  7.6730000e+003
  2.0010068e+003  1.3668120e+003  6.0000000e-003  7.6740000e+003
  2.0010096e+003  1.3669150e+003  6.0000000e-003  7.6750000e+003
  2.0010123e+003  1.3671070e+003  7.0000000e-003  7.6760000e+003
  2.0010151e+003  1.3673350e+003  7.0000000e-003  7.6770000e+003
  2.0010178e+003  1.3674400e+003  6.0000000e-003  7.6780000e+003
  2.0010205e+003  1.3674220e+003  6.0000000e-003  7.6790000e+003
  2.0010233e+003  1.3673390e+003  6.0000000e-003  7.6800000e+003
  2.0010260e+003  1.3671900e+003  7.0000000e-003  7.6810000e+003
  2.0010288e+003  1.3670370e+003  7.0000000e-003  7.6820000e+003
  2.0010315e+003  1.3668450e+003  6.0000000e-003  7.6830000e+003
  2.0010342e+003  1.3667240e+003  7.0000000e-003  7.6840000e+003
  2.0010370e+003  1.3668440e+003  7.0000000e-003  7.6850000e+003
  2.0010397e+003  1.3670750e+003  8.0000000e-003  7.6860000e+003
  2.0010425e+003  1.3673360e+003  7.0000000e-003  7.6870000e+003
  2.0010452e+003  1.3674870e+003  8.0000000e-003  7.6880000e+003
  2.0010484e+003  1.3675560e+003  1.4000000e-002  7.6890000e+003
  2.0010506e+003  1.3674430e+003  8.0000000e-003  7.6900000e+003
  2.0010534e+003  1.3673590e+003  8.0000000e-003  7.6910000e+003
  2.0010562e+003  1.3672840e+003  8.0000000e-003  7.6920000e+003
  2.0010589e+003  1.3672900e+003  8.0000000e-003  7.6930000e+003
  2.0010617e+003  1.3673900e+003  8.0000000e-003  7.6940000e+003
  2.0010644e+003  1.3672310e+003  1.0000000e-002  7.6950000e+003
  2.0010671e+003  1.3671860e+003  9.0000000e-003  7.6960000e+003
  2.0010699e+003  1.3672620e+003  1.1000000e-002  7.6970000e+003
  2.0010726e+003  1.3672310e+003  8.0000000e-003  7.6980000e+003
  2.0010753e+003  1.3672320e+003  9.0000000e-003  7.6990000e+003
  2.0010781e+003  1.3673410e+003  9.0000000e-003  7.7000000e+003
  2.0010808e+003  1.3673910e+003  9.0000000e-003  7.7010000e+003
  2.0010835e+003  1.3675030e+003  9.0000000e-003  7.7020000e+003
  2.0010863e+003  1.3675730e+003  1.0000000e-002  7.7030000e+003
  2.0010891e+003  1.3675190e+003  1.0000000e-002  7.7040000e+003
  2.0010918e+003  1.3675150e+003  9.0000000e-003  7.7050000e+003
  2.0010945e+003  1.3676120e+003  1.2000000e-002  7.7060000e+003
  2.0010973e+003  1.3675410e+003  1.0000000e-002  7.7070000e+003
  2.0011000e+003  1.3672690e+003  1.0000000e-002  7.7080000e+003
  2.0011027e+003  1.3671600e+003  1.0000000e-002  7.7090000e+003
  2.0011055e+003  1.3671430e+003  1.1000000e-002  7.7100000e+003
  2.0011082e+003  1.3672090e+003  1.0000000e-002  7.7110000e+003
  2.0011110e+003  1.3671270e+003  1.1000000e-002  7.7120000e+003
  2.0011137e+003  1.3671800e+003  1.0000000e-002  7.7130000e+003
  2.0011164e+003  1.3672800e+003  1.1000000e-002  7.7140000e+003
  2.0011192e+003  1.3672190e+003  1.0000000e-002  7.7150000e+003
  2.0011219e+003  1.3672240e+003  1.2000000e-002  7.7160000e+003
  2.0011247e+003  1.3672230e+003  1.0000000e-002  7.7170000e+003
  2.0011274e+003  1.3671900e+003  9.0000000e-003  7.7180000e+003
  2.0011301e+003  1.3671600e+003  1.1000000e-002  7.7190000e+003
  2.0011329e+003  1.3671590e+003  1.1000000e-002  7.7200000e+003
  2.0011356e+003  1.3671030e+003  1.0000000e-002  7.7210000e+003
  2.0011383e+003  1.3670970e+003  1.0000000e-002  7.7220000e+003
  2.0011410e+003  1.3672470e+003  1.7000000e-002  7.7230000e+003
  2.0011438e+003  1.3673620e+003  1.1000000e-002  7.7240000e+003
  2.0011466e+003  1.3673130e+003  1.1000000e-002  7.7250000e+003
  2.0011493e+003  1.3673000e+003  1.0000000e-002  7.7260000e+003
  2.0011525e+003  1.3672790e+003  1.2000000e-002  7.7270000e+003
  2.0011548e+003  1.3671750e+003  1.2000000e-002  7.7280000e+003
  2.0011575e+003  1.3672200e+003  1.0000000e-002  7.7290000e+003
  2.0011603e+003  1.3672380e+003  1.1000000e-002  7.7300000e+003
  2.0011630e+003  1.3673490e+003  1.0000000e-002  7.7310000e+003
  2.0011658e+003  1.3674390e+003  1.0000000e-002  7.7320000e+003
  2.0011685e+003  1.3674300e+003  1.0000000e-002  7.7330000e+003
  2.0011712e+003  1.3672030e+003  1.0000000e-002  7.7340000e+003
  2.0011740e+003  1.3670160e+003  1.1000000e-002  7.7350000e+003
  2.0011767e+003  1.3667690e+003  9.0000000e-003  7.7360000e+003
  2.0011795e+003  1.3667360e+003  1.0000000e-002  7.7370000e+003
  2.0011822e+003  1.3668190e+003  1.0000000e-002  7.7380000e+003
  2.0011849e+003  1.3670560e+003  1.0000000e-002  7.7390000e+003
  2.0011877e+003  1.3672110e+003  1.1000000e-002  7.7400000e+003
  2.0011904e+003  1.3673740e+003  8.0000000e-003  7.7410000e+003
  2.0011930e+003  1.3674090e+003  1.2000000e-002  7.7420000e+003
  2.0011959e+003  1.3672650e+003  1.0000000e-002  7.7430000e+003
  2.0011986e+003  1.3670400e+003  9.0000000e-003  7.7440000e+003
  2.0012008e+003  1.3669320e+003  1.5000000e-002  7.7450000e+003
  2.0012033e+003  1.3669540e+003  1.5000000e-002  7.7460000e+003
  2.0012069e+003  1.3671290e+003  9.0000000e-003  7.7470000e+003
  2.0012096e+003  1.3671120e+003  9.0000000e-003  7.7480000e+003
  2.0012123e+003  1.3672060e+003  8.0000000e-003  7.7490000e+003
  2.0012151e+003  1.3673100e+003  9.0000000e-003  7.7500000e+003
  2.0012178e+003  1.3672880e+003  9.0000000e-003  7.7510000e+003
  2.0012205e+003  1.3670700e+003  8.0000000e-003  7.7520000e+003
  2.0012233e+003  1.3668880e+003  9.0000000e-003  7.7530000e+003
  2.0012260e+003  1.3667520e+003  9.0000000e-003  7.7540000e+003
  2.0012288e+003  1.3664350e+003  1.0000000e-002  7.7550000e+003
  2.0012315e+003  1.3658800e+003  1.3000000e-002  7.7560000e+003
  2.0012342e+003  1.3648850e+003  1.5000000e-002  7.7570000e+003
  2.0012370e+003  1.3645090e+003  7.0000000e-003  7.7580000e+003
  2.0012397e+003  1.3647200e+003  9.0000000e-003  7.7590000e+003
  2.0012425e+003  1.3650820e+003  1.1000000e-002  7.7600000e+003
  2.0012452e+003  1.3656050e+003  1.0000000e-002  7.7610000e+003
  2.0012479e+003  1.3660210e+003  9.0000000e-003  7.7620000e+003
  2.0012507e+003  1.3664860e+003  9.0000000e-003  7.7630000e+003
  2.0012534e+003  1.3668770e+003  1.0000000e-002  7.7640000e+003
  2.0012560e+003  1.3671110e+003  1.3000000e-002  7.7650000e+003
  2.0012589e+003  1.3669760e+003  9.0000000e-003  7.7660000e+003
  2.0012616e+003  1.3665870e+003  8.0000000e-003  7.7670000e+003
  2.0012644e+003  1.3663820e+003  7.0000000e-003  7.7680000e+003
  2.0012671e+003  1.3662190e+003  7.0000000e-003  7.7690000e+003
  2.0012699e+003  1.3660950e+003  7.0000000e-003  7.7700000e+003
  2.0012726e+003  1.3661490e+003  1.1000000e-002  7.7710000e+003
  2.0012754e+003  1.3662310e+003  8.0000000e-003  7.7720000e+003
  2.0012781e+003  1.3664310e+003  7.0000000e-003  7.7730000e+003
  2.0012808e+003  1.3666990e+003  7.0000000e-003  7.7740000e+003
  2.0012835e+003  1.3668450e+003  7.0000000e-003  7.7750000e+003
  2.0012863e+003  1.3669230e+003  7.0000000e-003  7.7760000e+003
  2.0012890e+003  1.3668360e+003  6.0000000e-003  7.7770000e+003
  2.0012918e+003  1.3667600e+003  7.0000000e-003  7.7780000e+003
  2.0012945e+003  1.3667150e+003  7.0000000e-003  7.7790000e+003
  2.0012973e+003  1.3667050e+003  7.0000000e-003  7.7800000e+003
  2.0013000e+003  1.3666170e+003  8.0000000e-003  7.7810000e+003
  2.0013027e+003  1.3662660e+003  1.3000000e-002  7.7820000e+003
  2.0013055e+003  1.3661100e+003  9.0000000e-003  7.7830000e+003
  2.0013082e+003  1.3661020e+003  7.0000000e-003  7.7840000e+003
  2.0013110e+003  1.3660660e+003  6.0000000e-003  7.7850000e+003
  2.0013137e+003  1.3661460e+003  6.0000000e-003  7.7860000e+003
  2.0013164e+003  1.3663600e+003  7.0000000e-003  7.7870000e+003
  2.0013192e+003  1.3664960e+003  7.0000000e-003  7.7880000e+003
  2.0013219e+003  1.3666960e+003  7.0000000e-003  7.7890000e+003
  2.0013237e+003  1.3667910e+003  1.1000000e-002  7.7900000e+003
  2.0013285e+003  1.3664130e+003  2.1000000e-002  7.7910000e+003
  2.0013301e+003  1.3667560e+003  6.0000000e-003  7.7920000e+003
  2.0013327e+003  1.3668600e+003  7.0000000e-003  7.7930000e+003
  2.0013353e+003  1.3668460e+003  2.6000000e-002  7.7940000e+003
  2.0013384e+003  1.3667110e+003  7.0000000e-003  7.7950000e+003
  2.0013411e+003  1.3669270e+003  8.0000000e-003  7.7960000e+003
  2.0013438e+003  1.3669910e+003  9.0000000e-003  7.7970000e+003
  2.0013466e+003  1.3669070e+003  1.2000000e-002  7.7980000e+003
  2.0013493e+003  1.3668720e+003  5.0000000e-003  7.7990000e+003
  2.0013521e+003  1.3668090e+003  5.0000000e-003  7.8000000e+003
  2.0013548e+003  1.3667130e+003  7.0000000e-003  7.8010000e+003
  2.0013575e+003  1.3664280e+003  6.0000000e-003  7.8020000e+003
  2.0013603e+003  1.3660930e+003  8.0000000e-003  7.8030000e+003
  2.0013630e+003  1.3659880e+003  7.0000000e-003  7.8040000e+003
  2.0013657e+003  1.3660910e+003  7.0000000e-003  7.8050000e+003
  2.0013685e+003  1.3663270e+003  7.0000000e-003  7.8060000e+003
  2.0013712e+003  1.3665860e+003  7.0000000e-003  7.8070000e+003
  2.0013740e+003  1.3668190e+003  6.0000000e-003  7.8080000e+003
  2.0013767e+003  1.3669470e+003  6.0000000e-003  7.8090000e+003
  2.0013794e+003  1.3669210e+003  6.0000000e-003  7.8100000e+003
  2.0013822e+003  1.3668620e+003  6.0000000e-003  7.8110000e+003
  2.0013849e+003  1.3667060e+003  8.0000000e-003  7.8120000e+003
  2.0013877e+003  1.3664370e+003  1.3000000e-002  7.8130000e+003
  2.0013904e+003  1.3661400e+003  7.0000000e-003  7.8140000e+003
  2.0013932e+003  1.3660540e+003  7.0000000e-003  7.8150000e+003
  2.0013956e+003  1.3661920e+003  8.0000000e-003  7.8160000e+003
  2.0013993e+003  1.3665240e+003  1.3000000e-002  7.8170000e+003
  2.0014014e+003  1.3667720e+003  9.0000000e-003  7.8180000e+003
  2.0014041e+003  1.3670460e+003  8.0000000e-003  7.8190000e+003
  2.0014069e+003  1.3671630e+003  8.0000000e-003  7.8200000e+003
  2.0014096e+003  1.3671050e+003  9.0000000e-003  7.8210000e+003
  2.0014123e+003  1.3669690e+003  1.0000000e-002  7.8220000e+003
  2.0014151e+003  1.3669050e+003  8.0000000e-003  7.8230000e+003
  2.0014179e+003  1.3668400e+003  1.0000000e-002  7.8240000e+003
  2.0014206e+003  1.3666920e+003  9.0000000e-003  7.8250000e+003
  2.0014233e+003  1.3664290e+003  9.0000000e-003  7.8260000e+003
  2.0014260e+003  1.3664110e+003  9.0000000e-003  7.8270000e+003
  2.0014288e+003  1.3664580e+003  1.1000000e-002  7.8280000e+003
  2.0014316e+003  1.3664150e+003  9.0000000e-003  7.8290000e+003
  2.0014343e+003  1.3660110e+003  1.4000000e-002  7.8300000e+003
  2.0014370e+003  1.3655040e+003  1.0000000e-002  7.8310000e+003
  2.0014397e+003  1.3655630e+003  9.0000000e-003  7.8320000e+003
  2.0014423e+003  1.3658650e+003  1.8000000e-002  7.8330000e+003
  2.0014452e+003  1.3663370e+003  1.1000000e-002  7.8340000e+003
  2.0014479e+003  1.3665480e+003  1.1000000e-002  7.8350000e+003
  2.0014507e+003  1.3665530e+003  9.0000000e-003  7.8360000e+003
  2.0014534e+003  1.3665500e+003  1.0000000e-002  7.8370000e+003
  2.0014562e+003  1.3662150e+003  1.2000000e-002  7.8380000e+003
  2.0014589e+003  1.3659440e+003  1.1000000e-002  7.8390000e+003
  2.0014616e+003  1.3657200e+003  1.1000000e-002  7.8400000e+003
  2.0014644e+003  1.3656180e+003  1.0000000e-002  7.8410000e+003
  2.0014671e+003  1.3655830e+003  1.2000000e-002  7.8420000e+003
  2.0014699e+003  1.3658500e+003  1.2000000e-002  7.8430000e+003
  2.0014726e+003  1.3663350e+003  1.2000000e-002  7.8440000e+003
  2.0014753e+003  1.3666460e+003  1.0000000e-002  7.8450000e+003
  2.0014781e+003  1.3668310e+003  1.2000000e-002  7.8460000e+003
  2.0014808e+003  1.3668650e+003  1.1000000e-002  7.8470000e+003
  2.0014836e+003  1.3667200e+003  1.0000000e-002  7.8480000e+003
  2.0014863e+003  1.3667130e+003  1.2000000e-002  7.8490000e+003
  2.0014890e+003  1.3667860e+003  1.1000000e-002  7.8500000e+003
  2.0014918e+003  1.3668460e+003  1.0000000e-002  7.8510000e+003
  2.0014945e+003  1.3669380e+003  1.1000000e-002  7.8520000e+003
  2.0014973e+003  1.3670840e+003  7.0000000e-003  7.8530000e+003
  2.0015000e+003  1.3672230e+003  6.0000000e-003  7.8540000e+003
  2.0015027e+003  1.3671850e+003  7.0000000e-003  7.8550000e+003
  2.0015055e+003  1.3669940e+003  1.1000000e-002  7.8560000e+003
  2.0015082e+003  1.3668020e+003  6.0000000e-003  7.8570000e+003
  2.0015110e+003  1.3666800e+003  8.0000000e-003  7.8580000e+003
  2.0015137e+003  1.3665590e+003  6.0000000e-003  7.8590000e+003
  2.0015164e+003  1.3664750e+003  6.0000000e-003  7.8600000e+003
  2.0015192e+003  1.3664910e+003  1.0000000e-002  7.8610000e+003
  2.0015219e+003  1.3666610e+003  7.0000000e-003  7.8620000e+003
  2.0015247e+003  1.3668430e+003  8.0000000e-003  7.8630000e+003
  2.0015274e+003  1.3668880e+003  6.0000000e-003  7.8640000e+003
  2.0015301e+003  1.3668090e+003  6.0000000e-003  7.8650000e+003
  2.0015329e+003  1.3665520e+003  9.0000000e-003  7.8660000e+003
  2.0015356e+003  1.3663140e+003  7.0000000e-003  7.8670000e+003
  2.0015384e+003  1.3661790e+003  8.0000000e-003  7.8680000e+003
  2.0015411e+003  1.3662150e+003  7.0000000e-003  7.8690000e+003
  2.0015438e+003  1.3664210e+003  9.0000000e-003  7.8700000e+003
  2.0015466e+003  1.3665750e+003  7.0000000e-003  7.8710000e+003
  2.0015493e+003  1.3665660e+003  7.0000000e-003  7.8720000e+003
  2.0015511e+003  1.3664860e+003  1.2000000e-002  7.8730000e+003
  2.0015560e+003  1.3663910e+003  2.1000000e-002  7.8740000e+003
  2.0015575e+003  1.3664230e+003  7.0000000e-003  7.8750000e+003
  2.0015603e+003  1.3664560e+003  6.0000000e-003  7.8760000e+003
  2.0015630e+003  1.3665070e+003  8.0000000e-003  7.8770000e+003
  2.0015657e+003  1.3665400e+003  6.0000000e-003  7.8780000e+003
  2.0015685e+003  1.3666220e+003  7.0000000e-003  7.8790000e+003
  2.0015712e+003  1.3666730e+003  7.0000000e-003  7.8800000e+003
  2.0015737e+003  1.3667440e+003  1.0000000e-002  7.8810000e+003
  2.0015767e+003  1.3667720e+003  9.0000000e-003  7.8820000e+003
  2.0015795e+003  1.3667460e+003  8.0000000e-003  7.8830000e+003
  2.0015822e+003  1.3666750e+003  9.0000000e-003  7.8840000e+003
  2.0015849e+003  1.3665570e+003  7.0000000e-003  7.8850000e+003
  2.0015877e+003  1.3664010e+003  1.0000000e-002  7.8860000e+003
  2.0015904e+003  1.3659790e+003  9.0000000e-003  7.8870000e+003
  2.0015926e+003  1.3657480e+003  1.6000000e-002  7.8880000e+003
  2.0015963e+003  1.3659330e+003  1.0000000e-002  7.8890000e+003
  2.0015991e+003  1.3660550e+003  2.8000000e-002  7.8900000e+003
  2.0016014e+003  1.3662790e+003  1.0000000e-002  7.8910000e+003
  2.0016041e+003  1.3664930e+003  7.0000000e-003  7.8920000e+003
  2.0016068e+003  1.3665320e+003  1.0000000e-002  7.8930000e+003
  2.0016086e+003  1.3662590e+003  1.1000000e-002  7.8940000e+003
  2.0016130e+003  1.3662030e+003  1.0000000e-002  7.8950000e+003
  2.0016151e+003  1.3663460e+003  1.0000000e-002  7.8960000e+003
  2.0016178e+003  1.3665850e+003  7.0000000e-003  7.8970000e+003
  2.0016205e+003  1.3667780e+003  8.0000000e-003  7.8980000e+003
  2.0016233e+003  1.3669470e+003  8.0000000e-003  7.8990000e+003
  2.0016260e+003  1.3670540e+003  8.0000000e-003  7.9000000e+003
  2.0016288e+003  1.3667720e+003  1.2000000e-002  7.9010000e+003
  2.0016315e+003  1.3664640e+003  8.0000000e-003  7.9020000e+003
  2.0016339e+003  1.3662650e+003  1.0000000e-002  7.9030000e+003
  2.0016406e+003  1.3661020e+003  2.3000000e-002  7.9050000e+003
  2.0016425e+003  1.3665350e+003  9.0000000e-003  7.9060000e+003
  2.0016452e+003  1.3666620e+003  7.0000000e-003  7.9070000e+003
  2.0016480e+003  1.3666010e+003  7.0000000e-003  7.9080000e+003
  2.0016507e+003  1.3664390e+003  8.0000000e-003  7.9090000e+003
  2.0016534e+003  1.3663710e+003  6.0000000e-003  7.9100000e+003
  2.0016561e+003  1.3663730e+003  8.0000000e-003  7.9110000e+003
  2.0016589e+003  1.3663190e+003  9.0000000e-003  7.9120000e+003
  2.0016616e+003  1.3661380e+003  7.0000000e-003  7.9130000e+003
  2.0016644e+003  1.3661010e+003  6.0000000e-003  7.9140000e+003
  2.0016671e+003  1.3661170e+003  6.0000000e-003  7.9150000e+003
  2.0016699e+003  1.3660550e+003  7.0000000e-003  7.9160000e+003
  2.0016726e+003  1.3660650e+003  7.0000000e-003  7.9170000e+003
  2.0016753e+003  1.3661170e+003  7.0000000e-003  7.9180000e+003
  2.0016781e+003  1.3661970e+003  7.0000000e-003  7.9190000e+003
  2.0016808e+003  1.3664350e+003  8.0000000e-003  7.9200000e+003
  2.0016836e+003  1.3665070e+003  7.0000000e-003  7.9210000e+003
  2.0016863e+003  1.3662650e+003  8.0000000e-003  7.9220000e+003
  2.0016891e+003  1.3658770e+003  9.0000000e-003  7.9230000e+003
  2.0016918e+003  1.3655440e+003  8.0000000e-003  7.9240000e+003
  2.0016945e+003  1.3656240e+003  7.0000000e-003  7.9250000e+003
  2.0016973e+003  1.3658900e+003  8.0000000e-003  7.9260000e+003
  2.0017000e+003  1.3662430e+003  8.0000000e-003  7.9270000e+003
  2.0017027e+003  1.3665310e+003  1.0000000e-002  7.9280000e+003
  2.0017055e+003  1.3668340e+003  7.0000000e-003  7.9290000e+003
  2.0017082e+003  1.3669480e+003  7.0000000e-003  7.9300000e+003
  2.0017109e+003  1.3669240e+003  8.0000000e-003  7.9310000e+003
  2.0017137e+003  1.3667170e+003  7.0000000e-003  7.9320000e+003
  2.0017164e+003  1.3665770e+003  8.0000000e-003  7.9330000e+003
  2.0017192e+003  1.3664200e+003  9.0000000e-003  7.9340000e+003
  2.0017219e+003  1.3662400e+003  8.0000000e-003  7.9350000e+003
  2.0017247e+003  1.3659730e+003  8.0000000e-003  7.9360000e+003
  2.0017274e+003  1.3658110e+003  9.0000000e-003  7.9370000e+003
  2.0017301e+003  1.3656110e+003  7.0000000e-003  7.9380000e+003
  2.0017329e+003  1.3655610e+003  7.0000000e-003  7.9390000e+003
  2.0017356e+003  1.3657630e+003  7.0000000e-003  7.9400000e+003
  2.0017383e+003  1.3659360e+003  8.0000000e-003  7.9410000e+003
  2.0017411e+003  1.3661260e+003  7.0000000e-003  7.9420000e+003
  2.0017439e+003  1.3662910e+003  1.0000000e-002  7.9430000e+003
  2.0017466e+003  1.3664550e+003  7.0000000e-003  7.9440000e+003
  2.0017493e+003  1.3666010e+003  7.0000000e-003  7.9450000e+003
  2.0017521e+003  1.3668230e+003  8.0000000e-003  7.9460000e+003
  2.0017548e+003  1.3671620e+003  9.0000000e-003  7.9470000e+003
  2.0017575e+003  1.3675020e+003  7.0000000e-003  7.9480000e+003
  2.0017603e+003  1.3675810e+003  7.0000000e-003  7.9490000e+003
  2.0017630e+003  1.3673910e+003  7.0000000e-003  7.9500000e+003
  2.0017658e+003  1.3672040e+003  9.0000000e-003  7.9510000e+003
  2.0017682e+003  1.3670800e+003  1.0000000e-002  7.9520000e+003
  2.0017712e+003  1.3671830e+003  7.0000000e-003  7.9530000e+003
  2.0017736e+003  1.3673060e+003  7.0000000e-003  7.9540000e+003
  2.0017778e+003  1.3673670e+003  1.5000000e-002  7.9550000e+003
  2.0017795e+003  1.3672680e+003  6.0000000e-003  7.9560000e+003
  2.0017822e+003  1.3670330e+003  8.0000000e-003  7.9570000e+003
  2.0017849e+003  1.3667050e+003  7.0000000e-003  7.9580000e+003
  2.0017877e+003  1.3665300e+003  9.0000000e-003  7.9590000e+003
  2.0017904e+003  1.3664440e+003  6.0000000e-003  7.9600000e+003
  2.0017931e+003  1.3664340e+003  7.0000000e-003  7.9610000e+003
  2.0017959e+003  1.3664700e+003  8.0000000e-003  7.9620000e+003
  2.0017986e+003  1.3666150e+003  7.0000000e-003  7.9630000e+003
  2.0018014e+003  1.3667440e+003  7.0000000e-003  7.9640000e+003
  2.0018041e+003  1.3667700e+003  6.0000000e-003  7.9650000e+003
  2.0018068e+003  1.3668550e+003  8.0000000e-003  7.9660000e+003
  2.0018096e+003  1.3669770e+003  7.0000000e-003  7.9670000e+003
  2.0018123e+003  1.3669850e+003  7.0000000e-003  7.9680000e+003
  2.0018151e+003  1.3668160e+003  1.0000000e-002  7.9690000e+003
  2.0018178e+003  1.3665490e+003  7.0000000e-003  7.9700000e+003
  2.0018206e+003  1.3663860e+003  7.0000000e-003  7.9710000e+003
  2.0018233e+003  1.3661230e+003  7.0000000e-003  7.9720000e+003
  2.0018260e+003  1.3658960e+003  7.0000000e-003  7.9730000e+003
  2.0018287e+003  1.3657440e+003  9.0000000e-003  7.9740000e+003
  2.0018315e+003  1.3658410e+003  7.0000000e-003  7.9750000e+003
  2.0018342e+003  1.3660170e+003  7.0000000e-003  7.9760000e+003
  2.0018370e+003  1.3662270e+003  7.0000000e-003  7.9770000e+003
  2.0018397e+003  1.3663740e+003  7.0000000e-003  7.9780000e+003
  2.0018425e+003  1.3666170e+003  7.0000000e-003  7.9790000e+003
  2.0018452e+003  1.3667600e+003  6.0000000e-003  7.9800000e+003
  2.0018479e+003  1.3667440e+003  8.0000000e-003  7.9810000e+003
  2.0018507e+003  1.3666490e+003  9.0000000e-003  7.9820000e+003
  2.0018534e+003  1.3661770e+003  1.0000000e-002  7.9830000e+003
  2.0018562e+003  1.3657910e+003  6.0000000e-003  7.9840000e+003
  2.0018589e+003  1.3658340e+003  8.0000000e-003  7.9850000e+003
  2.0018615e+003  1.3661450e+003  1.3000000e-002  7.9860000e+003
  2.0018644e+003  1.3664270e+003  7.0000000e-003  7.9870000e+003
  2.0018671e+003  1.3666560e+003  8.0000000e-003  7.9880000e+003
  2.0018699e+003  1.3669570e+003  7.0000000e-003  7.9890000e+003
  2.0018726e+003  1.3670610e+003  6.0000000e-003  7.9900000e+003
  2.0018753e+003  1.3669780e+003  7.0000000e-003  7.9910000e+003
  2.0018778e+003  1.3667250e+003  9.0000000e-003  7.9920000e+003
  2.0018874e+003  1.3668130e+003  1.2000000e-002  7.9950000e+003
  2.0018890e+003  1.3670170e+003  7.0000000e-003  7.9960000e+003
  2.0018918e+003  1.3672210e+003  7.0000000e-003  7.9970000e+003
  2.0018945e+003  1.3672950e+003  6.0000000e-003  7.9980000e+003
  2.0018973e+003  1.3673770e+003  7.0000000e-003  7.9990000e+003
  2.0019000e+003  1.3673400e+003  6.0000000e-003  8.0000000e+003
  2.0019027e+003  1.3671830e+003  7.0000000e-003  8.0010000e+003
  2.0019055e+003  1.3668850e+003  9.0000000e-003  8.0020000e+003
  2.0019082e+003  1.3666270e+003  7.0000000e-003  8.0030000e+003
  2.0019110e+003  1.3663920e+003  6.0000000e-003  8.0040000e+003
  2.0019137e+003  1.3661720e+003  6.0000000e-003  8.0050000e+003
  2.0019164e+003  1.3661170e+003  6.0000000e-003  8.0060000e+003
  2.0019192e+003  1.3662620e+003  7.0000000e-003  8.0070000e+003
  2.0019219e+003  1.3664350e+003  7.0000000e-003  8.0080000e+003
  2.0019247e+003  1.3666180e+003  6.0000000e-003  8.0090000e+003
  2.0019271e+003  1.3666270e+003  7.0000000e-003  8.0100000e+003
  2.0019312e+003  1.3667670e+003  1.5000000e-002  8.0110000e+003
  2.0019329e+003  1.3669270e+003  1.0000000e-002  8.0120000e+003
  2.0019356e+003  1.3673320e+003  9.0000000e-003  8.0130000e+003
  2.0019384e+003  1.3674870e+003  9.0000000e-003  8.0140000e+003
  2.0019411e+003  1.3672810e+003  8.0000000e-003  8.0150000e+003
  2.0019435e+003  1.3671550e+003  9.0000000e-003  8.0160000e+003
  2.0019463e+003  1.3671210e+003  8.0000000e-003  8.0170000e+003
  2.0019495e+003  1.3672000e+003  1.1000000e-002  8.0180000e+003
  2.0019548e+003  1.3670720e+003  7.0000000e-003  8.0200000e+003
  2.0019575e+003  1.3671880e+003  7.0000000e-003  8.0210000e+003
  2.0019603e+003  1.3674660e+003  8.0000000e-003  8.0220000e+003
  2.0019636e+003  1.3676780e+003  1.8000000e-002  8.0230000e+003
  2.0019658e+003  1.3676690e+003  8.0000000e-003  8.0240000e+003
  2.0019685e+003  1.3672870e+003  1.0000000e-002  8.0250000e+003
  2.0019712e+003  1.3669040e+003  8.0000000e-003  8.0260000e+003
  2.0019740e+003  1.3667670e+003  7.0000000e-003  8.0270000e+003
  2.0019767e+003  1.3665040e+003  1.1000000e-002  8.0280000e+003
  2.0019794e+003  1.3662420e+003  8.0000000e-003  8.0290000e+003
  2.0019822e+003  1.3664730e+003  9.0000000e-003  8.0300000e+003
  2.0019849e+003  1.3667100e+003  1.0000000e-002  8.0310000e+003
  2.0019877e+003  1.3670330e+003  1.0000000e-002  8.0320000e+003
  2.0019904e+003  1.3672620e+003  9.0000000e-003  8.0330000e+003
  2.0019931e+003  1.3674520e+003  1.1000000e-002  8.0340000e+003
  2.0019959e+003  1.3677700e+003  9.0000000e-003  8.0350000e+003
  2.0019986e+003  1.3678780e+003  1.0000000e-002  8.0360000e+003
  2.0020014e+003  1.3678690e+003  6.0000000e-003  8.0370000e+003
  2.0020041e+003  1.3676330e+003  7.0000000e-003  8.0380000e+003
  2.0020068e+003  1.3675000e+003  7.0000000e-003  8.0390000e+003
  2.0020096e+003  1.3676080e+003  1.0000000e-002  8.0400000e+003
  2.0020123e+003  1.3677030e+003  8.0000000e-003  8.0410000e+003
  2.0020151e+003  1.3677300e+003  7.0000000e-003  8.0420000e+003
  2.0020178e+003  1.3678030e+003  7.0000000e-003  8.0430000e+003
  2.0020202e+003  1.3678600e+003  7.0000000e-003  8.0440000e+003
  2.0020246e+003  1.3667470e+003  2.8000000e-002  8.0450000e+003
  2.0020260e+003  1.3669280e+003  7.0000000e-003  8.0460000e+003
  2.0020288e+003  1.3668640e+003  7.0000000e-003  8.0470000e+003
  2.0020315e+003  1.3670370e+003  7.0000000e-003  8.0480000e+003
  2.0020342e+003  1.3671740e+003  9.0000000e-003  8.0490000e+003
  2.0020370e+003  1.3673480e+003  7.0000000e-003  8.0500000e+003
  2.0020397e+003  1.3673720e+003  7.0000000e-003  8.0510000e+003
  2.0020425e+003  1.3672550e+003  8.0000000e-003  8.0520000e+003
  2.0020452e+003  1.3671950e+003  8.0000000e-003  8.0530000e+003
  2.0020479e+003  1.3674140e+003  8.0000000e-003  8.0540000e+003
  2.0020499e+003  1.3675360e+003  1.0000000e-002  8.0550000e+003
  2.0020536e+003  1.3676240e+003  8.0000000e-003  8.0560000e+003
  2.0020571e+003  1.3676020e+003  1.4000000e-002  8.0570000e+003
  2.0020589e+003  1.3677070e+003  7.0000000e-003  8.0580000e+003
  2.0020617e+003  1.3677330e+003  7.0000000e-003  8.0590000e+003
  2.0020644e+003  1.3676030e+003  7.0000000e-003  8.0600000e+003
  2.0020671e+003  1.3675430e+003  7.0000000e-003  8.0610000e+003
  2.0020699e+003  1.3677220e+003  9.0000000e-003  8.0620000e+003
  2.0020726e+003  1.3678720e+003  7.0000000e-003  8.0630000e+003
  2.0020754e+003  1.3677490e+003  9.0000000e-003  8.0640000e+003
  2.0020781e+003  1.3674200e+003  7.0000000e-003  8.0650000e+003
  2.0020808e+003  1.3671410e+003  9.0000000e-003  8.0660000e+003
  2.0020836e+003  1.3669880e+003  7.0000000e-003  8.0670000e+003
  2.0020863e+003  1.3669720e+003  7.0000000e-003  8.0680000e+003
  2.0020890e+003  1.3670160e+003  7.0000000e-003  8.0690000e+003
  2.0020918e+003  1.3672110e+003  9.0000000e-003  8.0700000e+003
  2.0020945e+003  1.3675020e+003  7.0000000e-003  8.0710000e+003
  2.0020973e+003  1.3676700e+003  6.0000000e-003  8.0720000e+003
  2.0021000e+003  1.3676620e+003  7.0000000e-003  8.0730000e+003
  2.0021027e+003  1.3675660e+003  7.0000000e-003  8.0740000e+003
  2.0021055e+003  1.3675940e+003  7.0000000e-003  8.0750000e+003
  2.0021082e+003  1.3680660e+003  1.0000000e-002  8.0760000e+003
  2.0021110e+003  1.3679350e+003  1.1000000e-002  8.0770000e+003
  2.0021137e+003  1.3677350e+003  1.1000000e-002  8.0780000e+003
  2.0021164e+003  1.3675570e+003  1.0000000e-002  8.0790000e+003
  2.0021192e+003  1.3675610e+003  1.2000000e-002  8.0800000e+003
  2.0021219e+003  1.3677790e+003  1.2000000e-002  8.0810000e+003
  2.0021247e+003  1.3680650e+003  1.1000000e-002  8.0820000e+003
  2.0021274e+003  1.3681060e+003  1.1000000e-002  8.0830000e+003
  2.0021301e+003  1.3680590e+003  1.1000000e-002  8.0840000e+003
  2.0021329e+003  1.3679950e+003  1.0000000e-002  8.0850000e+003
  2.0021356e+003  1.3678000e+003  1.1000000e-002  8.0860000e+003
  2.0021384e+003  1.3677510e+003  1.0000000e-002  8.0870000e+003
  2.0021411e+003  1.3678900e+003  1.1000000e-002  8.0880000e+003
  2.0021438e+003  1.3680380e+003  1.3000000e-002  8.0890000e+003
  2.0021466e+003  1.3682090e+003  1.2000000e-002  8.0900000e+003
  2.0021493e+003  1.3682860e+003  1.1000000e-002  8.0910000e+003
  2.0021521e+003  1.3680210e+003  1.0000000e-002  8.0920000e+003
  2.0021548e+003  1.3679860e+003  1.0000000e-002  8.0930000e+003
  2.0021575e+003  1.3679520e+003  1.2000000e-002  8.0940000e+003
  2.0021627e+003  1.3672880e+003  7.0000000e-003  8.0960000e+003
  2.0021685e+003  1.3676170e+003  6.0000000e-003  8.0980000e+003
  2.0021712e+003  1.3675480e+003  7.0000000e-003  8.0990000e+003
  2.0021740e+003  1.3674660e+003  8.0000000e-003  8.1000000e+003
  2.0021767e+003  1.3674170e+003  7.0000000e-003  8.1010000e+003
  2.0021795e+003  1.3673710e+003  8.0000000e-003  8.1020000e+003
  2.0021822e+003  1.3673750e+003  7.0000000e-003  8.1030000e+003
  2.0021849e+003  1.3673670e+003  8.0000000e-003  8.1040000e+003
  2.0021877e+003  1.3672590e+003  1.0000000e-002  8.1050000e+003
  2.0021904e+003  1.3670150e+003  8.0000000e-003  8.1060000e+003
  2.0021931e+003  1.3667880e+003  7.0000000e-003  8.1070000e+003
  2.0021959e+003  1.3667220e+003  7.0000000e-003  8.1080000e+003
  2.0021986e+003  1.3667080e+003  9.0000000e-003  8.1090000e+003
  2.0022014e+003  1.3667140e+003  8.0000000e-003  8.1100000e+003
  2.0022041e+003  1.3668100e+003  8.0000000e-003  8.1110000e+003
  2.0022068e+003  1.3668640e+003  7.0000000e-003  8.1120000e+003
  2.0022096e+003  1.3669270e+003  8.0000000e-003  8.1130000e+003
  2.0022123e+003  1.3670480e+003  7.0000000e-003  8.1140000e+003
  2.0022151e+003  1.3671970e+003  7.0000000e-003  8.1150000e+003
  2.0022178e+003  1.3673480e+003  8.0000000e-003  8.1160000e+003
  2.0022205e+003  1.3674080e+003  7.0000000e-003  8.1170000e+003
  2.0022233e+003  1.3673170e+003  7.0000000e-003  8.1180000e+003
  2.0022260e+003  1.3671530e+003  8.0000000e-003  8.1190000e+003
  2.0022288e+003  1.3669320e+003  7.0000000e-003  8.1200000e+003
  2.0022315e+003  1.3669260e+003  9.0000000e-003  8.1210000e+003
  2.0022342e+003  1.3670540e+003  7.0000000e-003  8.1220000e+003
  2.0022370e+003  1.3670900e+003  7.0000000e-003  8.1230000e+003
  2.0022397e+003  1.3672590e+003  7.0000000e-003  8.1240000e+003
  2.0022425e+003  1.3670010e+003  1.0000000e-002  8.1250000e+003
  2.0022452e+003  1.3665290e+003  1.0000000e-002  8.1260000e+003
  2.0022479e+003  1.3659730e+003  1.0000000e-002  8.1270000e+003
  2.0022507e+003  1.3656440e+003  8.0000000e-003  8.1280000e+003
  2.0022534e+003  1.3657060e+003  8.0000000e-003  8.1290000e+003
  2.0022562e+003  1.3660590e+003  9.0000000e-003  8.1300000e+003
  2.0022589e+003  1.3664690e+003  1.0000000e-002  8.1310000e+003
  2.0022616e+003  1.3668510e+003  9.0000000e-003  8.1320000e+003
  2.0022644e+003  1.3669930e+003  8.0000000e-003  8.1330000e+003
  2.0022671e+003  1.3669980e+003  8.0000000e-003  8.1340000e+003
  2.0022699e+003  1.3668720e+003  8.0000000e-003  8.1350000e+003
  2.0022726e+003  1.3667910e+003  8.0000000e-003  8.1360000e+003
  2.0022753e+003  1.3667010e+003  8.0000000e-003  8.1370000e+003
  2.0022781e+003  1.3665260e+003  1.0000000e-002  8.1380000e+003
  2.0022808e+003  1.3664080e+003  7.0000000e-003  8.1390000e+003
  2.0022836e+003  1.3663920e+003  8.0000000e-003  8.1400000e+003
  2.0022863e+003  1.3664910e+003  7.0000000e-003  8.1410000e+003
  2.0022890e+003  1.3665590e+003  8.0000000e-003  8.1420000e+003
  2.0022918e+003  1.3666540e+003  8.0000000e-003  8.1430000e+003
  2.0022945e+003  1.3668130e+003  8.0000000e-003  8.1440000e+003
  2.0022973e+003  1.3668740e+003  8.0000000e-003  8.1450000e+003
  2.0023000e+003  1.3669030e+003  8.0000000e-003  8.1460000e+003
  2.0023028e+003  1.3668850e+003  7.0000000e-003  8.1470000e+003
  2.0023055e+003  1.3667970e+003  9.0000000e-003  8.1480000e+003
  2.0023082e+003  1.3667800e+003  7.0000000e-003  8.1490000e+003
  2.0023109e+003  1.3667220e+003  7.0000000e-003  8.1500000e+003
  2.0023137e+003  1.3668110e+003  8.0000000e-003  8.1510000e+003
  2.0023164e+003  1.3669110e+003  7.0000000e-003  8.1520000e+003
  2.0023192e+003  1.3668730e+003  8.0000000e-003  8.1530000e+003
  2.0023219e+003  1.3669120e+003  8.0000000e-003  8.1540000e+003
  2.0023247e+003  1.3669980e+003  8.0000000e-003  8.1550000e+003
  2.0023274e+003  1.3671930e+003  1.0000000e-002  8.1560000e+003
  2.0023301e+003  1.3673080e+003  9.0000000e-003  8.1570000e+003
  2.0023329e+003  1.3673010e+003  8.0000000e-003  8.1580000e+003
  2.0023356e+003  1.3670370e+003  9.0000000e-003  8.1590000e+003
  2.0023384e+003  1.3668020e+003  8.0000000e-003  8.1600000e+003
  2.0023411e+003  1.3667920e+003  8.0000000e-003  8.1610000e+003
  2.0023438e+003  1.3667650e+003  8.0000000e-003  8.1620000e+003
  2.0023466e+003  1.3667130e+003  8.0000000e-003  8.1630000e+003
  2.0023493e+003  1.3666800e+003  8.0000000e-003  8.1640000e+003
  2.0023521e+003  1.3666730e+003  8.0000000e-003  8.1650000e+003
  2.0023548e+003  1.3665580e+003  8.0000000e-003  8.1660000e+003
  2.0023575e+003  1.3666160e+003  8.0000000e-003  8.1670000e+003
  2.0023603e+003  1.3667080e+003  8.0000000e-003  8.1680000e+003
  2.0023630e+003  1.3668160e+003  7.0000000e-003  8.1690000e+003
  2.0023658e+003  1.3666880e+003  9.0000000e-003  8.1700000e+003
  2.0023685e+003  1.3666140e+003  8.0000000e-003  8.1710000e+003
  2.0023712e+003  1.3666220e+003  8.0000000e-003  8.1720000e+003
  2.0023740e+003  1.3665630e+003  8.0000000e-003  8.1730000e+003
  2.0023767e+003  1.3664020e+003  9.0000000e-003  8.1740000e+003
  2.0023795e+003  1.3663490e+003  8.0000000e-003  8.1750000e+003
  2.0023822e+003  1.3662630e+003  1.0000000e-002  8.1760000e+003
  2.0023849e+003  1.3662850e+003  8.0000000e-003  8.1770000e+003
  2.0023877e+003  1.3663700e+003  8.0000000e-003  8.1780000e+003
  2.0023904e+003  1.3663710e+003  9.0000000e-003  8.1790000e+003
  2.0023932e+003  1.3664310e+003  7.0000000e-003  8.1800000e+003
  2.0023959e+003  1.3665250e+003  1.0000000e-002  8.1810000e+003
  2.0023986e+003  1.3667690e+003  8.0000000e-003  8.1820000e+003
  2.0024014e+003  1.3669360e+003  9.0000000e-003  8.1830000e+003
  2.0024041e+003  1.3670580e+003  8.0000000e-003  8.1840000e+003
  2.0024069e+003  1.3670650e+003  8.0000000e-003  8.1850000e+003
  2.0024096e+003  1.3669940e+003  9.0000000e-003  8.1860000e+003
  2.0024123e+003  1.3669460e+003  8.0000000e-003  8.1870000e+003
  2.0024151e+003  1.3667890e+003  8.0000000e-003  8.1880000e+003
  2.0024178e+003  1.3666250e+003  9.0000000e-003  8.1890000e+003
  2.0024206e+003  1.3665550e+003  7.0000000e-003  8.1900000e+003
  2.0024233e+003  1.3665320e+003  9.0000000e-003  8.1910000e+003
  2.0024260e+003  1.3666060e+003  1.0000000e-002  8.1920000e+003
  2.0024288e+003  1.3668720e+003  9.0000000e-003  8.1930000e+003
  2.0024315e+003  1.3669110e+003  8.0000000e-003  8.1940000e+003
  2.0024343e+003  1.3667880e+003  1.2000000e-002  8.1950000e+003
  2.0024370e+003  1.3666960e+003  8.0000000e-003  8.1960000e+003
  2.0024397e+003  1.3665780e+003  8.0000000e-003  8.1970000e+003
  2.0024425e+003  1.3664970e+003  9.0000000e-003  8.1980000e+003
  2.0024452e+003  1.3666320e+003  9.0000000e-003  8.1990000e+003
  2.0024479e+003  1.3668270e+003  9.0000000e-003  8.2000000e+003
  2.0024507e+003  1.3668960e+003  8.0000000e-003  8.2010000e+003
  2.0024534e+003  1.3668120e+003  1.0000000e-002  8.2020000e+003
  2.0024562e+003  1.3667710e+003  9.0000000e-003  8.2030000e+003
  2.0024589e+003  1.3669430e+003  9.0000000e-003  8.2040000e+003
  2.0024616e+003  1.3669550e+003  9.0000000e-003  8.2050000e+003
  2.0024644e+003  1.3670400e+003  9.0000000e-003  8.2060000e+003
  2.0024671e+003  1.3669520e+003  1.1000000e-002  8.2070000e+003
  2.0024699e+003  1.3668140e+003  9.0000000e-003  8.2080000e+003
  2.0024726e+003  1.3666090e+003  9.0000000e-003  8.2090000e+003
  2.0024752e+003  1.3665280e+003  8.0000000e-003  8.2100000e+003
  2.0024790e+003  1.3664370e+003  1.5000000e-002  8.2110000e+003
  2.0024808e+003  1.3665920e+003  9.0000000e-003  8.2120000e+003
  2.0024836e+003  1.3667670e+003  1.1000000e-002  8.2130000e+003
  2.0024863e+003  1.3669680e+003  9.0000000e-003  8.2140000e+003
  2.0024890e+003  1.3670900e+003  9.0000000e-003  8.2150000e+003
  2.0024918e+003  1.3671170e+003  9.0000000e-003  8.2160000e+003
  2.0024945e+003  1.3670870e+003  1.0000000e-002  8.2170000e+003
  2.0024973e+003  1.3668660e+003  8.0000000e-003  8.2180000e+003
  2.0025000e+003  1.3667160e+003  8.0000000e-003  8.2190000e+003
  2.0025027e+003  1.3667260e+003  7.0000000e-003  8.2200000e+003
  2.0025055e+003  1.3667410e+003  1.0000000e-002  8.2210000e+003
  2.0025082e+003  1.3666030e+003  8.0000000e-003  8.2220000e+003
  2.0025110e+003  1.3665480e+003  6.0000000e-003  8.2230000e+003
  2.0025137e+003  1.3665540e+003  7.0000000e-003  8.2240000e+003
  2.0025164e+003  1.3666860e+003  7.0000000e-003  8.2250000e+003
  2.0025192e+003  1.3668520e+003  7.0000000e-003  8.2260000e+003
  2.0025219e+003  1.3668840e+003  7.0000000e-003  8.2270000e+003
  2.0025247e+003  1.3667840e+003  8.0000000e-003  8.2280000e+003
  2.0025274e+003  1.3664460e+003  8.0000000e-003  8.2290000e+003
  2.0025301e+003  1.3662430e+003  8.0000000e-003  8.2300000e+003
  2.0025329e+003  1.3660230e+003  8.0000000e-003  8.2310000e+003
  2.0025356e+003  1.3657940e+003  7.0000000e-003  8.2320000e+003
  2.0025384e+003  1.3657130e+003  8.0000000e-003  8.2330000e+003
  2.0025411e+003  1.3656000e+003  8.0000000e-003  8.2340000e+003
  2.0025438e+003  1.3656580e+003  8.0000000e-003  8.2350000e+003
  2.0025466e+003  1.3656740e+003  8.0000000e-003  8.2360000e+003
  2.0025493e+003  1.3656590e+003  6.0000000e-003  8.2370000e+003
  2.0025521e+003  1.3657030e+003  7.0000000e-003  8.2380000e+003
  2.0025548e+003  1.3657940e+003  7.0000000e-003  8.2390000e+003
  2.0025566e+003  1.3659090e+003  1.3000000e-002  8.2400000e+003
  2.0025603e+003  1.3661570e+003  8.0000000e-003  8.2410000e+003
  2.0025630e+003  1.3660820e+003  8.0000000e-003  8.2420000e+003
  2.0025658e+003  1.3656580e+003  9.0000000e-003  8.2430000e+003
  2.0025685e+003  1.3654390e+003  8.0000000e-003  8.2440000e+003
  2.0025712e+003  1.3651350e+003  8.0000000e-003  8.2450000e+003
  2.0025740e+003  1.3650750e+003  8.0000000e-003  8.2460000e+003
  2.0025767e+003  1.3654900e+003  1.0000000e-002  8.2470000e+003
  2.0025794e+003  1.3658910e+003  9.0000000e-003  8.2480000e+003
  2.0025822e+003  1.3663210e+003  1.0000000e-002  8.2490000e+003
  2.0025849e+003  1.3666570e+003  1.2000000e-002  8.2500000e+003
  2.0025877e+003  1.3666730e+003  8.0000000e-003  8.2510000e+003
  2.0025904e+003  1.3664720e+003  7.0000000e-003  8.2520000e+003
  2.0025931e+003  1.3665100e+003  9.0000000e-003  8.2530000e+003
  2.0025959e+003  1.3666550e+003  8.0000000e-003  8.2540000e+003
  2.0025986e+003  1.3666670e+003  8.0000000e-003  8.2550000e+003
  2.0026014e+003  1.3665210e+003  8.0000000e-003  8.2560000e+003
  2.0026041e+003  1.3664690e+003  7.0000000e-003  8.2570000e+003
  2.0026068e+003  1.3665460e+003  8.0000000e-003  8.2580000e+003
  2.0026096e+003  1.3667030e+003  8.0000000e-003  8.2590000e+003
  2.0026123e+003  1.3667090e+003  7.0000000e-003  8.2600000e+003
  2.0026151e+003  1.3663300e+003  1.0000000e-002  8.2610000e+003
  2.0026178e+003  1.3658280e+003  1.0000000e-002  8.2620000e+003
  2.0026205e+003  1.3654980e+003  1.0000000e-002  8.2630000e+003
  2.0026233e+003  1.3648930e+003  1.1000000e-002  8.2640000e+003
  2.0026260e+003  1.3644840e+003  1.0000000e-002  8.2650000e+003
  2.0026288e+003  1.3645890e+003  9.0000000e-003  8.2660000e+003
  2.0026315e+003  1.3653210e+003  1.5000000e-002  8.2670000e+003
  2.0026342e+003  1.3661540e+003  1.3000000e-002  8.2680000e+003
  2.0026370e+003  1.3666930e+003  9.0000000e-003  8.2690000e+003
  2.0026397e+003  1.3667910e+003  8.0000000e-003  8.2700000e+003
  2.0026425e+003  1.3665940e+003  1.0000000e-002  8.2710000e+003
  2.0026452e+003  1.3663870e+003  8.0000000e-003  8.2720000e+003
  2.0026480e+003  1.3663400e+003  7.0000000e-003  8.2730000e+003
  2.0026507e+003  1.3664430e+003  8.0000000e-003  8.2740000e+003
  2.0026534e+003  1.3665060e+003  9.0000000e-003  8.2750000e+003
  2.0026562e+003  1.3666210e+003  7.0000000e-003  8.2760000e+003
  2.0026589e+003  1.3667220e+003  7.0000000e-003  8.2770000e+003
  2.0026616e+003  1.3666040e+003  8.0000000e-003  8.2780000e+003
  2.0026644e+003  1.3664070e+003  8.0000000e-003  8.2790000e+003
  2.0026671e+003  1.3664110e+003  7.0000000e-003  8.2800000e+003
  2.0026699e+003  1.3663400e+003  7.0000000e-003  8.2810000e+003
  2.0026726e+003  1.3662300e+003  8.0000000e-003  8.2820000e+003
  2.0026753e+003  1.3661280e+003  7.0000000e-003  8.2830000e+003
  2.0026781e+003  1.3662610e+003  8.0000000e-003  8.2840000e+003
  2.0026808e+003  1.3665140e+003  9.0000000e-003  8.2850000e+003
  2.0026836e+003  1.3669420e+003  1.0000000e-002  8.2860000e+003
  2.0026863e+003  1.3671640e+003  7.0000000e-003  8.2870000e+003
  2.0026890e+003  1.3670270e+003  9.0000000e-003  8.2880000e+003
  2.0026918e+003  1.3665620e+003  1.1000000e-002  8.2890000e+003
  2.0026945e+003  1.3661060e+003  8.0000000e-003  8.2900000e+003
  2.0026973e+003  1.3658690e+003  6.0000000e-003  8.2910000e+003
  2.0027000e+003  1.3659510e+003  8.0000000e-003  8.2920000e+003
  2.0027027e+003  1.3661780e+003  7.0000000e-003  8.2930000e+003
  2.0027055e+003  1.3663880e+003  8.0000000e-003  8.2940000e+003
  2.0027082e+003  1.3666630e+003  8.0000000e-003  8.2950000e+003
  2.0027110e+003  1.3667600e+003  7.0000000e-003  8.2960000e+003
  2.0027137e+003  1.3666740e+003  7.0000000e-003  8.2970000e+003
  2.0027165e+003  1.3665130e+003  8.0000000e-003  8.2980000e+003
  2.0027192e+003  1.3662620e+003  8.0000000e-003  8.2990000e+003
  2.0027219e+003  1.3661350e+003  7.0000000e-003  8.3000000e+003
  2.0027246e+003  1.3662900e+003  7.0000000e-003  8.3010000e+003
  2.0027274e+003  1.3663250e+003  8.0000000e-003  8.3020000e+003
  2.0027301e+003  1.3663590e+003  7.0000000e-003  8.3030000e+003
  2.0027329e+003  1.3665410e+003  7.0000000e-003  8.3040000e+003
  2.0027353e+003  1.3665930e+003  8.0000000e-003  8.3050000e+003
  2.0027449e+003  1.3666390e+003  1.5000000e-002  8.3080000e+003
  2.0027466e+003  1.3665400e+003  8.0000000e-003  8.3090000e+003
  2.0027493e+003  1.3665040e+003  7.0000000e-003  8.3100000e+003
  2.0027517e+003  1.3664100e+003  9.0000000e-003  8.3110000e+003
  2.0027559e+003  1.3666520e+003  1.2000000e-002  8.3120000e+003
  2.0027575e+003  1.3666090e+003  8.0000000e-003  8.3130000e+003
  2.0027603e+003  1.3666760e+003  7.0000000e-003  8.3140000e+003
  2.0027630e+003  1.3666390e+003  6.0000000e-003  8.3150000e+003
  2.0027658e+003  1.3665180e+003  7.0000000e-003  8.3160000e+003
  2.0027685e+003  1.3664980e+003  7.0000000e-003  8.3170000e+003
  2.0027712e+003  1.3664550e+003  7.0000000e-003  8.3180000e+003
  2.0027740e+003  1.3664240e+003  7.0000000e-003  8.3190000e+003
  2.0027767e+003  1.3664390e+003  7.0000000e-003  8.3200000e+003
  2.0027795e+003  1.3664610e+003  9.0000000e-003  8.3210000e+003
  2.0027822e+003  1.3665770e+003  8.0000000e-003  8.3220000e+003
  2.0027849e+003  1.3666630e+003  8.0000000e-003  8.3230000e+003
  2.0027877e+003  1.3665730e+003  8.0000000e-003  8.3240000e+003
  2.0027904e+003  1.3664960e+003  7.0000000e-003  8.3250000e+003
  2.0027932e+003  1.3664850e+003  9.0000000e-003  8.3260000e+003
  2.0027959e+003  1.3666140e+003  7.0000000e-003  8.3270000e+003
  2.0027986e+003  1.3667220e+003  6.0000000e-003  8.3280000e+003
  2.0028014e+003  1.3666820e+003  7.0000000e-003  8.3290000e+003
  2.0028041e+003  1.3664750e+003  8.0000000e-003  8.3300000e+003
  2.0028068e+003  1.3662020e+003  6.0000000e-003  8.3310000e+003
  2.0028096e+003  1.3660250e+003  8.0000000e-003  8.3320000e+003
  2.0028123e+003  1.3659110e+003  6.0000000e-003  8.3330000e+003
  2.0028151e+003  1.3659250e+003  6.0000000e-003  8.3340000e+003
  2.0028178e+003  1.3661160e+003  7.0000000e-003  8.3350000e+003
  2.0028206e+003  1.3663660e+003  9.0000000e-003  8.3360000e+003
  2.0028233e+003  1.3666270e+003  8.0000000e-003  8.3370000e+003
  2.0028260e+003  1.3668910e+003  7.0000000e-003  8.3380000e+003
  2.0028288e+003  1.3669510e+003  6.0000000e-003  8.3390000e+003
  2.0028312e+003  1.3669370e+003  8.0000000e-003  8.3400000e+003
  2.0028353e+003  1.3666680e+003  1.3000000e-002  8.3410000e+003
  2.0028370e+003  1.3665810e+003  8.0000000e-003  8.3420000e+003
  2.0028397e+003  1.3664950e+003  7.0000000e-003  8.3430000e+003
  2.0028425e+003  1.3663990e+003  7.0000000e-003  8.3440000e+003
  2.0028452e+003  1.3660720e+003  8.0000000e-003  8.3450000e+003
  2.0028479e+003  1.3659980e+003  7.0000000e-003  8.3460000e+003
  2.0028504e+003  1.3660540e+003  8.0000000e-003  8.3470000e+003
  2.0028863e+003  1.3660970e+003  7.0000000e-003  8.3600000e+003
  2.0028890e+003  1.3659620e+003  6.0000000e-003  8.3610000e+003
  2.0028918e+003  1.3660250e+003  7.0000000e-003  8.3620000e+003
  2.0028945e+003  1.3662530e+003  8.0000000e-003  8.3630000e+003
  2.0028973e+003  1.3666330e+003  1.0000000e-002  8.3640000e+003
  2.0029000e+003  1.3669940e+003  8.0000000e-003  8.3650000e+003
  2.0029027e+003  1.3671290e+003  7.0000000e-003  8.3660000e+003
  2.0029055e+003  1.3670650e+003  6.0000000e-003  8.3670000e+003
  2.0029082e+003  1.3668990e+003  9.0000000e-003  8.3680000e+003
  2.0029109e+003  1.3668890e+003  6.0000000e-003  8.3690000e+003
  2.0029137e+003  1.3668780e+003  7.0000000e-003  8.3700000e+003
  2.0029164e+003  1.3669200e+003  6.0000000e-003  8.3710000e+003
  2.0029192e+003  1.3669460e+003  6.0000000e-003  8.3720000e+003
  2.0029219e+003  1.3669900e+003  6.0000000e-003  8.3730000e+003
  2.0029247e+003  1.3669190e+003  9.0000000e-003  8.3740000e+003
  2.0029274e+003  1.3669430e+003  6.0000000e-003  8.3750000e+003
  2.0029301e+003  1.3669770e+003  7.0000000e-003  8.3760000e+003
  2.0029329e+003  1.3672000e+003  7.0000000e-003  8.3770000e+003
  2.0029356e+003  1.3673950e+003  9.0000000e-003  8.3780000e+003
  2.0029384e+003  1.3673980e+003  6.0000000e-003  8.3790000e+003
  2.0029411e+003  1.3672380e+003  6.0000000e-003  8.3800000e+003
  2.0029438e+003  1.3671430e+003  8.0000000e-003  8.3810000e+003
  2.0029466e+003  1.3671750e+003  7.0000000e-003  8.3820000e+003
  2.0029493e+003  1.3673430e+003  7.0000000e-003  8.3830000e+003
  2.0029521e+003  1.3673870e+003  7.0000000e-003  8.3840000e+003
  2.0029548e+003  1.3671140e+003  1.0000000e-002  8.3850000e+003
  2.0029575e+003  1.3666290e+003  1.1000000e-002  8.3860000e+003
  2.0029603e+003  1.3662260e+003  8.0000000e-003  8.3870000e+003
  2.0029630e+003  1.3660850e+003  7.0000000e-003  8.3880000e+003
  2.0029658e+003  1.3660840e+003  7.0000000e-003  8.3890000e+003
  2.0029685e+003  1.3663830e+003  8.0000000e-003  8.3900000e+003
  2.0029712e+003  1.3668130e+003  1.1000000e-002  8.3910000e+003
  2.0029740e+003  1.3671640e+003  8.0000000e-003  8.3920000e+003
  2.0029767e+003  1.3674350e+003  7.0000000e-003  8.3930000e+003
  2.0029791e+003  1.3674380e+003  9.0000000e-003  8.3940000e+003
  2.0029834e+003  1.3667540e+003  2.4000000e-002  8.3950000e+003
  2.0029849e+003  1.3670730e+003  7.0000000e-003  8.3960000e+003
  2.0029877e+003  1.3670460e+003  8.0000000e-003  8.3970000e+003
  2.0029904e+003  1.3669990e+003  7.0000000e-003  8.3980000e+003
  2.0029932e+003  1.3669880e+003  8.0000000e-003  8.3990000e+003
  2.0029959e+003  1.3670280e+003  7.0000000e-003  8.4000000e+003
  2.0029986e+003  1.3670480e+003  7.0000000e-003  8.4010000e+003
  2.0030014e+003  1.3671380e+003  7.0000000e-003  8.4020000e+003
  2.0030041e+003  1.3672390e+003  7.0000000e-003  8.4030000e+003
  2.0030068e+003  1.3671880e+003  7.0000000e-003  8.4040000e+003
  2.0030096e+003  1.3670160e+003  6.0000000e-003  8.4050000e+003
  2.0030123e+003  1.3668720e+003  6.0000000e-003  8.4060000e+003
  2.0030151e+003  1.3667820e+003  6.0000000e-003  8.4070000e+003
  2.0030178e+003  1.3667020e+003  7.0000000e-003  8.4080000e+003
  2.0030206e+003  1.3666990e+003  7.0000000e-003  8.4090000e+003
  2.0030230e+003  1.3668360e+003  8.0000000e-003  8.4100000e+003
  2.0030260e+003  1.3669500e+003  7.0000000e-003  8.4110000e+003
  2.0030288e+003  1.3669510e+003  7.0000000e-003  8.4120000e+003
  2.0030315e+003  1.3670260e+003  6.0000000e-003  8.4130000e+003
  2.0030343e+003  1.3669580e+003  7.0000000e-003  8.4140000e+003
  2.0030370e+003  1.3668840e+003  7.0000000e-003  8.4150000e+003
  2.0030397e+003  1.3669720e+003  6.0000000e-003  8.4160000e+003
  2.0030425e+003  1.3670550e+003  9.0000000e-003  8.4170000e+003
  2.0030452e+003  1.3671770e+003  6.0000000e-003  8.4180000e+003
  2.0030480e+003  1.3672370e+003  7.0000000e-003  8.4190000e+003
  2.0030507e+003  1.3672540e+003  6.0000000e-003  8.4200000e+003
  2.0030534e+003  1.3671950e+003  7.0000000e-003  8.4210000e+003
  2.0030562e+003  1.3670980e+003  7.0000000e-003  8.4220000e+003
  2.0030589e+003  1.3670010e+003  8.0000000e-003  8.4230000e+003
  2.0030617e+003  1.3667960e+003  7.0000000e-003  8.4240000e+003
  2.0030644e+003  1.3666680e+003  6.0000000e-003  8.4250000e+003
  2.0030671e+003  1.3665490e+003  8.0000000e-003  8.4260000e+003
  2.0030699e+003  1.3665640e+003  7.0000000e-003  8.4270000e+003
  2.0030726e+003  1.3667130e+003  8.0000000e-003  8.4280000e+003
  2.0030753e+003  1.3668240e+003  9.0000000e-003  8.4290000e+003
  2.0030781e+003  1.3669700e+003  7.0000000e-003  8.4300000e+003
  2.0030808e+003  1.3671120e+003  7.0000000e-003  8.4310000e+003
  2.0030836e+003  1.3670740e+003  7.0000000e-003  8.4320000e+003
  2.0030863e+003  1.3669510e+003  7.0000000e-003  8.4330000e+003
  2.0030890e+003  1.3668120e+003  8.0000000e-003  8.4340000e+003
  2.0030918e+003  1.3666520e+003  7.0000000e-003  8.4350000e+003
  2.0030945e+003  1.3667110e+003  8.0000000e-003  8.4360000e+003
  2.0030973e+003  1.3669790e+003  9.0000000e-003  8.4370000e+003
  2.0031000e+003  1.3671560e+003  6.0000000e-003  8.4380000e+003
  2.0031027e+003  1.3672550e+003  7.0000000e-003  8.4390000e+003
  2.0031055e+003  1.3671870e+003  7.0000000e-003  8.4400000e+003
  2.0031082e+003  1.3671340e+003  7.0000000e-003  8.4410000e+003
  2.0031100e+003  1.3671590e+003  1.2000000e-002  8.4420000e+003
  2.0031230e+003  1.3672930e+003  1.5000000e-002  8.4460000e+003
  2.0031247e+003  1.3672100e+003  7.0000000e-003  8.4470000e+003
  2.0031274e+003  1.3671400e+003  8.0000000e-003  8.4480000e+003
  2.0031301e+003  1.3669880e+003  6.0000000e-003  8.4490000e+003
  2.0031329e+003  1.3669130e+003  6.0000000e-003  8.4500000e+003
  2.0031356e+003  1.3667580e+003  7.0000000e-003  8.4510000e+003
  2.0031384e+003  1.3664330e+003  9.0000000e-003  8.4520000e+003
  2.0031411e+003  1.3662370e+003  7.0000000e-003  8.4530000e+003
  2.0031438e+003  1.3662050e+003  7.0000000e-003  8.4540000e+003
  2.0031466e+003  1.3663400e+003  7.0000000e-003  8.4550000e+003
  2.0031493e+003  1.3665610e+003  9.0000000e-003  8.4560000e+003
  2.0031521e+003  1.3667310e+003  7.0000000e-003  8.4570000e+003
  2.0031548e+003  1.3668310e+003  7.0000000e-003  8.4580000e+003
  2.0031575e+003  1.3667950e+003  7.0000000e-003  8.4590000e+003
  2.0031603e+003  1.3667530e+003  6.0000000e-003  8.4600000e+003
  2.0031630e+003  1.3668160e+003  7.0000000e-003  8.4610000e+003
  2.0031658e+003  1.3667990e+003  8.0000000e-003  8.4620000e+003
  2.0031685e+003  1.3667110e+003  7.0000000e-003  8.4630000e+003
  2.0031712e+003  1.3666610e+003  6.0000000e-003  8.4640000e+003
  2.0031740e+003  1.3666260e+003  7.0000000e-003  8.4650000e+003
  2.0031767e+003  1.3667050e+003  6.0000000e-003  8.4660000e+003
  2.0031795e+003  1.3666450e+003  7.0000000e-003  8.4670000e+003
  2.0031822e+003  1.3666180e+003  7.0000000e-003  8.4680000e+003
  2.0031849e+003  1.3666530e+003  6.0000000e-003  8.4690000e+003
  2.0031877e+003  1.3666680e+003  7.0000000e-003  8.4700000e+003
  2.0031904e+003  1.3665140e+003  8.0000000e-003  8.4710000e+003
  2.0031932e+003  1.3662920e+003  7.0000000e-003  8.4720000e+003
  2.0031959e+003  1.3660560e+003  8.0000000e-003  8.4730000e+003
  2.0031986e+003  1.3658490e+003  8.0000000e-003  8.4740000e+003
  2.0032014e+003  1.3657260e+003  9.0000000e-003  8.4750000e+003
  2.0032041e+003  1.3657210e+003  7.0000000e-003  8.4760000e+003
  2.0032069e+003  1.3659360e+003  8.0000000e-003  8.4770000e+003
  2.0032096e+003  1.3662240e+003  1.0000000e-002  8.4780000e+003
  2.0032123e+003  1.3664400e+003  8.0000000e-003  8.4790000e+003
  2.0032151e+003  1.3664650e+003  7.0000000e-003  8.4800000e+003
  2.0032175e+003  1.3663730e+003  9.0000000e-003  8.4810000e+003
