; TSI composite created by G. Kopp on 11 Aug 2023 using methodology of Dudok de Wit et al. 2017
;
; Notes
;   Contributing instruments include the NIMBUS7, ACRIM1, ACRIM2, ERBS, VIRGO, ACRIM3, SORCE, PREMOS, TCTE, TSIS-1, and FY-3E
;       - Corrections (per Fröhlich) have been applied to the NIMBUS7 and ACRIM1
;       - Trend corrections were applied to some later instruments to achieve smooth transitions in composite creation
;   Composite is offset to the weighted mean of the included instruments
;       - Mean is weighted by instrument uncertainties
;   Provided time-dependent uncertainties tabulated are statistical only
;       - They do not include uncertainties on absolute value or long-term stability (trends)
;   Long-term stability uncertainties are estimated at ~15 ppm / yr
;       - Differences between solar minima are not statistically significant
;       - This is consistent with previous composites
;
; Instrument       Day1 Start    Day1 End       TSI   SDev Weight Composite
; NIMBUS7/ERB     16-Nov-1978 24-Nov-1978  1372.364  0.333  12000  1361.252
; SMM/ACRIM1      16-Feb-1980 27-Feb-1980  1368.111  0.200   7000  1361.845
; UARS/ACRIM2     05-Oct-1991 24-Oct-1991  1365.285  0.514   4000  1361.255
; ERBS/ERBE       25-Oct-1984 06-Feb-1985  1365.267  0.309  10000  1360.965
; SoHO/VIRGO      01-Jun-1996 13-Jun-1996  1360.738  0.043   1100  1360.681
; ACRIMSat/ACRIM3 05-Apr-2000 13-Apr-2000  1362.573  0.088   1500  1361.462
; SORCE/TIM       25-Feb-2003 10-Mar-2003  1361.372  0.069    350  1361.455
; Picard/PREMOS   27-Jul-2010 27-Jul-2010  1360.887  0.015    300  1361.360
; Picard/SOVAP    22-Jul-2010 25-Jul-2010  1362.098  0.036   1117  1361.231
; TCTE/TIM        16-Dec-2013 21-Dec-2013  1361.923  0.086    350  1361.400
; TSIS-1/TIM      11-Apr-2018 15-Apr-2018  1361.526  0.006    131  1361.084
; FY-3E           15-Mar-2022 25-Mar-2022  1361.900  0.063   1000  1361.596
; TSI composite was increased by 0.294 W m^-2
; With correction, mean of composite during 2008 solar minimum (from 20-Sep-2008 to 05-May-2009) is 1361.284 W m^-2
;
; Legend
;   time  [Julian Days]
;   TSI   composite TSI [W m^-2]
;   dTSI  uncertainty (1-sigma) [W m^-2]
;
;     time       TSI      dTSI
   2443829  1361.593     0.232
   2443830  1361.304     0.253
   2443831  1361.183     0.256
   2443832  1361.520     0.278
   2443833  1361.865     0.242
   2443834  1361.965     0.238
   2443835  1361.947     0.248
   2443836  1361.841     0.236
   2443837  1361.754     0.229
   2443838  1362.123     0.225
   2443839  1362.293     0.234
   2443840  1361.984     0.260
   2443841  1361.688     0.254
   2443842  1361.925     0.225
   2443843  1362.043     0.244
   2443844  1361.805     0.259
   2443845  1361.566     0.250
   2443846  1361.607     0.245
   2443847  1361.560     0.274
   2443848  1361.626     0.244
   2443849  1361.696     0.244
   2443850  1362.168     0.240
   2443851  1362.144     0.244
   2443852  1361.140     0.238
   2443853  1360.175     0.251
   2443854  1360.123     0.214
   2443855  1360.073     0.234
   2443856  1360.030     0.211
   2443857  1359.984     0.201
   2443858  1360.939     0.221
   2443859  1361.487     0.207
   2443860  1361.244     0.209
   2443861  1361.015     0.223
   2443862  1361.418     0.224
   2443863  1361.564     0.235
   2443864  1361.273     0.239
   2443865  1360.999     0.226
   2443866  1361.547     0.224
   2443867  1361.765     0.238
   2443868  1361.697     0.232
   2443869  1361.632     0.237
   2443870  1361.996     0.261
   2443871  1362.033     0.237
   2443872  1361.527     0.252
   2443873  1361.034     0.247
   2443874  1361.209     0.260
   2443875  1361.364     0.244
   2443876  1361.233     0.268
   2443877  1361.089     0.245
   2443878  1361.958     0.262
   2443879  1362.036     0.245
   2443880  1361.894     0.255
   2443881  1361.766     0.226
   2443882  1362.063     0.223
   2443883  1361.785     0.257
   2443884  1361.530     0.237
   2443885  1361.290     0.231
   2443886  1362.135     0.228
   2443887  1362.117     0.237
   2443888  1361.816     0.238
   2443889  1361.518     0.235
   2443890  1361.898     0.229
   2443891  1362.111     0.243
   2443892  1361.650     0.224
   2443893  1361.209     0.240
   2443894  1361.719     0.235
   2443895  1361.407     0.230
   2443896  1361.118     0.222
   2443897  1360.840     0.217
   2443898  1361.051     0.210
   2443899  1361.264     0.250
   2443900  1361.315     0.235
   2443901  1361.373     0.220
   2443902  1361.684     0.213
   2443903  1362.000     0.215
   2443904  1362.218     0.222
   2443905  1362.449     0.248
   2443906  1362.186     0.234
   2443907  1361.936     0.221
   2443908  1361.794     0.228
   2443909  1361.642     0.229
   2443910  1361.713     0.227
   2443911  1361.774     0.216
   2443912  1361.882     0.235
   2443913  1361.986     0.221
   2443914  1362.261     0.224
   2443915  1361.932     0.200
   2443916  1361.724     0.202
   2443917  1361.512     0.196
   2443918  1362.324     0.195
   2443919  1362.244     0.203
   2443920  1361.728     0.216
   2443921  1361.231     0.213
   2443922  1361.468     0.230
   2443923  1360.922     0.218
   2443924  1360.725     0.209
   2443925  1360.523     0.207
   2443926  1361.465     0.191
   2443927  1361.981     0.205
   2443928  1361.899     0.206
   2443929  1361.823     0.204
   2443930  1361.948     0.192
   2443931  1362.073     0.195
   2443932  1361.996     0.189
   2443933  1361.925     0.194
   2443934  1362.383     0.190
   2443935  1362.482     0.207
   2443936  1362.283     0.215
   2443937  1362.097     0.216
   2443938  1362.732     0.202
   2443939  1362.664     0.193
   2443940  1362.254     0.204
   2443941  1361.853     0.200
   2443942  1362.261     0.193
   2443943  1362.432     0.219
   2443944  1362.398     0.211
   2443945  1362.365     0.229
   2443946  1362.942     0.223
   2443947  1362.855     0.212
   2443948  1362.552     0.217
   2443949  1362.253     0.219
   2443950  1362.472     0.220
   2443951  1362.415     0.238
   2443952  1362.197     0.226
   2443953  1361.983     0.211
   2443954  1362.193     0.207
   2443955  1362.255     0.226
   2443956  1362.124     0.219
   2443957  1362.013     0.229
   2443958  1362.362     0.224
   2443959  1362.295     0.220
   2443960  1362.264     0.213
   2443961  1362.241     0.228
   2443962  1362.690     0.233
   2443963  1362.593     0.209
   2443964  1362.190     0.221
   2443965  1361.785     0.212
   2443966  1361.716     0.219
   2443967  1361.642     0.241
   2443968  1361.726     0.232
   2443969  1361.806     0.226
   2443970  1362.130     0.211
   2443971  1362.458     0.232
   2443972  1362.384     0.240
   2443973  1362.316     0.230
   2443974  1362.112     0.247
   2443975  1361.906     0.251
   2443976  1361.875     0.230
   2443977  1361.844     0.219
   2443978  1361.826     0.230
   2443979  1361.849     0.236
   2443980  1361.843     0.238
   2443981  1361.916     0.253
   2443982  1362.107     0.250
   2443983  1362.379     0.232
   2443984  1362.387     0.240
   2443985  1362.404     0.234
   2443986  1362.430     0.242
   2443987  1362.166     0.260
   2443988  1362.123     0.268
   2443989  1362.094     0.233
   2443990  1362.028     0.221
   2443991  1361.893     0.226
   2443992  1361.956     0.237
   2443993  1361.900     0.218
   2443994  1361.580     0.217
   2443995  1361.263     0.203
   2443996  1361.597     0.224
   2443997  1361.924     0.225
   2443998  1362.226     0.223
   2443999  1362.497     0.232
   2444000  1362.421     0.223
   2444001  1362.356     0.217
   2444002  1362.370     0.217
   2444003  1362.066     0.221
   2444004  1361.754     0.236
   2444005  1361.448     0.244
   2444006  1361.480     0.213
   2444007  1361.525     0.239
   2444008  1361.866     0.240
   2444009  1361.889     0.228
   2444010  1361.954     0.231
   2444011  1362.016     0.207
   2444012  1362.156     0.227
   2444013  1362.301     0.231
   2444014  1362.434     0.203
   2444015  1362.379     0.211
   2444016  1362.205     0.195
   2444017  1362.039     0.195
   2444018  1362.421     0.225
   2444019  1362.593     0.194
   2444020  1362.470     0.208
   2444021  1362.352     0.202
   2444022  1362.594     0.202
   2444023  1362.539     0.203
   2444024  1362.394     0.204
   2444025  1362.259     0.197
   2444026  1362.144     0.181
   2444027  1361.394     0.200
   2444028  1361.306     0.228
   2444029  1361.220     0.230
   2444030  1361.165     0.230
   2444031  1361.228     0.215
   2444032  1361.275     0.215
   2444033  1361.325     0.207
   2444034  1361.289     0.210
   2444035  1360.955     0.208
   2444036  1360.938     0.227
   2444037  1360.924     0.212
   2444038  1361.345     0.237
   2444039  1361.686     0.206
   2444040  1361.733     0.209
   2444041  1361.792     0.218
   2444042  1361.995     0.206
   2444043  1362.168     0.213
   2444044  1362.142     0.212
   2444045  1362.115     0.211
   2444046  1362.318     0.217
   2444047  1362.471     0.217
   2444048  1362.308     0.214
   2444049  1362.151     0.204
   2444050  1362.334     0.203
   2444051  1362.545     0.211
   2444052  1362.489     0.205
   2444053  1362.444     0.195
   2444054  1362.468     0.221
   2444055  1362.541     0.208
   2444056  1362.167     0.191
   2444057  1361.805     0.189
   2444058  1361.838     0.187
   2444059  1361.822     0.232
   2444060  1361.798     0.239
   2444061  1361.770     0.217
   2444062  1361.943     0.242
   2444063  1362.116     0.229
   2444064  1362.030     0.242
   2444065  1361.954     0.240
   2444066  1362.176     0.225
   2444067  1362.339     0.228
   2444068  1362.373     0.229
   2444069  1362.418     0.220
   2444070  1362.402     0.210
   2444071  1362.306     0.196
   2444072  1362.227     0.217
   2444073  1362.155     0.221
   2444074  1362.159     0.228
   2444075  1362.063     0.211
   2444076  1361.984     0.200
   2444077  1361.911     0.208
   2444078  1362.202     0.223
   2444079  1362.306     0.233
   2444080  1362.235     0.231
   2444081  1362.174     0.222
   2444082  1362.585     0.233
   2444083  1362.549     0.226
   2444084  1362.478     0.210
   2444085  1362.397     0.217
   2444086  1362.539     0.212
   2444087  1362.533     0.209
   2444088  1362.393     0.200
   2444089  1362.272     0.209
   2444090  1362.246     0.220
   2444091  1362.369     0.226
   2444092  1362.249     0.221
   2444093  1362.148     0.205
   2444094  1362.132     0.203
   2444095  1362.254     0.228
   2444096  1361.875     0.191
   2444097  1361.498     0.188
   2444098  1361.541     0.196
   2444099  1361.654     0.214
   2444100  1361.487     0.199
   2444101  1361.353     0.219
   2444102  1361.138     0.209
   2444103  1361.102     0.202
   2444104  1360.869     0.233
   2444105  1360.662     0.230
   2444106  1360.726     0.221
   2444107  1360.431     0.222
   2444108  1360.355     0.225
   2444109  1360.280     0.222
   2444110  1360.908     0.227
   2444111  1360.633     0.232
   2444112  1360.536     0.209
   2444113  1360.442     0.241
   2444114  1361.001     0.252
   2444115  1362.126     0.228
   2444116  1361.989     0.239
   2444117  1361.904     0.227
   2444118  1361.621     0.210
   2444119  1361.008     0.196
   2444120  1360.728     0.206
   2444121  1360.450     0.207
   2444122  1360.443     0.224
   2444123  1360.446     0.229
   2444124  1360.885     0.207
   2444125  1361.336     0.203
   2444126  1362.203     0.215
   2444127  1362.156     0.225
   2444128  1362.110     0.212
   2444129  1362.083     0.203
   2444130  1362.067     0.201
   2444131  1362.041     0.229
   2444132  1362.059     0.207
   2444133  1362.077     0.245
   2444134  1362.328     0.229
   2444135  1362.342     0.226
   2444136  1362.096     0.223
   2444137  1361.872     0.236
   2444138  1361.756     0.237
   2444139  1361.670     0.256
   2444140  1361.651     0.237
   2444141  1361.637     0.222
   2444142  1361.938     0.235
   2444143  1361.881     0.221
   2444144  1361.480     0.213
   2444145  1361.104     0.208
   2444146  1360.810     0.230
   2444147  1361.061     0.242
   2444148  1361.405     0.234
   2444149  1361.752     0.225
   2444150  1361.825     0.223
   2444151  1362.185     0.229
   2444152  1361.865     0.218
   2444153  1361.576     0.207
   2444154  1361.360     0.222
   2444155  1361.284     0.235
   2444156  1361.249     0.207
   2444157  1361.241     0.232
   2444158  1361.403     0.229
   2444159  1361.724     0.242
   2444160  1361.840     0.260
   2444161  1361.968     0.259
   2444162  1362.189     0.265
   2444163  1361.915     0.249
   2444164  1361.649     0.244
   2444165  1361.405     0.224
   2444166  1361.794     0.228
   2444167  1361.956     0.217
   2444168  1362.090     0.216
   2444169  1362.241     0.236
   2444170  1362.551     0.227
   2444171  1362.425     0.230
   2444172  1362.229     0.228
   2444173  1362.045     0.220
   2444174  1361.790     0.225
   2444175  1361.932     0.214
   2444176  1361.878     0.218
   2444177  1361.828     0.219
   2444178  1361.653     0.204
   2444179  1362.082     0.200
   2444180  1361.860     0.203
   2444181  1361.671     0.213
   2444182  1361.952     0.209
   2444183  1362.014     0.241
   2444184  1361.400     0.240
   2444185  1360.820     0.237
   2444186  1360.277     0.208
   2444187  1360.478     0.222
   2444188  1360.646     0.206
   2444189  1360.822     0.208
   2444190  1361.141     0.204
   2444191  1361.492     0.219
   2444192  1361.813     0.221
   2444193  1362.143     0.240
   2444194  1362.642     0.258
   2444195  1362.704     0.251
   2444196  1362.554     0.231
   2444197  1362.422     0.220
   2444198  1362.524     0.219
   2444199  1362.517     0.220
   2444200  1362.218     0.208
   2444201  1361.927     0.212
   2444202  1361.840     0.223
   2444203  1362.220     0.226
   2444204  1362.315     0.222
   2444205  1362.424     0.215
   2444206  1362.446     0.224
   2444207  1362.499     0.250
   2444208  1362.299     0.214
   2444209  1362.097     0.240
   2444210  1362.159     0.213
   2444211  1361.992     0.230
   2444212  1361.890     0.231
   2444213  1361.800     0.235
   2444214  1362.106     0.244
   2444215  1362.430     0.213
   2444216  1362.401     0.230
   2444217  1362.396     0.237
   2444218  1362.637     0.225
   2444219  1362.620     0.212
   2444220  1362.650     0.214
   2444221  1362.694     0.215
   2444222  1362.687     0.223
   2444223  1362.700     0.210
   2444224  1362.479     0.228
   2444225  1362.259     0.206
   2444226  1362.296     0.212
   2444227  1362.343     0.229
   2444228  1362.076     0.225
   2444229  1361.832     0.224
   2444230  1361.865     0.205
   2444231  1361.817     0.227
   2444232  1361.834     0.215
   2444233  1361.862     0.224
   2444234  1362.330     0.247
   2444235  1362.372     0.243
   2444236  1362.230     0.222
   2444237  1362.099     0.239
   2444238  1362.310     0.226
   2444239  1362.491     0.218
   2444240  1362.283     0.214
   2444241  1362.089     0.227
   2444242  1362.082     0.216
   2444243  1362.144     0.211
   2444244  1362.018     0.212
   2444245  1361.901     0.227
   2444246  1361.616     0.222
   2444247  1361.559     0.231
   2444248  1361.550     0.226
   2444249  1361.544     0.199
   2444250  1361.933     0.203
   2444251  1362.254     0.208
   2444252  1362.346     0.209
   2444253  1362.457     0.231
   2444254  1362.609     0.228
   2444255  1362.402     0.252
   2444256  1362.169     0.232
   2444257  1361.941     0.215
   2444258  1362.062     0.214
   2444259  1362.044     0.205
   2444260  1361.777     0.207
   2444261  1361.533     0.218
   2444262  1361.595     0.246
   2444263  1362.103     0.227
   2444264  1362.100     0.207
   2444265  1362.117     0.200
   2444266  1362.338     0.202
   2444267  1362.479     0.201
   2444268  1362.267     0.213
   2444269  1362.078     0.235
   2444270  1361.861     0.218
   2444271  1361.627     0.234
   2444272  1361.277     0.226
   2444273  1360.937     0.244
   2444274  1361.139     0.227
   2444275  1361.409     0.230
   2444276  1361.286     0.229
   2444277  1361.175     0.245
   2444278  1361.247     0.243
   2444279  1361.468     0.226
   2444280  1361.464     0.237
   2444281  1361.473     0.225
   2444282  1361.683     0.223
   2444283  1361.764     0.227
   2444284  1361.600     0.238
   2444285  1361.424     0.227
   2444286  1361.426     0.212
   2444287  1361.615     0.214
   2444288  1362.147     0.213
   2444289  1361.661     0.224
   2444290  1361.920     0.219
   2444291  1362.350     0.208
   2444292  1362.201     0.218
   2444293  1361.842     0.225
   2444294  1361.923     0.214
   2444295  1361.955     0.208
   2444296  1362.070     0.207
   2444297  1362.185     0.207
   2444298  1362.585     0.184
   2444299  1362.627     0.213
   2444300  1362.700     0.216
   2444301  1362.302     0.212
   2444302  1362.534     0.207
   2444303  1362.511     0.237
   2444304  1362.454     0.217
   2444305  1362.222     0.214
   2444306  1362.295     0.216
   2444307  1362.315     0.230
   2444308  1362.039     0.230
   2444309  1362.252     0.217
   2444310  1362.398     0.219
   2444311  1362.500     0.215
   2444312  1362.340     0.229
   2444313  1362.255     0.207
   2444314  1362.338     0.215
   2444315  1362.505     0.198
   2444316  1362.414     0.193
   2444317  1362.523     0.204
   2444318  1362.465     0.221
   2444319  1362.434     0.197
   2444320  1362.206     0.205
   2444321  1362.241     0.191
   2444322  1362.357     0.176
   2444323  1362.488     0.192
   2444324  1362.598     0.195
   2444325  1362.720     0.217
   2444326  1362.612     0.192
   2444327  1362.568     0.187
   2444328  1362.446     0.189
   2444329  1361.956     0.188
   2444330  1362.110     0.175
   2444331  1362.291     0.199
   2444332  1362.211     0.189
   2444333  1362.283     0.197
   2444334  1362.137     0.210
   2444335  1361.400     0.220
   2444336  1360.926     0.208
   2444337  1360.154     0.213
   2444338  1360.044     0.207
   2444339  1360.212     0.198
   2444340  1360.364     0.221
   2444341  1360.606     0.204
   2444342  1360.904     0.216
   2444343  1361.314     0.202
   2444344  1361.273     0.210
   2444345  1361.750     0.205
   2444346  1362.256     0.217
   2444347  1362.687     0.192
   2444348  1362.718     0.186
   2444349  1362.849     0.185
   2444350  1362.763     0.208
   2444351  1362.531     0.222
   2444352  1361.978     0.218
   2444353  1361.820     0.215
   2444354  1361.834     0.237
   2444355  1362.088     0.210
   2444356  1362.174     0.220
   2444357  1362.163     0.220
   2444358  1362.362     0.197
   2444359  1362.325     0.199
   2444360  1362.128     0.199
   2444361  1361.787     0.210
   2444362  1361.603     0.219
   2444363  1361.507     0.218
   2444364  1361.448     0.227
   2444365  1361.835     0.190
   2444366  1362.091     0.193
   2444367  1362.433     0.211
   2444368  1362.491     0.202
   2444369  1362.550     0.212
   2444370  1362.472     0.209
   2444371  1362.363     0.205
   2444372  1361.994     0.188
   2444373  1361.927     0.204
   2444374  1361.962     0.220
   2444375  1362.377     0.189
   2444376  1362.449     0.187
   2444377  1362.180     0.178
   2444378  1362.196     0.188
   2444379  1362.097     0.174
   2444380  1361.961     0.184
   2444381  1361.636     0.195
   2444382  1361.391     0.189
   2444383  1361.252     0.200
   2444384  1360.898     0.212
   2444385  1360.831     0.213
   2444386  1360.885     0.219
   2444387  1361.168     0.228
   2444388  1361.261     0.222
   2444389  1361.607     0.194
   2444390  1361.862     0.191
   2444391  1362.114     0.209
   2444392  1361.973     0.227
   2444393  1361.893     0.211
   2444394  1361.884     0.195
   2444395  1362.018     0.226
   2444396  1362.058     0.227
   2444397  1361.933     0.226
   2444398  1361.961     0.210
   2444399  1362.220     0.213
   2444400  1362.320     0.227
   2444401  1362.025     0.216
   2444402  1362.118     0.212
   2444403  1362.243     0.219
   2444404  1362.133     0.203
   2444405  1362.030     0.245
   2444406  1361.945     0.227
   2444407  1362.069     0.241
   2444408  1362.277     0.218
   2444409  1362.729     0.214
   2444410  1362.816     0.218
   2444411  1362.766     0.224
   2444412  1362.294     0.209
   2444413  1361.975     0.206
   2444414  1361.753     0.208
   2444415  1361.717     0.204
   2444416  1361.834     0.215
   2444417  1361.865     0.225
   2444418  1362.095     0.218
   2444419  1362.252     0.213
   2444420  1362.090     0.224
   2444421  1361.688     0.217
   2444422  1362.042     0.225
   2444423  1362.196     0.222
   2444424  1362.036     0.235
   2444425  1361.854     0.219
   2444426  1361.931     0.213
   2444427  1362.085     0.216
   2444428  1362.028     0.225
   2444429  1361.946     0.211
   2444430  1361.955     0.232
   2444431  1362.069     0.210
   2444432  1361.919     0.236
   2444433  1361.705     0.235
   2444434  1361.620     0.236
   2444435  1361.691     0.211
   2444436  1361.803     0.219
   2444437  1361.745     0.219
   2444438  1361.787     0.221
   2444439  1361.750     0.210
   2444440  1361.646     0.214
   2444441  1361.571     0.208
   2444442  1361.848     0.202
   2444443  1361.978     0.206
   2444444  1362.245     0.194
   2444445  1362.443     0.218
   2444446  1362.758     0.219
   2444447  1362.828     0.216
   2444448  1362.953     0.214
   2444449  1362.350     0.216
   2444450  1362.340     0.220
   2444451  1362.154     0.223
   2444452  1362.227     0.203
   2444453  1362.149     0.211
   2444454  1362.200     0.208
   2444455  1362.470     0.199
   2444456  1362.322     0.231
   2444457  1362.177     0.219
   2444458  1362.170     0.225
   2444459  1362.148     0.224
   2444460  1362.134     0.215
   2444461  1362.231     0.220
   2444462  1362.332     0.231
   2444463  1362.513     0.233
   2444464  1362.502     0.229
   2444465  1362.520     0.202
   2444466  1362.676     0.217
   2444467  1362.905     0.207
   2444468  1362.699     0.208
   2444469  1362.425     0.228
   2444470  1362.377     0.219
   2444471  1362.502     0.215
   2444472  1362.062     0.217
   2444473  1362.328     0.217
   2444474  1362.353     0.206
   2444475  1362.317     0.205
   2444476  1362.072     0.217
   2444477  1361.811     0.225
   2444478  1361.822     0.223
   2444479  1361.853     0.211
   2444480  1361.788     0.208
   2444481  1361.489     0.222
   2444482  1361.091     0.217
   2444483  1360.705     0.181
   2444484  1360.696     0.199
   2444485  1360.527     0.193
   2444486  1360.471     0.195
   2444487  1360.797     0.185
   2444488  1360.854     0.174
   2444489  1361.691     0.185
   2444490  1362.263     0.190
   2444491  1362.565     0.201
   2444492  1362.714     0.195
   2444493  1362.611     0.180
   2444494  1362.695     0.203
   2444495  1362.586     0.201
   2444496  1362.424     0.219
   2444497  1362.161     0.222
   2444498  1362.189     0.203
   2444499  1362.272     0.200
   2444500  1362.312     0.177
   2444501  1362.424     0.197
   2444502  1362.399     0.191
   2444503  1362.359     0.224
   2444504  1362.087     0.220
   2444505  1361.766     0.224
   2444506  1361.550     0.218
   2444507  1361.795     0.231
   2444508  1361.794     0.212
   2444509  1362.274     0.209
   2444510  1362.482     0.207
   2444511  1362.421     0.194
   2444512  1362.159     0.203
   2444513  1362.230     0.205
   2444514  1362.375     0.230
   2444515  1362.489     0.201
   2444516  1362.581     0.210
   2444517  1362.577     0.216
   2444518  1362.654     0.221
   2444519  1362.675     0.225
   2444520  1362.556     0.200
   2444521  1362.288     0.230
   2444522  1361.951     0.243
   2444523  1361.591     0.222
   2444524  1361.163     0.217
   2444525  1361.052     0.224
   2444526  1361.148     0.225
   2444527  1361.467     0.214
   2444528  1361.891     0.228
   2444529  1362.589     0.220
   2444530  1362.750     0.220
   2444531  1362.572     0.208
   2444532  1362.194     0.228
   2444533  1361.742     0.218
   2444534  1361.476     0.224
   2444535  1361.333     0.216
   2444536  1361.226     0.228
   2444537  1361.555     0.241
   2444538  1361.907     0.226
   2444539  1362.231     0.214
   2444540  1362.201     0.210
   2444541  1362.272     0.216
   2444542  1362.302     0.206
   2444543  1362.178     0.201
   2444544  1361.899     0.218
   2444545  1361.723     0.211
   2444546  1361.630     0.207
   2444547  1361.315     0.222
   2444548  1361.121     0.198
   2444549  1360.722     0.192
   2444550  1360.557     0.174
   2444551  1360.585     0.205
   2444552  1360.320     0.193
   2444553  1360.484     0.189
   2444554  1360.539     0.204
   2444555  1360.680     0.212
   2444556  1360.759     0.215
   2444557  1361.069     0.196
   2444558  1361.573     0.220
   2444559  1361.948     0.190
   2444560  1362.135     0.199
   2444561  1362.358     0.179
   2444562  1362.054     0.199
   2444563  1362.051     0.183
   2444564  1361.908     0.196
   2444565  1362.065     0.199
   2444566  1362.243     0.185
   2444567  1362.409     0.204
   2444568  1362.457     0.194
   2444569  1362.501     0.201
   2444570  1362.512     0.197
   2444571  1362.743     0.200
   2444572  1362.385     0.187
   2444573  1362.042     0.208
   2444574  1361.846     0.209
   2444575  1361.958     0.206
   2444576  1361.781     0.196
   2444577  1362.099     0.204
   2444578  1362.242     0.204
   2444579  1362.399     0.210
   2444580  1362.561     0.201
   2444581  1362.781     0.195
   2444582  1362.919     0.191
   2444583  1362.816     0.213
   2444584  1362.371     0.201
   2444585  1362.318     0.200
   2444586  1361.797     0.184
   2444587  1361.761     0.187
   2444588  1361.723     0.223
   2444589  1361.603     0.207
   2444590  1361.087     0.205
   2444591  1361.505     0.203
   2444592  1360.440     0.197
   2444593  1361.596     0.206
   2444594  1362.266     0.196
   2444595  1362.173     0.218
   2444596  1359.469     0.200
   2444597  1362.070     0.194
   2444598  1361.991     0.188
   2444599  1362.261     0.199
   2444600  1362.186     0.209
   2444601  1362.038     0.202
   2444602  1361.825     0.213
   2444603  1361.802     0.195
   2444604  1362.230     0.179
   2444605  1362.531     0.200
   2444606  1362.515     0.207
   2444607  1362.839     0.196
   2444608  1362.320     0.205
   2444609  1362.543     0.206
   2444610  1362.376     0.187
   2444611  1362.656     0.198
   2444612  1363.639     0.209
   2444613  1362.136     0.203
   2444614  1362.266     0.198
   2444615  1362.585     0.194
   2444616  1363.452     0.206
   2444617  1362.737     0.190
   2444618  1362.814     0.186
   2444619  1362.851     0.206
   2444620  1362.634     0.205
   2444621  1362.407     0.206
   2444622  1362.640     0.206
   2444623  1362.620     0.211
   2444624  1363.061     0.217
   2444625  1362.421     0.216
   2444626  1362.748     0.226
   2444627  1362.921     0.215
   2444628  1363.055     0.208
   2444629  1362.733     0.190
   2444630  1362.568     0.177
   2444631  1362.683     0.197
   2444632  1362.723     0.195
   2444633  1362.665     0.211
   2444634  1362.690     0.221
   2444635  1362.388     0.215
   2444636  1362.041     0.212
   2444637  1361.627     0.202
   2444638  1361.597     0.192
   2444639  1361.829     0.194
   2444640  1362.608     0.206
   2444641  1362.366     0.203
   2444642  1362.061     0.214
   2444643  1362.192     0.190
   2444644  1361.988     0.196
   2444645  1361.801     0.192
   2444646  1361.730     0.186
   2444647  1361.808     0.177
   2444648  1362.027     0.211
   2444649  1362.029     0.192
   2444650  1361.877     0.215
   2444651  1361.973     0.214
   2444652  1361.729     0.233
   2444653  1361.651     0.223
   2444654  1361.573     0.227
   2444655  1362.071     0.214
   2444656  1362.449     0.209
   2444657  1362.072     0.212
   2444658  1361.743     0.212
   2444659  1361.516     0.211
   2444660  1362.656     0.199
   2444661  1361.490     0.218
   2444662  1361.442     0.220
   2444663  1361.453     0.196
   2444664  1361.753     0.207
   2444665  1361.168     0.182
   2444666  1361.617     0.188
   2444667  1361.718     0.179
   2444668  1362.019     0.203
   2444669  1362.073     0.199
   2444670  1362.007     0.199
   2444671  1362.025     0.198
   2444672  1361.864     0.208
   2444673  1361.755     0.207
   2444674  1361.942     0.200
   2444675  1362.157     0.212
   2444676  1362.404     0.203
   2444677  1362.320     0.199
   2444678  1362.280     0.197
   2444679  1362.246     0.186
   2444680  1362.180     0.200
   2444681  1362.492     0.188
   2444682  1362.483     0.200
   2444683  1362.337     0.203
   2444684  1362.177     0.208
   2444685  1361.552     0.207
   2444686  1361.671     0.199
   2444687  1361.998     0.201
   2444688  1362.302     0.215
   2444689  1362.001     0.205
   2444690  1362.062     0.218
   2444691  1362.224     0.222
   2444692  1362.017     0.207
   2444693  1362.386     0.203
   2444694  1362.478     0.203
   2444695  1362.803     0.187
   2444696  1362.664     0.194
   2444697  1362.987     0.188
   2444698  1362.847     0.201
   2444699  1362.811     0.225
   2444700  1362.898     0.223
   2444701  1362.256     0.196
   2444702  1362.126     0.198
   2444703  1362.000     0.184
   2444704  1362.064     0.214
   2444705  1361.622     0.210
   2444706  1361.618     0.215
   2444707  1361.623     0.198
   2444708  1360.926     0.190
   2444709  1361.430     0.201
   2444710  1361.581     0.200
   2444711  1361.607     0.192
   2444712  1361.459     0.213
   2444713  1361.430     0.194
   2444714  1361.957     0.183
   2444715  1362.105     0.200
   2444716  1362.324     0.196
   2444717  1361.999     0.200
   2444718  1361.811     0.199
   2444719  1362.274     0.203
   2444720  1362.511     0.196
   2444721  1362.573     0.208
   2444722  1362.420     0.184
   2444723  1362.456     0.186
   2444724  1362.498     0.171
   2444725  1362.526     0.185
   2444726  1362.559     0.175
   2444727  1362.787     0.181
   2444728  1362.748     0.208
   2444729  1362.346     0.217
   2444730  1362.179     0.189
   2444731  1361.950     0.212
   2444732  1362.121     0.185
   2444733  1362.163     0.189
   2444734  1362.332     0.194
   2444735  1362.063     0.195
   2444736  1361.636     0.218
   2444737  1361.844     0.197
   2444738  1361.800     0.201
   2444739  1361.823     0.192
   2444740  1361.731     0.179
   2444741  1361.229     0.181
   2444742  1361.248     0.189
   2444743  1361.418     0.199
   2444744  1361.619     0.198
   2444745  1361.758     0.192
   2444746  1362.421     0.195
   2444747  1362.553     0.186
   2444748  1362.087     0.189
   2444749  1362.079     0.193
   2444750  1362.200     0.174
   2444751  1362.093     0.186
   2444752  1362.130     0.184
   2444753  1362.079     0.188
   2444754  1362.383     0.187
   2444755  1362.621     0.179
   2444756  1361.886     0.183
   2444757  1362.263     0.186
   2444758  1362.071     0.168
   2444759  1362.386     0.197
   2444760  1362.872     0.204
   2444761  1362.437     0.197
   2444762  1362.315     0.224
   2444763  1362.405     0.207
   2444764  1362.292     0.217
   2444765  1362.420     0.178
   2444766  1362.320     0.188
   2444767  1362.311     0.202
   2444768  1362.017     0.184
   2444769  1362.124     0.199
   2444770  1362.011     0.187
   2444771  1361.999     0.187
   2444772  1361.728     0.203
   2444773  1361.900     0.205
   2444774  1362.111     0.211
   2444775  1362.450     0.178
   2444776  1362.543     0.188
   2444777  1362.272     0.191
   2444778  1362.175     0.183
   2444779  1362.035     0.201
   2444780  1361.717     0.181
   2444781  1361.629     0.174
   2444782  1361.697     0.183
   2444783  1361.322     0.180
   2444784  1361.546     0.205
   2444785  1361.356     0.199
   2444786  1361.419     0.200
   2444787  1361.233     0.202
   2444788  1360.907     0.210
   2444789  1361.565     0.208
   2444790  1361.890     0.214
   2444791  1362.130     0.219
   2444792  1362.509     0.231
   2444793  1362.018     0.214
   2444794  1362.021     0.201
   2444795  1362.150     0.220
   2444796  1362.315     0.208
   2444797  1361.771     0.197
   2444798  1361.673     0.216
   2444799  1361.733     0.208
   2444800  1361.880     0.212
   2444801  1361.668     0.195
   2444802  1361.558     0.198
   2444803  1361.664     0.229
   2444804  1360.291     0.221
   2444805  1361.596     0.213
   2444806  1361.106     0.216
   2444807  1360.611     0.222
   2444808  1360.159     0.227
   2444809  1359.515     0.226
   2444810  1359.360     0.208
   2444811  1359.205     0.219
   2444812  1359.302     0.228
   2444813  1359.543     0.218
   2444814  1360.012     0.206
   2444815  1360.584     0.219
   2444816  1360.848     0.216
   2444817  1361.146     0.232
   2444818  1361.668     0.223
   2444819  1361.859     0.226
   2444820  1361.616     0.225
   2444821  1361.592     0.229
   2444822  1361.545     0.223
   2444823  1361.576     0.225
   2444824  1361.075     0.214
   2444825  1360.818     0.201
   2444826  1360.888     0.226
   2444827  1361.216     0.210
   2444828  1361.207     0.206
   2444829  1362.049     0.216
   2444830  1362.455     0.213
   2444831  1362.634     0.223
   2444832  1362.039     0.216
   2444833  1361.818     0.227
   2444834  1361.630     0.211
   2444835  1361.609     0.211
   2444836  1361.067     0.194
   2444837  1361.807     0.166
   2444838  1362.060     0.162
   2444839  1362.320     0.190
   2444840  1361.633     0.210
   2444841  1362.531     0.191
   2444842  1362.335     0.195
   2444843  1361.932     0.193
   2444844  1361.480     0.211
   2444845  1361.955     0.207
   2444846  1362.102     0.207
   2444847  1362.229     0.214
   2444848  1362.288     0.221
   2444849  1362.318     0.226
   2444850  1362.186     0.198
   2444851  1362.179     0.218
   2444852  1362.022     0.216
   2444853  1361.753     0.202
   2444854  1361.399     0.206
   2444855  1361.373     0.192
   2444856  1359.556     0.182
   2444857  1361.545     0.183
   2444858  1361.699     0.186
   2444859  1361.380     0.177
   2444860  1361.577     0.206
   2444861  1361.816     0.201
   2444862  1362.046     0.206
   2444863  1362.217     0.210
   2444864  1362.170     0.223
   2444865  1362.152     0.209
   2444866  1362.046     0.202
   2444867  1362.177     0.222
   2444868  1362.338     0.221
   2444869  1362.400     0.208
   2444870  1362.586     0.209
   2444871  1362.623     0.208
   2444872  1362.748     0.188
   2444873  1362.640     0.182
   2444874  1362.624     0.187
   2444875  1362.686     0.199
   2444876  1362.374     0.231
   2444877  1362.193     0.207
   2444878  1362.308     0.206
   2444879  1362.592     0.195
   2444880  1362.555     0.206
   2444881  1362.709     0.188
   2444882  1362.492     0.207
   2444883  1362.343     0.197
   2444884  1361.126     0.183
   2444885  1361.952     0.188
   2444886  1362.229     0.206
   2444887  1362.286     0.187
   2444888  1362.192     0.184
   2444889  1361.419     0.187
   2444890  1360.940     0.198
   2444891  1360.589     0.211
   2444892  1360.230     0.212
   2444893  1359.908     0.194
   2444894  1359.824     0.218
   2444895  1359.803     0.191
   2444896  1360.499     0.217
   2444897  1360.476     0.169
   2444898  1361.101     0.186
   2444899  1361.682     0.200
   2444900  1362.659     0.175
   2444901  1362.566     0.197
   2444902  1362.764     0.180
   2444903  1362.739     0.196
   2444904  1362.975     0.172
   2444905  1362.818     0.186
   2444906  1362.797     0.190
   2444907  1362.885     0.202
   2444908  1362.800     0.214
   2444909  1362.293     0.201
   2444910  1361.870     0.201
   2444911  1361.554     0.210
   2444912  1361.362     0.218
   2444913  1361.225     0.197
   2444914  1361.795     0.203
   2444915  1362.158     0.199
   2444916  1362.295     0.171
   2444917  1362.396     0.204
   2444918  1362.395     0.197
   2444919  1362.009     0.192
   2444920  1362.195     0.211
   2444921  1361.691     0.206
   2444922  1361.656     0.197
   2444923  1362.173     0.216
   2444924  1362.433     0.198
   2444925  1362.686     0.205
   2444926  1362.595     0.214
   2444927  1362.455     0.188
   2444928  1362.189     0.211
   2444929  1362.087     0.204
   2444930  1362.115     0.221
   2444931  1362.235     0.206
   2444932  1362.849     0.203
   2444933  1362.522     0.207
   2444934  1362.396     0.196
   2444935  1362.509     0.186
   2444936  1362.621     0.207
   2444937  1361.709     0.199
   2444938  1361.533     0.196
   2444939  1361.607     0.214
   2444940  1362.650     0.215
   2444941  1362.248     0.213
   2444942  1362.619     0.187
   2444943  1362.707     0.219
   2444944  1362.451     0.188
   2444945  1361.958     0.209
   2444946  1361.160     0.215
   2444947  1360.698     0.215
   2444948  1360.544     0.230
   2444949  1360.414     0.223
   2444950  1360.959     0.223
   2444951  1361.320     0.219
   2444952  1362.266     0.219
   2444953  1361.842     0.220
   2444954  1362.027     0.222
   2444955  1362.206     0.219
   2444956  1362.049     0.219
   2444957  1362.130     0.189
   2444958  1362.172     0.199
   2444959  1362.190     0.182
   2444960  1362.264     0.198
   2444961  1362.285     0.193
   2444962  1362.272     0.197
   2444963  1362.221     0.207
   2444964  1362.175     0.226
   2444965  1362.117     0.214
   2444966  1362.040     0.210
   2444967  1362.243     0.202
   2444968  1362.431     0.191
   2444969  1362.529     0.210
   2444970  1362.747     0.228
   2444971  1362.980     0.219
   2444972  1362.600     0.231
   2444973  1362.708     0.224
   2444974  1362.670     0.202
   2444975  1362.628     0.210
   2444976  1362.759     0.203
   2444977  1362.527     0.207
   2444978  1362.413     0.228
   2444979  1362.493     0.222
   2444980  1362.201     0.224
   2444981  1362.097     0.230
   2444982  1362.163     0.228
   2444983  1362.018     0.239
   2444984  1362.396     0.231
   2444985  1361.530     0.219
   2444986  1361.515     0.222
   2444987  1361.666     0.211
   2444988  1362.218     0.200
   2444989  1361.962     0.226
   2444990  1362.202     0.203
   2444991  1362.415     0.216
   2444992  1362.717     0.198
   2444993  1362.292     0.190
   2444994  1362.334     0.187
   2444995  1362.499     0.194
   2444996  1362.843     0.225
   2444997  1362.420     0.222
   2444998  1361.881     0.208
   2444999  1360.877     0.211
   2445000  1360.781     0.193
   2445001  1359.904     0.181
   2445002  1360.173     0.187
   2445003  1360.653     0.180
   2445004  1361.632     0.170
   2445005  1361.706     0.189
   2445006  1361.964     0.189
   2445007  1361.685     0.184
   2445008  1361.048     0.180
   2445009  1360.421     0.170
   2445010  1360.183     0.174
   2445011  1359.864     0.170
   2445012  1359.995     0.172
   2445013  1360.390     0.178
   2445014  1360.900     0.170
   2445015  1361.310     0.182
   2445016  1361.470     0.187
   2445017  1361.407     0.200
   2445018  1361.089     0.189
   2445019  1361.164     0.170
   2445020  1360.978     0.166
   2445021  1361.416     0.174
   2445022  1361.827     0.200
   2445023  1362.215     0.185
   2445024  1362.340     0.199
   2445025  1362.386     0.189
   2445026  1362.423     0.176
   2445027  1362.421     0.177
   2445028  1362.278     0.177
   2445029  1361.542     0.184
   2445030  1361.172     0.181
   2445031  1360.979     0.201
   2445032  1361.795     0.184
   2445033  1361.337     0.189
   2445034  1361.483     0.181
   2445035  1361.802     0.176
   2445036  1362.348     0.148
   2445037  1362.272     0.165
   2445038  1362.184     0.177
   2445039  1362.172     0.187
   2445040  1362.159     0.180
   2445041  1362.074     0.193
   2445042  1362.066     0.202
   2445043  1361.621     0.183
   2445044  1359.551     0.186
   2445045  1360.009     0.185
   2445046  1359.829     0.197
   2445047  1359.764     0.190
   2445048  1360.066     0.205
   2445049  1360.773     0.201
   2445050  1361.268     0.181
   2445051  1361.582     0.165
   2445052  1361.433     0.173
   2445053  1361.037     0.178
   2445054  1361.090     0.173
   2445055  1361.069     0.169
   2445056  1360.917     0.184
   2445057  1361.074     0.171
   2445058  1361.301     0.194
   2445059  1361.389     0.189
   2445060  1361.682     0.214
   2445061  1362.250     0.211
   2445062  1362.531     0.189
   2445063  1362.683     0.190
   2445064  1362.399     0.208
   2445065  1362.172     0.189
   2445066  1362.137     0.191
   2445067  1362.394     0.188
   2445068  1362.627     0.194
   2445069  1362.299     0.170
   2445070  1362.004     0.173
   2445071  1361.583     0.176
   2445072  1361.603     0.181
   2445073  1361.422     0.195
   2445074  1361.369     0.189
   2445075  1361.681     0.181
   2445076  1361.948     0.179
   2445077  1361.716     0.188
   2445078  1361.734     0.174
   2445079  1361.664     0.175
   2445080  1361.621     0.169
   2445081  1361.715     0.191
   2445082  1361.684     0.179
   2445083  1361.333     0.202
   2445084  1361.366     0.204
   2445085  1361.031     0.193
   2445086  1361.444     0.190
   2445087  1361.931     0.175
   2445088  1362.824     0.179
   2445089  1362.456     0.208
   2445090  1362.339     0.194
   2445091  1362.189     0.191
   2445092  1362.116     0.190
   2445093  1362.022     0.193
   2445094  1362.052     0.212
   2445095  1362.081     0.215
   2445096  1361.699     0.207
   2445097  1361.673     0.212
   2445098  1361.721     0.227
   2445099  1361.931     0.209
   2445100  1361.463     0.196
   2445101  1361.918     0.209
   2445102  1362.169     0.203
   2445103  1362.072     0.196
   2445104  1361.788     0.202
   2445105  1361.693     0.194
   2445106  1361.576     0.201
   2445107  1361.571     0.205
   2445108  1361.566     0.204
   2445109  1361.629     0.198
   2445110  1361.553     0.205
   2445111  1361.575     0.192
   2445112  1361.754     0.194
   2445113  1361.754     0.205
   2445114  1362.008     0.196
   2445115  1362.239     0.215
   2445116  1362.071     0.187
   2445117  1361.921     0.186
   2445118  1361.831     0.202
   2445119  1361.880     0.188
   2445120  1362.080     0.197
   2445121  1362.065     0.191
   2445122  1362.219     0.187
   2445123  1362.145     0.200
   2445124  1361.745     0.209
   2445125  1361.782     0.221
   2445126  1361.382     0.197
   2445127  1360.955     0.191
   2445128  1360.758     0.195
   2445129  1360.782     0.184
   2445130  1360.822     0.179
   2445131  1360.838     0.183
   2445132  1361.141     0.202
   2445133  1360.951     0.202
   2445134  1360.831     0.216
   2445135  1360.631     0.208
   2445136  1360.346     0.202
   2445137  1359.950     0.212
   2445138  1359.750     0.210
   2445139  1359.859     0.213
   2445140  1360.384     0.217
   2445141  1359.847     0.213
   2445142  1360.407     0.199
   2445143  1360.785     0.196
   2445144  1361.432     0.202
   2445145  1361.516     0.191
   2445146  1361.769     0.181
   2445147  1362.315     0.190
   2445148  1363.193     0.185
   2445149  1362.026     0.218
   2445150  1362.023     0.201
   2445151  1362.397     0.194
   2445152  1361.918     0.202
   2445153  1362.195     0.179
   2445154  1362.261     0.193
   2445155  1362.218     0.184
   2445156  1361.989     0.185
   2445157  1362.054     0.209
   2445158  1362.155     0.199
   2445159  1361.920     0.206
   2445160  1362.033     0.210
   2445161  1361.514     0.212
   2445162  1360.966     0.207
   2445163  1360.748     0.212
   2445164  1360.738     0.213
   2445165  1360.000     0.211
   2445166  1360.070     0.203
   2445167  1360.120     0.199
   2445168  1360.543     0.207
   2445169  1361.185     0.185
   2445170  1362.059     0.205
   2445171  1362.582     0.213
   2445172  1362.524     0.205
   2445173  1362.590     0.209
   2445174  1362.358     0.200
   2445175  1362.187     0.201
   2445176  1361.913     0.211
   2445177  1361.997     0.207
   2445178  1362.007     0.208
   2445179  1361.758     0.196
   2445180  1361.738     0.200
   2445181  1361.790     0.184
   2445182  1361.754     0.208
   2445183  1361.902     0.233
   2445184  1362.090     0.221
   2445185  1361.574     0.227
   2445186  1361.646     0.208
   2445187  1361.655     0.209
   2445188  1361.602     0.219
   2445189  1361.576     0.208
   2445190  1361.786     0.198
   2445191  1361.921     0.195
   2445192  1361.609     0.182
   2445193  1362.147     0.198
   2445194  1362.263     0.190
   2445195  1362.420     0.204
   2445196  1362.259     0.223
   2445197  1362.096     0.199
   2445198  1361.731     0.179
   2445199  1361.613     0.194
   2445200  1361.315     0.199
   2445201  1361.534     0.197
   2445202  1361.494     0.199
   2445203  1361.556     0.185
   2445204  1361.066     0.177
   2445205  1360.985     0.181
   2445206  1360.870     0.184
   2445207  1360.890     0.189
   2445208  1360.784     0.191
   2445209  1360.787     0.194
   2445210  1361.089     0.195
   2445211  1361.518     0.215
   2445212  1361.958     0.200
   2445213  1362.045     0.209
   2445214  1362.298     0.197
   2445215  1362.307     0.189
   2445216  1361.961     0.179
   2445217  1362.083     0.182
   2445218  1362.102     0.189
   2445219  1362.396     0.184
   2445220  1362.563     0.204
   2445221  1362.380     0.207
   2445222  1362.361     0.209
   2445223  1362.147     0.187
   2445224  1362.477     0.197
   2445225  1361.877     0.200
   2445226  1361.827     0.204
   2445227  1361.792     0.224
   2445228  1361.764     0.204
   2445229  1361.762     0.212
   2445230  1361.662     0.208
   2445231  1361.525     0.201
   2445232  1361.851     0.187
   2445233  1361.448     0.201
   2445234  1361.859     0.194
   2445235  1361.952     0.188
   2445236  1362.552     0.188
   2445237  1362.372     0.200
   2445238  1362.550     0.195
   2445239  1362.432     0.194
   2445240  1361.840     0.186
   2445241  1361.606     0.186
   2445242  1361.233     0.176
   2445243  1361.402     0.175
   2445244  1361.526     0.208
   2445245  1361.641     0.189
   2445246  1362.193     0.201
   2445247  1362.759     0.185
   2445248  1363.008     0.200
   2445249  1362.711     0.190
   2445250  1362.413     0.187
   2445251  1362.270     0.225
   2445252  1362.161     0.209
   2445253  1362.021     0.211
   2445254  1362.029     0.224
   2445255  1362.147     0.192
   2445256  1361.798     0.202
   2445257  1361.964     0.200
   2445258  1361.922     0.206
   2445259  1361.952     0.210
   2445260  1361.904     0.204
   2445261  1361.695     0.188
   2445262  1361.749     0.184
   2445263  1361.932     0.196
   2445264  1362.136     0.201
   2445265  1361.812     0.198
   2445266  1362.020     0.214
   2445267  1361.766     0.213
   2445268  1362.060     0.202
   2445269  1361.413     0.200
   2445270  1361.328     0.179
   2445271  1361.850     0.199
   2445272  1362.708     0.199
   2445273  1362.173     0.215
   2445274  1362.207     0.194
   2445275  1362.594     0.193
   2445276  1363.423     0.201
   2445277  1362.459     0.181
   2445278  1362.357     0.195
   2445279  1362.400     0.213
   2445280  1361.868     0.193
   2445281  1362.072     0.215
   2445282  1362.073     0.197
   2445283  1362.276     0.197
   2445284  1362.468     0.198
   2445285  1361.765     0.202
   2445286  1361.415     0.191
   2445287  1361.050     0.198
   2445288  1360.977     0.218
   2445289  1360.884     0.218
   2445290  1361.239     0.226
   2445291  1361.429     0.215
   2445292  1362.147     0.211
   2445293  1361.367     0.207
   2445294  1361.034     0.224
   2445295  1361.017     0.210
   2445296  1361.129     0.217
   2445297  1361.123     0.205
   2445298  1361.529     0.208
   2445299  1361.899     0.184
   2445300  1362.239     0.193
   2445301  1362.127     0.192
   2445302  1362.049     0.180
   2445303  1361.783     0.208
   2445304  1361.210     0.203
   2445305  1361.537     0.195
   2445306  1361.462     0.181
   2445307  1361.240     0.193
   2445308  1361.387     0.176
   2445309  1360.949     0.194
   2445310  1361.264     0.180
   2445311  1361.554     0.203
   2445312  1362.294     0.204
   2445313  1361.420     0.204
   2445314  1361.156     0.221
   2445315  1360.946     0.203
   2445316  1361.599     0.202
   2445317  1360.387     0.222
   2445318  1360.559     0.213
   2445319  1360.969     0.194
   2445320  1361.505     0.199
   2445321  1361.777     0.188
   2445322  1362.172     0.190
   2445323  1362.285     0.189
   2445324  1362.638     0.190
   2445325  1362.013     0.179
   2445326  1361.975     0.182
   2445327  1361.920     0.175
   2445328  1361.949     0.180
   2445329  1361.754     0.176
   2445330  1361.429     0.193
   2445331  1361.385     0.186
   2445332  1361.572     0.173
   2445333  1361.612     0.187
   2445334  1361.493     0.179
   2445335  1361.760     0.191
   2445336  1362.133     0.190
   2445337  1362.157     0.204
   2445338  1362.033     0.195
   2445339  1362.138     0.181
   2445340  1361.509     0.173
   2445341  1362.285     0.162
   2445342  1362.228     0.169
   2445343  1361.978     0.177
   2445344  1361.992     0.196
   2445345  1362.197     0.197
   2445346  1362.064     0.182
   2445347  1362.239     0.206
   2445348  1362.711     0.198
   2445349  1362.238     0.194
   2445350  1361.966     0.197
   2445351  1361.686     0.190
   2445352  1361.778     0.194
   2445353  1361.139     0.188
   2445354  1361.241     0.180
   2445355  1361.409     0.179
   2445356  1361.325     0.191
   2445357  1361.797     0.213
   2445358  1361.881     0.194
   2445359  1362.260     0.194
   2445360  1362.447     0.184
   2445361  1361.763     0.185
   2445362  1361.678     0.200
   2445363  1361.667     0.181
   2445364  1361.996     0.192
   2445365  1361.401     0.184
   2445366  1361.536     0.180
   2445367  1361.614     0.186
   2445368  1362.170     0.189
   2445369  1361.772     0.164
   2445370  1361.677     0.178
   2445371  1361.529     0.224
   2445372  1361.578     0.216
   2445373  1361.179     0.215
   2445374  1361.571     0.215
   2445375  1361.960     0.203
   2445376  1362.492     0.212
   2445377  1362.249     0.197
   2445378  1362.089     0.199
   2445379  1362.177     0.209
   2445380  1362.159     0.199
   2445381  1361.870     0.195
   2445382  1361.834     0.193
   2445383  1361.858     0.189
   2445384  1361.100     0.199
   2445385  1361.463     0.200
   2445386  1361.855     0.189
   2445387  1361.614     0.190
   2445388  1362.410     0.190
   2445389  1361.880     0.183
   2445390  1361.901     0.179
   2445391  1361.847     0.177
   2445392  1361.311     0.178
   2445393  1361.802     0.181
   2445394  1361.743     0.181
   2445395  1361.899     0.189
   2445396  1361.434     0.167
   2445397  1361.646     0.182
   2445398  1361.277     0.191
   2445399  1361.353     0.200
   2445400  1361.236     0.179
   2445401  1361.564     0.178
   2445402  1361.480     0.168
   2445403  1361.927     0.182
   2445404  1362.070     0.188
   2445405  1361.757     0.181
   2445406  1361.774     0.178
   2445407  1361.775     0.172
   2445408  1361.340     0.174
   2445409  1361.406     0.182
   2445410  1361.488     0.180
   2445411  1361.610     0.174
   2445412  1361.677     0.172
   2445413  1361.424     0.173
   2445414  1361.352     0.168
   2445415  1361.412     0.172
   2445416  1361.436     0.182
   2445417  1361.971     0.194
   2445418  1361.990     0.205
   2445419  1362.157     0.186
   2445420  1362.370     0.174
   2445421  1361.902     0.205
   2445422  1362.010     0.203
   2445423  1361.971     0.208
   2445424  1360.892     0.208
   2445425  1361.900     0.198
   2445426  1361.928     0.206
   2445427  1361.696     0.206
   2445428  1360.625     0.209
   2445429  1361.670     0.205
   2445430  1361.951     0.214
   2445431  1361.918     0.200
   2445432  1361.119     0.200
   2445433  1361.427     0.193
   2445434  1361.507     0.176
   2445435  1361.592     0.187
   2445436  1361.419     0.206
   2445437  1361.888     0.202
   2445438  1361.734     0.209
   2445439  1362.089     0.209
   2445440  1361.890     0.187
   2445441  1361.870     0.189
   2445442  1361.657     0.201
   2445443  1361.665     0.171
   2445444  1361.856     0.188
   2445445  1361.813     0.179
   2445446  1361.758     0.167
   2445447  1361.824     0.169
   2445448  1362.102     0.173
   2445449  1361.701     0.193
   2445450  1361.552     0.196
   2445451  1361.522     0.185
   2445452  1361.722     0.201
   2445453  1361.403     0.189
   2445454  1361.329     0.173
   2445455  1361.594     0.180
   2445456  1361.292     0.185
   2445457  1361.812     0.185
   2445458  1361.743     0.209
   2445459  1361.877     0.207
   2445460  1362.178     0.210
   2445461  1361.549     0.204
   2445462  1361.635     0.213
   2445463  1361.805     0.195
   2445464  1361.218     0.193
   2445465  1361.068     0.175
   2445466  1360.537     0.178
   2445467  1360.405     0.179
   2445468  1360.839     0.203
   2445469  1361.032     0.184
   2445470  1361.362     0.187
   2445471  1361.594     0.194
   2445472  1361.760     0.191
   2445473  1361.919     0.218
   2445474  1361.698     0.226
   2445475  1361.677     0.215
   2445476  1360.889     0.215
   2445477  1361.264     0.206
   2445478  1361.510     0.200
   2445479  1361.789     0.197
   2445480  1361.568     0.199
   2445481  1362.027     0.179
   2445482  1362.117     0.196
   2445483  1362.252     0.202
   2445484  1362.532     0.211
   2445485  1362.172     0.187
   2445486  1361.943     0.204
   2445487  1361.726     0.220
   2445488  1361.745     0.213
   2445489  1361.085     0.209
   2445490  1361.013     0.216
   2445491  1360.550     0.229
   2445492  1360.452     0.196
   2445493  1360.372     0.201
   2445494  1360.685     0.198
   2445495  1360.898     0.207
   2445496  1361.294     0.211
   2445497  1361.134     0.187
   2445498  1361.408     0.197
   2445499  1361.645     0.209
   2445500  1362.210     0.200
   2445501  1362.087     0.174
   2445502  1362.192     0.185
   2445503  1362.135     0.199
   2445504  1361.649     0.215
   2445505  1361.893     0.197
   2445506  1362.075     0.183
   2445507  1362.125     0.194
   2445508  1361.914     0.215
   2445509  1361.639     0.192
   2445510  1361.765     0.186
   2445511  1361.946     0.174
   2445512  1362.081     0.167
   2445513  1362.082     0.197
   2445514  1362.009     0.207
   2445515  1361.986     0.194
   2445516  1361.540     0.199
   2445517  1361.527     0.200
   2445518  1361.655     0.195
   2445519  1361.728     0.201
   2445520  1361.934     0.185
   2445521  1361.857     0.169
   2445522  1361.799     0.189
   2445523  1361.756     0.168
   2445524  1361.630     0.173
   2445525  1361.367     0.178
   2445526  1361.616     0.157
   2445527  1361.660     0.179
   2445528  1361.592     0.191
   2445529  1361.776     0.191
   2445530  1361.742     0.181
   2445531  1361.735     0.179
   2445532  1361.780     0.181
   2445533  1361.743     0.196
   2445534  1362.066     0.204
   2445535  1362.101     0.199
   2445536  1362.344     0.202
   2445537  1361.926     0.200
   2445538  1361.788     0.199
   2445539  1361.883     0.174
   2445540  1361.985     0.182
   2445541  1361.741     0.174
   2445542  1361.907     0.176
   2445543  1361.980     0.183
   2445544  1361.732     0.166
   2445545  1361.597     0.156
   2445546  1361.531     0.156
   2445547  1361.448     0.181
   2445548  1361.399     0.181
   2445549  1361.248     0.185
   2445550  1361.198     0.177
   2445551  1361.427     0.159
   2445552  1361.835     0.161
   2445553  1361.807     0.177
   2445554  1362.034     0.160
   2445555  1362.058     0.181
   2445556  1362.094     0.200
   2445557  1361.424     0.186
   2445558  1361.515     0.185
   2445559  1361.798     0.173
   2445560  1361.683     0.183
   2445561  1361.981     0.185
   2445562  1362.237     0.209
   2445563  1362.148     0.186
   2445564  1362.430     0.158
   2445565  1362.417     0.197
   2445566  1362.451     0.198
   2445567  1362.491     0.186
   2445568  1361.765     0.190
   2445569  1362.103     0.198
   2445570  1362.012     0.170
   2445571  1362.204     0.184
   2445572  1361.986     0.176
   2445573  1361.820     0.181
   2445574  1362.044     0.185
   2445575  1361.981     0.169
   2445576  1361.715     0.182
   2445577  1361.724     0.161
   2445578  1361.860     0.195
   2445579  1361.907     0.187
   2445580  1361.770     0.193
   2445581  1361.942     0.183
   2445582  1361.884     0.190
   2445583  1362.053     0.186
   2445584  1361.310     0.188
   2445585  1361.817     0.210
   2445586  1361.919     0.207
   2445587  1362.138     0.200
   2445588  1361.960     0.206
   2445589  1362.193     0.208
   2445590  1362.249     0.186
   2445591  1362.194     0.187
   2445592  1362.038     0.195
   2445593  1361.932     0.207
   2445594  1361.694     0.175
   2445595  1361.800     0.190
   2445596  1361.768     0.185
   2445597  1361.680     0.181
   2445598  1361.742     0.185
   2445599  1361.926     0.197
   2445600  1361.956     0.191
   2445601  1361.908     0.184
   2445602  1361.794     0.191
   2445603  1361.649     0.191
   2445604  1361.492     0.187
   2445605  1361.294     0.192
   2445606  1361.315     0.194
   2445607  1361.405     0.192
   2445608  1361.455     0.196
   2445609  1361.544     0.208
   2445610  1361.708     0.213
   2445611  1361.658     0.216
   2445612  1361.703     0.193
   2445613  1361.537     0.211
   2445614  1361.322     0.197
   2445615  1361.283     0.187
   2445616  1361.145     0.189
   2445617  1361.413     0.198
   2445618  1361.395     0.185
   2445619  1361.578     0.196
   2445620  1361.869     0.176
   2445621  1361.867     0.179
   2445622  1361.661     0.189
   2445623  1361.330     0.194
   2445624  1361.357     0.182
   2445625  1361.635     0.182
   2445626  1361.584     0.179
   2445627  1361.561     0.173
   2445628  1361.732     0.200
   2445629  1361.883     0.186
   2445630  1361.818     0.186
   2445631  1361.804     0.193
   2445632  1361.569     0.208
   2445633  1361.628     0.198
   2445634  1361.622     0.209
   2445635  1361.690     0.201
   2445636  1361.799     0.195
   2445637  1361.635     0.208
   2445638  1361.784     0.191
   2445639  1361.821     0.190
   2445640  1361.593     0.204
   2445641  1361.588     0.176
   2445642  1361.750     0.174
   2445643  1361.876     0.191
   2445644  1361.776     0.164
   2445645  1361.786     0.168
   2445646  1361.677     0.173
   2445647  1361.797     0.192
   2445648  1361.638     0.178
   2445649  1361.727     0.202
   2445650  1361.708     0.197
   2445651  1361.728     0.191
   2445652  1361.699     0.193
   2445653  1361.639     0.179
   2445654  1361.609     0.193
   2445655  1361.371     0.198
   2445656  1361.441     0.217
   2445657  1361.482     0.212
   2445658  1361.511     0.197
   2445659  1361.591     0.183
   2445660  1361.532     0.188
   2445661  1361.442     0.192
   2445662  1361.443     0.180
   2445663  1361.533     0.165
   2445664  1361.553     0.183
   2445665  1361.533     0.187
   2445666  1361.394     0.201
   2445667  1361.523     0.182
   2445668  1361.672     0.189
   2445669  1361.682     0.190
   2445670  1361.671     0.197
   2445671  1361.789     0.195
   2445672  1361.779     0.177
   2445673  1361.790     0.176
   2445674  1361.640     0.170
   2445675  1361.671     0.161
   2445676  1361.534     0.195
   2445677  1361.624     0.191
   2445678  1361.515     0.205
   2445679  1361.506     0.205
   2445680  1361.477     0.217
   2445681  1361.488     0.211
   2445682  1361.677     0.220
   2445683  1361.787     0.210
   2445684  1361.659     0.204
   2445685  1361.600     0.210
   2445686  1361.411     0.222
   2445687  1361.427     0.201
   2445688  1361.330     0.200
   2445689  1361.497     0.208
   2445690  1361.590     0.198
   2445691  1361.440     0.166
   2445692  1361.432     0.174
   2445693  1361.460     0.184
   2445694  1361.557     0.170
   2445695  1361.461     0.195
   2445696  1361.505     0.202
   2445697  1361.489     0.165
   2445698  1361.489     0.187
   2445699  1361.559     0.203
   2445700  1361.480     0.196
   2445701  1361.638     0.191
   2445702  1361.609     0.200
   2445703  1361.727     0.194
   2445704  1361.786     0.194
   2445705  1361.766     0.195
   2445706  1361.598     0.193
   2445707  1361.656     0.200
   2445708  1361.646     0.186
   2445709  1361.716     0.200
   2445710  1361.617     0.202
   2445711  1361.607     0.181
   2445712  1361.380     0.174
   2445713  1361.263     0.180
   2445714  1360.921     0.171
   2445715  1361.036     0.184
   2445716  1361.022     0.189
   2445717  1361.223     0.203
   2445718  1361.151     0.191
   2445719  1361.478     0.183
   2445720  1361.397     0.175
   2445721  1361.386     0.166
   2445722  1361.389     0.178
   2445723  1361.396     0.179
   2445724  1360.725     0.179
   2445725  1360.416     0.191
   2445726  1359.790     0.173
   2445727  1359.051     0.185
   2445728  1358.820     0.178
   2445729  1358.709     0.171
   2445730  1359.064     0.194
   2445731  1359.628     0.202
   2445732  1360.302     0.208
   2445733  1361.156     0.195
   2445734  1361.423     0.218
   2445735  1361.691     0.212
   2445736  1361.522     0.225
   2445737  1361.463     0.203
   2445738  1361.304     0.189
   2445739  1361.036     0.203
   2445740  1360.620     0.209
   2445741  1360.621     0.199
   2445742  1360.650     0.204
   2445743  1360.998     0.190
   2445744  1361.067     0.175
   2445745  1361.583     0.197
   2445746  1361.681     0.191
   2445747  1361.729     0.202
   2445748  1361.560     0.180
   2445749  1361.718     0.196
   2445750  1361.332     0.190
   2445751  1361.368     0.182
   2445752  1360.950     0.191
   2445753  1360.753     0.169
   2445754  1360.515     0.195
   2445755  1360.654     0.206
   2445756  1360.663     0.219
   2445757  1360.990     0.205
   2445758  1361.267     0.198
   2445759  1361.752     0.167
   2445760  1361.861     0.170
   2445761  1361.782     0.171
   2445762  1361.762     0.175
   2445763  1361.871     0.188
   2445764  1361.752     0.199
   2445765  1361.921     0.202
   2445766  1361.683     0.204
   2445767  1361.683     0.208
   2445768  1361.445     0.198
   2445769  1361.504     0.199
   2445770  1361.454     0.185
   2445771  1361.653     0.209
   2445772  1361.445     0.197
   2445773  1361.475     0.178
   2445774  1361.415     0.183
   2445775  1361.501     0.195
   2445776  1361.591     0.177
   2445777  1361.789     0.199
   2445778  1361.829     0.196
   2445779  1361.918     0.207
   2445780  1361.889     0.210
   2445781  1361.858     0.213
   2445782  1361.630     0.215
   2445783  1361.700     0.199
   2445784  1361.661     0.214
   2445785  1361.878     0.209
   2445786  1361.739     0.204
   2445787  1361.879     0.196
   2445788  1361.532     0.187
   2445789  1361.183     0.190
   2445790  1360.796     0.219
   2445791  1360.687     0.195
   2445792  1360.587     0.185
   2445793  1360.746     0.168
   2445794  1361.035     0.163
   2445795  1361.243     0.182
   2445796  1361.411     0.193
   2445797  1361.580     0.183
   2445798  1361.630     0.213
   2445799  1361.700     0.218
   2445800  1361.520     0.199
   2445801  1361.600     0.212
   2445802  1361.471     0.197
   2445803  1361.570     0.201
   2445804  1361.480     0.179
   2445805  1361.401     0.212
   2445806  1361.272     0.207
   2445807  1361.302     0.197
   2445808  1361.247     0.173
   2445809  1361.192     0.160
   2445810  1361.420     0.157
   2445811  1361.737     0.155
   2445812  1361.674     0.180
   2445813  1361.627     0.175
   2445814  1361.331     0.193
   2445815  1360.749     0.192
   2445816  1359.900     0.179
   2445817  1359.063     0.168
   2445818  1358.934     0.158
   2445819  1358.891     0.174
   2445820  1359.144     0.187
   2445821  1359.393     0.180
   2445822  1360.112     0.168
   2445823  1360.861     0.172
   2445824  1361.303     0.169
   2445825  1361.526     0.166
   2445826  1361.476     0.189
   2445827  1361.423     0.187
   2445828  1361.366     0.184
   2445829  1360.863     0.165
   2445830  1360.493     0.162
   2445831  1360.198     0.179
   2445832  1360.056     0.185
   2445833  1360.139     0.194
   2445834  1360.250     0.174
   2445835  1360.688     0.186
   2445836  1361.145     0.172
   2445837  1361.561     0.206
   2445838  1361.672     0.186
   2445839  1361.836     0.176
   2445840  1361.823     0.193
   2445841  1361.621     0.177
   2445842  1361.548     0.188
   2445843  1361.518     0.187
   2445844  1361.331     0.167
   2445845  1361.116     0.171
   2445846  1361.211     0.173
   2445847  1361.464     0.187
   2445848  1361.695     0.179
   2445849  1361.869     0.164
   2445850  1361.744     0.188
   2445851  1361.622     0.173
   2445852  1361.315     0.179
   2445853  1361.248     0.191
   2445854  1361.528     0.192
   2445855  1361.732     0.179
   2445856  1361.787     0.176
   2445857  1361.694     0.163
   2445858  1361.702     0.166
   2445859  1361.742     0.178
   2445860  1361.744     0.180
   2445861  1361.799     0.189
   2445862  1361.827     0.174
   2445863  1361.954     0.181
   2445864  1361.916     0.181
   2445865  1361.790     0.181
   2445866  1361.753     0.198
   2445867  1361.546     0.174
   2445868  1361.571     0.169
   2445869  1361.469     0.184
   2445870  1361.415     0.177
   2445871  1361.389     0.173
   2445872  1361.333     0.154
   2445873  1361.538     0.163
   2445874  1361.514     0.161
   2445875  1361.520     0.173
   2445876  1361.386     0.172
   2445877  1361.337     0.184
   2445878  1361.287     0.181
   2445879  1361.337     0.170
   2445880  1361.347     0.166
   2445881  1361.450     0.183
   2445882  1361.478     0.157
   2445883  1361.539     0.166
   2445884  1361.681     0.180
   2445885  1361.566     0.177
   2445886  1361.705     0.166
   2445887  1361.753     0.169
   2445888  1361.764     0.157
   2445889  1361.893     0.138
   2445890  1361.930     0.144
   2445891  1361.979     0.161
   2445892  1361.604     0.154
   2445893  1361.723     0.156
   2445894  1361.566     0.167
   2445895  1361.720     0.170
   2445896  1361.718     0.165
   2445897  1361.594     0.175
   2445898  1361.510     0.179
   2445899  1361.567     0.191
   2445900  1361.561     0.159
   2445901  1361.540     0.173
   2445902  1361.385     0.184
   2445903  1361.519     0.174
   2445904  1361.468     0.188
   2445905  1361.391     0.166
   2445906  1361.335     0.172
   2445907  1361.348     0.173
   2445908  1361.472     0.199
   2445909  1361.353     0.184
   2445910  1361.316     0.179
   2445911  1361.165     0.191
   2445912  1361.600     0.185
   2445913  1361.655     0.177
   2445914  1361.532     0.167
   2445915  1361.647     0.166
   2445916  1361.688     0.158
   2445917  1361.628     0.147
   2445918  1361.578     0.164
   2445919  1361.740     0.164
   2445920  1361.669     0.162
   2445921  1361.557     0.165
   2445922  1361.440     0.170
   2445923  1361.457     0.149
   2445924  1361.565     0.180
   2445925  1361.659     0.181
   2445926  1361.656     0.184
   2445927  1361.572     0.174
   2445928  1361.565     0.170
   2445929  1361.396     0.150
   2445930  1361.324     0.174
   2445931  1361.357     0.162
   2445932  1361.311     0.154
   2445933  1361.278     0.170
   2445934  1361.326     0.172
   2445935  1361.372     0.161
   2445936  1361.309     0.163
   2445937  1361.287     0.160
   2445938  1361.249     0.149
   2445939  1361.448     0.155
   2445940  1361.399     0.160
   2445941  1361.447     0.180
   2445942  1361.189     0.168
   2445943  1361.333     0.176
   2445944  1361.284     0.147
   2445945  1361.250     0.170
   2445946  1361.373     0.159
   2445947  1361.565     0.145
   2445948  1361.582     0.152
   2445949  1361.608     0.152
   2445950  1361.449     0.167
   2445951  1361.641     0.168
   2445952  1361.687     0.157
   2445953  1361.575     0.167
   2445954  1361.496     0.169
   2445955  1361.603     0.184
   2445956  1361.490     0.177
   2445957  1361.417     0.168
   2445958  1361.268     0.157
   2445959  1361.311     0.167
   2445960  1361.334     0.163
   2445961  1361.379     0.158
   2445962  1361.280     0.166
   2445963  1361.381     0.156
   2445964  1361.377     0.163
   2445965  1361.423     0.160
   2445966  1361.405     0.156
   2445967  1361.372     0.157
   2445968  1361.478     0.152
   2445969  1361.394     0.170
   2445970  1361.379     0.137
   2445971  1361.539     0.153
   2445972  1361.488     0.167
   2445973  1361.529     0.168
   2445974  1361.418     0.166
   2445975  1361.502     0.175
   2445976  1361.556     0.157
   2445977  1361.417     0.152
   2445978  1361.457     0.148
   2445979  1361.503     0.152
   2445980  1361.507     0.172
   2445981  1361.465     0.170
   2445982  1361.404     0.143
   2445983  1361.359     0.154
   2445984  1361.353     0.163
   2445985  1361.256     0.145
   2445986  1361.183     0.140
   2445987  1361.384     0.127
   2445988  1361.374     0.119
   2445989  1361.227     0.125
   2445990  1361.223     0.132
   2445991  1361.261     0.143
   2445992  1361.310     0.132
   2445993  1361.223     0.123
   2445994  1361.247     0.116
   2445995  1361.338     0.119
   2445996  1361.397     0.108
   2445997  1361.460     0.110
   2445998  1361.288     0.104
   2445999  1361.762     0.108
   2446000  1361.424     0.108
   2446001  1361.407     0.112
   2446002  1361.563     0.109
   2446003  1361.368     0.107
   2446004  1361.306     0.111
   2446005  1362.170     0.106
   2446006  1361.287     0.101
   2446007  1361.334     0.099
   2446008  1361.341     0.110
   2446009  1361.794     0.110
   2446010  1361.349     0.124
   2446011  1361.402     0.120
   2446012  1361.289     0.119
   2446013  1361.224     0.121
   2446014  1361.216     0.114
   2446015  1361.239     0.110
   2446016  1361.718     0.108
   2446017  1361.309     0.106
   2446018  1361.241     0.110
   2446019  1361.364     0.123
   2446020  1361.406     0.121
   2446021  1361.323     0.122
   2446022  1361.278     0.106
   2446023  1361.361     0.096
   2446024  1361.663     0.093
   2446025  1361.226     0.096
   2446026  1361.279     0.110
   2446027  1361.274     0.125
   2446028  1361.220     0.116
   2446029  1361.154     0.097
   2446030  1361.339     0.096
   2446031  1360.871     0.101
   2446032  1360.891     0.113
   2446033  1361.080     0.116
   2446034  1361.179     0.115
   2446035  1361.420     0.092
   2446036  1361.474     0.097
   2446037  1361.665     0.094
   2446038  1361.384     0.101
   2446039  1361.395     0.111
   2446040  1361.346     0.125
   2446041  1361.402     0.128
   2446042  1361.287     0.114
   2446043  1361.370     0.098
   2446044  1361.721     0.095
   2446045  1361.157     0.094
   2446046  1361.027     0.109
   2446047  1361.165     0.128
   2446048  1361.086     0.118
   2446049  1361.187     0.107
   2446050  1361.119     0.101
   2446051  1361.750     0.109
   2446052  1361.184     0.103
   2446053  1361.212     0.113
   2446054  1361.188     0.109
   2446055  1361.366     0.118
   2446056  1361.205     0.125
   2446057  1361.241     0.131
   2446058  1361.138     0.128
   2446059  1361.262     0.114
   2446060  1361.217     0.118
   2446061  1361.243     0.103
   2446062  1361.342     0.096
   2446063  1361.217     0.102
   2446064  1361.426     0.103
   2446065  1361.245     0.123
   2446066  1361.323     0.125
   2446067  1361.474     0.122
   2446068  1361.391     0.119
   2446069  1361.404     0.125
   2446070  1361.261     0.120
   2446071  1361.407     0.106
   2446072  1361.185     0.113
   2446073  1361.272     0.107
   2446074  1361.480     0.109
   2446075  1361.309     0.106
   2446076  1361.274     0.104
   2446077  1361.217     0.119
   2446078  1361.206     0.133
   2446079  1361.206     0.128
   2446080  1361.140     0.145
   2446081  1361.142     0.136
   2446082  1361.130     0.129
   2446083  1361.211     0.140
   2446084  1361.274     0.137
   2446085  1361.301     0.131
   2446086  1360.942     0.122
   2446087  1360.865     0.107
   2446088  1361.428     0.104
   2446089  1361.353     0.112
   2446090  1361.207     0.118
   2446091  1361.376     0.129
   2446092  1361.344     0.126
   2446093  1361.247     0.148
   2446094  1361.205     0.134
   2446095  1361.192     0.138
   2446096  1361.163     0.138
   2446097  1361.300     0.140
   2446098  1361.160     0.151
   2446099  1361.206     0.125
   2446100  1361.327     0.125
   2446101  1361.308     0.113
   2446102  1361.809     0.122
   2446103  1361.323     0.114
   2446104  1361.124     0.130
   2446105  1361.273     0.131
   2446106  1361.222     0.131
   2446107  1361.347     0.133
   2446108  1361.370     0.141
   2446109  1361.342     0.131
   2446110  1361.342     0.146
   2446111  1361.257     0.136
   2446112  1361.201     0.134
   2446113  1361.266     0.141
   2446114  1361.286     0.122
   2446115  1361.312     0.121
   2446116  1361.238     0.115
   2446117  1361.296     0.112
   2446118  1361.266     0.112
   2446119  1361.187     0.119
   2446120  1361.199     0.117
   2446121  1361.235     0.142
   2446122  1361.126     0.132
   2446123  1361.109     0.140
   2446124  1361.166     0.138
   2446125  1361.217     0.132
   2446126  1361.215     0.124
   2446127  1361.330     0.120
   2446128  1361.142     0.112
   2446129  1361.236     0.100
   2446130  1361.301     0.094
   2446131  1361.173     0.100
   2446132  1361.185     0.098
   2446133  1361.148     0.126
   2446134  1361.215     0.119
   2446135  1361.181     0.133
   2446136  1361.274     0.142
   2446137  1361.242     0.147
   2446138  1361.187     0.133
   2446139  1361.268     0.129
   2446140  1361.124     0.132
   2446141  1361.274     0.124
   2446142  1361.181     0.133
   2446143  1361.254     0.115
   2446144  1361.328     0.115
   2446145  1361.387     0.113
   2446146  1361.253     0.124
   2446147  1361.335     0.136
   2446148  1361.249     0.137
   2446149  1361.306     0.131
   2446150  1361.247     0.132
   2446151  1361.184     0.134
   2446152  1361.203     0.137
   2446153  1361.128     0.148
   2446154  1361.063     0.133
   2446155  1361.187     0.120
   2446156  1361.237     0.105
   2446157  1361.277     0.105
   2446158  1361.055     0.109
   2446159  1361.264     0.105
   2446160  1361.320     0.121
   2446161  1361.258     0.115
   2446162  1361.257     0.122
   2446163  1361.183     0.129
   2446164  1361.125     0.140
   2446165  1361.264     0.122
   2446166  1361.189     0.133
   2446167  1361.255     0.122
   2446168  1361.141     0.140
   2446169  1361.282     0.123
   2446170  1361.265     0.110
   2446171  1361.346     0.099
   2446172  1361.327     0.088
   2446173  1361.285     0.096
   2446174  1361.222     0.103
   2446175  1361.274     0.118
   2446176  1361.297     0.132
   2446177  1361.354     0.128
   2446178  1361.092     0.136
   2446179  1360.842     0.128
   2446180  1360.516     0.123
   2446181  1360.578     0.135
   2446182  1360.575     0.116
   2446183  1360.719     0.120
   2446184  1360.914     0.111
   2446185  1361.127     0.114
   2446186  1360.712     0.102
   2446187  1361.313     0.103
   2446188  1361.195     0.115
   2446189  1361.198     0.125
   2446190  1361.291     0.135
   2446191  1361.269     0.113
   2446192  1361.254     0.114
   2446193  1360.784     0.119
   2446194  1361.106     0.115
   2446195  1361.138     0.107
   2446196  1361.026     0.134
   2446197  1360.950     0.132
   2446198  1360.832     0.145
   2446199  1360.934     0.135
   2446200  1360.838     0.139
   2446201  1361.055     0.141
   2446202  1361.096     0.136
   2446203  1361.292     0.145
   2446204  1361.309     0.166
   2446205  1361.318     0.145
   2446206  1361.179     0.135
   2446207  1361.095     0.128
   2446208  1361.019     0.135
   2446209  1361.269     0.126
   2446210  1361.130     0.115
   2446211  1361.317     0.107
   2446212  1361.182     0.104
   2446213  1361.306     0.098
   2446214  1360.749     0.099
   2446215  1361.205     0.106
   2446216  1361.101     0.119
   2446217  1361.120     0.131
   2446218  1361.003     0.133
   2446219  1361.164     0.124
   2446220  1361.040     0.128
   2446221  1361.212     0.139
   2446222  1361.059     0.145
   2446223  1361.179     0.143
   2446224  1361.137     0.138
   2446225  1361.059     0.142
   2446226  1360.990     0.132
   2446227  1360.936     0.125
   2446228  1360.930     0.146
   2446229  1361.112     0.124
   2446230  1361.325     0.120
   2446231  1361.367     0.106
   2446232  1361.277     0.101
   2446233  1361.310     0.101
   2446234  1361.279     0.107
   2446235  1361.344     0.098
   2446236  1361.142     0.109
   2446237  1361.154     0.129
   2446238  1361.223     0.121
   2446239  1361.281     0.123
   2446240  1361.202     0.093
   2446241  1361.194     0.101
   2446242  1361.141     0.097
   2446243  1361.213     0.113
   2446244  1361.049     0.112
   2446245  1361.118     0.125
   2446246  1361.101     0.135
   2446247  1361.307     0.122
   2446248  1361.168     0.132
   2446249  1361.156     0.135
   2446250  1361.121     0.136
   2446251  1361.199     0.119
   2446252  1361.093     0.135
   2446253  1360.862     0.113
   2446254  1360.722     0.106
   2446255  1360.777     0.103
   2446256  1360.322     0.096
   2446257  1361.062     0.102
   2446258  1361.241     0.107
   2446259  1361.256     0.109
   2446260  1361.235     0.123
   2446261  1361.203     0.125
   2446262  1361.066     0.114
   2446263  1361.269     0.129
   2446264  1361.224     0.138
   2446265  1361.175     0.132
   2446266  1361.052     0.137
   2446267  1361.240     0.117
   2446268  1361.198     0.107
   2446269  1361.146     0.103
   2446270  1360.836     0.103
   2446271  1361.233     0.101
   2446272  1361.183     0.107
   2446273  1361.040     0.098
   2446274  1361.171     0.109
   2446275  1361.301     0.132
   2446276  1361.332     0.137
   2446277  1361.214     0.153
   2446278  1361.276     0.132
   2446279  1361.250     0.131
   2446280  1361.122     0.131
   2446281  1361.327     0.116
   2446282  1361.272     0.108
   2446283  1361.514     0.107
   2446284  1361.505     0.108
   2446285  1361.365     0.102
   2446286  1361.294     0.111
   2446287  1361.100     0.126
   2446288  1361.076     0.121
   2446289  1361.055     0.118
   2446290  1361.050     0.124
   2446291  1361.010     0.133
   2446292  1361.119     0.134
   2446293  1361.054     0.133
   2446294  1361.158     0.129
   2446295  1361.068     0.132
   2446296  1361.056     0.119
   2446297  1361.007     0.105
   2446298  1360.976     0.101
   2446299  1361.029     0.096
   2446300  1361.148     0.103
   2446301  1361.144     0.119
   2446302  1361.159     0.138
   2446303  1361.309     0.151
   2446304  1361.231     0.145
   2446305  1361.363     0.136
   2446306  1361.249     0.133
   2446307  1361.325     0.124
   2446308  1361.272     0.110
   2446309  1361.232     0.116
   2446310  1361.274     0.111
   2446311  1361.354     0.105
   2446312  1361.011     0.103
   2446313  1361.193     0.100
   2446314  1361.245     0.112
   2446315  1361.216     0.124
   2446316  1361.188     0.112
   2446317  1361.266     0.137
   2446318  1361.058     0.128
   2446319  1361.115     0.123
   2446320  1361.167     0.127
   2446321  1361.202     0.134
   2446322  1361.098     0.136
   2446323  1361.169     0.121
   2446324  1361.098     0.113
   2446325  1361.050     0.113
   2446326  1361.140     0.092
   2446327  1361.185     0.097
   2446328  1361.149     0.107
   2446329  1361.080     0.137
   2446330  1361.241     0.116
   2446331  1361.242     0.119
   2446332  1361.292     0.131
   2446333  1361.312     0.150
   2446334  1361.183     0.155
   2446335  1361.233     0.123
   2446336  1361.249     0.127
   2446337  1361.230     0.129
   2446338  1361.157     0.110
   2446339  1361.185     0.104
   2446340  1361.096     0.105
   2446341  1361.149     0.107
   2446342  1361.167     0.126
   2446343  1361.137     0.120
   2446344  1361.166     0.128
   2446345  1361.133     0.116
   2446346  1361.088     0.133
   2446347  1361.130     0.124
   2446348  1361.105     0.143
   2446349  1361.041     0.129
   2446350  1361.157     0.141
   2446351  1361.128     0.134
   2446352  1361.031     0.117
   2446353  1361.098     0.107
   2446354  1361.294     0.115
   2446355  1361.205     0.107
   2446356  1361.271     0.126
   2446357  1361.301     0.117
   2446358  1361.594     0.109
   2446359  1361.139     0.114
   2446360  1361.025     0.114
   2446361  1360.834     0.120
   2446362  1360.910     0.129
   2446363  1361.114     0.136
   2446364  1361.332     0.134
   2446365  1361.540     0.131
   2446366  1361.477     0.104
   2446367  1361.492     0.115
   2446368  1361.166     0.103
   2446369  1361.906     0.099
   2446370  1361.156     0.105
   2446371  1361.299     0.111
   2446372  1361.292     0.130
   2446373  1361.153     0.131
   2446374  1361.157     0.136
   2446375  1361.132     0.122
   2446376  1361.114     0.152
   2446377  1361.296     0.134
   2446378  1361.210     0.120
   2446379  1361.181     0.102
   2446380  1361.207     0.104
   2446381  1361.138     0.089
   2446382  1361.483     0.099
   2446383  1361.353     0.109
   2446384  1361.266     0.123
   2446385  1361.164     0.124
   2446386  1361.193     0.127
   2446387  1361.165     0.122
   2446388  1361.250     0.144
   2446389  1361.291     0.133
   2446390  1361.378     0.137
   2446391  1361.462     0.132
   2446392  1361.350     0.136
   2446393  1361.259     0.117
   2446394  1361.279     0.111
   2446395  1361.129     0.106
   2446396  1361.140     0.123
   2446397  1361.273     0.127
   2446398  1361.213     0.120
   2446399  1361.144     0.115
   2446400  1361.164     0.151
   2446401  1361.242     0.141
   2446402  1361.172     0.130
   2446403  1361.220     0.141
   2446404  1361.162     0.160
   2446405  1361.152     0.143
   2446406  1361.188     0.160
   2446407  1361.165     0.165
   2446408  1361.280     0.143
   2446409  1361.312     0.153
   2446410  1361.402     0.140
   2446411  1361.537     0.154
   2446412  1361.408     0.138
   2446413  1361.452     0.121
   2446414  1361.378     0.128
   2446415  1361.324     0.129
   2446416  1361.211     0.118
   2446417  1361.093     0.096
   2446418  1361.265     0.099
   2446419  1361.486     0.118
   2446420  1361.324     0.120
   2446421  1361.225     0.123
   2446422  1361.112     0.127
   2446423  1361.156     0.108
   2446424  1361.241     0.106
   2446425  1361.253     0.115
   2446426  1361.257     0.109
   2446427  1361.224     0.122
   2446428  1361.260     0.130
   2446429  1361.347     0.115
   2446430  1361.238     0.135
   2446431  1361.213     0.108
   2446432  1361.169     0.136
   2446433  1361.150     0.129
   2446434  1361.212     0.109
   2446435  1361.305     0.119
   2446436  1361.386     0.104
   2446437  1361.414     0.097
   2446438  1361.541     0.106
   2446439  1361.561     0.097
   2446440  1361.451     0.107
   2446441  1361.446     0.125
   2446442  1361.460     0.120
   2446443  1361.411     0.141
   2446444  1361.294     0.125
   2446445  1361.495     0.122
   2446446  1361.596     0.136
   2446447  1361.380     0.152
   2446448  1361.464     0.130
   2446449  1361.390     0.129
   2446450  1361.299     0.107
   2446451  1361.285     0.097
   2446452  1361.481     0.093
   2446453  1361.307     0.108
   2446454  1361.187     0.100
   2446455  1361.255     0.104
   2446456  1361.263     0.121
   2446457  1361.252     0.129
   2446458  1361.245     0.146
   2446459  1361.207     0.147
   2446460  1361.163     0.116
   2446461  1361.282     0.128
   2446462  1361.318     0.127
   2446463  1361.383     0.112
   2446464  1361.170     0.105
   2446465  1361.086     0.097
   2446466  1360.715     0.098
   2446467  1360.935     0.109
   2446468  1361.017     0.100
   2446469  1361.296     0.123
   2446470  1361.350     0.133
   2446471  1361.388     0.152
   2446472  1361.307     0.140
   2446473  1361.162     0.124
   2446474  1361.069     0.129
   2446475  1361.266     0.111
   2446476  1361.041     0.110
   2446477  1361.323     0.103
   2446478  1361.222     0.112
   2446479  1361.169     0.117
   2446480  1361.233     0.137
   2446481  1361.270     0.135
   2446482  1361.252     0.142
   2446483  1361.324     0.120
   2446484  1361.388     0.115
   2446485  1361.359     0.110
   2446486  1361.276     0.106
   2446487  1361.268     0.103
   2446488  1361.334     0.101
   2446489  1361.404     0.098
   2446490  1361.413     0.116
   2446491  1361.406     0.126
   2446492  1361.474     0.107
   2446493  1361.446     0.104
   2446494  1361.192     0.095
   2446495  1361.282     0.097
   2446496  1361.252     0.107
   2446497  1361.250     0.112
   2446498  1361.248     0.111
   2446499  1361.447     0.127
   2446500  1361.414     0.118
   2446501  1361.595     0.137
   2446502  1361.555     0.128
   2446503  1361.244     0.122
   2446504  1361.179     0.107
   2446505  1361.328     0.115
   2446506  1361.236     0.107
   2446507  1361.218     0.107
   2446508  1360.942     0.107
   2446509  1361.365     0.105
   2446510  1361.290     0.111
   2446511  1361.392     0.130
   2446512  1361.318     0.125
   2446513  1361.417     0.115
   2446514  1361.220     0.128
   2446515  1361.331     0.127
   2446516  1361.340     0.139
   2446517  1361.415     0.121
   2446518  1361.396     0.136
   2446519  1361.470     0.115
   2446520  1361.533     0.118
   2446521  1361.527     0.112
   2446522  1361.317     0.100
   2446523  1361.434     0.096
   2446524  1361.420     0.103
   2446525  1361.456     0.113
   2446526  1361.513     0.119
   2446527  1361.363     0.135
   2446528  1361.392     0.150
   2446529  1361.323     0.126
   2446530  1361.294     0.127
   2446531  1361.251     0.109
   2446532  1361.315     0.129
   2446533  1361.236     0.116
   2446534  1361.281     0.099
   2446535  1361.206     0.105
   2446536  1360.809     0.108
   2446537  1361.165     0.101
   2446538  1361.294     0.104
   2446539  1361.213     0.122
   2446540  1361.272     0.140
   2446541  1361.141     0.141
   2446542  1361.282     0.132
   2446543  1361.399     0.129
   2446544  1361.154     0.133
   2446545  1360.921     0.125
   2446546  1361.025     0.139
   2446547  1360.949     0.121
   2446548  1361.184     0.104
   2446549  1361.143     0.113
   2446550  1361.119     0.109
   2446551  1361.264     0.106
   2446552  1361.493     0.118
   2446553  1361.374     0.121
   2446554  1361.445     0.142
   2446555  1361.165     0.127
   2446556  1361.367     0.116
   2446557  1361.235     0.135
   2446558  1361.334     0.122
   2446559  1361.153     0.128
   2446560  1361.323     0.126
   2446561  1361.179     0.117
   2446562  1361.424     0.099
   2446563  1361.342     0.107
   2446564  1361.187     0.103
   2446565  1361.092     0.106
   2446566  1361.352     0.098
   2446567  1361.361     0.116
   2446568  1361.267     0.122
   2446569  1361.422     0.127
   2446570  1361.354     0.133
   2446571  1361.294     0.138
   2446572  1361.459     0.135
   2446573  1361.274     0.129
   2446574  1361.450     0.116
   2446575  1361.296     0.116
   2446576  1361.330     0.113
   2446577  1361.396     0.110
   2446578  1360.921     0.112
   2446579  1361.312     0.104
   2446580  1361.435     0.113
   2446581  1361.325     0.121
   2446582  1361.208     0.128
   2446583  1361.014     0.105
   2446584  1361.347     0.095
   2446585  1360.885     0.096
   2446586  1361.201     0.108
   2446587  1360.927     0.116
   2446588  1361.091     0.115
   2446589  1361.144     0.121
   2446590  1361.144     0.126
   2446591  1361.077     0.135
   2446592  1361.221     0.133
   2446593  1361.112     0.132
   2446594  1361.161     0.111
   2446595  1361.094     0.114
   2446596  1361.464     0.099
   2446597  1361.423     0.100
   2446598  1361.313     0.093
   2446599  1361.207     0.100
   2446600  1361.382     0.111
   2446601  1361.228     0.116
   2446602  1361.410     0.125
   2446603  1361.365     0.120
   2446604  1361.316     0.112
   2446605  1361.201     0.099
   2446606  1360.827     0.099
   2446607  1361.263     0.107
   2446608  1361.127     0.110
   2446609  1361.186     0.120
   2446610  1361.065     0.113
   2446611  1361.161     0.120
   2446612  1361.070     0.137
   2446613  1361.107     0.136
   2446614  1361.147     0.143
   2446615  1361.197     0.128
   2446616  1361.184     0.139
   2446617  1361.271     0.118
   2446618  1361.153     0.113
   2446619  1361.313     0.106
   2446620  1360.853     0.109
   2446621  1361.338     0.119
   2446622  1361.229     0.128
   2446623  1361.152     0.116
   2446624  1361.253     0.134
   2446625  1361.276     0.132
   2446626  1361.303     0.133
   2446627  1361.471     0.158
   2446628  1361.405     0.162
   2446629  1361.415     0.143
   2446630  1361.449     0.135
   2446631  1361.492     0.123
   2446632  1361.371     0.109
   2446633  1361.344     0.107
   2446634  1361.604     0.110
   2446635  1361.371     0.099
   2446636  1361.291     0.098
   2446637  1361.317     0.104
   2446638  1361.247     0.124
   2446639  1361.346     0.139
   2446640  1361.276     0.137
   2446641  1361.233     0.140
   2446642  1361.118     0.131
   2446643  1361.241     0.146
   2446644  1361.031     0.138
   2446645  1361.165     0.128
   2446646  1361.090     0.149
   2446647  1361.180     0.135
   2446648  1361.213     0.137
   2446649  1361.289     0.149
   2446650  1361.360     0.131
   2446651  1361.341     0.124
   2446652  1361.294     0.135
   2446653  1361.293     0.139
   2446654  1361.316     0.133
   2446655  1361.369     0.111
   2446656  1361.220     0.115
   2446657  1361.373     0.104
   2446658  1361.224     0.109
   2446659  1361.094     0.103
   2446660  1361.234     0.103
   2446661  1361.127     0.114
   2446662  1361.125     0.103
   2446663  1361.322     0.111
   2446664  1361.247     0.130
   2446665  1361.189     0.119
   2446666  1361.198     0.106
   2446667  1361.175     0.114
   2446668  1361.165     0.096
   2446669  1361.301     0.105
   2446670  1360.885     0.108
   2446671  1361.123     0.106
   2446672  1361.067     0.108
   2446673  1361.105     0.113
   2446674  1361.021     0.090
   2446675  1361.097     0.101
   2446676  1361.274     0.096
   2446677  1361.117     0.102
   2446678  1361.245     0.106
   2446679  1361.234     0.109
   2446680  1361.207     0.116
   2446681  1361.257     0.120
   2446682  1361.135     0.141
   2446683  1361.147     0.130
   2446684  1361.085     0.139
   2446685  1361.215     0.137
   2446686  1361.184     0.137
   2446687  1361.243     0.121
   2446688  1361.164     0.104
   2446689  1361.166     0.104
   2446690  1361.116     0.103
   2446691  1361.148     0.104
   2446692  1361.076     0.110
   2446693  1361.238     0.124
   2446694  1361.144     0.130
   2446695  1361.285     0.124
   2446696  1361.208     0.136
   2446697  1361.271     0.129
   2446698  1361.176     0.132
   2446699  1361.208     0.133
   2446700  1361.276     0.108
   2446701  1361.334     0.115
   2446702  1361.193     0.119
   2446703  1361.250     0.105
   2446704  1361.070     0.103
   2446705  1361.187     0.088
   2446706  1361.093     0.088
   2446707  1361.349     0.127
   2446708  1361.182     0.119
   2446709  1361.360     0.141
   2446710  1361.203     0.131
   2446711  1361.276     0.142
   2446712  1361.108     0.138
   2446713  1361.315     0.137
   2446714  1361.261     0.133
   2446715  1361.318     0.127
   2446716  1361.326     0.118
   2446717  1361.193     0.111
   2446718  1361.041     0.096
   2446719  1361.176     0.099
   2446720  1361.123     0.100
   2446721  1361.181     0.128
   2446722  1361.104     0.123
   2446723  1361.015     0.126
   2446724  1360.879     0.128
   2446725  1361.012     0.140
   2446726  1361.029     0.120
   2446727  1361.022     0.146
   2446728  1360.993     0.143
   2446729  1361.152     0.127
   2446730  1361.114     0.106
   2446731  1361.240     0.101
   2446732  1361.237     0.112
   2446733  1361.392     0.116
   2446734  1361.146     0.118
   2446735  1360.943     0.116
   2446736  1360.899     0.109
   2446737  1361.158     0.132
   2446738  1361.145     0.130
   2446739  1361.297     0.123
   2446740  1361.131     0.129
   2446741  1361.262     0.128
   2446742  1361.223     0.140
   2446743  1361.285     0.116
   2446744  1361.152     0.120
   2446745  1361.084     0.097
   2446746  1361.110     0.095
   2446747  1361.131     0.095
   2446748  1360.975     0.096
   2446749  1361.234     0.110
   2446750  1361.210     0.109
   2446751  1361.283     0.121
   2446752  1361.248     0.136
   2446753  1361.274     0.132
   2446754  1361.148     0.127
   2446755  1361.356     0.119
   2446756  1361.295     0.121
   2446757  1361.359     0.115
   2446758  1361.331     0.114
   2446759  1361.490     0.101
   2446760  1361.052     0.095
   2446761  1361.404     0.102
   2446762  1361.325     0.109
   2446763  1361.340     0.121
   2446764  1361.087     0.120
   2446765  1361.222     0.122
   2446766  1361.017     0.114
   2446767  1361.148     0.111
   2446768  1361.214     0.101
   2446769  1361.215     0.104
   2446770  1361.096     0.101
   2446771  1361.096     0.129
   2446772  1361.094     0.127
   2446773  1361.083     0.142
   2446774  1361.089     0.136
   2446775  1361.141     0.140
   2446776  1361.221     0.139
   2446777  1361.220     0.124
   2446778  1361.187     0.112
   2446779  1361.275     0.105
   2446780  1361.288     0.106
   2446781  1361.406     0.100
   2446782  1360.987     0.093
   2446783  1361.294     0.091
   2446784  1361.325     0.110
   2446785  1361.428     0.106
   2446786  1361.398     0.110
   2446787  1361.263     0.099
   2446788  1361.029     0.106
   2446789  1361.357     0.105
   2446790  1361.215     0.110
   2446791  1361.300     0.128
   2446792  1361.075     0.139
   2446793  1361.131     0.137
   2446794  1361.073     0.137
   2446795  1361.191     0.133
   2446796  1361.000     0.136
   2446797  1361.193     0.140
   2446798  1361.183     0.127
   2446799  1361.200     0.102
   2446800  1361.199     0.107
   2446801  1361.271     0.105
   2446802  1361.384     0.109
   2446803  1361.419     0.110
   2446804  1361.199     0.114
   2446805  1361.250     0.123
   2446806  1361.197     0.123
   2446807  1361.295     0.132
   2446808  1361.337     0.131
   2446809  1361.437     0.140
   2446810  1361.299     0.141
   2446811  1361.326     0.121
   2446812  1361.387     0.126
   2446813  1361.425     0.114
   2446814  1361.386     0.108
   2446815  1361.505     0.114
   2446816  1362.067     0.094
   2446817  1361.432     0.096
   2446818  1361.361     0.117
   2446819  1361.435     0.117
   2446820  1361.399     0.110
   2446821  1361.425     0.129
   2446822  1361.317     0.136
   2446823  1361.306     0.121
   2446824  1361.241     0.124
   2446825  1361.270     0.133
   2446826  1361.085     0.146
   2446827  1361.285     0.136
   2446828  1361.194     0.142
   2446829  1361.296     0.145
   2446830  1361.263     0.149
   2446831  1361.246     0.139
   2446832  1361.078     0.152
   2446833  1361.165     0.142
   2446834  1361.087     0.143
   2446835  1361.279     0.142
   2446836  1361.156     0.141
   2446837  1361.181     0.132
   2446838  1361.243     0.126
   2446839  1361.310     0.119
   2446840  1361.234     0.121
   2446841  1361.146     0.106
   2446842  1361.333     0.104
   2446843  1361.315     0.118
   2446844  1361.157     0.122
   2446845  1361.229     0.141
   2446846  1361.186     0.134
   2446847  1361.206     0.134
   2446848  1361.252     0.139
   2446849  1361.251     0.111
   2446850  1361.003     0.116
   2446851  1361.202     0.105
   2446852  1361.156     0.112
   2446853  1361.238     0.118
   2446854  1361.267     0.114
   2446855  1361.236     0.122
   2446856  1361.140     0.125
   2446857  1361.212     0.113
   2446858  1361.110     0.113
   2446859  1361.358     0.108
   2446860  1361.168     0.117
   2446861  1361.183     0.116
   2446862  1360.914     0.115
   2446863  1361.176     0.122
   2446864  1361.246     0.139
   2446865  1361.155     0.124
   2446866  1361.159     0.128
   2446867  1361.215     0.131
   2446868  1361.205     0.129
   2446869  1361.317     0.113
   2446870  1361.259     0.102
   2446871  1361.371     0.099
   2446872  1361.370     0.099
   2446873  1361.280     0.094
   2446874  1361.233     0.099
   2446875  1361.318     0.115
   2446876  1361.332     0.122
   2446877  1361.371     0.135
   2446878  1361.330     0.121
   2446879  1361.221     0.135
   2446880  1361.377     0.121
   2446881  1361.302     0.125
   2446882  1361.264     0.124
   2446883  1361.164     0.113
   2446884  1361.127     0.101
   2446885  1361.024     0.105
   2446886  1361.042     0.103
   2446887  1361.103     0.096
   2446888  1361.029     0.121
   2446889  1361.124     0.117
   2446890  1361.082     0.128
   2446891  1361.106     0.139
   2446892  1361.017     0.123
   2446893  1360.852     0.144
   2446894  1360.995     0.142
   2446895  1360.692     0.142
   2446896  1360.930     0.151
   2446897  1360.874     0.143
   2446898  1360.787     0.155
   2446899  1360.942     0.162
   2446900  1361.101     0.134
   2446901  1361.120     0.144
   2446902  1361.229     0.135
   2446903  1361.349     0.174
   2446904  1361.356     0.138
   2446905  1361.439     0.140
   2446906  1361.290     0.153
   2446907  1361.192     0.147
   2446908  1361.305     0.138
   2446909  1361.234     0.114
   2446910  1361.268     0.137
   2446911  1360.945     0.124
   2446912  1361.278     0.100
   2446913  1361.109     0.097
   2446914  1361.049     0.097
   2446915  1360.987     0.107
   2446916  1361.244     0.107
   2446917  1361.173     0.122
   2446918  1361.283     0.123
   2446919  1361.194     0.129
   2446920  1361.366     0.148
   2446921  1361.182     0.128
   2446922  1361.423     0.130
   2446923  1361.225     0.131
   2446924  1361.430     0.115
   2446925  1361.237     0.103
   2446926  1361.509     0.113
   2446927  1361.412     0.104
   2446928  1361.792     0.107
   2446929  1361.334     0.113
   2446930  1361.537     0.106
   2446931  1361.475     0.106
   2446932  1361.552     0.128
   2446933  1361.217     0.131
   2446934  1361.260     0.137
   2446935  1360.929     0.139
   2446936  1360.993     0.146
   2446937  1361.086     0.131
   2446938  1360.837     0.145
   2446939  1361.012     0.127
   2446940  1361.261     0.113
   2446941  1361.109     0.117
   2446942  1361.328     0.099
   2446943  1361.211     0.110
   2446944  1361.090     0.120
   2446945  1361.135     0.123
   2446946  1361.119     0.123
   2446947  1361.092     0.111
   2446948  1361.285     0.105
   2446949  1361.315     0.103
   2446950  1361.336     0.101
   2446951  1361.238     0.115
   2446952  1361.347     0.118
   2446953  1361.347     0.131
   2446954  1361.393     0.153
   2446955  1361.533     0.148
   2446956  1361.395     0.128
   2446957  1361.231     0.147
   2446958  1361.391     0.146
   2446959  1361.270     0.139
   2446960  1361.500     0.109
   2446961  1361.400     0.122
   2446962  1361.543     0.103
   2446963  1361.293     0.103
   2446964  1361.344     0.107
   2446965  1361.334     0.100
   2446966  1361.430     0.108
   2446967  1361.397     0.116
   2446968  1361.489     0.116
   2446969  1361.305     0.101
   2446970  1360.904     0.108
   2446971  1360.925     0.110
   2446972  1361.325     0.105
   2446973  1361.210     0.119
   2446974  1361.440     0.145
   2446975  1361.308     0.136
   2446976  1361.391     0.144
   2446977  1361.406     0.122
   2446978  1361.400     0.120
   2446979  1361.168     0.114
   2446980  1361.364     0.118
   2446981  1361.227     0.120
   2446982  1361.396     0.106
   2446983  1361.556     0.102
   2446984  1361.321     0.111
   2446985  1361.183     0.109
   2446986  1361.283     0.112
   2446987  1361.219     0.130
   2446988  1361.243     0.131
   2446989  1361.247     0.142
   2446990  1361.276     0.129
   2446991  1361.220     0.114
   2446992  1361.334     0.142
   2446993  1361.296     0.138
   2446994  1361.395     0.105
   2446995  1361.252     0.110
   2446996  1361.526     0.118
   2446997  1361.419     0.112
   2446998  1361.431     0.111
   2446999  1361.426     0.112
   2447000  1361.332     0.098
   2447001  1361.322     0.124
   2447002  1361.398     0.115
   2447003  1361.367     0.124
   2447004  1361.388     0.138
   2447005  1361.433     0.131
   2447006  1361.550     0.132
   2447007  1361.436     0.121
   2447008  1361.454     0.113
   2447009  1361.244     0.107
   2447010  1361.339     0.112
   2447011  1361.300     0.111
   2447012  1361.348     0.106
   2447013  1361.195     0.109
   2447014  1361.281     0.121
   2447015  1361.046     0.122
   2447016  1361.454     0.109
   2447017  1361.138     0.108
   2447018  1361.335     0.102
   2447019  1361.367     0.108
   2447020  1361.383     0.099
   2447021  1361.262     0.123
   2447022  1361.261     0.124
   2447023  1361.082     0.145
   2447024  1361.110     0.135
   2447025  1361.090     0.139
   2447026  1361.229     0.139
   2447027  1360.952     0.136
   2447028  1361.376     0.131
   2447029  1361.306     0.119
   2447030  1361.364     0.135
   2447031  1361.402     0.132
   2447032  1361.329     0.107
   2447033  1361.266     0.105
   2447034  1361.457     0.101
   2447035  1361.289     0.099
   2447036  1361.241     0.113
   2447037  1361.281     0.129
   2447038  1361.194     0.113
   2447039  1361.320     0.101
   2447040  1361.464     0.109
   2447041  1361.378     0.113
   2447042  1361.380     0.116
   2447043  1361.186     0.122
   2447044  1361.297     0.118
   2447045  1361.289     0.103
   2447046  1361.275     0.103
   2447047  1360.978     0.101
   2447048  1361.157     0.113
   2447049  1361.326     0.122
   2447050  1361.416     0.120
   2447051  1361.413     0.108
   2447052  1361.464     0.096
   2447053  1361.727     0.102
   2447054  1361.401     0.110
   2447055  1361.315     0.123
   2447056  1361.453     0.129
   2447057  1361.396     0.110
   2447058  1361.485     0.128
   2447059  1361.362     0.137
   2447060  1361.357     0.132
   2447061  1361.233     0.153
   2447062  1361.187     0.126
   2447063  1361.158     0.114
   2447064  1361.314     0.130
   2447065  1361.656     0.120
   2447066  1361.569     0.097
   2447067  1361.107     0.097
   2447068  1361.587     0.104
   2447069  1361.538     0.110
   2447070  1361.445     0.122
   2447071  1361.399     0.118
   2447072  1361.334     0.143
   2447073  1361.236     0.138
   2447074  1361.305     0.146
   2447075  1361.390     0.138
   2447076  1361.460     0.121
   2447077  1361.545     0.137
   2447078  1361.618     0.120
   2447079  1361.446     0.114
   2447080  1361.526     0.113
   2447081  1360.946     0.115
   2447082  1361.422     0.110
   2447083  1361.179     0.108
   2447084  1361.189     0.121
   2447085  1361.192     0.126
   2447086  1361.261     0.144
   2447087  1361.462     0.129
   2447088  1361.617     0.134
   2447089  1361.617     0.144
   2447090  1361.602     0.137
   2447091  1361.470     0.120
   2447092  1361.473     0.127
   2447093  1361.427     0.112
   2447094  1361.473     0.117
   2447095  1361.374     0.111
   2447096  1361.524     0.102
   2447097  1361.322     0.114
   2447098  1361.283     0.126
   2447099  1361.344     0.142
   2447100  1361.369     0.137
   2447101  1361.430     0.141
   2447102  1361.446     0.151
   2447103  1361.499     0.141
   2447104  1361.641     0.150
   2447105  1361.647     0.127
   2447106  1361.482     0.117
   2447107  1361.523     0.105
   2447108  1361.575     0.109
   2447109  1361.773     0.110
   2447110  1361.666     0.112
   2447111  1361.615     0.108
   2447112  1361.597     0.128
   2447113  1361.670     0.124
   2447114  1361.562     0.124
   2447115  1361.396     0.135
   2447116  1361.345     0.140
   2447117  1361.420     0.145
   2447118  1361.437     0.149
   2447119  1361.284     0.139
   2447120  1361.187     0.119
   2447121  1361.189     0.119
   2447122  1361.418     0.105
   2447123  1361.696     0.100
   2447124  1361.607     0.109
   2447125  1361.721     0.114
   2447126  1361.775     0.111
   2447127  1361.781     0.119
   2447128  1361.616     0.140
   2447129  1361.533     0.136
   2447130  1361.527     0.143
   2447131  1361.644     0.141
   2447132  1361.681     0.152
   2447133  1361.596     0.142
   2447134  1361.701     0.171
   2447135  1361.517     0.138
   2447136  1361.414     0.149
   2447137  1361.161     0.136
   2447138  1361.254     0.129
   2447139  1361.457     0.132
   2447140  1361.472     0.129
   2447141  1361.563     0.125
   2447142  1361.351     0.113
   2447143  1361.312     0.108
   2447144  1361.544     0.103
   2447145  1361.660     0.096
   2447146  1361.745     0.092
   2447147  1361.649     0.101
   2447148  1361.555     0.113
   2447149  1361.692     0.105
   2447150  1361.580     0.104
   2447151  1362.042     0.100
   2447152  1361.713     0.109
   2447153  1361.634     0.101
   2447154  1361.723     0.111
   2447155  1361.636     0.123
   2447156  1361.616     0.122
   2447157  1361.488     0.128
   2447158  1361.557     0.119
   2447159  1361.458     0.119
   2447160  1361.329     0.136
   2447161  1361.251     0.125
   2447162  1361.342     0.110
   2447163  1361.448     0.104
   2447164  1361.544     0.091
   2447165  1361.981     0.103
   2447166  1361.740     0.100
   2447167  1361.797     0.098
   2447168  1361.757     0.114
   2447169  1361.353     0.123
   2447170  1361.297     0.122
   2447171  1361.339     0.131
   2447172  1361.542     0.129
   2447173  1361.670     0.112
   2447174  1361.761     0.129
   2447175  1361.821     0.122
   2447176  1361.835     0.111
   2447177  1361.435     0.100
   2447178  1361.504     0.092
   2447179  1361.124     0.102
   2447180  1361.233     0.109
   2447181  1361.273     0.088
   2447182  1361.310     0.116
   2447183  1361.363     0.115
   2447184  1361.528     0.119
   2447185  1361.709     0.134
   2447186  1361.751     0.128
   2447187  1361.456     0.121
   2447188  1361.539     0.129
   2447189  1361.459     0.118
   2447190  1361.524     0.121
   2447191  1361.629     0.114
   2447192  1361.520     0.100
   2447193  1361.591     0.103
   2447194  1361.722     0.113
   2447195  1361.704     0.114
   2447196  1361.660     0.121
   2447197  1361.684     0.131
   2447198  1361.720     0.127
   2447199  1361.538     0.128
   2447200  1361.801     0.115
   2447201  1361.796     0.099
   2447202  1361.919     0.112
   2447203  1361.758     0.104
   2447204  1361.434     0.107
   2447205  1361.632     0.107
   2447206  1361.600     0.104
   2447207  1361.532     0.104
   2447208  1361.401     0.122
   2447209  1361.443     0.131
   2447210  1361.357     0.133
   2447211  1361.298     0.125
   2447212  1361.361     0.110
   2447213  1361.508     0.115
   2447214  1361.552     0.106
   2447215  1361.752     0.111
   2447216  1361.690     0.111
   2447217  1361.724     0.119
   2447218  1361.658     0.109
   2447219  1361.585     0.118
   2447220  1361.602     0.139
   2447221  1361.522     0.110
   2447222  1361.428     0.109
   2447223  1361.413     0.113
   2447224  1361.428     0.100
   2447225  1361.375     0.112
   2447226  1361.446     0.120
   2447227  1361.479     0.113
   2447228  1361.551     0.123
   2447229  1361.536     0.124
   2447230  1361.625     0.133
   2447231  1361.581     0.133
   2447232  1361.526     0.126
   2447233  1361.648     0.142
   2447234  1361.739     0.119
   2447235  1361.335     0.106
   2447236  1361.523     0.107
   2447237  1361.162     0.114
   2447238  1361.036     0.119
   2447239  1360.953     0.111
   2447240  1360.992     0.134
   2447241  1361.232     0.130
   2447242  1361.481     0.124
   2447243  1361.477     0.125
   2447244  1361.406     0.136
   2447245  1361.424     0.129
   2447246  1361.382     0.135
   2447247  1361.178     0.108
   2447248  1361.405     0.098
   2447249  1361.324     0.108
   2447250  1361.364     0.101
   2447251  1361.221     0.099
   2447252  1361.305     0.103
   2447253  1361.228     0.126
   2447254  1361.441     0.125
   2447255  1361.635     0.125
   2447256  1361.613     0.129
   2447257  1361.615     0.116
   2447258  1361.389     0.133
   2447259  1361.410     0.141
   2447260  1361.536     0.121
   2447261  1361.731     0.120
   2447262  1361.712     0.114
   2447263  1361.779     0.111
   2447264  1361.667     0.119
   2447265  1361.692     0.116
   2447266  1361.436     0.116
   2447267  1361.233     0.145
   2447268  1361.105     0.126
   2447269  1361.135     0.143
   2447270  1361.327     0.129
   2447271  1361.393     0.140
   2447272  1361.668     0.140
   2447273  1361.678     0.144
   2447274  1361.909     0.127
   2447275  1361.951     0.129
   2447276  1361.898     0.110
   2447277  1361.720     0.107
   2447278  1361.543     0.112
   2447279  1361.455     0.115
   2447280  1361.537     0.116
   2447281  1361.517     0.125
   2447282  1361.647     0.130
   2447283  1361.404     0.135
   2447284  1361.682     0.126
   2447285  1361.717     0.132
   2447286  1361.724     0.141
   2447287  1361.736     0.128
   2447288  1361.771     0.113
   2447289  1361.752     0.133
   2447290  1361.796     0.113
   2447291  1361.804     0.119
   2447292  1362.133     0.110
   2447293  1361.824     0.110
   2447294  1361.906     0.111
   2447295  1361.851     0.122
   2447296  1361.900     0.123
   2447297  1361.791     0.144
   2447298  1361.713     0.115
   2447299  1361.583     0.137
   2447300  1361.633     0.118
   2447301  1361.735     0.130
   2447302  1361.746     0.138
   2447303  1361.860     0.119
   2447304  1361.945     0.108
   2447305  1361.828     0.093
   2447306  1361.339     0.113
   2447307  1361.458     0.118
   2447308  1361.370     0.113
   2447309  1361.525     0.120
   2447310  1361.459     0.121
   2447311  1361.578     0.114
   2447312  1361.863     0.118
   2447313  1361.688     0.116
   2447314  1361.792     0.106
   2447315  1361.649     0.104
   2447316  1361.402     0.106
   2447317  1361.289     0.112
   2447318  1361.516     0.120
   2447319  1361.347     0.124
   2447320  1361.531     0.143
   2447321  1361.767     0.128
   2447322  1361.885     0.136
   2447323  1361.914     0.129
   2447324  1361.866     0.143
   2447325  1361.720     0.140
   2447326  1361.623     0.126
   2447327  1361.682     0.126
   2447328  1361.706     0.106
   2447329  1362.070     0.108
   2447330  1361.682     0.119
   2447331  1361.536     0.107
   2447332  1361.458     0.117
   2447333  1361.256     0.112
   2447334  1361.527     0.107
   2447335  1361.289     0.107
   2447336  1361.282     0.117
   2447337  1361.438     0.115
   2447338  1361.649     0.120
   2447339  1361.815     0.125
   2447340  1361.551     0.147
   2447341  1360.767     0.122
   2447342  1359.893     0.112
   2447343  1359.488     0.125
   2447344  1359.416     0.111
   2447345  1359.413     0.131
   2447346  1359.942     0.116
   2447347  1360.794     0.109
   2447348  1361.945     0.111
   2447349  1361.987     0.105
   2447350  1362.129     0.119
   2447351  1361.721     0.121
   2447352  1361.495     0.136
   2447353  1361.377     0.139
   2447354  1361.297     0.117
   2447355  1361.262     0.142
   2447356  1361.527     0.131
   2447357  1361.370     0.151
   2447358  1361.230     0.124
   2447359  1361.081     0.132
   2447360  1361.005     0.119
   2447361  1361.172     0.108
   2447362  1361.591     0.102
   2447363  1361.409     0.105
   2447364  1361.663     0.118
   2447365  1361.851     0.120
   2447366  1361.972     0.128
   2447367  1362.119     0.132
   2447368  1362.126     0.138
   2447369  1361.918     0.132
   2447370  1361.662     0.139
   2447371  1361.382     0.135
   2447372  1361.206     0.137
   2447373  1361.131     0.127
   2447374  1361.073     0.111
   2447375  1361.212     0.108
   2447376  1361.770     0.115
   2447377  1361.584     0.106
   2447378  1361.821     0.107
   2447379  1361.571     0.120
   2447380  1361.867     0.137
   2447381  1361.705     0.137
   2447382  1361.598     0.137
   2447383  1361.368     0.134
   2447384  1360.823     0.141
   2447385  1360.569     0.122
   2447386  1360.583     0.110
   2447387  1360.781     0.110
   2447388  1361.322     0.101
   2447389  1361.341     0.107
   2447390  1361.686     0.110
   2447391  1361.834     0.109
   2447392  1362.028     0.116
   2447393  1362.080     0.126
   2447394  1362.009     0.133
   2447395  1361.995     0.118
   2447396  1361.913     0.118
   2447397  1361.951     0.103
   2447398  1361.852     0.107
   2447399  1362.058     0.095
   2447400  1362.039     0.104
   2447401  1362.182     0.122
   2447402  1362.207     0.113
   2447403  1361.658     0.096
   2447404  1361.215     0.102
   2447405  1360.750     0.100
   2447406  1360.627     0.110
   2447407  1360.807     0.131
   2447408  1361.353     0.118
   2447409  1361.848     0.129
   2447410  1362.176     0.135
   2447411  1362.366     0.122
   2447412  1362.190     0.134
   2447413  1362.058     0.118
   2447414  1361.999     0.116
   2447415  1361.891     0.118
   2447416  1361.996     0.114
   2447417  1362.052     0.110
   2447418  1362.217     0.104
   2447419  1361.846     0.108
   2447420  1361.779     0.108
   2447421  1361.795     0.117
   2447422  1361.807     0.123
   2447423  1361.895     0.123
   2447424  1361.940     0.120
   2447425  1361.933     0.143
   2447426  1362.161     0.120
   2447427  1362.022     0.144
   2447428  1361.996     0.136
   2447429  1362.105     0.126
   2447430  1362.226     0.109
   2447431  1362.188     0.094
   2447432  1362.000     0.108
   2447433  1362.157     0.102
   2447434  1362.115     0.097
   2447435  1362.100     0.122
   2447436  1361.874     0.105
   2447437  1361.949     0.114
   2447438  1361.971     0.132
   2447439  1361.822     0.128
   2447440  1361.551     0.138
   2447441  1361.384     0.123
   2447442  1361.042     0.124
   2447443  1360.989     0.108
   2447444  1361.091     0.104
   2447445  1361.525     0.099
   2447446  1361.911     0.097
   2447447  1362.195     0.094
   2447448  1362.211     0.097
   2447449  1362.233     0.111
   2447450  1362.239     0.115
   2447451  1362.023     0.123
   2447452  1362.024     0.119
   2447453  1361.993     0.123
   2447454  1361.965     0.145
   2447455  1361.720     0.123
   2447456  1361.698     0.132
   2447457  1361.339     0.121
   2447458  1361.226     0.107
   2447459  1361.258     0.108
   2447460  1361.530     0.109
   2447461  1361.683     0.109
   2447462  1361.959     0.117
   2447463  1362.072     0.118
   2447464  1362.208     0.129
   2447465  1362.236     0.124
   2447466  1362.022     0.138
   2447467  1361.892     0.140
   2447468  1361.585     0.130
   2447469  1361.302     0.124
   2447470  1360.940     0.119
   2447471  1360.880     0.107
   2447472  1360.998     0.123
   2447473  1361.354     0.109
   2447474  1361.578     0.104
   2447475  1361.644     0.114
   2447476  1361.881     0.112
   2447477  1361.865     0.119
   2447478  1361.904     0.105
   2447479  1361.621     0.130
   2447480  1361.616     0.118
   2447481  1361.725     0.133
   2447482  1361.738     0.136
   2447483  1361.811     0.132
   2447484  1361.901     0.131
   2447485  1361.880     0.132
   2447486  1361.940     0.123
   2447487  1361.984     0.110
   2447488  1362.103     0.113
   2447489  1362.160     0.109
   2447490  1362.275     0.111
   2447491  1362.420     0.115
   2447492  1362.156     0.138
   2447493  1362.192     0.132
   2447494  1361.947     0.121
   2447495  1362.029     0.110
   2447496  1361.809     0.102
   2447497  1361.777     0.099
   2447498  1361.600     0.101
   2447499  1361.572     0.115
   2447500  1361.878     0.126
   2447501  1362.119     0.128
   2447502  1362.263     0.136
   2447503  1362.208     0.129
   2447504  1362.321     0.137
   2447505  1362.229     0.143
   2447506  1362.288     0.126
   2447507  1362.231     0.119
   2447508  1362.250     0.118
   2447509  1362.100     0.107
   2447510  1362.158     0.103
   2447511  1361.585     0.108
   2447512  1361.551     0.111
   2447513  1361.341     0.117
   2447514  1361.108     0.107
   2447515  1360.964     0.110
   2447516  1360.894     0.098
   2447517  1361.187     0.100
   2447518  1361.135     0.096
   2447519  1361.327     0.128
   2447520  1361.490     0.118
   2447521  1361.755     0.120
   2447522  1361.462     0.148
   2447523  1361.218     0.134
   2447524  1361.201     0.146
   2447525  1361.414     0.138
   2447526  1361.692     0.142
   2447527  1361.980     0.125
   2447528  1361.967     0.114
   2447529  1361.983     0.112
   2447530  1362.054     0.101
   2447531  1362.617     0.104
   2447532  1362.038     0.109
   2447533  1362.115     0.108
   2447534  1361.995     0.129
   2447535  1361.686     0.130
   2447536  1361.634     0.124
   2447537  1361.671     0.132
   2447538  1362.077     0.140
   2447539  1361.995     0.126
   2447540  1361.807     0.133
   2447541  1361.577     0.125
   2447542  1360.920     0.098
   2447543  1360.914     0.102
   2447544  1362.047     0.101
   2447545  1361.560     0.103
   2447546  1362.090     0.094
   2447547  1362.578     0.116
   2447548  1362.722     0.116
   2447549  1362.595     0.130
   2447550  1362.023     0.126
   2447551  1361.597     0.146
   2447552  1361.483     0.132
   2447553  1361.178     0.133
   2447554  1361.349     0.127
   2447555  1361.477     0.127
   2447556  1361.541     0.101
   2447557  1362.023     0.101
   2447558  1362.426     0.109
   2447559  1362.314     0.108
   2447560  1361.942     0.103
   2447561  1362.118     0.111
   2447562  1362.253     0.118
   2447563  1362.487     0.127
   2447564  1362.442     0.121
   2447565  1362.636     0.110
   2447566  1362.403     0.109
   2447567  1362.021     0.094
   2447568  1361.781     0.102
   2447569  1361.921     0.105
   2447570  1361.722     0.105
   2447571  1361.687     0.090
   2447572  1361.605     0.106
   2447573  1361.757     0.141
   2447574  1362.220     0.134
   2447575  1362.397     0.134
   2447576  1362.587     0.140
   2447577  1362.640     0.117
   2447578  1362.148     0.123
   2447579  1361.682     0.112
   2447580  1361.425     0.109
   2447581  1361.757     0.103
   2447582  1361.579     0.090
   2447583  1362.085     0.102
   2447584  1362.156     0.098
   2447585  1362.381     0.105
   2447586  1362.227     0.116
   2447587  1362.062     0.102
   2447588  1361.837     0.110
   2447589  1361.838     0.125
   2447590  1361.999     0.121
   2447591  1362.328     0.136
   2447592  1362.469     0.134
   2447593  1362.428     0.143
   2447594  1362.235     0.142
   2447595  1361.844     0.156
   2447596  1361.381     0.145
   2447597  1360.950     0.148
   2447598  1360.675     0.150
   2447599  1360.753     0.140
   2447600  1361.213     0.142
   2447601  1361.599     0.141
   2447602  1362.020     0.146
   2447603  1362.594     0.138
   2447604  1362.671     0.125
   2447605  1362.455     0.116
   2447606  1362.056     0.114
   2447607  1361.699     0.117
   2447608  1361.515     0.119
   2447609  1361.651     0.114
   2447610  1361.808     0.118
   2447611  1361.969     0.122
   2447612  1362.169     0.118
   2447613  1362.122     0.110
   2447614  1362.213     0.103
   2447615  1362.129     0.109
   2447616  1362.039     0.116
   2447617  1362.010     0.112
   2447618  1361.923     0.128
   2447619  1361.766     0.137
   2447620  1361.599     0.122
   2447621  1361.691     0.143
   2447622  1361.861     0.130
   2447623  1362.070     0.131
   2447624  1362.228     0.142
   2447625  1362.488     0.119
   2447626  1362.879     0.115
   2447627  1363.111     0.105
   2447628  1363.267     0.098
   2447629  1363.274     0.097
   2447630  1363.110     0.104
   2447631  1362.611     0.098
   2447632  1362.170     0.122
   2447633  1361.801     0.136
   2447634  1361.578     0.129
   2447635  1361.498     0.145
   2447636  1361.529     0.128
   2447637  1361.717     0.140
   2447638  1361.874     0.114
   2447639  1361.859     0.108
   2447640  1361.744     0.117
   2447641  1361.644     0.098
   2447642  1362.183     0.098
   2447643  1361.867     0.104
   2447644  1362.008     0.109
   2447645  1362.110     0.114
   2447646  1362.102     0.134
   2447647  1362.010     0.109
   2447648  1361.998     0.137
   2447649  1361.955     0.118
   2447650  1362.014     0.115
   2447651  1361.939     0.129
   2447652  1362.129     0.114
   2447653  1362.347     0.126
   2447654  1362.743     0.107
   2447655  1362.905     0.106
   2447656  1363.116     0.103
   2447657  1363.084     0.101
   2447658  1363.027     0.100
   2447659  1363.133     0.110
   2447660  1362.985     0.131
   2447661  1362.779     0.133
   2447662  1362.579     0.144
   2447663  1362.329     0.146
   2447664  1362.218     0.149
   2447665  1362.191     0.133
   2447666  1362.032     0.123
   2447667  1361.467     0.136
   2447668  1361.333     0.120
   2447669  1361.630     0.107
   2447670  1362.133     0.107
   2447671  1361.855     0.102
   2447672  1361.785     0.109
   2447673  1361.745     0.123
   2447674  1361.830     0.125
   2447675  1361.797     0.126
   2447676  1361.916     0.109
   2447677  1361.792     0.107
   2447678  1361.910     0.098
   2447679  1361.841     0.112
   2447680  1362.076     0.108
   2447681  1362.408     0.126
   2447682  1362.703     0.123
   2447683  1362.727     0.138
   2447684  1362.730     0.144
   2447685  1362.612     0.138
   2447686  1362.699     0.145
   2447687  1362.583     0.116
   2447688  1362.242     0.128
   2447689  1361.691     0.120
   2447690  1361.282     0.120
   2447691  1360.623     0.104
   2447692  1360.097     0.110
   2447693  1359.693     0.120
   2447694  1360.161     0.116
   2447695  1360.726     0.113
   2447696  1361.501     0.120
   2447697  1362.263     0.120
   2447698  1362.538     0.104
   2447699  1362.657     0.103
   2447700  1362.207     0.106
   2447701  1361.573     0.112
   2447702  1361.197     0.120
   2447703  1361.057     0.129
   2447704  1361.039     0.133
   2447705  1360.960     0.116
   2447706  1360.982     0.127
   2447707  1361.369     0.118
   2447708  1361.870     0.137
   2447709  1362.493     0.119
   2447710  1362.744     0.104
   2447711  1362.791     0.099
   2447712  1362.381     0.101
   2447713  1362.460     0.105
   2447714  1362.534     0.102
   2447715  1362.854     0.120
   2447716  1362.966     0.117
   2447717  1362.912     0.156
   2447718  1362.857     0.130
   2447719  1362.788     0.125
   2447720  1362.655     0.134
   2447721  1362.545     0.133
   2447722  1362.415     0.114
   2447723  1362.506     0.125
   2447724  1362.531     0.122
   2447725  1362.188     0.119
   2447726  1362.418     0.115
   2447727  1362.029     0.106
   2447728  1361.804     0.121
   2447729  1361.609     0.124
   2447730  1361.465     0.143
   2447731  1361.343     0.157
   2447732  1361.536     0.155
   2447733  1361.750     0.141
   2447734  1362.003     0.132
   2447735  1362.077     0.127
   2447736  1362.056     0.146
   2447737  1361.862     0.140
   2447738  1361.575     0.108
   2447739  1361.497     0.109
   2447740  1361.825     0.111
   2447741  1361.626     0.112
   2447742  1361.639     0.118
   2447743  1362.168     0.133
   2447744  1362.258     0.135
   2447745  1361.995     0.144
   2447746  1361.662     0.141
   2447747  1361.438     0.139
   2447748  1361.492     0.118
   2447749  1361.541     0.123
   2447750  1361.711     0.109
   2447751  1361.990     0.104
   2447752  1362.113     0.106
   2447753  1361.797     0.103
   2447754  1361.397     0.114
   2447755  1361.016     0.135
   2447756  1360.963     0.147
   2447757  1360.968     0.140
   2447758  1361.316     0.132
   2447759  1361.787     0.127
   2447760  1362.136     0.138
   2447761  1362.494     0.129
   2447762  1362.650     0.123
   2447763  1362.920     0.116
   2447764  1362.710     0.105
   2447765  1362.422     0.108
   2447766  1362.477     0.107
   2447767  1362.659     0.110
   2447768  1362.611     0.112
   2447769  1362.461     0.114
   2447770  1362.065     0.127
   2447771  1361.601     0.121
   2447772  1361.135     0.130
   2447773  1360.673     0.126
   2447774  1360.584     0.141
   2447775  1360.508     0.137
   2447776  1360.774     0.138
   2447777  1361.221     0.161
   2447778  1361.659     0.142
   2447779  1361.826     0.125
   2447780  1361.862     0.122
   2447781  1361.544     0.112
   2447782  1362.107     0.114
   2447783  1361.596     0.115
   2447784  1361.916     0.118
   2447785  1362.096     0.113
   2447786  1362.169     0.117
   2447787  1362.248     0.145
   2447788  1362.230     0.146
   2447789  1361.786     0.148
   2447790  1361.768     0.154
   2447791  1361.642     0.140
   2447792  1361.554     0.147
   2447793  1361.527     0.124
   2447794  1361.892     0.111
   2447795  1362.233     0.100
   2447796  1362.700     0.122
   2447797  1362.503     0.106
   2447798  1362.446     0.113
   2447799  1362.401     0.115
   2447800  1362.354     0.132
   2447801  1362.125     0.130
   2447802  1362.131     0.150
   2447803  1362.356     0.135
   2447804  1362.568     0.145
   2447805  1362.701     0.137
   2447806  1362.726     0.135
   2447807  1362.502     0.139
   2447808  1362.645     0.126
   2447809  1362.591     0.124
   2447810  1363.214     0.119
   2447811  1362.387     0.103
   2447812  1362.648     0.119
   2447813  1362.291     0.132
   2447814  1362.014     0.138
   2447815  1361.742     0.143
   2447816  1361.606     0.140
   2447817  1361.645     0.123
   2447818  1361.650     0.143
   2447819  1361.654     0.138
   2447820  1361.625     0.124
   2447821  1361.857     0.142
   2447822  1361.919     0.112
   2447823  1361.852     0.115
   2447824  1362.782     0.107
   2447825  1362.482     0.115
   2447826  1362.232     0.112
   2447827  1362.158     0.119
   2447828  1362.218     0.134
   2447829  1362.180     0.141
   2447830  1362.243     0.118
   2447831  1362.239     0.126
   2447832  1362.134     0.140
   2447833  1362.050     0.143
   2447834  1361.862     0.136
   2447835  1361.901     0.122
   2447836  1361.839     0.118
   2447837  1361.799     0.100
   2447838  1362.689     0.102
   2447839  1362.095     0.099
   2447840  1361.910     0.109
   2447841  1361.811     0.122
   2447842  1361.930     0.118
   2447843  1362.097     0.142
   2447844  1362.225     0.147
   2447845  1362.154     0.147
   2447846  1362.143     0.143
   2447847  1362.401     0.122
   2447848  1362.611     0.130
   2447849  1362.399     0.126
   2447850  1362.252     0.109
   2447851  1362.182     0.117
   2447852  1362.121     0.120
   2447853  1362.202     0.116
   2447854  1361.901     0.124
   2447855  1361.959     0.123
   2447856  1361.753     0.134
   2447857  1361.276     0.137
   2447858  1361.378     0.129
   2447859  1361.789     0.122
   2447860  1361.908     0.114
   2447861  1362.033     0.122
   2447862  1362.171     0.114
   2447863  1362.216     0.138
   2447864  1362.085     0.121
   2447865  1362.135     0.126
   2447866  1362.054     0.149
   2447867  1362.041     0.145
   2447868  1361.829     0.157
   2447869  1362.181     0.140
   2447870  1362.421     0.132
   2447871  1362.333     0.123
   2447872  1362.413     0.131
   2447873  1362.377     0.115
   2447874  1362.548     0.099
   2447875  1362.708     0.108
   2447876  1362.346     0.097
   2447877  1362.181     0.123
   2447878  1362.132     0.106
   2447879  1362.091     0.112
   2447880  1362.218     0.116
   2447881  1361.984     0.110
   2447882  1362.017     0.108
   2447883  1362.113     0.119
   2447884  1362.438     0.143
   2447885  1362.373     0.143
   2447886  1361.984     0.142
   2447887  1361.783     0.153
   2447888  1361.443     0.148
   2447889  1361.173     0.145
   2447890  1360.987     0.128
   2447891  1361.008     0.134
   2447892  1361.497     0.121
   2447893  1361.950     0.120
   2447894  1362.432     0.115
   2447895  1362.243     0.111
   2447896  1362.175     0.121
   2447897  1361.984     0.127
   2447898  1362.213     0.152
   2447899  1362.263     0.152
   2447900  1362.094     0.154
   2447901  1361.972     0.147
   2447902  1361.879     0.167
   2447903  1362.053     0.155
   2447904  1362.403     0.134
   2447905  1362.375     0.132
   2447906  1362.320     0.119
   2447907  1362.280     0.122
   2447908  1362.368     0.122
   2447909  1362.178     0.124
   2447910  1362.050     0.116
   2447911  1362.180     0.125
   2447912  1362.506     0.151
   2447913  1362.812     0.147
   2447914  1362.679     0.141
   2447915  1362.460     0.169
   2447916  1361.775     0.143
   2447917  1361.509     0.144
   2447918  1361.375     0.126
   2447919  1361.550     0.124
   2447920  1361.664     0.105
   2447921  1361.603     0.111
   2447922  1362.492     0.113
   2447923  1362.028     0.102
   2447924  1362.005     0.104
   2447925  1362.187     0.110
   2447926  1361.992     0.130
   2447927  1362.104     0.147
   2447928  1361.830     0.121
   2447929  1362.091     0.125
   2447930  1362.096     0.113
   2447931  1362.282     0.109
   2447932  1362.165     0.102
   2447933  1362.002     0.107
   2447934  1361.872     0.114
   2447935  1361.706     0.110
   2447936  1361.648     0.120
   2447937  1361.842     0.141
   2447938  1362.183     0.150
   2447939  1362.328     0.152
   2447940  1362.422     0.134
   2447941  1362.688     0.127
   2447942  1362.689     0.111
   2447943  1362.471     0.114
   2447944  1361.903     0.113
   2447945  1361.651     0.115
   2447946  1361.441     0.124
   2447947  1361.228     0.125
   2447948  1361.388     0.115
   2447949  1361.714     0.103
   2447950  1361.980     0.106
   2447951  1361.683     0.108
   2447952  1361.700     0.113
   2447953  1362.064     0.118
   2447954  1362.067     0.150
   2447955  1361.835     0.145
   2447956  1361.744     0.138
   2447957  1361.523     0.129
   2447958  1361.338     0.137
   2447959  1361.432     0.137
   2447960  1361.612     0.137
   2447961  1361.797     0.133
   2447962  1361.792     0.111
   2447963  1361.655     0.110
   2447964  1362.477     0.112
   2447965  1361.810     0.114
   2447966  1361.866     0.120
   2447967  1361.939     0.120
   2447968  1361.997     0.122
   2447969  1362.208     0.125
   2447970  1362.427     0.144
   2447971  1362.350     0.146
   2447972  1362.145     0.151
   2447973  1361.714     0.145
   2447974  1361.785     0.136
   2447975  1361.775     0.115
   2447976  1361.768     0.105
   2447977  1361.731     0.105
   2447978  1362.615     0.090
   2447979  1362.188     0.090
   2447980  1361.948     0.109
   2447981  1362.135     0.122
   2447982  1362.328     0.131
   2447983  1362.045     0.123
   2447984  1361.901     0.122
   2447985  1361.783     0.126
   2447986  1361.676     0.134
   2447987  1361.657     0.129
   2447988  1361.723     0.132
   2447989  1361.824     0.119
   2447990  1362.018     0.118
   2447991  1362.087     0.088
   2447992  1362.317     0.098
   2447993  1362.169     0.108
   2447994  1362.198     0.099
   2447995  1362.322     0.119
   2447996  1362.632     0.121
   2447997  1362.576     0.123
   2447998  1362.403     0.135
   2447999  1362.109     0.147
   2448000  1361.893     0.140
   2448001  1361.873     0.138
   2448002  1362.147     0.117
   2448003  1362.381     0.125
   2448004  1362.551     0.099
   2448005  1362.778     0.098
   2448006  1362.707     0.101
   2448007  1362.506     0.103
   2448008  1362.093     0.103
   2448009  1361.835     0.126
   2448010  1361.858     0.123
   2448011  1361.927     0.135
   2448012  1362.033     0.139
   2448013  1361.870     0.144
   2448014  1361.687     0.140
   2448015  1361.941     0.158
   2448016  1361.777     0.139
   2448017  1361.840     0.135
   2448018  1361.631     0.110
   2448019  1361.833     0.109
   2448020  1362.170     0.113
   2448021  1362.260     0.119
   2448022  1362.182     0.121
   2448023  1362.717     0.135
   2448024  1363.010     0.138
   2448025  1363.003     0.137
   2448026  1362.768     0.150
   2448027  1362.406     0.146
   2448028  1361.825     0.135
   2448029  1361.522     0.134
   2448030  1361.240     0.133
   2448031  1361.232     0.128
   2448032  1361.428     0.127
   2448033  1361.661     0.110
   2448034  1361.913     0.110
   2448035  1362.562     0.104
   2448036  1361.922     0.112
   2448037  1362.218     0.107
   2448038  1362.146     0.125
   2448039  1362.296     0.108
   2448040  1362.080     0.113
   2448041  1362.036     0.108
   2448042  1362.049     0.114
   2448043  1362.001     0.120
   2448044  1361.968     0.132
   2448045  1362.151     0.141
   2448046  1362.174     0.169
   2448047  1362.185     0.181
   2448048  1362.417     0.147
   2448049  1362.162     0.150
   2448050  1362.402     0.162
   2448051  1362.563     0.153
   2448052  1362.366     0.144
   2448053  1362.597     0.132
   2448054  1362.622     0.118
   2448055  1362.457     0.108
   2448056  1362.943     0.104
   2448057  1362.531     0.110
   2448058  1362.505     0.110
   2448059  1362.402     0.124
   2448060  1362.427     0.124
   2448061  1362.615     0.114
   2448062  1362.627     0.114
   2448063  1362.442     0.118
   2448064  1362.409     0.118
   2448065  1362.400     0.131
   2448066  1362.224     0.125
   2448067  1361.988     0.153
   2448068  1361.870     0.143
   2448069  1361.722     0.147
   2448070  1361.594     0.146
   2448071  1361.687     0.154
   2448072  1361.723     0.122
   2448073  1361.426     0.113
   2448074  1360.775     0.107
   2448075  1360.525     0.099
   2448076  1360.756     0.095
   2448077  1360.696     0.093
   2448078  1361.404     0.099
   2448079  1361.949     0.125
   2448080  1362.351     0.130
   2448081  1362.590     0.119
   2448082  1362.663     0.129
   2448083  1362.713     0.142
   2448084  1362.685     0.150
   2448085  1362.314     0.155
   2448086  1362.258     0.124
   2448087  1362.151     0.103
   2448088  1362.352     0.109
   2448089  1362.512     0.111
   2448090  1362.891     0.108
   2448091  1362.286     0.102
   2448092  1362.087     0.100
   2448093  1361.867     0.125
   2448094  1361.610     0.111
   2448095  1361.393     0.155
   2448096  1361.286     0.160
   2448097  1361.213     0.146
   2448098  1361.324     0.120
   2448099  1361.530     0.147
   2448100  1361.855     0.114
   2448101  1362.293     0.111
   2448102  1362.354     0.109
   2448103  1362.362     0.100
   2448104  1362.411     0.106
   2448105  1362.407     0.113
   2448106  1362.120     0.113
   2448107  1362.077     0.127
   2448108  1362.171     0.129
   2448109  1361.925     0.126
   2448110  1361.739     0.121
   2448111  1361.875     0.118
   2448112  1361.775     0.101
   2448113  1362.033     0.096
   2448114  1362.896     0.097
   2448115  1362.278     0.094
   2448116  1362.219     0.113
   2448117  1361.904     0.147
   2448118  1361.841     0.135
   2448119  1361.646     0.165
   2448120  1361.740     0.142
   2448121  1361.576     0.134
   2448122  1361.583     0.135
   2448123  1361.394     0.125
   2448124  1361.312     0.125
   2448125  1361.077     0.114
   2448126  1360.690     0.110
   2448127  1360.501     0.099
   2448128  1360.533     0.111
   2448129  1360.786     0.121
   2448130  1361.103     0.107
   2448131  1361.276     0.111
   2448132  1362.612     0.098
   2448133  1362.101     0.100
   2448134  1362.219     0.114
   2448135  1362.007     0.135
   2448136  1361.909     0.136
   2448137  1361.920     0.144
   2448138  1362.129     0.141
   2448139  1362.397     0.126
   2448140  1362.058     0.145
   2448141  1361.768     0.129
   2448142  1362.333     0.138
   2448143  1362.468     0.112
   2448144  1362.464     0.112
   2448145  1362.464     0.115
   2448146  1362.410     0.121
   2448147  1362.496     0.123
   2448148  1362.424     0.125
   2448149  1362.263     0.137
   2448150  1362.258     0.132
   2448151  1362.261     0.121
   2448152  1362.202     0.149
   2448153  1362.181     0.152
   2448154  1362.309     0.156
   2448155  1362.327     0.143
   2448156  1362.433     0.122
   2448157  1362.421     0.118
   2448158  1362.405     0.123
   2448159  1362.314     0.119
   2448160  1362.186     0.128
   2448161  1361.998     0.123
   2448162  1361.903     0.137
   2448163  1361.912     0.128
   2448164  1361.900     0.132
   2448165  1361.875     0.115
   2448166  1361.718     0.149
   2448167  1361.579     0.130
   2448168  1361.748     0.135
   2448169  1361.854     0.137
   2448170  1361.920     0.135
   2448171  1361.955     0.122
   2448172  1361.963     0.115
   2448173  1361.849     0.109
   2448174  1361.474     0.109
   2448175  1361.629     0.102
   2448176  1361.472     0.110
   2448177  1361.491     0.126
   2448178  1361.442     0.150
   2448179  1361.453     0.136
   2448180  1361.330     0.145
   2448181  1361.473     0.146
   2448182  1361.732     0.138
   2448183  1362.167     0.152
   2448184  1362.338     0.145
   2448185  1362.632     0.127
   2448186  1362.576     0.122
   2448187  1362.425     0.110
   2448188  1362.146     0.109
   2448189  1362.166     0.124
   2448190  1362.061     0.121
   2448191  1362.046     0.125
   2448192  1361.991     0.136
   2448193  1362.065     0.148
   2448194  1361.847     0.153
   2448195  1361.559     0.127
   2448196  1361.578     0.138
   2448197  1361.584     0.130
   2448198  1361.637     0.155
   2448199  1361.733     0.120
   2448200  1361.724     0.118
   2448201  1361.902     0.111
   2448202  1362.386     0.099
   2448203  1361.904     0.093
   2448204  1361.960     0.100
   2448205  1362.060     0.125
   2448206  1362.062     0.125
   2448207  1361.950     0.133
   2448208  1361.974     0.124
   2448209  1362.061     0.151
   2448210  1362.064     0.137
   2448211  1362.063     0.124
   2448212  1361.061     0.137
   2448213  1360.569     0.125
   2448214  1360.398     0.097
   2448215  1359.960     0.099
   2448216  1359.806     0.095
   2448217  1360.112     0.115
   2448218  1360.618     0.121
   2448219  1360.950     0.130
   2448220  1361.425     0.126
   2448221  1361.874     0.097
   2448222  1361.791     0.092
   2448223  1361.810     0.099
   2448224  1362.044     0.104
   2448225  1362.230     0.099
   2448226  1362.091     0.116
   2448227  1362.184     0.120
   2448228  1362.359     0.136
   2448229  1362.399     0.139
   2448230  1362.438     0.141
   2448231  1362.239     0.133
   2448232  1362.061     0.151
   2448233  1362.051     0.140
   2448234  1361.997     0.120
   2448235  1362.107     0.115
   2448236  1362.532     0.112
   2448237  1362.786     0.108
   2448238  1362.342     0.107
   2448239  1362.143     0.105
   2448240  1361.633     0.115
   2448241  1361.120     0.116
   2448242  1360.920     0.123
   2448243  1360.603     0.113
   2448244  1360.695     0.104
   2448245  1360.864     0.109
   2448246  1361.555     0.110
   2448247  1361.880     0.123
   2448248  1362.151     0.122
   2448249  1362.244     0.136
   2448250  1362.113     0.134
   2448251  1361.864     0.143
   2448252  1361.854     0.145
   2448253  1362.100     0.132
   2448254  1361.997     0.126
   2448255  1362.356     0.126
   2448256  1362.595     0.114
   2448257  1362.751     0.099
   2448258  1362.665     0.091
   2448259  1362.401     0.102
   2448260  1362.364     0.121
   2448261  1362.345     0.126
   2448262  1362.537     0.135
   2448263  1362.798     0.117
   2448264  1362.650     0.115
   2448265  1362.445     0.134
   2448266  1362.274     0.136
   2448267  1361.860     0.131
   2448268  1361.533     0.131
   2448269  1361.061     0.114
   2448270  1361.014     0.104
   2448271  1361.019     0.100
   2448272  1360.994     0.090
   2448273  1360.505     0.092
   2448274  1361.027     0.096
   2448275  1361.319     0.118
   2448276  1361.830     0.135
   2448277  1362.228     0.121
   2448278  1362.351     0.130
   2448279  1362.175     0.122
   2448280  1361.835     0.155
   2448281  1361.593     0.140
   2448282  1361.430     0.134
   2448283  1361.101     0.115
   2448284  1360.696     0.105
   2448285  1360.554     0.098
   2448286  1359.581     0.106
   2448287  1359.967     0.098
   2448288  1359.897     0.111
   2448289  1360.313     0.134
   2448290  1361.159     0.126
   2448291  1361.595     0.130
   2448292  1362.061     0.126
   2448293  1362.350     0.117
   2448294  1362.703     0.107
   2448295  1362.525     0.096
   2448296  1362.024     0.090
   2448297  1361.812     0.096
   2448298  1361.743     0.107
   2448299  1361.760     0.116
   2448300  1362.175     0.119
   2448301  1362.026     0.130
   2448302  1362.444     0.125
   2448303  1362.394     0.132
   2448304  1362.626     0.124
   2448305  1362.489     0.105
   2448306  1362.367     0.099
   2448307  1362.148     0.098
   2448308  1361.752     0.086
   2448309  1361.474     0.101
   2448310  1361.312     0.133
   2448311  1361.240     0.115
   2448312  1361.210     0.110
   2448313  1361.582     0.098
   2448314  1361.904     0.104
   2448315  1361.961     0.105
   2448316  1362.359     0.101
   2448317  1362.615     0.115
   2448318  1362.780     0.129
   2448319  1362.766     0.137
   2448320  1362.829     0.139
   2448321  1362.964     0.157
   2448322  1363.034     0.153
   2448323  1362.979     0.142
   2448324  1362.842     0.126
   2448325  1362.418     0.118
   2448326  1362.010     0.110
   2448327  1361.918     0.106
   2448328  1362.046     0.104
   2448329  1361.944     0.098
   2448330  1362.029     0.110
   2448331  1362.354     0.116
   2448332  1362.482     0.140
   2448333  1362.603     0.130
   2448334  1362.473     0.148
   2448335  1362.169     0.137
   2448336  1361.848     0.131
   2448337  1361.693     0.126
   2448338  1361.235     0.142
   2448339  1360.678     0.128
   2448340  1360.554     0.094
   2448341  1360.661     0.108
   2448342  1361.279     0.112
   2448343  1361.435     0.108
   2448344  1362.092     0.099
   2448345  1362.469     0.125
   2448346  1362.386     0.122
   2448347  1362.230     0.141
   2448348  1362.026     0.129
   2448349  1361.869     0.129
   2448350  1361.957     0.147
   2448351  1362.133     0.127
   2448352  1362.403     0.137
   2448353  1362.533     0.117
   2448354  1363.063     0.105
   2448355  1363.117     0.101
   2448356  1363.791     0.108
   2448357  1363.121     0.100
   2448358  1362.944     0.114
   2448359  1362.699     0.105
   2448360  1362.674     0.119
   2448361  1362.584     0.134
   2448362  1362.530     0.138
   2448363  1362.385     0.139
   2448364  1362.227     0.143
   2448365  1362.375     0.138
   2448366  1362.439     0.119
   2448367  1362.639     0.111
   2448368  1362.789     0.095
   2448369  1362.743     0.091
   2448370  1362.677     0.092
   2448371  1362.597     0.095
   2448372  1362.582     0.094
   2448373  1362.409     0.118
   2448374  1362.322     0.121
   2448375  1362.040     0.138
   2448376  1362.083     0.140
   2448377  1362.095     0.137
   2448378  1362.135     0.127
   2448379  1362.572     0.142
   2448380  1362.613     0.114
   2448381  1362.453     0.106
   2448382  1362.258     0.110
   2448383  1361.677     0.104
   2448384  1361.369     0.100
   2448385  1361.225     0.100
   2448386  1361.266     0.108
   2448387  1361.718     0.110
   2448388  1361.715     0.126
   2448389  1361.441     0.141
   2448390  1361.453     0.141
   2448391  1361.893     0.134
   2448392  1361.933     0.133
   2448393  1362.242     0.135
   2448394  1362.509     0.137
   2448395  1362.533     0.107
   2448396  1362.254     0.106
   2448397  1362.262     0.097
   2448398  1362.059     0.105
   2448399  1362.360     0.106
   2448400  1362.302     0.106
   2448401  1362.371     0.119
   2448402  1361.964     0.117
   2448403  1361.534     0.115
   2448404  1360.994     0.101
   2448405  1361.527     0.106
   2448406  1361.553     0.107
   2448407  1361.646     0.116
   2448408  1361.847     0.114
   2448409  1361.818     0.135
   2448410  1361.914     0.123
   2448411  1362.105     0.132
   2448412  1361.933     0.142
   2448413  1361.715     0.159
   2448414  1361.364     0.124
   2448415  1361.010     0.132
   2448416  1360.597     0.125
   2448417  1360.431     0.102
   2448418  1360.487     0.105
   2448419  1361.063     0.096
   2448420  1361.299     0.099
   2448421  1362.025     0.115
   2448422  1362.256     0.122
   2448423  1362.316     0.130
   2448424  1362.068     0.102
   2448425  1362.237     0.104
   2448426  1362.065     0.101
   2448427  1361.887     0.104
   2448428  1361.914     0.101
   2448429  1362.021     0.117
   2448430  1362.080     0.141
   2448431  1362.505     0.130
   2448432  1362.689     0.127
   2448433  1362.629     0.160
   2448434  1362.174     0.123
   2448435  1361.821     0.132
   2448436  1361.421     0.139
   2448437  1361.421     0.123
   2448438  1361.803     0.116
   2448439  1362.061     0.114
   2448440  1363.069     0.109
   2448441  1362.997     0.118
   2448442  1362.678     0.116
   2448443  1362.411     0.123
   2448444  1362.355     0.138
   2448445  1362.290     0.142
   2448446  1362.475     0.115
   2448447  1362.640     0.142
   2448448  1362.350     0.153
   2448449  1362.233     0.144
   2448450  1362.059     0.128
   2448451  1361.896     0.106
   2448452  1361.814     0.109
   2448453  1362.495     0.113
   2448454  1362.129     0.107
   2448455  1362.228     0.112
   2448456  1362.165     0.117
   2448457  1362.374     0.113
   2448458  1362.316     0.122
   2448459  1362.162     0.135
   2448460  1361.719     0.148
   2448461  1361.084     0.137
   2448462  1360.805     0.139
   2448463  1360.581     0.115
   2448464  1360.722     0.108
   2448465  1361.127     0.116
   2448466  1361.829     0.106
   2448467  1362.310     0.105
   2448468  1363.134     0.104
   2448469  1362.626     0.103
   2448470  1362.322     0.115
   2448471  1361.776     0.114
   2448472  1361.727     0.129
   2448473  1361.882     0.120
   2448474  1362.077     0.106
   2448475  1362.321     0.098
   2448476  1362.807     0.104
   2448477  1362.760     0.091
   2448478  1362.691     0.104
   2448479  1362.518     0.121
   2448480  1362.190     0.123
   2448481  1362.427     0.133
   2448482  1362.317     0.121
   2448483  1362.437     0.125
   2448484  1362.302     0.130
   2448485  1362.065     0.121
   2448486  1361.757     0.115
   2448487  1361.729     0.104
   2448488  1360.917     0.091
   2448489  1360.829     0.094
   2448490  1360.819     0.103
   2448491  1361.308     0.123
   2448492  1361.888     0.125
   2448493  1362.550     0.109
   2448494  1362.741     0.103
   2448495  1362.581     0.096
   2448496  1362.379     0.106
   2448497  1362.203     0.129
   2448498  1361.901     0.128
   2448499  1361.347     0.150
   2448500  1361.427     0.128
   2448501  1361.743     0.128
   2448502  1362.058     0.128
   2448503  1362.195     0.140
   2448504  1362.143     0.128
   2448505  1362.234     0.128
   2448506  1361.945     0.132
   2448507  1361.793     0.119
   2448508  1361.598     0.107
   2448509  1362.001     0.100
   2448510  1361.689     0.101
   2448511  1361.975     0.108
   2448512  1362.310     0.125
   2448513  1362.586     0.134
   2448514  1362.660     0.137
   2448515  1362.681     0.134
   2448516  1362.473     0.137
   2448517  1362.455     0.126
   2448518  1362.478     0.145
   2448519  1362.422     0.137
   2448520  1362.532     0.116
   2448521  1362.649     0.121
   2448522  1362.791     0.109
   2448523  1362.392     0.099
   2448524  1362.731     0.098
   2448525  1362.589     0.109
   2448526  1362.112     0.116
   2448527  1361.917     0.112
   2448528  1361.539     0.121
   2448529  1361.082     0.142
   2448530  1360.649     0.131
   2448531  1360.180     0.141
   2448532  1360.171     0.145
   2448533  1360.287     0.138
   2448534  1360.745     0.125
   2448535  1361.119     0.114
   2448536  1361.667     0.116
   2448537  1362.711     0.112
   2448538  1362.200     0.122
   2448539  1362.377     0.119
   2448540  1362.579     0.130
   2448541  1362.504     0.128
   2448542  1362.280     0.130
   2448543  1362.074     0.142
   2448544  1361.913     0.159
   2448545  1362.009     0.161
   2448546  1361.885     0.128
   2448547  1362.280     0.139
   2448548  1362.475     0.120
   2448549  1362.569     0.104
   2448550  1362.468     0.098
   2448551  1361.899     0.114
   2448552  1362.263     0.112
   2448553  1361.961     0.118
   2448554  1361.318     0.119
   2448555  1360.632     0.141
   2448556  1360.023     0.125
   2448557  1359.641     0.130
   2448558  1359.773     0.133
   2448559  1359.936     0.143
   2448560  1360.205     0.130
   2448561  1360.801     0.113
   2448562  1361.439     0.119
   2448563  1362.241     0.096
   2448564  1362.422     0.087
   2448565  1362.253     0.093
   2448566  1361.893     0.091
   2448567  1361.861     0.103
   2448568  1362.017     0.113
   2448569  1362.053     0.121
   2448570  1362.022     0.130
   2448571  1362.069     0.127
   2448572  1361.681     0.134
   2448573  1361.322     0.125
   2448574  1361.574     0.126
   2448575  1361.846     0.116
   2448576  1362.012     0.109
   2448577  1362.057     0.102
   2448578  1362.211     0.096
   2448579  1362.540     0.093
   2448580  1362.194     0.092
   2448581  1362.343     0.103
   2448582  1362.328     0.119
   2448583  1362.114     0.100
   2448584  1362.118     0.095
   2448585  1361.988     0.096
   2448586  1362.079     0.088
   2448587  1362.022     0.089
   2448588  1361.762     0.122
   2448589  1361.798     0.113
   2448590  1361.810     0.138
   2448591  1361.722     0.132
   2448592  1361.911     0.133
   2448593  1361.922     0.146
   2448594  1361.863     0.154
   2448595  1361.874     0.126
   2448596  1361.770     0.122
   2448597  1361.769     0.109
   2448598  1361.658     0.099
   2448599  1360.911     0.108
   2448600  1361.047     0.111
   2448601  1360.986     0.101
   2448602  1360.848     0.111
   2448603  1360.760     0.136
   2448604  1360.860     0.106
   2448605  1360.903     0.106
   2448606  1360.753     0.101
   2448607  1362.140     0.099
   2448608  1361.581     0.088
   2448609  1361.866     0.113
   2448610  1361.999     0.104
   2448611  1361.984     0.121
   2448612  1361.418     0.141
   2448613  1361.182     0.143
   2448614  1360.965     0.131
   2448615  1360.915     0.140
   2448616  1360.758     0.131
   2448617  1360.573     0.117
   2448618  1360.312     0.114
   2448619  1360.096     0.114
   2448620  1360.379     0.104
   2448621  1361.627     0.096
   2448622  1361.608     0.100
   2448623  1361.928     0.113
   2448624  1362.114     0.108
   2448625  1361.778     0.136
   2448626  1361.602     0.151
   2448627  1361.162     0.143
   2448628  1361.102     0.137
   2448629  1361.218     0.144
   2448630  1361.528     0.135
   2448631  1361.711     0.135
   2448632  1362.032     0.105
   2448633  1362.500     0.092
   2448634  1362.634     0.095
   2448635  1362.595     0.096
   2448636  1362.636     0.094
   2448637  1362.608     0.114
   2448638  1362.576     0.112
   2448639  1362.545     0.109
   2448640  1362.513     0.120
   2448641  1362.481     0.130
   2448642  1362.449     0.116
   2448643  1362.416     0.125
   2448644  1362.383     0.122
   2448645  1362.349     0.104
   2448646  1362.314     0.110
   2448647  1362.285     0.098
   2448648  1362.480     0.098
   2448649  1361.274     0.104
   2448650  1361.850     0.102
   2448651  1361.578     0.106
   2448652  1361.518     0.105
   2448653  1361.539     0.118
   2448654  1361.906     0.109
   2448655  1361.945     0.089
   2448656  1361.456     0.104
   2448657  1362.013     0.099
   2448658  1361.951     0.104
   2448659  1362.212     0.113
   2448660  1362.293     0.121
   2448661  1362.564     0.126
   2448662  1362.434     0.140
   2448663  1361.858     0.150
   2448664  1361.779     0.134
   2448665  1361.760     0.130
   2448666  1361.828     0.114
   2448667  1361.780     0.101
   2448668  1361.821     0.096
   2448669  1362.173     0.099
   2448670  1362.108     0.105
   2448671  1362.359     0.112
   2448672  1362.552     0.131
   2448673  1362.616     0.142
   2448674  1362.437     0.131
   2448675  1362.073     0.119
   2448676  1361.752     0.118
   2448677  1361.424     0.110
   2448678  1361.269     0.112
   2448679  1361.100     0.119
   2448680  1361.519     0.129
   2448681  1361.661     0.146
   2448682  1362.285     0.136
   2448683  1362.570     0.129
   2448684  1362.784     0.162
   2448685  1362.844     0.144
   2448686  1362.598     0.141
   2448687  1362.348     0.132
   2448688  1362.394     0.130
   2448689  1362.344     0.121
   2448690  1362.245     0.114
   2448691  1362.142     0.097
   2448692  1362.374     0.097
   2448693  1362.295     0.097
   2448694  1362.384     0.107
   2448695  1362.154     0.121
   2448696  1362.121     0.144
   2448697  1362.044     0.137
   2448698  1362.195     0.134
   2448699  1362.324     0.134
   2448700  1362.571     0.133
   2448701  1362.679     0.115
   2448702  1362.681     0.111
   2448703  1362.632     0.102
   2448704  1362.601     0.104
   2448705  1362.600     0.102
   2448706  1362.436     0.100
   2448707  1362.106     0.101
   2448708  1361.702     0.108
   2448709  1361.281     0.108
   2448710  1360.784     0.105
   2448711  1360.282     0.104
   2448712  1360.928     0.107
   2448713  1361.384     0.103
   2448714  1362.092     0.106
   2448715  1362.033     0.108
   2448716  1362.191     0.102
   2448717  1361.920     0.124
   2448718  1361.772     0.118
   2448719  1361.896     0.110
   2448720  1361.990     0.108
   2448721  1361.903     0.115
   2448722  1361.918     0.122
   2448723  1361.904     0.112
   2448724  1362.011     0.142
   2448725  1361.978     0.136
   2448726  1362.057     0.148
   2448727  1361.987     0.154
   2448728  1361.986     0.132
   2448729  1362.016     0.148
   2448730  1361.809     0.126
   2448731  1361.811     0.116
   2448732  1361.909     0.107
   2448733  1361.970     0.102
   2448734  1361.876     0.101
   2448735  1361.744     0.108
   2448736  1361.777     0.114
   2448737  1361.786     0.128
   2448738  1361.921     0.135
   2448739  1361.813     0.130
   2448740  1362.183     0.138
   2448741  1362.118     0.142
   2448742  1361.856     0.157
   2448743  1361.715     0.140
   2448744  1361.695     0.144
   2448745  1361.543     0.124
   2448746  1361.659     0.106
   2448747  1361.821     0.107
   2448748  1361.851     0.098
   2448749  1361.672     0.103
   2448750  1361.692     0.114
   2448751  1361.596     0.117
   2448752  1361.546     0.131
   2448753  1361.713     0.133
   2448754  1361.801     0.118
   2448755  1362.150     0.128
   2448756  1362.152     0.140
   2448757  1362.122     0.151
   2448758  1362.156     0.122
   2448759  1362.153     0.137
   2448760  1362.175     0.117
   2448761  1362.296     0.116
   2448762  1362.657     0.101
   2448763  1361.816     0.110
   2448764  1361.442     0.110
   2448765  1361.496     0.100
   2448766  1361.599     0.106
   2448767  1361.551     0.098
   2448768  1361.554     0.092
   2448769  1361.617     0.120
   2448770  1361.641     0.138
   2448771  1361.836     0.118
   2448772  1361.785     0.133
   2448773  1361.776     0.142
   2448774  1361.806     0.148
   2448775  1361.600     0.133
   2448776  1361.554     0.133
   2448777  1361.567     0.111
   2448778  1361.660     0.111
   2448779  1361.532     0.106
   2448780  1361.601     0.100
   2448781  1361.511     0.099
   2448782  1361.669     0.100
   2448783  1361.589     0.124
   2448784  1361.810     0.114
   2448785  1362.057     0.121
   2448786  1362.248     0.123
   2448787  1362.374     0.126
   2448788  1362.291     0.110
   2448789  1361.536     0.102
   2448790  1361.768     0.101
   2448791  1361.719     0.092
   2448792  1361.740     0.095
   2448793  1361.759     0.098
   2448794  1361.777     0.102
   2448795  1361.796     0.097
   2448796  1361.814     0.101
   2448797  1361.833     0.095
   2448798  1361.852     0.094
   2448799  1361.870     0.097
   2448800  1361.888     0.117
   2448801  1361.907     0.108
   2448802  1361.925     0.097
   2448803  1361.944     0.106
   2448804  1362.021     0.116
   2448805  1361.974     0.105
   2448806  1361.985     0.101
   2448807  1361.997     0.108
   2448808  1362.008     0.093
   2448809  1362.020     0.099
   2448810  1362.031     0.089
   2448811  1362.043     0.100
   2448812  1362.054     0.104
   2448813  1362.065     0.103
   2448814  1362.076     0.097
   2448815  1362.087     0.096
   2448816  1362.098     0.105
   2448817  1362.110     0.106
   2448818  1362.212     0.100
   2448819  1362.115     0.098
   2448820  1362.110     0.112
   2448821  1362.105     0.104
   2448822  1362.101     0.099
   2448823  1362.096     0.119
   2448824  1362.089     0.113
   2448825  1362.079     0.124
   2448826  1362.089     0.126
   2448827  1361.924     0.113
   2448828  1361.788     0.123
   2448829  1361.731     0.126
   2448830  1361.763     0.115
   2448831  1361.734     0.118
   2448832  1361.580     0.127
   2448833  1361.586     0.125
   2448834  1361.559     0.129
   2448835  1361.567     0.111
   2448836  1361.709     0.103
   2448837  1361.752     0.100
   2448838  1361.839     0.096
   2448839  1361.936     0.098
   2448840  1362.173     0.100
   2448841  1362.063     0.097
   2448842  1361.877     0.102
   2448843  1362.013     0.118
   2448844  1362.214     0.104
   2448845  1362.405     0.109
   2448846  1362.418     0.111
   2448847  1362.352     0.121
   2448848  1362.209     0.114
   2448849  1361.815     0.099
   2448850  1361.579     0.108
   2448851  1361.284     0.097
   2448852  1360.759     0.092
   2448853  1360.813     0.097
   2448854  1360.562     0.101
   2448855  1360.607     0.097
   2448856  1361.114     0.099
   2448857  1361.597     0.118
   2448858  1361.931     0.110
   2448859  1362.057     0.101
   2448860  1361.732     0.100
   2448861  1361.935     0.098
   2448862  1361.887     0.108
   2448863  1361.876     0.113
   2448864  1362.043     0.115
   2448865  1362.066     0.113
   2448866  1362.087     0.106
   2448867  1362.058     0.111
   2448868  1361.933     0.110
   2448869  1361.926     0.091
   2448870  1361.872     0.106
   2448871  1361.712     0.108
   2448872  1361.420     0.089
   2448873  1361.634     0.111
   2448874  1361.991     0.105
   2448875  1362.066     0.107
   2448876  1362.016     0.095
   2448877  1362.317     0.087
   2448878  1361.890     0.096
   2448879  1361.821     0.098
   2448880  1361.898     0.100
   2448881  1361.913     0.108
   2448882  1361.753     0.106
   2448883  1361.842     0.088
   2448884  1361.892     0.113
   2448885  1362.086     0.120
   2448886  1362.033     0.125
   2448887  1361.655     0.106
   2448888  1361.579     0.108
   2448889  1361.577     0.114
   2448890  1361.655     0.111
   2448891  1361.675     0.132
   2448892  1361.729     0.115
   2448893  1361.520     0.110
   2448894  1361.260     0.112
   2448895  1361.360     0.115
   2448896  1361.402     0.113
   2448897  1361.507     0.104
   2448898  1361.645     0.108
   2448899  1361.683     0.109
   2448900  1361.659     0.104
   2448901  1361.613     0.095
   2448902  1361.598     0.093
   2448903  1361.556     0.096
   2448904  1361.662     0.105
   2448905  1361.766     0.114
   2448906  1361.728     0.107
   2448907  1361.812     0.119
   2448908  1361.775     0.108
   2448909  1361.811     0.113
   2448910  1361.642     0.106
   2448911  1361.867     0.105
   2448912  1361.745     0.113
   2448913  1361.684     0.102
   2448914  1361.688     0.101
   2448915  1361.235     0.100
   2448916  1360.852     0.095
   2448917  1360.568     0.093
   2448918  1360.566     0.100
   2448919  1360.788     0.103
   2448920  1360.971     0.107
   2448921  1360.815     0.119
   2448922  1360.708     0.109
   2448923  1360.635     0.103
   2448924  1360.665     0.106
   2448925  1360.843     0.110
   2448926  1361.080     0.109
   2448927  1361.367     0.113
   2448928  1361.564     0.113
   2448929  1361.633     0.107
   2448930  1361.763     0.099
   2448931  1361.463     0.097
   2448932  1361.335     0.093
   2448933  1361.326     0.092
   2448934  1361.273     0.113
   2448935  1361.203     0.112
   2448936  1361.013     0.099
   2448937  1361.014     0.120
   2448938  1361.351     0.103
   2448939  1361.554     0.107
   2448940  1361.596     0.098
   2448941  1361.639     0.105
   2448942  1361.770     0.107
   2448943  1361.974     0.088
   2448944  1362.052     0.096
   2448945  1361.937     0.098
   2448946  1361.779     0.107
   2448947  1361.731     0.085
   2448948  1361.628     0.091
   2448949  1361.590     0.091
   2448950  1361.508     0.092
   2448951  1361.657     0.105
   2448952  1361.825     0.106
   2448953  1361.854     0.112
   2448954  1361.745     0.105
   2448955  1361.463     0.104
   2448956  1361.263     0.113
   2448957  1361.164     0.115
   2448958  1361.220     0.105
   2448959  1361.433     0.092
   2448960  1361.611     0.096
   2448961  1361.691     0.094
   2448962  1361.620     0.085
   2448963  1361.503     0.097
   2448964  1361.578     0.095
   2448965  1361.707     0.092
   2448966  1361.746     0.113
   2448967  1361.463     0.107
   2448968  1361.150     0.105
   2448969  1360.969     0.101
   2448970  1361.128     0.097
   2448971  1361.433     0.094
   2448972  1362.033     0.094
   2448973  1362.233     0.086
   2448974  1362.187     0.088
   2448975  1362.194     0.107
   2448976  1362.120     0.095
   2448977  1362.104     0.098
   2448978  1362.179     0.114
   2448979  1362.259     0.116
   2448980  1362.246     0.112
   2448981  1362.198     0.116
   2448982  1362.049     0.113
   2448983  1361.858     0.106
   2448984  1361.859     0.096
   2448985  1361.949     0.105
   2448986  1362.164     0.107
   2448987  1361.758     0.100
   2448988  1361.845     0.101
   2448989  1361.785     0.096
   2448990  1361.829     0.117
   2448991  1361.808     0.116
   2448992  1361.721     0.109
   2448993  1361.629     0.115
   2448994  1361.626     0.109
   2448995  1361.605     0.110
   2448996  1361.749     0.109
   2448997  1361.843     0.094
   2448998  1362.113     0.102
   2448999  1362.182     0.103
   2449000  1361.822     0.097
   2449001  1362.006     0.094
   2449002  1362.019     0.093
   2449003  1362.130     0.098
   2449004  1362.009     0.096
   2449005  1362.163     0.099
   2449006  1362.034     0.100
   2449007  1362.071     0.092
   2449008  1362.113     0.091
   2449009  1361.896     0.101
   2449010  1362.088     0.094
   2449011  1362.257     0.099
   2449012  1361.929     0.097
   2449013  1361.765     0.098
   2449014  1361.690     0.094
   2449015  1361.957     0.087
   2449016  1362.122     0.098
   2449017  1361.857     0.085
   2449018  1362.138     0.090
   2449019  1361.740     0.103
   2449020  1362.009     0.102
   2449021  1361.906     0.109
   2449022  1361.873     0.110
   2449023  1361.466     0.113
   2449024  1361.071     0.112
   2449025  1360.896     0.116
   2449026  1360.602     0.115
   2449027  1360.305     0.110
   2449028  1360.378     0.117
   2449029  1360.355     0.111
   2449030  1360.681     0.109
   2449031  1361.069     0.107
   2449032  1361.642     0.105
   2449033  1361.731     0.103
   2449034  1361.986     0.107
   2449035  1361.995     0.124
   2449036  1361.771     0.126
   2449037  1361.738     0.121
   2449038  1361.793     0.127
   2449039  1361.680     0.113
   2449040  1361.543     0.121
   2449041  1361.284     0.101
   2449042  1361.340     0.096
   2449043  1361.256     0.102
   2449044  1361.572     0.101
   2449045  1361.630     0.120
   2449046  1361.594     0.122
   2449047  1361.655     0.112
   2449048  1361.484     0.129
   2449049  1361.487     0.123
   2449050  1361.598     0.123
   2449051  1361.486     0.102
   2449052  1361.488     0.100
   2449053  1361.466     0.104
   2449054  1361.123     0.095
   2449055  1360.752     0.100
   2449056  1361.126     0.106
   2449057  1361.091     0.101
   2449058  1361.582     0.102
   2449059  1361.923     0.091
   2449060  1362.061     0.114
   2449061  1362.120     0.104
   2449062  1362.058     0.105
   2449063  1362.048     0.106
   2449064  1362.050     0.137
   2449065  1362.033     0.119
   2449066  1361.983     0.118
   2449067  1361.966     0.106
   2449068  1362.020     0.092
   2449069  1361.882     0.085
   2449070  1361.949     0.093
   2449071  1361.921     0.101
   2449072  1362.087     0.105
   2449073  1362.213     0.119
   2449074  1362.158     0.120
   2449075  1361.982     0.115
   2449076  1361.969     0.124
   2449077  1361.987     0.127
   2449078  1361.967     0.120
   2449079  1361.786     0.124
   2449080  1361.745     0.111
   2449081  1361.732     0.104
   2449082  1361.652     0.105
   2449083  1361.892     0.098
   2449084  1361.399     0.094
   2449085  1361.750     0.101
   2449086  1361.849     0.105
   2449087  1361.869     0.100
   2449088  1361.999     0.099
   2449089  1362.032     0.092
   2449090  1361.976     0.097
   2449091  1361.985     0.097
   2449092  1361.838     0.089
   2449093  1361.919     0.096
   2449094  1361.828     0.100
   2449095  1361.777     0.098
   2449096  1361.819     0.099
   2449097  1361.696     0.106
   2449098  1361.565     0.108
   2449099  1361.482     0.097
   2449100  1361.821     0.096
   2449101  1361.948     0.102
   2449102  1362.003     0.112
   2449103  1362.237     0.121
   2449104  1362.420     0.110
   2449105  1362.434     0.119
   2449106  1362.440     0.121
   2449107  1362.437     0.124
   2449108  1362.292     0.132
   2449109  1362.236     0.111
   2449110  1362.201     0.113
   2449111  1362.126     0.095
   2449112  1362.395     0.102
   2449113  1362.184     0.105
   2449114  1361.983     0.123
   2449115  1361.485     0.113
   2449116  1361.067     0.128
   2449117  1360.777     0.130
   2449118  1360.643     0.147
   2449119  1360.897     0.136
   2449120  1361.303     0.126
   2449121  1361.497     0.116
   2449122  1361.815     0.117
   2449123  1361.801     0.112
   2449124  1361.785     0.113
   2449125  1361.744     0.113
   2449126  1361.714     0.100
   2449127  1361.869     0.099
   2449128  1361.841     0.096
   2449129  1362.047     0.102
   2449130  1362.002     0.098
   2449131  1362.019     0.112
   2449132  1362.095     0.119
   2449133  1362.128     0.123
   2449134  1362.115     0.119
   2449135  1362.052     0.102
   2449136  1361.845     0.106
   2449137  1361.750     0.113
   2449138  1361.549     0.117
   2449139  1361.474     0.111
   2449140  1361.638     0.104
   2449141  1361.637     0.086
   2449142  1361.629     0.087
   2449143  1361.583     0.090
   2449144  1361.844     0.089
   2449145  1361.576     0.098
   2449146  1361.642     0.093
   2449147  1361.688     0.105
   2449148  1361.772     0.115
   2449149  1361.726     0.103
   2449150  1361.790     0.125
   2449151  1361.714     0.110
   2449152  1361.605     0.093
   2449153  1361.549     0.095
   2449154  1361.583     0.104
   2449155  1361.574     0.100
   2449156  1361.562     0.100
   2449157  1361.650     0.109
   2449158  1361.762     0.111
   2449159  1361.739     0.118
   2449160  1361.801     0.123
   2449161  1361.880     0.110
   2449162  1361.887     0.109
   2449163  1361.802     0.113
   2449164  1361.846     0.113
   2449165  1361.952     0.115
   2449166  1361.976     0.102
   2449167  1361.811     0.091
   2449168  1362.191     0.088
   2449169  1361.577     0.098
   2449170  1361.665     0.101
   2449171  1361.791     0.100
   2449172  1361.760     0.121
   2449173  1361.943     0.112
   2449174  1362.047     0.110
   2449175  1362.092     0.129
   2449176  1361.994     0.117
   2449177  1361.852     0.112
   2449178  1361.444     0.112
   2449179  1361.383     0.110
   2449180  1361.411     0.095
   2449181  1361.499     0.098
   2449182  1361.618     0.094
   2449183  1361.429     0.101
   2449184  1361.748     0.103
   2449185  1362.148     0.103
   2449186  1361.742     0.103
   2449187  1361.786     0.102
   2449188  1361.828     0.093
   2449189  1361.771     0.122
   2449190  1361.616     0.119
   2449191  1361.768     0.116
   2449192  1361.891     0.108
   2449193  1362.059     0.120
   2449194  1362.025     0.127
   2449195  1362.057     0.130
   2449196  1361.967     0.131
   2449197  1361.912     0.138
   2449198  1361.855     0.143
   2449199  1361.810     0.145
   2449200  1361.820     0.142
   2449201  1361.808     0.134
   2449202  1361.817     0.152
   2449203  1361.799     0.136
   2449204  1361.721     0.147
   2449205  1361.751     0.139
   2449206  1361.772     0.134
   2449207  1361.794     0.142
   2449208  1361.816     0.144
   2449209  1361.839     0.141
   2449210  1361.862     0.150
   2449211  1361.893     0.144
   2449212  1361.915     0.151
   2449213  1361.891     0.151
   2449214  1361.846     0.147
   2449215  1361.784     0.149
   2449216  1361.744     0.154
   2449217  1361.761     0.171
   2449218  1361.768     0.130
   2449219  1361.788     0.149
   2449220  1361.780     0.137
   2449221  1361.777     0.143
   2449222  1361.702     0.147
   2449223  1361.664     0.145
   2449224  1361.662     0.139
   2449225  1361.719     0.145
   2449226  1361.720     0.146
   2449227  1361.693     0.144
   2449228  1361.693     0.154
   2449229  1361.711     0.156
   2449230  1361.752     0.150
   2449231  1361.733     0.145
   2449232  1361.663     0.145
   2449233  1361.626     0.129
   2449234  1361.598     0.153
   2449235  1361.616     0.138
   2449236  1361.646     0.145
   2449237  1361.666     0.160
   2449238  1361.741     0.160
   2449239  1361.803     0.143
   2449240  1361.845     0.157
   2449241  1361.833     0.152
   2449242  1361.793     0.154
   2449243  1361.769     0.148
   2449244  1361.749     0.151
   2449245  1361.810     0.139
   2449246  1361.903     0.127
   2449247  1362.006     0.130
   2449248  1361.935     0.169
   2449249  1361.889     0.143
   2449250  1361.843     0.140
   2449251  1361.798     0.128
   2449252  1361.752     0.126
   2449253  1361.705     0.153
   2449254  1361.659     0.138
   2449255  1361.456     0.145
   2449256  1361.350     0.148
   2449257  1361.276     0.138
   2449258  1361.260     0.143
   2449259  1361.156     0.147
   2449260  1361.050     0.151
   2449261  1360.756     0.141
   2449262  1360.465     0.135
   2449263  1360.208     0.125
   2449264  1360.182     0.139
   2449265  1360.367     0.148
   2449266  1360.470     0.148
   2449267  1360.675     0.150
   2449268  1360.918     0.153
   2449269  1361.225     0.153
   2449270  1361.314     0.131
   2449271  1361.385     0.137
   2449272  1361.450     0.153
   2449273  1361.435     0.145
   2449274  1361.418     0.125
   2449275  1361.473     0.127
   2449276  1361.505     0.140
   2449277  1361.578     0.140
   2449278  1361.669     0.126
   2449279  1361.730     0.130
   2449280  1361.745     0.134
   2449281  1361.654     0.136
   2449282  1361.521     0.124
   2449283  1361.559     0.131
   2449284  1361.542     0.144
   2449285  1361.622     0.130
   2449286  1361.792     0.134
   2449287  1361.726     0.132
   2449288  1361.603     0.143
   2449289  1361.564     0.154
   2449290  1361.521     0.132
   2449291  1361.464     0.131
   2449292  1361.418     0.134
   2449293  1361.300     0.146
   2449294  1361.159     0.130
   2449295  1361.015     0.117
   2449296  1360.944     0.122
   2449297  1361.007     0.132
   2449298  1361.113     0.140
   2449299  1361.266     0.118
   2449300  1361.426     0.131
   2449301  1361.541     0.138
   2449302  1361.640     0.133
   2449303  1361.698     0.127
   2449304  1361.710     0.130
   2449305  1361.768     0.116
   2449306  1361.681     0.129
   2449307  1361.512     0.115
   2449308  1361.262     0.110
   2449309  1361.088     0.122
   2449310  1360.882     0.118
   2449311  1360.865     0.101
   2449312  1361.118     0.092
   2449313  1361.602     0.087
   2449314  1361.657     0.089
   2449315  1361.680     0.089
   2449316  1361.574     0.087
   2449317  1361.531     0.091
   2449318  1361.616     0.093
   2449319  1361.812     0.092
   2449320  1362.040     0.087
   2449321  1362.036     0.095
   2449322  1361.387     0.093
   2449323  1361.485     0.103
   2449324  1361.375     0.100
   2449325  1361.609     0.096
   2449326  1361.549     0.092
   2449327  1361.389     0.096
   2449328  1361.490     0.103
   2449329  1361.523     0.098
   2449330  1361.395     0.106
   2449331  1361.583     0.105
   2449332  1361.720     0.105
   2449333  1361.763     0.104
   2449334  1361.306     0.099
   2449335  1361.495     0.094
   2449336  1361.328     0.108
   2449337  1361.283     0.125
   2449338  1361.244     0.113
   2449339  1361.232     0.109
   2449340  1361.244     0.098
   2449341  1361.854     0.102
   2449342  1361.328     0.101
   2449343  1361.856     0.097
   2449344  1361.316     0.094
   2449345  1361.267     0.107
   2449346  1361.075     0.113
   2449347  1360.851     0.125
   2449348  1360.754     0.124
   2449349  1360.951     0.130
   2449350  1361.211     0.121
   2449351  1361.432     0.117
   2449352  1361.585     0.118
   2449353  1361.522     0.120
   2449354  1361.067     0.109
   2449355  1360.641     0.087
   2449356  1360.577     0.094
   2449357  1361.262     0.094
   2449358  1360.631     0.101
   2449359  1360.892     0.102
   2449360  1361.203     0.096
   2449361  1361.493     0.090
   2449362  1361.307     0.089
   2449363  1361.594     0.088
   2449364  1361.087     0.094
   2449365  1361.241     0.095
   2449366  1361.370     0.109
   2449367  1361.445     0.128
   2449368  1361.460     0.112
   2449369  1361.387     0.122
   2449370  1361.345     0.098
   2449371  1361.253     0.092
   2449372  1361.385     0.100
   2449373  1361.090     0.096
   2449374  1361.003     0.106
   2449375  1361.034     0.118
   2449376  1361.224     0.120
   2449377  1361.321     0.115
   2449378  1361.584     0.123
   2449379  1361.876     0.110
   2449380  1362.143     0.129
   2449381  1362.146     0.118
   2449382  1362.060     0.124
   2449383  1361.997     0.145
   2449384  1361.967     0.130
   2449385  1362.005     0.128
   2449386  1362.006     0.132
   2449387  1361.997     0.129
   2449388  1361.890     0.126
   2449389  1361.699     0.119
   2449390  1361.521     0.123
   2449391  1361.390     0.114
   2449392  1361.455     0.108
   2449393  1361.359     0.098
   2449394  1360.913     0.101
   2449395  1361.158     0.101
   2449396  1361.336     0.106
   2449397  1361.557     0.108
   2449398  1361.652     0.109
   2449399  1361.667     0.106
   2449400  1361.550     0.117
   2449401  1361.434     0.110
   2449402  1361.302     0.106
   2449403  1361.248     0.103
   2449404  1361.610     0.100
   2449405  1361.722     0.101
   2449406  1361.871     0.106
   2449407  1361.937     0.107
   2449408  1361.904     0.102
   2449409  1361.817     0.082
   2449410  1362.180     0.090
   2449411  1361.692     0.095
   2449412  1361.603     0.102
   2449413  1361.766     0.121
   2449414  1361.692     0.108
   2449415  1361.747     0.114
   2449416  1361.703     0.123
   2449417  1361.639     0.121
   2449418  1361.488     0.120
   2449419  1361.410     0.131
   2449420  1361.398     0.127
   2449421  1361.284     0.123
   2449422  1361.299     0.119
   2449423  1361.358     0.131
   2449424  1361.398     0.116
   2449425  1361.474     0.119
   2449426  1361.307     0.092
   2449427  1361.391     0.106
   2449428  1361.295     0.095
   2449429  1361.778     0.094
   2449430  1361.845     0.100
   2449431  1361.775     0.117
   2449432  1362.029     0.119
   2449433  1362.099     0.120
   2449434  1361.988     0.135
   2449435  1362.091     0.137
   2449436  1362.081     0.134
   2449437  1362.048     0.127
   2449438  1361.951     0.126
   2449439  1361.856     0.121
   2449440  1361.832     0.120
   2449441  1361.785     0.120
   2449442  1361.695     0.106
   2449443  1361.718     0.122
   2449444  1361.686     0.109
   2449445  1361.698     0.114
   2449446  1361.070     0.099
   2449447  1361.540     0.110
   2449448  1361.444     0.111
   2449449  1361.433     0.121
   2449450  1361.473     0.123
   2449451  1361.522     0.123
   2449452  1361.591     0.106
   2449453  1361.613     0.107
   2449454  1361.655     0.099
   2449455  1361.165     0.097
   2449456  1361.621     0.093
   2449457  1361.654     0.105
   2449458  1361.693     0.117
   2449459  1361.758     0.114
   2449460  1361.704     0.118
   2449461  1361.760     0.125
   2449462  1361.641     0.117
   2449463  1361.654     0.125
   2449464  1361.575     0.134
   2449465  1361.627     0.106
   2449466  1361.661     0.109
   2449467  1361.621     0.111
   2449468  1361.628     0.089
   2449469  1361.370     0.088
   2449470  1361.558     0.088
   2449471  1361.495     0.093
   2449472  1361.445     0.098
   2449473  1360.878     0.099
   2449474  1361.199     0.093
   2449475  1361.161     0.093
   2449476  1361.221     0.106
   2449477  1361.207     0.107
   2449478  1361.263     0.097
   2449479  1361.283     0.096
   2449480  1361.225     0.108
   2449481  1361.388     0.095
   2449482  1361.419     0.103
   2449483  1361.539     0.094
   2449484  1361.530     0.087
   2449485  1361.550     0.100
   2449486  1361.505     0.114
   2449487  1361.550     0.117
   2449488  1361.505     0.111
   2449489  1361.464     0.110
   2449490  1361.476     0.101
   2449491  1361.543     0.093
   2449492  1361.550     0.099
   2449493  1361.673     0.106
   2449494  1361.737     0.119
   2449495  1361.800     0.123
   2449496  1361.783     0.123
   2449497  1361.668     0.137
   2449498  1361.537     0.131
   2449499  1361.456     0.117
   2449500  1361.380     0.123
   2449501  1361.302     0.109
   2449502  1361.252     0.094
   2449503  1361.268     0.090
   2449504  1361.050     0.087
   2449505  1361.322     0.091
   2449506  1361.355     0.110
   2449507  1361.393     0.104
   2449508  1361.388     0.116
   2449509  1361.385     0.103
   2449510  1361.436     0.098
   2449511  1360.978     0.096
   2449512  1361.572     0.104
   2449513  1361.600     0.104
   2449514  1361.534     0.115
   2449515  1361.454     0.106
   2449516  1361.391     0.112
   2449517  1361.442     0.112
   2449518  1361.562     0.101
   2449519  1361.629     0.090
   2449520  1361.871     0.096
   2449521  1361.754     0.099
   2449522  1361.711     0.109
   2449523  1361.674     0.113
   2449524  1361.611     0.109
   2449525  1361.221     0.106
   2449526  1361.541     0.091
   2449527  1361.531     0.094
   2449528  1361.515     0.110
   2449529  1361.488     0.115
   2449530  1361.503     0.129
   2449531  1361.485     0.106
   2449532  1361.508     0.110
   2449533  1361.462     0.118
   2449534  1361.230     0.119
   2449535  1361.249     0.125
   2449536  1361.261     0.134
   2449537  1361.349     0.131
   2449538  1361.405     0.112
   2449539  1361.492     0.129
   2449540  1361.541     0.125
   2449541  1361.523     0.121
   2449542  1361.421     0.140
   2449543  1361.375     0.136
   2449544  1361.419     0.122
   2449545  1361.470     0.126
   2449546  1361.635     0.124
   2449547  1361.679     0.107
   2449548  1361.588     0.122
   2449549  1361.450     0.108
   2449550  1361.388     0.104
   2449551  1361.378     0.094
   2449552  1361.426     0.094
   2449553  1361.149     0.095
   2449554  1361.256     0.094
   2449555  1361.183     0.097
   2449556  1361.166     0.110
   2449557  1361.165     0.121
   2449558  1361.232     0.117
   2449559  1361.353     0.128
   2449560  1361.444     0.137
   2449561  1361.507     0.139
   2449562  1361.550     0.143
   2449563  1361.567     0.123
   2449564  1361.651     0.135
   2449565  1361.710     0.132
   2449566  1361.726     0.114
   2449567  1361.772     0.108
   2449568  1361.768     0.120
   2449569  1361.722     0.115
   2449570  1361.644     0.121
   2449571  1361.534     0.109
   2449572  1361.497     0.095
   2449573  1361.472     0.084
   2449574  1360.966     0.088
   2449575  1361.400     0.091
   2449576  1361.408     0.093
   2449577  1361.373     0.104
   2449578  1361.232     0.107
   2449579  1361.055     0.102
   2449580  1361.178     0.095
   2449581  1361.262     0.101
   2449582  1361.358     0.095
   2449583  1361.443     0.100
   2449584  1361.387     0.115
   2449585  1361.398     0.108
   2449586  1361.424     0.111
   2449587  1361.441     0.105
   2449588  1361.395     0.097
   2449589  1361.344     0.098
   2449590  1361.302     0.101
   2449591  1361.408     0.100
   2449592  1361.473     0.106
   2449593  1361.528     0.104
   2449594  1361.563     0.103
   2449595  1361.589     0.124
   2449596  1361.526     0.106
   2449597  1361.405     0.122
   2449598  1361.308     0.123
   2449599  1361.214     0.130
   2449600  1361.147     0.129
   2449601  1361.128     0.126
   2449602  1361.177     0.114
   2449603  1361.176     0.126
   2449604  1361.347     0.121
   2449605  1361.434     0.115
   2449606  1361.475     0.108
   2449607  1361.483     0.098
   2449608  1361.522     0.103
   2449609  1361.544     0.089
   2449610  1361.458     0.092
   2449611  1361.438     0.097
   2449612  1361.404     0.111
   2449613  1361.332     0.123
   2449614  1361.335     0.121
   2449615  1361.299     0.118
   2449616  1361.288     0.126
   2449617  1361.303     0.118
   2449618  1361.316     0.103
   2449619  1361.308     0.104
   2449620  1361.283     0.090
   2449621  1360.991     0.090
   2449622  1361.314     0.112
   2449623  1361.388     0.110
   2449624  1361.391     0.106
   2449625  1361.354     0.106
   2449626  1361.843     0.108
   2449627  1361.274     0.104
   2449628  1361.270     0.100
   2449629  1361.278     0.119
   2449630  1361.223     0.114
   2449631  1361.236     0.134
   2449632  1361.260     0.128
   2449633  1361.285     0.117
   2449634  1361.323     0.119
   2449635  1361.325     0.105
   2449636  1361.365     0.091
   2449637  1361.426     0.095
   2449638  1361.300     0.098
   2449639  1361.288     0.101
   2449640  1361.258     0.109
   2449641  1361.238     0.112
   2449642  1361.151     0.097
   2449643  1361.242     0.106
   2449644  1361.305     0.118
   2449645  1361.660     0.126
   2449646  1361.614     0.129
   2449647  1361.531     0.115
   2449648  1361.464     0.114
   2449649  1361.490     0.106
   2449650  1361.467     0.095
   2449651  1361.319     0.091
   2449652  1361.544     0.093
   2449653  1361.570     0.093
   2449654  1361.476     0.112
   2449655  1361.370     0.115
   2449656  1361.269     0.114
   2449657  1361.266     0.111
   2449658  1361.345     0.108
   2449659  1361.415     0.091
   2449660  1361.815     0.097
   2449661  1361.605     0.102
   2449662  1361.963     0.103
   2449663  1361.467     0.094
   2449664  1361.168     0.099
   2449665  1361.547     0.094
   2449666  1361.703     0.095
   2449667  1361.499     0.096
   2449668  1361.509     0.093
   2449669  1361.588     0.100
   2449670  1361.671     0.105
   2449671  1361.720     0.100
   2449672  1361.463     0.099
   2449673  1361.779     0.105
   2449674  1361.759     0.099
   2449675  1361.720     0.087
   2449676  1361.706     0.109
   2449677  1361.565     0.133
   2449678  1361.385     0.129
   2449679  1361.436     0.117
   2449680  1361.480     0.121
   2449681  1361.491     0.112
   2449682  1361.417     0.108
   2449683  1361.390     0.100
   2449684  1361.428     0.098
   2449685  1361.325     0.102
   2449686  1361.582     0.105
   2449687  1361.573     0.111
   2449688  1361.541     0.116
   2449689  1361.454     0.114
   2449690  1361.411     0.109
   2449691  1361.404     0.099
   2449692  1361.443     0.095
   2449693  1361.030     0.094
   2449694  1361.428     0.097
   2449695  1361.409     0.091
   2449696  1361.368     0.102
   2449697  1361.318     0.090
   2449698  1360.967     0.084
   2449699  1360.663     0.092
   2449700  1360.705     0.094
   2449701  1360.718     0.082
   2449702  1361.000     0.091
   2449703  1360.981     0.087
   2449704  1361.215     0.084
   2449705  1361.353     0.082
   2449706  1361.317     0.081
   2449707  1361.320     0.085
   2449708  1361.205     0.086
   2449709  1361.136     0.106
   2449710  1361.128     0.102
   2449711  1361.165     0.111
   2449712  1361.217     0.125
   2449713  1361.277     0.123
   2449714  1361.222     0.112
   2449715  1361.350     0.107
   2449716  1361.246     0.113
   2449717  1361.219     0.114
   2449718  1361.193     0.107
   2449719  1361.418     0.096
   2449720  1361.614     0.091
   2449721  1361.855     0.092
   2449722  1361.732     0.096
   2449723  1361.717     0.100
   2449724  1361.695     0.102
   2449725  1361.662     0.089
   2449726  1361.563     0.092
   2449727  1361.574     0.099
   2449728  1361.593     0.098
   2449729  1361.580     0.107
   2449730  1361.565     0.089
   2449731  1361.415     0.091
   2449732  1361.527     0.094
   2449733  1361.418     0.095
   2449734  1361.270     0.091
   2449735  1360.679     0.090
   2449736  1361.260     0.078
   2449737  1361.368     0.095
   2449738  1361.445     0.111
   2449739  1361.476     0.119
   2449740  1361.453     0.087
   2449741  1361.363     0.088
   2449742  1361.184     0.082
   2449743  1361.217     0.088
   2449744  1361.253     0.091
   2449745  1361.336     0.100
   2449746  1361.401     0.110
   2449747  1361.429     0.113
   2449748  1361.432     0.121
   2449749  1361.381     0.117
   2449750  1361.354     0.112
   2449751  1361.298     0.110
   2449752  1361.223     0.109
   2449753  1361.188     0.100
   2449754  1361.162     0.107
   2449755  1361.209     0.089
   2449756  1360.559     0.084
   2449757  1361.314     0.087
   2449758  1361.383     0.085
   2449759  1361.353     0.100
   2449760  1361.267     0.088
   2449761  1361.159     0.113
   2449762  1361.128     0.104
   2449763  1361.172     0.099
   2449764  1361.295     0.092
   2449765  1361.464     0.089
   2449766  1361.044     0.084
   2449767  1361.453     0.079
   2449768  1361.301     0.096
   2449769  1361.232     0.082
   2449770  1361.214     0.086
   2449771  1361.132     0.095
   2449772  1361.465     0.084
   2449773  1361.569     0.087
   2449774  1361.618     0.111
   2449775  1361.594     0.105
   2449776  1361.491     0.128
   2449777  1361.344     0.115
   2449778  1361.075     0.121
   2449779  1360.983     0.127
   2449780  1360.926     0.113
   2449781  1361.058     0.127
   2449782  1361.233     0.106
   2449783  1361.316     0.108
   2449784  1361.364     0.115
   2449785  1361.425     0.105
   2449786  1361.347     0.110
   2449787  1361.213     0.096
   2449788  1361.200     0.100
   2449789  1361.480     0.097
   2449790  1361.504     0.097
   2449791  1361.410     0.108
   2449792  1361.656     0.096
   2449793  1361.718     0.102
   2449794  1361.710     0.113
   2449795  1361.650     0.127
   2449796  1361.595     0.115
   2449797  1361.541     0.115
   2449798  1361.502     0.114
   2449799  1361.476     0.109
   2449800  1361.623     0.117
   2449801  1361.753     0.110
   2449802  1361.896     0.114
   2449803  1361.783     0.113
   2449804  1361.663     0.090
   2449805  1361.529     0.096
   2449806  1361.589     0.091
   2449807  1361.558     0.095
   2449808  1361.551     0.092
   2449809  1361.544     0.095
   2449810  1361.537     0.098
   2449811  1361.530     0.100
   2449812  1361.523     0.110
   2449813  1361.515     0.130
   2449814  1361.506     0.129
   2449815  1361.467     0.122
   2449816  1361.445     0.121
   2449817  1361.475     0.100
   2449818  1361.483     0.094
   2449819  1361.346     0.091
   2449820  1361.680     0.095
   2449821  1361.607     0.101
   2449822  1361.453     0.119
   2449823  1361.333     0.115
   2449824  1361.324     0.129
   2449825  1361.421     0.128
   2449826  1361.484     0.116
   2449827  1361.548     0.118
   2449828  1361.612     0.114
   2449829  1361.676     0.106
   2449830  1361.733     0.112
   2449831  1361.570     0.092
   2449832  1361.536     0.093
   2449833  1361.588     0.099
   2449834  1361.481     0.096
   2449835  1361.446     0.100
   2449836  1361.009     0.093
   2449837  1361.390     0.091
   2449838  1361.366     0.095
   2449839  1361.324     0.090
   2449840  1361.617     0.089
   2449841  1361.282     0.087
   2449842  1361.271     0.096
   2449843  1361.229     0.108
   2449844  1361.255     0.128
   2449845  1361.309     0.116
   2449846  1361.404     0.099
   2449847  1361.291     0.096
   2449848  1361.424     0.102
   2449849  1361.377     0.111
   2449850  1361.322     0.099
   2449851  1361.218     0.102
   2449852  1361.188     0.095
   2449853  1361.236     0.098
   2449854  1361.306     0.109
   2449855  1361.342     0.112
   2449856  1361.378     0.101
   2449857  1361.413     0.104
   2449858  1361.447     0.109
   2449859  1361.481     0.115
   2449860  1361.515     0.125
   2449861  1361.547     0.123
   2449862  1361.577     0.131
   2449863  1361.593     0.147
   2449864  1361.525     0.136
   2449865  1361.491     0.138
   2449866  1361.467     0.131
   2449867  1361.469     0.126
   2449868  1361.419     0.118
   2449869  1361.413     0.119
   2449870  1361.373     0.128
   2449871  1361.404     0.109
   2449872  1361.432     0.113
   2449873  1361.471     0.109
   2449874  1361.455     0.107
   2449875  1361.524     0.095
   2449876  1361.498     0.096
   2449877  1361.502     0.099
   2449878  1361.303     0.100
   2449879  1361.359     0.109
   2449880  1361.431     0.110
   2449881  1361.528     0.101
   2449882  1361.631     0.095
   2449883  1361.561     0.092
   2449884  1361.431     0.111
   2449885  1361.347     0.105
   2449886  1361.305     0.119
   2449887  1361.308     0.105
   2449888  1361.373     0.089
   2449889  1361.070     0.092
   2449890  1361.335     0.096
   2449891  1361.293     0.105
   2449892  1361.306     0.102
   2449893  1361.287     0.101
   2449894  1361.318     0.103
   2449895  1361.356     0.120
   2449896  1361.383     0.104
   2449897  1361.419     0.109
   2449898  1361.438     0.116
   2449899  1361.451     0.100
   2449900  1361.433     0.107
   2449901  1361.413     0.098
   2449902  1361.359     0.090
   2449903  1360.825     0.087
   2449904  1361.171     0.086
   2449905  1361.222     0.089
   2449906  1361.041     0.090
   2449907  1361.309     0.094
   2449908  1361.387     0.096
   2449909  1361.220     0.097
   2449910  1361.417     0.096
   2449911  1361.410     0.105
   2449912  1361.393     0.105
   2449913  1361.340     0.103
   2449914  1361.243     0.105
   2449915  1361.276     0.103
   2449916  1361.122     0.096
   2449917  1361.374     0.096
   2449918  1361.431     0.099
   2449919  1361.439     0.107
   2449920  1361.428     0.126
   2449921  1361.328     0.136
   2449922  1361.440     0.124
   2449923  1361.450     0.118
   2449924  1361.466     0.123
   2449925  1361.464     0.112
   2449926  1361.483     0.125
   2449927  1361.525     0.133
   2449928  1361.553     0.129
   2449929  1361.566     0.129
   2449930  1361.564     0.122
   2449931  1361.561     0.121
   2449932  1361.543     0.107
   2449933  1361.541     0.116
   2449934  1361.577     0.106
   2449935  1361.463     0.102
   2449936  1361.535     0.095
   2449937  1361.557     0.103
   2449938  1361.507     0.104
   2449939  1361.472     0.108
   2449940  1361.433     0.119
   2449941  1361.494     0.123
   2449942  1361.518     0.114
   2449943  1361.436     0.100
   2449944  1361.841     0.094
   2449945  1361.317     0.099
   2449946  1361.335     0.111
   2449947  1361.343     0.106
   2449948  1361.261     0.101
   2449949  1361.334     0.093
   2449950  1361.370     0.091
   2449951  1361.341     0.093
   2449952  1361.338     0.090
   2449953  1361.296     0.093
   2449954  1361.217     0.097
   2449955  1361.302     0.102
   2449956  1361.463     0.101
   2449957  1361.576     0.091
   2449958  1361.418     0.089
   2449959  1361.615     0.092
   2449960  1361.608     0.098
   2449961  1361.596     0.105
   2449962  1361.444     0.115
   2449963  1361.569     0.123
   2449964  1361.612     0.127
   2449965  1361.621     0.112
   2449966  1361.628     0.127
   2449967  1361.630     0.109
   2449968  1361.646     0.100
   2449969  1361.523     0.103
   2449970  1361.363     0.102
   2449971  1361.286     0.104
   2449972  1361.185     0.099
   2449973  1361.347     0.098
   2449974  1361.363     0.107
   2449975  1361.390     0.115
   2449976  1361.432     0.125
   2449977  1361.417     0.111
   2449978  1361.371     0.108
   2449979  1361.380     0.115
   2449980  1361.403     0.109
   2449981  1361.438     0.104
   2449982  1361.300     0.093
   2449983  1361.503     0.099
   2449984  1361.462     0.107
   2449985  1361.472     0.107
   2449986  1361.153     0.103
   2449987  1361.452     0.108
   2449988  1361.413     0.097
   2449989  1361.443     0.110
   2449990  1361.462     0.095
   2449991  1361.447     0.119
   2449992  1361.386     0.125
   2449993  1361.204     0.122
   2449994  1361.279     0.125
   2449995  1361.266     0.102
   2449996  1361.257     0.104
   2449997  1361.257     0.099
   2449998  1361.229     0.104
   2449999  1361.227     0.102
   2450000  1360.660     0.091
   2450001  1361.140     0.092
   2450002  1361.033     0.100
   2450003  1360.904     0.103
   2450004  1360.765     0.103
   2450005  1360.908     0.111
   2450006  1360.986     0.105
   2450007  1361.064     0.110
   2450008  1361.143     0.102
   2450009  1361.220     0.098
   2450010  1361.298     0.099
   2450011  1361.377     0.102
   2450012  1361.457     0.086
   2450013  1361.533     0.078
   2450014  1361.847     0.092
   2450015  1361.466     0.091
   2450016  1361.299     0.087
   2450017  1361.921     0.076
   2450018  1361.523     0.091
   2450019  1361.478     0.075
   2450020  1361.427     0.077
   2450021  1361.465     0.091
   2450022  1361.378     0.092
   2450023  1361.438     0.097
   2450024  1361.405     0.111
   2450025  1361.407     0.126
   2450026  1361.380     0.106
   2450027  1361.410     0.107
   2450028  1361.533     0.120
   2450029  1361.473     0.113
   2450030  1361.521     0.101
   2450031  1361.426     0.085
   2450032  1361.113     0.097
   2450033  1361.304     0.089
   2450034  1361.318     0.098
   2450035  1361.314     0.100
   2450036  1361.364     0.113
   2450037  1361.356     0.115
   2450038  1361.408     0.121
   2450039  1361.318     0.110
   2450040  1361.389     0.107
   2450041  1361.391     0.127
   2450042  1361.360     0.124
   2450043  1361.384     0.129
   2450044  1361.274     0.123
   2450045  1361.379     0.141
   2450046  1361.201     0.134
   2450047  1361.241     0.122
   2450048  1361.178     0.114
   2450049  1361.292     0.118
   2450050  1361.314     0.106
   2450051  1361.280     0.115
   2450052  1361.104     0.118
   2450053  1361.187     0.127
   2450054  1361.097     0.099
   2450055  1361.103     0.104
   2450056  1361.059     0.090
   2450057  1361.334     0.095
   2450058  1360.979     0.098
   2450059  1361.069     0.107
   2450060  1360.982     0.100
   2450061  1361.020     0.089
   2450062  1360.887     0.091
   2450063  1360.977     0.092
   2450064  1360.999     0.099
   2450065  1361.023     0.101
   2450066  1361.074     0.107
   2450067  1361.039     0.107
   2450068  1361.039     0.108
   2450069  1361.026     0.094
   2450070  1361.017     0.095
   2450071  1360.966     0.097
   2450072  1361.034     0.098
   2450073  1360.921     0.094
   2450074  1361.024     0.103
   2450075  1361.095     0.121
   2450076  1361.090     0.118
   2450077  1360.980     0.119
   2450078  1361.035     0.107
   2450079  1361.250     0.110
   2450080  1361.415     0.098
   2450081  1361.571     0.102
   2450082  1361.499     0.088
   2450083  1361.602     0.085
   2450084  1361.228     0.091
   2450085  1361.564     0.090
   2450086  1361.460     0.092
   2450087  1361.369     0.098
   2450088  1361.212     0.084
   2450089  1361.357     0.090
   2450090  1361.331     0.103
   2450091  1361.323     0.101
   2450092  1361.376     0.090
   2450093  1360.957     0.102
   2450094  1361.260     0.093
   2450095  1361.199     0.099
   2450096  1361.153     0.106
   2450097  1361.181     0.119
   2450098  1361.208     0.116
   2450099  1361.199     0.114
   2450100  1361.171     0.134
   2450101  1361.194     0.123
   2450102  1361.165     0.105
   2450103  1361.209     0.119
   2450104  1361.182     0.096
   2450105  1361.186     0.115
   2450106  1361.245     0.107
   2450107  1361.199     0.115
   2450108  1361.126     0.113
   2450109  1361.298     0.099
   2450110  1361.281     0.107
   2450111  1361.287     0.119
   2450112  1361.332     0.113
   2450113  1361.301     0.104
   2450114  1361.265     0.102
   2450115  1361.250     0.087
   2450116  1361.566     0.087
   2450117  1361.479     0.100
   2450118  1361.469     0.098
   2450119  1361.460     0.093
   2450120  1361.451     0.090
   2450121  1361.443     0.088
   2450122  1361.435     0.083
   2450123  1361.427     0.080
   2450124  1361.419     0.091
   2450125  1361.413     0.082
   2450126  1361.409     0.101
   2450127  1361.528     0.089
   2450128  1360.949     0.090
   2450129  1360.986     0.086
   2450130  1361.027     0.108
   2450131  1361.029     0.093
   2450132  1360.978     0.089
   2450133  1361.418     0.095
   2450134  1361.147     0.092
   2450135  1361.210     0.103
   2450136  1361.199     0.105
   2450137  1361.179     0.114
   2450138  1361.102     0.108
   2450139  1361.119     0.120
   2450140  1361.196     0.114
   2450141  1361.199     0.122
   2450142  1361.193     0.104
   2450143  1361.207     0.126
   2450144  1361.243     0.134
   2450145  1361.158     0.121
   2450146  1361.139     0.117
   2450147  1361.193     0.112
   2450148  1361.202     0.109
   2450149  1361.167     0.108
   2450150  1361.081     0.113
   2450151  1361.046     0.129
   2450152  1361.112     0.128
   2450153  1361.045     0.133
   2450154  1361.137     0.125
   2450155  1360.963     0.116
   2450156  1361.043     0.124
   2450157  1361.086     0.110
   2450158  1361.123     0.102
   2450159  1361.210     0.103
   2450160  1361.258     0.093
   2450161  1361.307     0.100
   2450162  1361.296     0.092
   2450163  1361.840     0.087
   2450164  1361.262     0.086
   2450165  1361.178     0.097
   2450166  1361.173     0.101
   2450167  1361.189     0.086
   2450168  1361.239     0.081
   2450169  1361.039     0.077
   2450170  1361.243     0.082
   2450171  1361.327     0.084
   2450172  1361.281     0.098
   2450173  1361.260     0.107
   2450174  1361.255     0.107
   2450175  1361.099     0.105
   2450176  1361.118     0.115
   2450177  1361.197     0.111
   2450178  1361.212     0.118
   2450179  1361.169     0.102
   2450180  1361.198     0.091
   2450181  1361.237     0.085
   2450182  1361.234     0.084
   2450183  1361.261     0.089
   2450184  1361.194     0.075
   2450185  1361.128     0.095
   2450186  1361.099     0.094
   2450187  1361.101     0.104
   2450188  1361.019     0.108
   2450189  1361.100     0.111
   2450190  1361.060     0.131
   2450191  1361.098     0.118
   2450192  1361.063     0.106
   2450193  1361.169     0.107
   2450194  1361.096     0.098
   2450195  1360.977     0.094
   2450196  1361.120     0.090
   2450197  1361.232     0.083
   2450198  1361.108     0.088
   2450199  1361.138     0.083
   2450200  1361.139     0.093
   2450201  1361.114     0.093
   2450202  1361.127     0.096
   2450203  1361.427     0.090
   2450204  1361.119     0.094
   2450205  1361.170     0.102
   2450206  1361.227     0.104
   2450207  1361.197     0.107
   2450208  1361.212     0.100
   2450209  1361.213     0.094
   2450210  1361.235     0.085
   2450211  1361.264     0.082
   2450212  1361.099     0.081
   2450213  1360.748     0.093
   2450214  1361.460     0.094
   2450215  1361.287     0.089
   2450216  1361.315     0.099
   2450217  1361.388     0.102
   2450218  1361.569     0.105
   2450219  1361.717     0.110
   2450220  1361.647     0.102
   2450221  1361.608     0.107
   2450222  1361.502     0.101
   2450223  1361.469     0.087
   2450224  1361.264     0.088
   2450225  1361.311     0.077
   2450226  1360.852     0.078
   2450227  1361.054     0.081
   2450228  1361.189     0.078
   2450229  1361.242     0.083
   2450230  1361.264     0.099
   2450231  1361.240     0.093
   2450232  1361.226     0.088
   2450233  1361.170     0.089
   2450234  1361.112     0.074
   2450235  1361.153     0.064
   2450236  1360.944     0.066
   2450237  1361.004     0.066
   2450238  1361.060     0.066
   2450239  1361.251     0.066
   2450240  1361.017     0.068
   2450241  1360.971     0.061
   2450242  1360.932     0.068
   2450243  1360.980     0.073
   2450244  1360.970     0.069
   2450245  1361.003     0.067
   2450246  1361.020     0.073
   2450247  1361.014     0.064
   2450248  1360.982     0.066
   2450249  1360.933     0.071
   2450250  1360.902     0.066
   2450251  1360.876     0.078
   2450252  1360.878     0.070
   2450253  1360.898     0.075
   2450254  1360.889     0.069
   2450255  1360.886     0.071
   2450256  1360.888     0.069
   2450257  1360.920     0.070
   2450258  1360.930     0.064
   2450259  1360.939     0.072
   2450260  1360.915     0.081
   2450261  1360.939     0.076
   2450262  1361.005     0.071
   2450263  1361.070     0.079
   2450264  1361.139     0.071
   2450265  1361.169     0.074
   2450266  1361.176     0.065
   2450267  1361.176     0.073
   2450268  1361.094     0.067
   2450269  1361.147     0.070
   2450270  1361.116     0.068
   2450271  1361.068     0.067
   2450272  1360.855     0.070
   2450273  1360.761     0.073
   2450274  1360.780     0.071
   2450275  1360.902     0.071
   2450276  1360.964     0.072
   2450277  1360.974     0.068
   2450278  1360.954     0.068
   2450279  1360.944     0.071
   2450280  1360.946     0.067
   2450281  1360.995     0.070
   2450282  1360.942     0.069
   2450283  1360.930     0.069
   2450284  1360.908     0.074
   2450285  1360.908     0.069
   2450286  1360.878     0.066
   2450287  1360.882     0.065
   2450288  1360.885     0.067
   2450289  1360.891     0.073
   2450290  1360.914     0.078
   2450291  1360.928     0.081
   2450292  1360.930     0.068
   2450293  1360.916     0.070
   2450294  1360.848     0.067
   2450295  1360.756     0.064
   2450296  1360.785     0.067
   2450297  1360.738     0.063
   2450298  1360.806     0.066
   2450299  1360.893     0.064
   2450300  1360.965     0.068
   2450301  1361.032     0.068
   2450302  1361.062     0.069
   2450303  1361.007     0.069
   2450304  1360.922     0.074
   2450305  1360.899     0.076
   2450306  1360.898     0.076
   2450307  1360.916     0.074
   2450308  1360.959     0.066
   2450309  1361.149     0.066
   2450310  1360.937     0.067
   2450311  1360.900     0.066
   2450312  1360.890     0.070
   2450313  1360.879     0.068
   2450314  1360.887     0.065
   2450315  1360.897     0.071
   2450316  1360.920     0.063
   2450317  1360.938     0.066
   2450318  1360.999     0.072
   2450319  1361.084     0.075
   2450320  1361.150     0.070
   2450321  1361.187     0.071
   2450322  1361.181     0.073
   2450323  1361.036     0.072
   2450324  1361.085     0.071
   2450325  1361.120     0.066
   2450326  1361.163     0.071
   2450327  1361.188     0.076
   2450328  1361.218     0.071
   2450329  1361.120     0.075
   2450330  1361.025     0.075
   2450331  1360.994     0.075
   2450332  1360.959     0.066
   2450333  1360.950     0.067
   2450334  1361.024     0.068
   2450335  1361.072     0.062
   2450336  1361.150     0.064
   2450337  1361.162     0.061
   2450338  1361.136     0.061
   2450339  1361.038     0.067
   2450340  1361.011     0.062
   2450341  1360.951     0.067
   2450342  1360.937     0.067
   2450343  1360.997     0.062
   2450344  1360.918     0.064
   2450345  1361.053     0.065
   2450346  1361.066     0.064
   2450347  1361.119     0.069
   2450348  1361.142     0.067
   2450349  1361.207     0.060
   2450350  1361.214     0.062
   2450351  1361.215     0.059
   2450352  1361.209     0.058
   2450353  1361.214     0.063
   2450354  1361.225     0.072
   2450355  1361.223     0.070
   2450356  1361.182     0.065
   2450357  1361.143     0.061
   2450358  1361.093     0.055
   2450359  1361.040     0.059
   2450360  1361.035     0.063
   2450361  1361.038     0.063
   2450362  1361.001     0.068
   2450363  1360.965     0.069
   2450364  1360.961     0.072
   2450365  1361.017     0.065
   2450366  1361.041     0.061
   2450367  1360.996     0.066
   2450368  1360.985     0.068
   2450369  1361.002     0.064
   2450370  1361.003     0.071
   2450371  1361.040     0.064
   2450372  1361.076     0.075
   2450373  1361.111     0.068
   2450374  1361.174     0.064
   2450375  1361.187     0.065
   2450376  1361.157     0.068
   2450377  1361.143     0.063
   2450378  1361.132     0.066
   2450379  1361.150     0.065
   2450380  1361.460     0.069
   2450381  1361.566     0.066
   2450382  1361.212     0.065
   2450383  1361.233     0.069
   2450384  1361.194     0.062
   2450385  1361.214     0.064
   2450386  1361.074     0.066
   2450387  1361.050     0.065
   2450388  1361.034     0.065
   2450389  1361.040     0.059
   2450390  1361.044     0.075
   2450391  1361.038     0.070
   2450392  1361.031     0.064
   2450393  1361.032     0.064
   2450394  1361.073     0.062
   2450395  1361.073     0.062
   2450396  1361.032     0.061
   2450397  1361.058     0.062
   2450398  1361.118     0.069
   2450399  1361.194     0.070
   2450400  1361.229     0.069
   2450401  1361.251     0.062
   2450402  1361.272     0.065
   2450403  1361.313     0.072
   2450404  1361.295     0.065
   2450405  1361.309     0.062
   2450406  1361.297     0.057
   2450407  1361.271     0.053
   2450408  1361.246     0.054
   2450409  1361.138     0.066
   2450410  1360.944     0.062
   2450411  1360.579     0.061
   2450412  1360.270     0.062
   2450413  1360.187     0.067
   2450414  1360.218     0.063
   2450415  1360.416     0.062
   2450416  1360.628     0.065
   2450417  1360.829     0.063
   2450418  1361.014     0.060
   2450419  1361.079     0.059
   2450420  1361.043     0.057
   2450421  1361.001     0.062
   2450422  1361.005     0.056
   2450423  1361.009     0.060
   2450424  1361.173     0.058
   2450425  1361.064     0.052
   2450426  1361.067     0.056
   2450427  1361.076     0.059
   2450428  1361.117     0.062
   2450429  1361.174     0.063
   2450430  1361.218     0.066
   2450431  1361.306     0.065
   2450432  1361.340     0.067
   2450433  1361.314     0.063
   2450434  1361.309     0.061
   2450435  1361.210     0.065
   2450436  1361.352     0.065
   2450437  1361.382     0.062
   2450438  1361.410     0.068
   2450439  1361.372     0.066
   2450440  1361.337     0.068
   2450441  1361.298     0.073
   2450442  1361.271     0.068
   2450443  1361.217     0.068
   2450444  1361.201     0.063
   2450445  1361.183     0.066
   2450446  1361.121     0.062
   2450447  1361.088     0.060
   2450448  1361.091     0.059
   2450449  1361.187     0.063
   2450450  1361.171     0.071
   2450451  1361.200     0.070
   2450452  1361.285     0.067
   2450453  1361.209     0.064
   2450454  1361.193     0.068
   2450455  1361.214     0.064
   2450456  1361.225     0.060
   2450457  1361.294     0.063
   2450458  1361.317     0.070
   2450459  1361.328     0.059
   2450460  1361.285     0.062
   2450461  1361.280     0.062
   2450462  1361.270     0.063
   2450463  1361.147     0.066
   2450464  1361.251     0.061
   2450465  1361.260     0.063
   2450466  1361.252     0.064
   2450467  1361.237     0.065
   2450468  1361.207     0.069
   2450469  1361.153     0.063
   2450470  1361.150     0.067
   2450471  1361.136     0.072
   2450472  1361.119     0.065
   2450473  1361.135     0.078
   2450474  1361.119     0.080
   2450475  1361.070     0.071
   2450476  1361.088     0.069
   2450477  1361.123     0.069
   2450478  1361.132     0.062
   2450479  1361.156     0.071
   2450480  1361.153     0.071
   2450481  1361.103     0.072
   2450482  1361.043     0.071
   2450483  1361.063     0.075
   2450484  1361.166     0.076
   2450485  1361.228     0.075
   2450486  1361.222     0.067
   2450487  1361.218     0.077
   2450488  1361.195     0.073
   2450489  1361.191     0.068
   2450490  1361.144     0.066
   2450491  1360.982     0.065
   2450492  1361.117     0.062
   2450493  1361.347     0.063
   2450494  1361.105     0.063
   2450495  1361.108     0.059
   2450496  1361.096     0.069
   2450497  1361.103     0.069
   2450498  1361.091     0.072
   2450499  1361.054     0.068
   2450500  1361.012     0.078
   2450501  1361.047     0.073
   2450502  1361.058     0.070
   2450503  1361.105     0.066
   2450504  1361.161     0.069
   2450505  1361.214     0.067
   2450506  1361.164     0.072
   2450507  1361.174     0.067
   2450508  1361.183     0.073
   2450509  1361.239     0.076
   2450510  1361.207     0.068
   2450511  1361.204     0.065
   2450512  1361.192     0.065
   2450513  1361.191     0.077
   2450514  1361.212     0.070
   2450515  1361.244     0.068
   2450516  1361.246     0.067
   2450517  1361.248     0.066
   2450518  1361.219     0.071
   2450519  1361.416     0.070
   2450520  1361.183     0.068
   2450521  1361.201     0.069
   2450522  1361.170     0.066
   2450523  1361.214     0.064
   2450524  1361.233     0.065
   2450525  1361.252     0.069
   2450526  1361.083     0.065
   2450527  1360.991     0.072
   2450528  1361.012     0.066
   2450529  1361.022     0.063
   2450530  1361.035     0.067
   2450531  1361.014     0.072
   2450532  1361.052     0.070
   2450533  1361.022     0.070
   2450534  1361.120     0.073
   2450535  1361.177     0.073
   2450536  1361.109     0.067
   2450537  1361.003     0.071
   2450538  1360.983     0.077
   2450539  1360.990     0.077
   2450540  1361.071     0.071
   2450541  1361.132     0.068
   2450542  1361.161     0.068
   2450543  1361.157     0.071
   2450544  1361.138     0.065
   2450545  1361.156     0.061
   2450546  1361.124     0.066
   2450547  1361.151     0.066
   2450548  1361.064     0.065
   2450549  1361.079     0.071
   2450550  1361.152     0.068
   2450551  1361.176     0.076
   2450552  1361.117     0.066
   2450553  1361.060     0.066
   2450554  1361.024     0.058
   2450555  1360.985     0.069
   2450556  1361.021     0.069
   2450557  1361.056     0.068
   2450558  1361.055     0.066
   2450559  1361.058     0.064
   2450560  1360.956     0.063
   2450561  1361.066     0.064
   2450562  1361.156     0.069
   2450563  1361.097     0.064
   2450564  1361.131     0.064
   2450565  1361.150     0.079
   2450566  1361.176     0.076
   2450567  1361.202     0.072
   2450568  1361.190     0.066
   2450569  1361.243     0.066
   2450570  1361.247     0.062
   2450571  1361.258     0.068
   2450572  1361.246     0.062
   2450573  1361.242     0.065
   2450574  1361.239     0.069
   2450575  1361.335     0.068
   2450576  1361.198     0.073
   2450577  1361.165     0.074
   2450578  1361.097     0.080
   2450579  1361.082     0.070
   2450580  1361.051     0.063
   2450581  1361.004     0.072
   2450582  1361.019     0.078
   2450583  1361.116     0.073
   2450584  1361.131     0.075
   2450585  1361.086     0.066
   2450586  1361.055     0.061
   2450587  1360.998     0.073
   2450588  1360.981     0.065
   2450589  1361.032     0.064
   2450590  1360.988     0.067
   2450591  1361.091     0.062
   2450592  1361.190     0.067
   2450593  1361.232     0.071
   2450594  1361.246     0.076
   2450595  1361.250     0.069
   2450596  1361.243     0.070
   2450597  1361.268     0.066
   2450598  1361.333     0.067
   2450599  1361.367     0.068
   2450600  1361.280     0.067
   2450601  1361.125     0.060
   2450602  1361.169     0.062
   2450603  1361.115     0.067
   2450604  1361.061     0.072
   2450605  1361.123     0.070
   2450606  1361.143     0.069
   2450607  1361.144     0.069
   2450608  1361.135     0.071
   2450609  1361.107     0.080
   2450610  1361.098     0.080
   2450611  1361.122     0.070
   2450612  1361.148     0.072
   2450613  1361.107     0.069
   2450614  1361.086     0.074
   2450615  1361.126     0.071
   2450616  1361.146     0.070
   2450617  1361.189     0.067
   2450618  1361.177     0.069
   2450619  1361.180     0.071
   2450620  1361.180     0.063
   2450621  1361.199     0.071
   2450622  1361.176     0.064
   2450623  1361.133     0.067
   2450624  1361.136     0.070
   2450625  1361.117     0.072
   2450626  1361.168     0.066
   2450627  1361.233     0.061
   2450628  1361.241     0.062
   2450629  1361.189     0.064
   2450630  1361.139     0.062
   2450631  1361.182     0.059
   2450632  1361.136     0.059
   2450633  1361.369     0.057
   2450634  1361.102     0.058
   2450635  1361.085     0.067
   2450636  1361.069     0.062
   2450637  1361.072     0.062
   2450638  1361.088     0.066
   2450639  1361.076     0.075
   2450640  1361.057     0.070
   2450641  1361.054     0.068
   2450642  1361.055     0.058
   2450643  1361.036     0.069
   2450644  1361.045     0.062
   2450645  1361.130     0.062
   2450646  1361.088     0.065
   2450647  1361.120     0.071
   2450648  1361.156     0.072
   2450649  1361.159     0.071
   2450650  1361.174     0.070
   2450651  1361.195     0.069
   2450652  1361.173     0.073
   2450653  1361.183     0.074
   2450654  1361.204     0.068
   2450655  1361.222     0.076
   2450656  1361.248     0.082
   2450657  1361.231     0.077
   2450658  1361.208     0.073
   2450659  1361.218     0.069
   2450660  1361.130     0.067
   2450661  1361.120     0.073
   2450662  1361.106     0.068
   2450663  1361.121     0.068
   2450664  1361.158     0.069
   2450665  1361.155     0.069
   2450666  1361.159     0.067
   2450667  1361.129     0.056
   2450668  1361.268     0.062
   2450669  1361.138     0.068
   2450670  1361.222     0.057
   2450671  1361.235     0.058
   2450672  1361.189     0.061
   2450673  1361.445     0.064
   2450674  1361.357     0.062
   2450675  1361.254     0.071
   2450676  1361.325     0.069
   2450677  1361.299     0.064
   2450678  1361.414     0.066
   2450679  1361.314     0.065
   2450680  1361.291     0.064
   2450681  1361.280     0.068
   2450682  1361.292     0.063
   2450683  1361.304     0.061
   2450684  1361.323     0.059
   2450685  1361.363     0.064
   2450686  1361.356     0.059
   2450687  1361.370     0.058
   2450688  1361.222     0.065
   2450689  1361.140     0.058
   2450690  1361.146     0.061
   2450691  1361.156     0.062
   2450692  1361.252     0.064
   2450693  1361.399     0.070
   2450694  1361.457     0.059
   2450695  1361.421     0.059
   2450696  1361.316     0.060
   2450697  1361.191     0.059
   2450698  1361.037     0.062
   2450699  1360.842     0.063
   2450700  1360.626     0.057
   2450701  1360.363     0.064
   2450702  1360.360     0.062
   2450703  1360.530     0.063
   2450704  1360.840     0.054
   2450705  1361.043     0.060
   2450706  1361.122     0.066
   2450707  1361.164     0.059
   2450708  1361.139     0.068
   2450709  1361.162     0.069
   2450710  1361.216     0.058
   2450711  1361.271     0.065
   2450712  1361.344     0.057
   2450713  1361.391     0.056
   2450714  1361.372     0.053
   2450715  1361.262     0.055
   2450716  1361.315     0.058
   2450717  1361.190     0.063
   2450718  1361.265     0.065
   2450719  1361.370     0.066
   2450720  1361.460     0.064
   2450721  1361.491     0.065
   2450722  1361.497     0.071
   2450723  1361.485     0.069
   2450724  1361.469     0.073
   2450725  1361.462     0.065
   2450726  1361.469     0.063
   2450727  1361.522     0.071
   2450728  1361.568     0.061
   2450729  1361.567     0.060
   2450730  1361.609     0.065
   2450731  1361.588     0.063
   2450732  1361.587     0.070
   2450733  1361.549     0.069
   2450734  1361.518     0.072
   2450735  1361.468     0.074
   2450736  1361.410     0.072
   2450737  1361.362     0.071
   2450738  1361.360     0.076
   2450739  1361.389     0.065
   2450740  1361.431     0.071
   2450741  1361.423     0.075
   2450742  1361.549     0.069
   2450743  1361.431     0.068
   2450744  1361.438     0.068
   2450745  1361.453     0.068
   2450746  1361.473     0.065
   2450747  1361.492     0.070
   2450748  1361.512     0.073
   2450749  1361.504     0.073
   2450750  1361.423     0.076
   2450751  1361.375     0.069
   2450752  1361.318     0.067
   2450753  1361.334     0.063
   2450754  1361.207     0.074
   2450755  1361.078     0.065
   2450756  1360.971     0.063
   2450757  1361.062     0.067
   2450758  1361.226     0.073
   2450759  1361.448     0.072
   2450760  1361.547     0.074
   2450761  1361.571     0.074
   2450762  1361.552     0.076
   2450763  1361.460     0.088
   2450764  1361.396     0.079
   2450765  1361.411     0.073
   2450766  1361.429     0.073
   2450767  1361.389     0.072
   2450768  1361.329     0.068
   2450769  1361.265     0.070
   2450770  1361.088     0.071
   2450771  1361.018     0.072
   2450772  1361.065     0.070
   2450773  1361.080     0.072
   2450774  1361.256     0.080
   2450775  1361.421     0.073
   2450776  1361.649     0.074
   2450777  1361.825     0.072
   2450778  1361.815     0.078
   2450779  1361.755     0.073
   2450780  1361.648     0.073
   2450781  1361.540     0.076
   2450782  1361.361     0.069
   2450783  1361.350     0.067
   2450784  1361.425     0.069
   2450785  1361.315     0.067
   2450786  1361.397     0.065
   2450787  1361.511     0.066
   2450788  1361.598     0.060
   2450789  1361.616     0.064
   2450790  1361.555     0.065
   2450791  1361.468     0.074
   2450792  1361.335     0.070
   2450793  1361.297     0.067
   2450794  1361.338     0.071
   2450795  1361.354     0.067
   2450796  1361.379     0.062
   2450797  1361.368     0.060
   2450798  1361.334     0.067
   2450799  1361.332     0.064
   2450800  1361.262     0.065
   2450801  1361.278     0.062
   2450802  1361.332     0.065
   2450803  1361.453     0.067
   2450804  1361.460     0.067
   2450805  1361.378     0.066
   2450806  1361.316     0.071
   2450807  1361.354     0.067
   2450808  1361.387     0.063
   2450809  1361.416     0.069
   2450810  1361.465     0.070
   2450811  1361.522     0.062
   2450812  1361.517     0.063
   2450813  1361.531     0.065
   2450814  1361.611     0.072
   2450815  1361.681     0.068
   2450816  1361.763     0.076
   2450817  1361.784     0.078
   2450818  1361.713     0.078
   2450819  1361.633     0.077
   2450820  1361.565     0.076
   2450821  1361.520     0.073
   2450822  1361.505     0.064
   2450823  1361.524     0.068
   2450824  1361.489     0.073
   2450825  1361.427     0.072
   2450826  1361.349     0.070
   2450827  1361.318     0.073
   2450828  1361.330     0.074
   2450829  1361.416     0.070
   2450830  1361.503     0.071
   2450831  1361.604     0.069
   2450832  1361.708     0.068
   2450833  1361.705     0.064
   2450834  1361.643     0.070
   2450835  1361.669     0.073
   2450836  1361.687     0.069
   2450837  1361.676     0.070
   2450838  1361.629     0.069
   2450839  1361.483     0.072
   2450840  1361.564     0.071
   2450841  1361.478     0.065
   2450842  1361.549     0.066
   2450843  1361.550     0.066
   2450844  1361.536     0.065
   2450845  1361.532     0.075
   2450846  1361.486     0.072
   2450847  1361.429     0.071
   2450848  1361.374     0.073
   2450849  1361.322     0.074
   2450850  1361.305     0.069
   2450851  1361.381     0.068
   2450852  1361.447     0.065
   2450853  1361.418     0.063
   2450854  1361.359     0.066
   2450855  1361.401     0.070
   2450856  1361.401     0.071
   2450857  1361.304     0.075
   2450858  1361.167     0.069
   2450859  1361.116     0.072
   2450860  1361.097     0.063
   2450861  1361.127     0.062
   2450862  1361.246     0.079
   2450863  1361.362     0.069
   2450864  1361.529     0.076
   2450865  1361.682     0.072
   2450866  1361.716     0.073
   2450867  1361.712     0.068
   2450868  1361.640     0.067
   2450869  1361.393     0.066
   2450870  1361.500     0.072
   2450871  1361.577     0.073
   2450872  1361.533     0.076
   2450873  1361.448     0.073
   2450874  1361.322     0.075
   2450875  1361.258     0.070
   2450876  1361.569     0.075
   2450877  1361.579     0.072
   2450878  1361.344     0.076
   2450879  1361.374     0.070
   2450880  1361.379     0.071
   2450881  1361.410     0.075
   2450882  1361.466     0.077
   2450883  1361.525     0.072
   2450884  1361.553     0.071
   2450885  1361.432     0.070
   2450886  1361.136     0.067
   2450887  1360.865     0.062
   2450888  1360.842     0.072
   2450889  1360.863     0.070
   2450890  1361.104     0.081
   2450891  1361.373     0.076
   2450892  1361.569     0.074
   2450893  1361.707     0.068
   2450894  1361.723     0.067
   2450895  1361.540     0.069
   2450896  1361.279     0.072
   2450897  1361.673     0.072
   2450898  1361.611     0.064
   2450899  1361.142     0.068
   2450900  1361.264     0.064
   2450901  1361.284     0.065
   2450902  1361.294     0.063
   2450903  1361.302     0.061
   2450904  1361.336     0.067
   2450905  1361.350     0.061
   2450906  1361.352     0.067
   2450907  1361.321     0.064
   2450908  1361.340     0.064
   2450909  1361.340     0.061
   2450910  1361.440     0.069
   2450911  1361.561     0.066
   2450912  1361.562     0.064
   2450913  1361.524     0.071
   2450914  1361.543     0.066
   2450915  1361.645     0.063
   2450916  1361.771     0.062
   2450917  1361.870     0.065
   2450918  1361.963     0.065
   2450919  1361.978     0.063
   2450920  1361.874     0.068
   2450921  1361.909     0.064
   2450922  1361.806     0.064
   2450923  1361.732     0.059
   2450924  1361.899     0.065
   2450925  1361.640     0.058
   2450926  1361.619     0.064
   2450927  1361.609     0.070
   2450928  1361.591     0.063
   2450929  1361.580     0.066
   2450930  1361.534     0.066
   2450931  1361.455     0.072
   2450932  1361.357     0.062
   2450933  1361.232     0.061
   2450934  1361.084     0.062
   2450935  1360.887     0.066
   2450936  1360.833     0.066
   2450937  1360.854     0.067
   2450938  1360.986     0.060
   2450939  1361.194     0.066
   2450940  1361.465     0.062
   2450941  1361.587     0.065
   2450942  1361.671     0.063
   2450943  1361.674     0.065
   2450944  1361.646     0.069
   2450945  1361.649     0.069
   2450946  1361.660     0.069
   2450947  1361.638     0.066
   2450948  1361.575     0.068
   2450949  1361.539     0.064
   2450950  1361.524     0.063
   2450951  1361.578     0.070
   2450952  1361.652     0.072
   2450953  1361.695     0.068
   2450954  1361.711     0.077
   2450955  1361.707     0.070
   2450956  1361.563     0.062
   2450957  1361.339     0.070
   2450958  1361.251     0.064
   2450959  1361.305     0.062
   2450960  1361.375     0.065
   2450961  1361.371     0.062
   2450962  1361.460     0.062
   2450963  1361.403     0.069
   2450964  1361.375     0.059
   2450965  1361.502     0.064
   2450966  1361.347     0.069
   2450967  1361.375     0.072
   2450968  1361.484     0.070
   2450969  1361.522     0.072
   2450970  1361.516     0.075
   2450971  1361.508     0.072
   2450972  1361.518     0.075
   2450973  1361.562     0.069
   2450974  1361.636     0.076
   2450975  1361.703     0.067
   2450976  1361.781     0.063
   2450977  1361.877     0.066
   2450978  1361.842     0.061
   2450979  1361.797     0.062
   2450980  1361.707     0.063
   2450981  1361.549     0.065
   2450982  1361.521     0.065
   2450983  1361.492     0.068
   2450984  1361.457     0.068
   2450985  1361.446     0.066
   2450986  1361.450     0.063
   2450987  1361.520     0.064
   2450988  1361.611     0.071
   2450989  1362.086     0.062
   2450990  1362.007     0.059
   2450991  1361.312     0.074
   2450992  1361.963     0.076
   2450993  1361.847     0.075
   2450994  1361.731     0.078
   2450995  1361.884     0.084
   2450996  1362.074     0.070
   2450997  1362.250     0.086
   2450998  1362.456     0.097
   2450999  1362.331     0.109
   2451000  1362.346     0.102
   2451001  1362.222     0.098
   2451002  1362.402     0.111
   2451003  1362.426     0.101
   2451004  1362.540     0.095
   2451005  1362.428     0.081
   2451006  1362.544     0.070
   2451007  1361.974     0.068
   2451008  1362.431     0.069
   2451009  1362.276     0.087
   2451010  1362.080     0.092
   2451011  1362.100     0.096
   2451012  1362.072     0.112
   2451013  1362.184     0.118
   2451014  1362.226     0.105
   2451015  1362.230     0.096
   2451016  1362.117     0.097
   2451017  1362.045     0.096
   2451018  1362.074     0.094
   2451019  1361.799     0.079
   2451020  1361.515     0.086
   2451021  1361.163     0.076
   2451022  1361.409     0.081
   2451023  1361.587     0.082
   2451024  1361.754     0.081
   2451025  1361.805     0.078
   2451026  1362.233     0.089
   2451027  1362.142     0.080
   2451028  1362.318     0.084
   2451029  1362.242     0.102
   2451030  1362.138     0.087
   2451031  1362.101     0.093
   2451032  1362.289     0.097
   2451033  1361.822     0.086
   2451034  1361.785     0.082
   2451035  1361.438     0.082
   2451036  1361.139     0.087
   2451037  1361.349     0.089
   2451038  1361.278     0.102
   2451039  1361.342     0.097
   2451040  1361.322     0.102
   2451041  1361.323     0.113
   2451042  1361.676     0.115
   2451043  1361.925     0.117
   2451044  1362.140     0.118
   2451045  1362.190     0.116
   2451046  1362.158     0.102
   2451047  1361.973     0.098
   2451048  1361.960     0.110
   2451049  1362.034     0.093
   2451050  1362.056     0.078
   2451051  1361.832     0.076
   2451052  1362.313     0.076
   2451053  1362.308     0.088
   2451054  1362.193     0.077
   2451055  1362.014     0.083
   2451056  1361.327     0.078
   2451057  1361.749     0.078
   2451058  1361.437     0.083
   2451059  1361.199     0.085
   2451060  1361.132     0.108
   2451061  1361.296     0.106
   2451062  1361.542     0.097
   2451063  1361.744     0.098
   2451064  1361.863     0.088
   2451065  1361.582     0.075
   2451066  1361.238     0.075
   2451067  1361.424     0.087
   2451068  1361.565     0.090
   2451069  1361.701     0.081
   2451070  1361.912     0.077
   2451071  1362.121     0.088
   2451072  1362.354     0.100
   2451073  1362.304     0.101
   2451074  1362.260     0.112
   2451075  1362.344     0.085
   2451076  1362.147     0.097
   2451077  1362.068     0.091
   2451078  1361.966     0.077
   2451079  1361.369     0.081
   2451080  1361.693     0.070
   2451081  1361.777     0.077
   2451082  1361.971     0.085
   2451083  1362.133     0.098
   2451084  1362.275     0.084
   2451085  1362.420     0.076
   2451086  1362.093     0.075
   2451087  1362.503     0.074
   2451088  1362.382     0.079
   2451089  1362.272     0.091
   2451090  1362.267     0.086
   2451091  1362.145     0.074
   2451092  1362.224     0.069
   2451093  1361.784     0.065
   2451094  1361.856     0.071
   2451095  1361.933     0.069
   2451096  1361.996     0.070
   2451097  1362.006     0.071
   2451098  1362.019     0.062
   2451099  1361.958     0.064
   2451100  1361.853     0.061
   2451101  1361.759     0.068
   2451102  1361.530     0.068
   2451103  1361.754     0.067
   2451104  1361.918     0.066
   2451105  1362.007     0.063
   2451106  1361.925     0.075
   2451107  1361.868     0.072
   2451108  1361.815     0.068
   2451109  1361.829     0.071
   2451110  1361.891     0.066
   2451111  1361.979     0.065
   2451112  1361.933     0.064
   2451113  1361.817     0.072
   2451114  1361.770     0.063
   2451115  1361.709     0.067
   2451116  1361.879     0.068
   2451117  1361.985     0.062
   2451118  1361.993     0.063
   2451119  1361.947     0.063
   2451120  1361.960     0.064
   2451121  1361.871     0.064
   2451122  1361.732     0.066
   2451123  1361.709     0.057
   2451124  1361.736     0.053
   2451125  1361.755     0.062
   2451126  1361.800     0.061
   2451127  1361.831     0.059
   2451128  1361.739     0.059
   2451129  1361.694     0.066
   2451130  1361.617     0.069
   2451131  1361.581     0.068
   2451132  1361.565     0.063
   2451133  1361.489     0.070
   2451134  1361.463     0.065
   2451135  1361.650     0.068
   2451136  1361.735     0.067
   2451137  1361.829     0.068
   2451138  1361.857     0.072
   2451139  1361.822     0.062
   2451140  1361.789     0.070
   2451141  1361.836     0.065
   2451142  1361.887     0.063
   2451143  1361.926     0.066
   2451144  1361.943     0.072
   2451145  1361.891     0.066
   2451146  1361.834     0.068
   2451147  1361.816     0.066
   2451148  1361.868     0.068
   2451149  1361.997     0.067
   2451150  1361.940     0.059
   2451151  1361.945     0.068
   2451152  1361.857     0.066
   2451153  1361.753     0.076
   2451154  1361.682     0.070
   2451155  1361.596     0.073
   2451156  1361.661     0.079
   2451157  1361.828     0.072
   2451158  1361.885     0.064
   2451159  1361.724     0.068
   2451160  1361.570     0.072
   2451161  1361.569     0.074
   2451162  1361.619     0.067
   2451163  1361.871     0.064
   2451164  1362.134     0.074
   2451165  1362.239     0.069
   2451166  1362.263     0.066
   2451167  1362.184     0.069
   2451168  1362.286     0.074
   2451169  1362.368     0.077
   2451170  1362.401     0.082
   2451171  1362.616     0.100
   2451172  1362.500     0.092
   2451173  1362.441     0.097
   2451174  1362.380     0.097
   2451175  1362.317     0.098
   2451176  1362.252     0.101
   2451177  1362.187     0.116
   2451178  1362.152     0.109
   2451179  1362.213     0.106
   2451180  1362.249     0.093
   2451181  1362.415     0.079
   2451182  1362.514     0.082
   2451183  1362.536     0.087
   2451184  1362.243     0.085
   2451185  1362.445     0.083
   2451186  1362.466     0.098
   2451187  1362.371     0.097
   2451188  1362.195     0.092
   2451189  1361.887     0.074
   2451190  1362.172     0.076
   2451191  1362.118     0.075
   2451192  1362.270     0.077
   2451193  1362.113     0.096
   2451194  1362.058     0.101
   2451195  1361.896     0.107
   2451196  1361.707     0.119
   2451197  1361.724     0.099
   2451198  1361.725     0.107
   2451199  1361.904     0.105
   2451200  1362.258     0.106
   2451201  1362.585     0.107
   2451202  1362.629     0.118
   2451203  1362.231     0.108
   2451204  1362.769     0.102
   2451205  1362.750     0.111
   2451206  1362.698     0.106
   2451207  1362.673     0.105
   2451208  1362.591     0.086
   2451209  1362.434     0.091
   2451210  1362.342     0.087
   2451211  1362.253     0.065
   2451212  1362.148     0.065
   2451213  1361.882     0.064
   2451214  1361.931     0.061
   2451215  1362.150     0.053
   2451216  1362.025     0.060
   2451217  1362.031     0.067
   2451218  1361.902     0.073
   2451219  1361.884     0.070
   2451220  1361.445     0.069
   2451221  1361.086     0.072
   2451222  1360.914     0.070
   2451223  1360.779     0.064
   2451224  1360.732     0.079
   2451225  1360.927     0.081
   2451226  1361.343     0.078
   2451227  1361.863     0.085
   2451228  1362.281     0.070
   2451229  1362.419     0.069
   2451230  1362.501     0.074
   2451231  1362.480     0.069
   2451232  1362.418     0.062
   2451233  1362.383     0.072
   2451234  1362.340     0.071
   2451235  1362.305     0.069
   2451236  1362.176     0.065
   2451237  1361.921     0.066
   2451238  1361.852     0.064
   2451239  1361.711     0.064
   2451240  1361.672     0.066
   2451241  1361.659     0.066
   2451242  1361.727     0.062
   2451243  1361.855     0.065
   2451244  1361.948     0.067
   2451245  1362.046     0.064
   2451246  1362.124     0.061
   2451247  1362.101     0.057
   2451248  1361.990     0.062
   2451249  1362.006     0.064
   2451250  1361.880     0.071
   2451251  1361.754     0.069
   2451252  1361.656     0.074
   2451253  1361.829     0.071
   2451254  1362.063     0.069
   2451255  1362.210     0.067
   2451256  1362.292     0.069
   2451257  1362.337     0.066
   2451258  1362.266     0.066
   2451259  1362.190     0.069
   2451260  1362.132     0.065
   2451261  1362.014     0.057
   2451262  1361.979     0.061
   2451263  1361.898     0.058
   2451264  1361.893     0.063
   2451265  1361.902     0.054
   2451266  1361.895     0.063
   2451267  1361.916     0.058
   2451268  1361.837     0.060
   2451269  1361.882     0.063
   2451270  1361.849     0.066
   2451271  1361.803     0.060
   2451272  1361.792     0.068
   2451273  1361.835     0.066
   2451274  1361.941     0.061
   2451275  1361.858     0.070
   2451276  1362.006     0.072
   2451277  1362.028     0.064
   2451278  1362.055     0.067
   2451279  1362.121     0.064
   2451280  1362.286     0.065
   2451281  1362.272     0.066
   2451282  1362.303     0.075
   2451283  1362.271     0.061
   2451284  1362.145     0.060
   2451285  1362.020     0.059
   2451286  1361.907     0.063
   2451287  1361.817     0.063
   2451288  1361.698     0.058
   2451289  1361.609     0.055
   2451290  1361.540     0.064
   2451291  1361.572     0.062
   2451292  1361.590     0.063
   2451293  1361.584     0.066
   2451294  1361.533     0.065
   2451295  1361.462     0.060
   2451296  1361.404     0.059
   2451297  1361.272     0.056
   2451298  1361.529     0.055
   2451299  1361.655     0.057
   2451300  1361.894     0.057
   2451301  1362.011     0.058
   2451302  1362.114     0.065
   2451303  1362.209     0.061
   2451304  1362.305     0.062
   2451305  1362.419     0.060
   2451306  1362.392     0.062
   2451307  1362.380     0.061
   2451308  1362.254     0.063
   2451309  1362.031     0.063
   2451310  1361.980     0.068
   2451311  1361.954     0.064
   2451312  1361.916     0.065
   2451313  1361.937     0.059
   2451314  1361.868     0.062
   2451315  1361.722     0.065
   2451316  1361.568     0.064
   2451317  1361.348     0.068
   2451318  1361.267     0.064
   2451319  1361.303     0.067
   2451320  1361.380     0.061
   2451321  1361.497     0.059
   2451322  1361.632     0.066
   2451323  1361.747     0.064
   2451324  1361.856     0.060
   2451325  1361.925     0.063
   2451326  1361.939     0.066
   2451327  1361.916     0.065
   2451328  1361.768     0.065
   2451329  1361.445     0.066
   2451330  1361.463     0.063
   2451331  1361.401     0.064
   2451332  1361.533     0.061
   2451333  1361.800     0.070
   2451334  1362.027     0.058
   2451335  1362.177     0.064
   2451336  1362.199     0.061
   2451337  1362.016     0.069
   2451338  1361.828     0.069
   2451339  1361.688     0.066
   2451340  1361.595     0.072
   2451341  1361.593     0.072
   2451342  1361.611     0.058
   2451343  1361.604     0.061
   2451344  1361.619     0.061
   2451345  1361.552     0.069
   2451346  1361.715     0.063
   2451347  1361.799     0.067
   2451348  1361.931     0.060
   2451349  1362.021     0.063
   2451350  1362.098     0.062
   2451351  1362.118     0.063
   2451352  1362.058     0.066
   2451353  1361.853     0.062
   2451354  1361.660     0.061
   2451355  1361.428     0.063
   2451356  1361.386     0.054
   2451357  1361.542     0.058
   2451358  1361.704     0.058
   2451359  1362.048     0.061
   2451360  1362.086     0.063
   2451361  1362.131     0.064
   2451362  1362.175     0.068
   2451363  1362.123     0.065
   2451364  1362.089     0.077
   2451365  1361.972     0.074
   2451366  1361.875     0.065
   2451367  1361.905     0.067
   2451368  1362.019     0.072
   2451369  1362.129     0.068
   2451370  1362.107     0.070
   2451371  1362.102     0.067
   2451372  1362.038     0.069
   2451373  1361.960     0.072
   2451374  1361.942     0.061
   2451375  1361.925     0.063
   2451376  1361.985     0.062
   2451377  1362.111     0.061
   2451378  1362.137     0.060
   2451379  1362.042     0.059
   2451380  1361.911     0.063
   2451381  1361.699     0.053
   2451382  1361.362     0.051
   2451383  1361.554     0.060
   2451384  1361.663     0.060
   2451385  1361.803     0.056
   2451386  1361.971     0.060
   2451387  1362.058     0.058
   2451388  1361.938     0.057
   2451389  1361.752     0.063
   2451390  1361.596     0.057
   2451391  1361.231     0.060
   2451392  1361.146     0.056
   2451393  1361.171     0.056
   2451394  1361.596     0.065
   2451395  1362.017     0.066
   2451396  1362.250     0.060
   2451397  1362.423     0.059
   2451398  1362.394     0.058
   2451399  1362.264     0.059
   2451400  1361.958     0.058
   2451401  1362.061     0.056
   2451402  1362.050     0.060
   2451403  1362.179     0.063
   2451404  1362.260     0.063
   2451405  1362.175     0.058
   2451406  1362.061     0.060
   2451407  1361.925     0.061
   2451408  1361.792     0.068
   2451409  1361.818     0.065
   2451410  1361.930     0.059
   2451411  1362.077     0.060
   2451412  1362.227     0.058
   2451413  1362.319     0.059
   2451414  1362.201     0.058
   2451415  1362.290     0.057
   2451416  1362.141     0.060
   2451417  1361.951     0.068
   2451418  1361.929     0.063
   2451419  1361.965     0.059
   2451420  1362.016     0.062
   2451421  1362.453     0.062
   2451422  1362.597     0.059
   2451423  1362.436     0.062
   2451424  1362.699     0.065
   2451425  1362.549     0.059
   2451426  1362.494     0.066
   2451427  1362.390     0.063
   2451428  1362.462     0.062
   2451429  1362.218     0.062
   2451430  1362.184     0.058
   2451431  1362.068     0.070
   2451432  1361.924     0.070
   2451433  1361.741     0.065
   2451434  1361.523     0.067
   2451435  1361.398     0.064
   2451436  1361.477     0.062
   2451437  1361.663     0.062
   2451438  1362.006     0.059
   2451439  1362.357     0.058
   2451440  1362.513     0.057
   2451441  1362.590     0.062
   2451442  1362.459     0.054
   2451443  1362.569     0.062
   2451444  1362.546     0.061
   2451445  1362.540     0.065
   2451446  1362.551     0.065
   2451447  1362.468     0.059
   2451448  1362.470     0.065
   2451449  1362.495     0.067
   2451450  1362.258     0.066
   2451451  1362.485     0.059
   2451452  1362.421     0.063
   2451453  1362.385     0.068
   2451454  1362.342     0.064
   2451455  1362.288     0.062
   2451456  1362.153     0.071
   2451457  1362.076     0.067
   2451458  1362.163     0.059
   2451459  1362.284     0.070
   2451460  1362.333     0.073
   2451461  1362.358     0.073
   2451462  1362.188     0.072
   2451463  1361.986     0.071
   2451464  1361.651     0.064
   2451465  1361.280     0.067
   2451466  1361.046     0.068
   2451467  1360.984     0.066
   2451468  1361.081     0.068
   2451469  1361.421     0.070
   2451470  1361.774     0.066
   2451471  1362.046     0.063
   2451472  1362.285     0.069
   2451473  1362.080     0.072
   2451474  1361.823     0.067
   2451475  1361.598     0.069
   2451476  1361.357     0.069
   2451477  1361.230     0.079
   2451478  1361.221     0.078
   2451479  1361.328     0.078
   2451480  1361.506     0.077
   2451481  1361.640     0.077
   2451482  1361.794     0.069
   2451483  1361.982     0.070
   2451484  1362.046     0.066
   2451485  1362.103     0.074
   2451486  1362.182     0.067
   2451487  1362.256     0.066
   2451488  1362.222     0.058
   2451489  1362.183     0.066
   2451490  1362.121     0.072
   2451491  1361.509     0.069
   2451492  1361.190     0.065
   2451493  1361.149     0.069
   2451494  1361.225     0.066
   2451495  1361.307     0.071
   2451496  1361.370     0.073
   2451497  1361.206     0.073
   2451498  1360.951     0.072
   2451499  1360.887     0.064
   2451500  1361.058     0.060
   2451501  1361.301     0.063
   2451502  1361.657     0.060
   2451503  1361.962     0.064
   2451504  1362.027     0.058
   2451505  1362.029     0.069
   2451506  1361.993     0.072
   2451507  1362.013     0.078
   2451508  1362.064     0.070
   2451509  1362.200     0.071
   2451510  1362.263     0.060
   2451511  1362.095     0.074
   2451512  1361.972     0.085
   2451513  1361.927     0.076
   2451514  1362.030     0.064
   2451515  1362.146     0.074
   2451516  1362.147     0.071
   2451517  1362.059     0.062
   2451518  1361.939     0.065
   2451519  1361.895     0.059
   2451520  1361.854     0.060
   2451521  1361.949     0.063
   2451522  1362.122     0.067
   2451523  1362.323     0.060
   2451524  1362.547     0.064
   2451525  1362.677     0.056
   2451526  1362.745     0.057
   2451527  1362.790     0.065
   2451528  1362.590     0.065
   2451529  1362.307     0.062
   2451530  1362.047     0.059
   2451531  1361.839     0.055
   2451532  1361.566     0.058
   2451533  1361.328     0.061
   2451534  1360.859     0.064
   2451535  1360.918     0.065
   2451536  1361.074     0.064
   2451537  1361.295     0.063
   2451538  1361.518     0.054
   2451539  1361.762     0.056
   2451540  1362.010     0.063
   2451541  1362.075     0.058
   2451542  1362.005     0.057
   2451543  1361.934     0.064
   2451544  1362.025     0.058
   2451545  1362.007     0.062
   2451546  1361.946     0.059
   2451547  1362.126     0.053
   2451548  1362.328     0.059
   2451549  1362.429     0.064
   2451550  1362.173     0.059
   2451551  1362.680     0.063
   2451552  1362.715     0.059
   2451553  1362.719     0.060
   2451554  1362.579     0.065
   2451555  1362.416     0.059
   2451556  1362.251     0.060
   2451557  1362.218     0.067
   2451558  1362.232     0.063
   2451559  1362.197     0.061
   2451560  1362.188     0.051
   2451561  1362.001     0.056
   2451562  1362.160     0.056
   2451563  1362.167     0.059
   2451564  1362.123     0.056
   2451565  1362.139     0.053
   2451566  1362.187     0.049
   2451567  1362.176     0.055
   2451568  1361.859     0.056
   2451569  1362.001     0.058
   2451570  1362.006     0.065
   2451571  1362.087     0.064
   2451572  1362.133     0.063
   2451573  1362.145     0.063
   2451574  1362.215     0.057
   2451575  1362.278     0.065
   2451576  1362.483     0.056
   2451577  1362.580     0.061
   2451578  1362.633     0.066
   2451579  1362.673     0.073
   2451580  1362.706     0.068
   2451581  1362.642     0.060
   2451582  1362.563     0.064
   2451583  1362.705     0.068
   2451584  1362.728     0.064
   2451585  1362.708     0.057
   2451586  1362.742     0.061
   2451587  1362.657     0.063
   2451588  1362.728     0.061
   2451589  1362.470     0.055
   2451590  1362.572     0.061
   2451591  1362.339     0.059
   2451592  1362.292     0.060
   2451593  1362.067     0.067
   2451594  1362.065     0.063
   2451595  1362.009     0.069
   2451596  1361.954     0.068
   2451597  1361.848     0.064
   2451598  1361.705     0.066
   2451599  1361.472     0.059
   2451600  1361.218     0.060
   2451601  1360.990     0.062
   2451602  1360.795     0.060
   2451603  1360.793     0.055
   2451604  1360.800     0.059
   2451605  1361.081     0.062
   2451606  1361.586     0.064
   2451607  1361.840     0.063
   2451608  1362.095     0.066
   2451609  1362.023     0.062
   2451610  1361.962     0.055
   2451611  1361.779     0.061
   2451612  1361.792     0.068
   2451613  1361.730     0.061
   2451614  1361.734     0.055
   2451615  1361.615     0.058
   2451616  1361.661     0.057
   2451617  1361.627     0.063
   2451618  1361.561     0.063
   2451619  1361.668     0.059
   2451620  1361.706     0.062
   2451621  1361.576     0.062
   2451622  1361.552     0.055
   2451623  1361.261     0.055
   2451624  1361.297     0.055
   2451625  1361.443     0.058
   2451626  1361.581     0.050
   2451627  1361.847     0.059
   2451628  1362.060     0.057
   2451629  1362.210     0.059
   2451630  1362.191     0.056
   2451631  1362.263     0.059
   2451632  1362.177     0.061
   2451633  1362.331     0.056
   2451634  1362.343     0.058
   2451635  1362.314     0.061
   2451636  1362.356     0.060
   2451637  1362.394     0.057
   2451638  1362.376     0.056
   2451639  1362.329     0.056
   2451640  1362.556     0.051
   2451641  1362.643     0.045
   2451642  1362.589     0.049
   2451643  1362.583     0.050
   2451644  1362.553     0.056
   2451645  1362.553     0.048
   2451646  1362.490     0.054
   2451647  1362.489     0.057
   2451648  1362.437     0.059
   2451649  1362.496     0.055
   2451650  1362.447     0.057
   2451651  1362.307     0.060
   2451652  1362.332     0.059
   2451653  1362.320     0.058
   2451654  1362.367     0.056
   2451655  1362.287     0.056
   2451656  1361.976     0.054
   2451657  1361.559     0.052
   2451658  1361.012     0.052
   2451659  1360.500     0.048
   2451660  1360.525     0.047
   2451661  1360.604     0.050
   2451662  1360.823     0.051
   2451663  1361.082     0.045
   2451664  1361.648     0.044
   2451665  1361.718     0.045
   2451666  1362.175     0.046
   2451667  1362.441     0.048
   2451668  1362.496     0.051
   2451669  1362.551     0.052
   2451670  1362.541     0.050
   2451671  1362.452     0.056
   2451672  1362.490     0.055
   2451673  1362.425     0.053
   2451674  1362.103     0.052
   2451675  1362.061     0.052
   2451676  1361.889     0.051
   2451677  1361.724     0.048
   2451678  1361.696     0.045
   2451679  1361.677     0.047
   2451680  1361.491     0.049
   2451681  1361.200     0.044
   2451682  1360.867     0.049
   2451683  1360.601     0.052
   2451684  1360.561     0.049
   2451685  1360.596     0.045
   2451686  1360.906     0.046
   2451687  1361.687     0.050
   2451688  1361.922     0.049
   2451689  1361.854     0.045
   2451690  1362.219     0.052
   2451691  1362.097     0.052
   2451692  1361.952     0.051
   2451693  1361.826     0.054
   2451694  1361.703     0.050
   2451695  1361.592     0.048
   2451696  1361.588     0.050
   2451697  1361.647     0.050
   2451698  1361.776     0.046
   2451699  1361.868     0.051
   2451700  1361.846     0.047
   2451701  1361.825     0.043
   2451702  1361.793     0.046
   2451703  1361.792     0.049
   2451704  1361.829     0.049
   2451705  1361.895     0.046
   2451706  1361.940     0.051
   2451707  1361.944     0.047
   2451708  1362.048     0.044
   2451709  1362.179     0.046
   2451710  1362.096     0.051
   2451711  1362.234     0.049
   2451712  1362.153     0.050
   2451713  1362.172     0.046
   2451714  1362.049     0.050
   2451715  1362.002     0.049
   2451716  1362.091     0.048
   2451717  1362.118     0.049
   2451718  1362.326     0.048
   2451719  1362.311     0.047
   2451720  1361.994     0.049
   2451721  1361.944     0.049
   2451722  1361.530     0.046
   2451723  1361.385     0.053
   2451724  1361.567     0.047
   2451725  1361.682     0.047
   2451726  1361.737     0.044
   2451727  1362.014     0.050
   2451728  1362.170     0.050
   2451729  1362.206     0.046
   2451730  1362.092     0.045
   2451731  1362.005     0.051
   2451732  1361.832     0.055
   2451733  1361.767     0.054
   2451734  1361.708     0.049
   2451735  1361.660     0.055
   2451736  1361.640     0.055
   2451737  1361.620     0.060
   2451738  1361.644     0.051
   2451739  1361.785     0.045
   2451740  1362.055     0.049
   2451741  1362.195     0.044
   2451742  1362.171     0.043
   2451743  1362.160     0.049
   2451744  1361.964     0.043
   2451745  1361.673     0.044
   2451746  1361.609     0.045
   2451747  1361.516     0.051
   2451748  1361.580     0.051
   2451749  1361.742     0.051
   2451750  1361.899     0.050
   2451751  1362.029     0.049
   2451752  1362.246     0.048
   2451753  1362.441     0.046
   2451754  1362.542     0.047
   2451755  1362.571     0.049
   2451756  1362.659     0.049
   2451757  1362.708     0.049
   2451758  1362.560     0.047
   2451759  1362.681     0.042
   2451760  1362.565     0.047
   2451761  1362.568     0.050
   2451762  1362.504     0.049
   2451763  1362.455     0.047
   2451764  1362.366     0.046
   2451765  1362.171     0.050
   2451766  1362.353     0.046
   2451767  1362.495     0.050
   2451768  1362.656     0.055
   2451769  1362.895     0.048
   2451770  1362.913     0.049
   2451771  1362.761     0.046
   2451772  1362.468     0.050
   2451773  1362.506     0.052
   2451774  1362.485     0.045
   2451775  1362.570     0.040
   2451776  1362.694     0.047
   2451777  1362.695     0.051
   2451778  1362.574     0.051
   2451779  1362.394     0.047
   2451780  1362.264     0.044
   2451781  1362.147     0.048
   2451782  1362.141     0.051
   2451783  1362.223     0.055
   2451784  1362.136     0.050
   2451785  1362.046     0.050
   2451786  1362.159     0.056
   2451787  1362.201     0.051
   2451788  1362.267     0.049
   2451789  1362.310     0.048
   2451790  1362.218     0.046
   2451791  1362.174     0.047
   2451792  1362.164     0.047
   2451793  1362.126     0.046
   2451794  1362.276     0.048
   2451795  1362.641     0.051
   2451796  1362.914     0.049
   2451797  1363.009     0.055
   2451798  1362.983     0.050
   2451799  1362.857     0.048
   2451800  1362.705     0.047
   2451801  1362.568     0.042
   2451802  1362.403     0.044
   2451803  1362.188     0.050
   2451804  1362.034     0.052
   2451805  1361.813     0.051
   2451806  1361.481     0.051
   2451807  1361.000     0.052
   2451808  1360.576     0.052
   2451809  1360.193     0.048
   2451810  1359.989     0.055
   2451811  1360.036     0.053
   2451812  1360.553     0.052
   2451813  1361.249     0.057
   2451814  1361.840     0.054
   2451815  1362.270     0.052
   2451816  1362.473     0.050
   2451817  1362.428     0.050
   2451818  1362.221     0.054
   2451819  1361.974     0.050
   2451820  1361.897     0.051
   2451821  1362.100     0.047
   2451822  1362.446     0.045
   2451823  1362.636     0.049
   2451824  1362.753     0.045
   2451825  1362.687     0.048
   2451826  1362.566     0.045
   2451827  1362.461     0.044
   2451828  1362.273     0.048
   2451829  1362.395     0.045
   2451830  1362.409     0.041
   2451831  1362.502     0.046
   2451832  1362.558     0.043
   2451833  1362.596     0.046
   2451834  1362.668     0.052
   2451835  1362.643     0.053
   2451836  1362.674     0.058
   2451837  1362.571     0.047
   2451838  1362.489     0.048
   2451839  1362.442     0.047
   2451840  1362.521     0.041
   2451841  1362.684     0.049
   2451842  1362.836     0.049
   2451843  1362.918     0.050
   2451844  1362.944     0.051
   2451845  1362.873     0.053
   2451846  1362.789     0.053
   2451847  1362.758     0.051
   2451848  1362.740     0.056
   2451849  1362.641     0.057
   2451850  1362.491     0.048
   2451851  1362.313     0.050
   2451852  1362.194     0.054
   2451853  1362.215     0.055
   2451854  1362.352     0.049
   2451855  1362.531     0.051
   2451856  1362.589     0.052
   2451857  1362.446     0.047
   2451858  1362.376     0.046
   2451859  1362.181     0.046
   2451860  1362.113     0.050
   2451861  1362.160     0.050
   2451862  1362.216     0.052
   2451863  1362.211     0.044
   2451864  1362.342     0.046
   2451865  1362.341     0.048
   2451866  1362.198     0.049
   2451867  1362.140     0.048
   2451868  1362.155     0.046
   2451869  1362.076     0.046
   2451870  1362.184     0.049
   2451871  1362.294     0.046
   2451872  1362.424     0.044
   2451873  1362.497     0.052
   2451874  1362.512     0.051
   2451875  1362.512     0.053
   2451876  1362.488     0.054
   2451877  1361.814     0.053
   2451878  1362.493     0.053
   2451879  1362.504     0.049
   2451880  1362.587     0.047
   2451881  1362.712     0.051
   2451882  1362.772     0.049
   2451883  1362.786     0.051
   2451884  1362.616     0.049
   2451885  1362.408     0.047
   2451886  1362.263     0.047
   2451887  1362.281     0.049
   2451888  1362.342     0.049
   2451889  1362.410     0.045
   2451890  1362.487     0.048
   2451891  1362.468     0.052
   2451892  1362.383     0.048
   2451893  1362.304     0.049
   2451894  1362.283     0.051
   2451895  1362.387     0.047
   2451896  1362.596     0.049
   2451897  1362.788     0.054
   2451898  1362.862     0.045
   2451899  1362.835     0.046
   2451900  1362.667     0.045
   2451901  1362.496     0.045
   2451902  1362.409     0.040
   2451903  1362.359     0.044
   2451904  1362.361     0.044
   2451905  1362.276     0.043
   2451906  1362.376     0.047
   2451907  1362.311     0.052
   2451908  1362.208     0.048
   2451909  1362.064     0.047
   2451910  1361.906     0.048
   2451911  1361.819     0.051
   2451912  1361.855     0.049
   2451913  1362.012     0.056
   2451914  1362.173     0.053
   2451915  1362.322     0.053
   2451916  1362.508     0.051
   2451917  1362.621     0.051
   2451918  1362.624     0.054
   2451919  1362.548     0.052
   2451920  1362.394     0.047
   2451921  1362.242     0.046
   2451922  1362.126     0.048
   2451923  1362.041     0.045
   2451924  1361.965     0.049
   2451925  1362.367     0.049
   2451926  1362.409     0.053
   2451927  1362.678     0.051
   2451928  1362.686     0.051
   2451929  1362.651     0.050
   2451930  1362.592     0.052
   2451931  1362.546     0.045
   2451932  1362.532     0.045
   2451933  1362.523     0.046
   2451934  1362.493     0.049
   2451935  1362.421     0.052
   2451936  1362.438     0.050
   2451937  1362.468     0.047
   2451938  1362.491     0.046
   2451939  1362.561     0.047
   2451940  1362.716     0.050
   2451941  1362.699     0.051
   2451942  1362.744     0.047
   2451943  1362.803     0.055
   2451944  1362.768     0.050
   2451945  1362.734     0.052
   2451946  1362.668     0.047
   2451947  1362.359     0.048
   2451948  1362.373     0.050
   2451949  1362.340     0.052
   2451950  1362.359     0.053
   2451951  1362.363     0.051
   2451952  1362.367     0.052
   2451953  1362.428     0.051
   2451954  1362.460     0.052
   2451955  1362.417     0.051
   2451956  1362.410     0.055
   2451957  1362.372     0.051
   2451958  1362.280     0.051
   2451959  1362.341     0.055
   2451960  1362.329     0.053
   2451961  1362.338     0.055
   2451962  1362.409     0.053
   2451963  1362.450     0.050
   2451964  1362.482     0.051
   2451965  1362.473     0.051
   2451966  1362.470     0.049
   2451967  1362.427     0.049
   2451968  1362.422     0.051
   2451969  1362.553     0.051
   2451970  1362.507     0.051
   2451971  1362.541     0.048
   2451972  1362.506     0.050
   2451973  1362.333     0.047
   2451974  1362.148     0.048
   2451975  1362.015     0.048
   2451976  1361.915     0.050
   2451977  1362.073     0.049
   2451978  1362.364     0.050
   2451979  1362.318     0.050
   2451980  1362.500     0.047
   2451981  1362.359     0.046
   2451982  1362.212     0.047
   2451983  1362.199     0.047
   2451984  1362.164     0.050
   2451985  1362.129     0.049
   2451986  1362.274     0.052
   2451987  1362.262     0.052
   2451988  1362.397     0.044
   2451989  1362.472     0.047
   2451990  1362.369     0.048
   2451991  1362.285     0.050
   2451992  1362.011     0.049
   2451993  1361.754     0.049
   2451994  1361.437     0.049
   2451995  1360.983     0.047
   2451996  1360.399     0.048
   2451997  1359.977     0.049
   2451998  1359.988     0.055
   2451999  1360.380     0.055
   2452000  1360.870     0.051
   2452001  1361.341     0.047
   2452002  1361.779     0.049
   2452003  1362.051     0.049
   2452004  1362.242     0.049
   2452005  1361.881     0.049
   2452006  1361.869     0.051
   2452007  1361.622     0.048
   2452008  1361.510     0.049
   2452009  1361.441     0.054
   2452010  1361.493     0.045
   2452011  1361.627     0.051
   2452012  1361.789     0.054
   2452013  1362.003     0.052
   2452014  1362.135     0.054
   2452015  1362.200     0.055
   2452016  1362.189     0.053
   2452017  1362.122     0.050
   2452018  1362.049     0.054
   2452019  1361.978     0.051
   2452020  1361.896     0.049
   2452021  1361.703     0.049
   2452022  1361.504     0.050
   2452023  1361.469     0.056
   2452024  1361.488     0.053
   2452025  1361.581     0.052
   2452026  1361.752     0.049
   2452027  1361.931     0.048
   2452028  1362.098     0.044
   2452029  1362.215     0.050
   2452030  1362.207     0.047
   2452031  1362.181     0.049
   2452032  1362.115     0.047
   2452033  1362.042     0.049
   2452034  1362.206     0.052
   2452035  1362.310     0.052
   2452036  1362.396     0.053
   2452037  1362.338     0.055
   2452038  1362.261     0.049
   2452039  1362.242     0.041
   2452040  1362.026     0.045
   2452041  1361.816     0.044
   2452042  1361.581     0.048
   2452043  1361.499     0.049
   2452044  1361.577     0.046
   2452045  1361.804     0.045
   2452046  1362.190     0.046
   2452047  1362.268     0.045
   2452048  1362.394     0.047
   2452049  1362.380     0.049
   2452050  1362.265     0.048
   2452051  1362.112     0.047
   2452052  1361.895     0.045
   2452053  1361.710     0.046
   2452054  1361.653     0.044
   2452055  1361.769     0.045
   2452056  1362.024     0.045
   2452057  1362.317     0.047
   2452058  1362.518     0.047
   2452059  1362.648     0.043
   2452060  1362.570     0.047
   2452061  1362.536     0.045
   2452062  1362.423     0.052
   2452063  1362.320     0.052
   2452064  1362.210     0.047
   2452065  1362.066     0.053
   2452066  1361.964     0.052
   2452067  1361.918     0.044
   2452068  1361.789     0.047
   2452069  1361.633     0.051
   2452070  1361.377     0.050
   2452071  1361.352     0.048
   2452072  1361.632     0.045
   2452073  1361.954     0.048
   2452074  1362.183     0.047
   2452075  1362.196     0.046
   2452076  1362.060     0.043
   2452077  1361.852     0.046
   2452078  1361.586     0.044
   2452079  1361.357     0.045
   2452080  1361.306     0.046
   2452081  1361.393     0.048
   2452082  1361.576     0.046
   2452083  1361.945     0.047
   2452084  1362.268     0.045
   2452085  1362.395     0.047
   2452086  1362.411     0.041
   2452087  1362.342     0.042
   2452088  1362.299     0.043
   2452089  1362.384     0.046
   2452090  1362.485     0.047
   2452091  1362.591     0.045
   2452092  1362.726     0.047
   2452093  1362.801     0.048
   2452094  1362.767     0.051
   2452095  1362.619     0.052
   2452096  1362.416     0.047
   2452097  1362.280     0.044
   2452098  1362.210     0.040
   2452099  1362.165     0.044
   2452100  1362.197     0.041
   2452101  1362.325     0.050
   2452102  1362.433     0.049
   2452103  1362.471     0.046
   2452104  1362.384     0.047
   2452105  1362.179     0.050
   2452106  1361.986     0.045
   2452107  1361.907     0.049
   2452108  1361.923     0.052
   2452109  1361.890     0.047
   2452110  1362.154     0.048
   2452111  1362.178     0.044
   2452112  1362.124     0.050
   2452113  1361.982     0.049
   2452114  1362.077     0.048
   2452115  1362.086     0.046
   2452116  1362.103     0.048
   2452117  1362.192     0.044
   2452118  1362.262     0.047
   2452119  1362.324     0.051
   2452120  1362.359     0.050
   2452121  1362.381     0.047
   2452122  1362.331     0.046
   2452123  1362.219     0.049
   2452124  1362.084     0.049
   2452125  1361.896     0.047
   2452126  1361.693     0.041
   2452127  1361.518     0.047
   2452128  1361.538     0.041
   2452129  1361.839     0.040
   2452130  1361.769     0.045
   2452131  1361.966     0.045
   2452132  1362.018     0.051
   2452133  1361.961     0.056
   2452134  1361.921     0.049
   2452135  1362.000     0.052
   2452136  1362.209     0.050
   2452137  1362.290     0.049
   2452138  1362.501     0.053
   2452139  1362.523     0.054
   2452140  1362.351     0.049
   2452141  1362.093     0.048
   2452142  1361.935     0.047
   2452143  1361.885     0.043
   2452144  1361.988     0.048
   2452145  1362.098     0.044
   2452146  1362.193     0.043
   2452147  1362.180     0.048
   2452148  1362.085     0.051
   2452149  1361.986     0.050
   2452150  1361.937     0.046
   2452151  1361.988     0.048
   2452152  1361.782     0.049
   2452153  1361.710     0.047
   2452154  1361.702     0.049
   2452155  1361.708     0.049
   2452156  1361.723     0.045
   2452157  1361.788     0.049
   2452158  1361.787     0.045
   2452159  1361.925     0.048
   2452160  1361.928     0.050
   2452161  1361.798     0.046
   2452162  1361.524     0.043
   2452163  1361.279     0.045
   2452164  1361.326     0.039
   2452165  1361.405     0.042
   2452166  1361.867     0.043
   2452167  1362.175     0.049
   2452168  1362.362     0.054
   2452169  1362.480     0.050
   2452170  1362.464     0.049
   2452171  1362.328     0.048
   2452172  1362.120     0.050
   2452173  1361.952     0.048
   2452174  1361.756     0.044
   2452175  1361.524     0.044
   2452176  1361.314     0.046
   2452177  1361.216     0.045
   2452178  1361.181     0.047
   2452179  1361.220     0.044
   2452180  1361.497     0.045
   2452181  1361.681     0.048
   2452182  1361.865     0.048
   2452183  1362.050     0.048
   2452184  1362.229     0.050
   2452185  1362.438     0.048
   2452186  1362.613     0.048
   2452187  1362.951     0.051
   2452188  1362.993     0.045
   2452189  1362.895     0.048
   2452190  1362.767     0.044
   2452191  1362.686     0.049
   2452192  1362.698     0.046
   2452193  1362.700     0.044
   2452194  1362.675     0.050
   2452195  1362.653     0.047
   2452196  1362.480     0.048
   2452197  1362.235     0.048
   2452198  1362.030     0.051
   2452199  1361.951     0.051
   2452200  1361.804     0.048
   2452201  1361.996     0.051
   2452202  1362.110     0.050
   2452203  1362.228     0.047
   2452204  1362.304     0.048
   2452205  1362.348     0.047
   2452206  1362.398     0.045
   2452207  1362.403     0.046
   2452208  1362.255     0.051
   2452209  1362.021     0.047
   2452210  1361.790     0.050
   2452211  1361.574     0.047
   2452212  1361.407     0.049
   2452213  1361.301     0.046
   2452214  1361.357     0.047
   2452215  1361.491     0.045
   2452216  1361.711     0.045
   2452217  1361.888     0.045
   2452218  1362.036     0.045
   2452219  1362.112     0.051
   2452220  1362.104     0.055
   2452221  1361.951     0.050
   2452222  1361.659     0.052
   2452223  1361.408     0.049
   2452224  1361.368     0.047
   2452225  1361.575     0.045
   2452226  1361.872     0.046
   2452227  1362.105     0.048
   2452228  1362.257     0.047
   2452229  1362.401     0.049
   2452230  1362.311     0.054
   2452231  1362.144     0.050
   2452232  1362.034     0.053
   2452233  1362.083     0.053
   2452234  1362.293     0.054
   2452235  1362.322     0.050
   2452236  1362.614     0.048
   2452237  1362.710     0.048
   2452238  1362.721     0.051
   2452239  1362.656     0.050
   2452240  1362.503     0.051
   2452241  1362.239     0.048
   2452242  1361.967     0.052
   2452243  1361.743     0.054
   2452244  1361.568     0.050
   2452245  1361.527     0.055
   2452246  1361.612     0.051
   2452247  1361.756     0.046
   2452248  1361.908     0.050
   2452249  1362.035     0.047
   2452250  1362.378     0.051
   2452251  1362.304     0.050
   2452252  1362.543     0.049
   2452253  1362.732     0.052
   2452254  1362.674     0.052
   2452255  1362.542     0.052
   2452256  1362.482     0.044
   2452257  1362.501     0.047
   2452258  1362.552     0.046
   2452259  1362.640     0.046
   2452260  1362.632     0.046
   2452261  1362.783     0.049
   2452262  1362.931     0.047
   2452263  1362.881     0.046
   2452264  1362.629     0.046
   2452265  1362.293     0.051
   2452266  1362.054     0.050
   2452267  1361.929     0.051
   2452268  1361.788     0.045
   2452269  1361.859     0.049
   2452270  1362.105     0.052
   2452271  1362.367     0.049
   2452272  1362.630     0.048
   2452273  1362.841     0.051
   2452274  1363.017     0.050
   2452275  1363.165     0.048
   2452276  1363.141     0.043
   2452277  1363.016     0.043
   2452278  1362.907     0.045
   2452279  1362.933     0.045
   2452280  1363.014     0.044
   2452281  1363.063     0.047
   2452282  1363.040     0.042
   2452283  1362.932     0.040
   2452284  1362.447     0.044
   2452285  1362.384     0.040
   2452286  1362.508     0.041
   2452287  1362.331     0.043
   2452288  1362.512     0.041
   2452289  1362.610     0.045
   2452290  1362.649     0.045
   2452291  1362.643     0.050
   2452292  1362.635     0.049
   2452293  1362.716     0.045
   2452294  1362.846     0.044
   2452295  1362.992     0.047
   2452296  1362.914     0.047
   2452297  1362.984     0.049
   2452298  1363.049     0.048
   2452299  1363.023     0.051
   2452300  1363.019     0.049
   2452301  1363.102     0.050
   2452302  1363.114     0.050
   2452303  1363.001     0.049
   2452304  1362.772     0.045
   2452305  1362.543     0.048
   2452306  1362.387     0.050
   2452307  1362.396     0.048
   2452308  1362.475     0.046
   2452309  1362.638     0.045
   2452310  1362.737     0.044
   2452311  1362.968     0.047
   2452312  1362.966     0.047
   2452313  1363.001     0.047
   2452314  1362.984     0.045
   2452315  1362.949     0.047
   2452316  1362.808     0.050
   2452317  1362.642     0.043
   2452318  1362.548     0.044
   2452319  1362.484     0.043
   2452320  1362.688     0.046
   2452321  1362.895     0.049
   2452322  1362.958     0.047
   2452323  1362.911     0.047
   2452324  1362.845     0.047
   2452325  1362.755     0.049
   2452326  1362.821     0.049
   2452327  1362.801     0.050
   2452328  1362.916     0.056
   2452329  1362.988     0.052
   2452330  1363.033     0.048
   2452331  1362.918     0.046
   2452332  1362.806     0.048
   2452333  1362.761     0.047
   2452334  1362.806     0.046
   2452335  1362.833     0.051
   2452336  1362.915     0.048
   2452337  1363.015     0.043
   2452338  1363.016     0.048
   2452339  1362.959     0.046
   2452340  1362.834     0.042
   2452341  1362.908     0.051
   2452342  1362.843     0.044
   2452343  1362.802     0.051
   2452344  1362.693     0.047
   2452345  1362.509     0.046
   2452346  1362.331     0.046
   2452347  1362.183     0.051
   2452348  1362.226     0.046
   2452349  1362.265     0.047
   2452350  1362.330     0.047
   2452351  1362.413     0.046
   2452352  1362.496     0.048
   2452353  1362.598     0.049
   2452354  1362.650     0.052
   2452355  1362.808     0.049
   2452356  1362.850     0.052
   2452357  1362.795     0.050
   2452358  1362.663     0.051
   2452359  1362.531     0.052
   2452360  1362.491     0.054
   2452361  1362.488     0.050
   2452362  1362.523     0.055
   2452363  1362.501     0.048
   2452364  1362.314     0.047
   2452365  1361.939     0.050
   2452366  1361.566     0.046
   2452367  1361.274     0.044
   2452368  1361.336     0.045
   2452369  1361.616     0.049
   2452370  1361.952     0.044
   2452371  1362.251     0.047
   2452372  1362.443     0.049
   2452373  1362.437     0.045
   2452374  1362.344     0.046
   2452375  1362.180     0.041
   2452376  1362.098     0.046
   2452377  1361.994     0.051
   2452378  1361.892     0.050
   2452379  1361.874     0.046
   2452380  1361.938     0.048
   2452381  1362.033     0.052
   2452382  1362.108     0.050
   2452383  1362.239     0.056
   2452384  1362.302     0.052
   2452385  1362.332     0.052
   2452386  1362.310     0.054
   2452387  1362.250     0.054
   2452388  1362.215     0.052
   2452389  1362.119     0.048
   2452390  1362.230     0.048
   2452391  1362.302     0.048
   2452392  1362.342     0.049
   2452393  1362.379     0.045
   2452394  1362.461     0.045
   2452395  1362.567     0.046
   2452396  1362.589     0.046
   2452397  1362.600     0.041
   2452398  1362.449     0.043
   2452399  1362.268     0.043
   2452400  1362.178     0.047
   2452401  1362.148     0.047
   2452402  1362.109     0.038
   2452403  1362.011     0.038
   2452404  1362.043     0.042
   2452405  1362.016     0.044
   2452406  1362.027     0.041
   2452407  1362.103     0.047
   2452408  1362.147     0.046
   2452409  1362.109     0.048
   2452410  1362.030     0.045
   2452411  1361.973     0.041
   2452412  1361.904     0.045
   2452413  1361.786     0.048
   2452414  1361.713     0.048
   2452415  1361.685     0.046
   2452416  1361.686     0.045
   2452417  1361.760     0.048
   2452418  1361.778     0.045
   2452419  1361.853     0.052
   2452420  1361.969     0.050
   2452421  1362.126     0.046
   2452422  1362.315     0.052
   2452423  1362.412     0.052
   2452424  1362.448     0.051
   2452425  1362.374     0.044
   2452426  1362.292     0.051
   2452427  1362.199     0.048
   2452428  1362.076     0.048
   2452429  1362.003     0.051
   2452430  1362.040     0.053
   2452431  1362.055     0.040
   2452432  1362.219     0.045
   2452433  1362.286     0.052
   2452434  1362.234     0.048
   2452435  1362.125     0.046
   2452436  1362.063     0.046
   2452437  1362.061     0.043
   2452438  1362.011     0.041
   2452439  1362.193     0.048
   2452440  1362.271     0.046
   2452441  1362.279     0.047
   2452442  1362.264     0.046
   2452443  1362.322     0.045
   2452444  1362.403     0.044
   2452445  1362.370     0.049
   2452446  1362.334     0.052
   2452447  1362.212     0.053
   2452448  1362.060     0.049
   2452449  1361.970     0.054
   2452450  1361.984     0.052
   2452451  1362.065     0.048
   2452452  1362.220     0.048
   2452453  1362.395     0.044
   2452454  1362.489     0.046
   2452455  1362.517     0.046
   2452456  1362.479     0.044
   2452457  1362.387     0.046
   2452458  1362.264     0.046
   2452459  1362.201     0.050
   2452460  1362.204     0.050
   2452461  1362.162     0.051
   2452462  1362.112     0.048
   2452463  1362.144     0.048
   2452464  1362.241     0.051
   2452465  1362.308     0.048
   2452466  1362.316     0.049
   2452467  1362.206     0.049
   2452468  1361.962     0.052
   2452469  1361.707     0.050
   2452470  1361.491     0.053
   2452471  1361.277     0.052
   2452472  1361.265     0.054
   2452473  1361.143     0.051
   2452474  1361.152     0.049
   2452475  1361.107     0.046
   2452476  1361.243     0.048
   2452477  1361.320     0.045
   2452478  1361.393     0.046
   2452479  1361.492     0.047
   2452480  1361.555     0.050
   2452481  1361.484     0.049
   2452482  1361.243     0.049
   2452483  1360.990     0.051
   2452484  1360.829     0.046
   2452485  1360.815     0.048
   2452486  1360.964     0.052
   2452487  1361.333     0.055
   2452488  1361.760     0.049
   2452489  1362.027     0.051
   2452490  1362.125     0.051
   2452491  1362.065     0.049
   2452492  1362.026     0.049
   2452493  1362.096     0.050
   2452494  1362.141     0.050
   2452495  1362.100     0.049
   2452496  1362.030     0.051
   2452497  1362.025     0.050
   2452498  1362.019     0.050
   2452499  1361.968     0.048
   2452500  1361.715     0.047
   2452501  1361.293     0.052
   2452502  1360.934     0.051
   2452503  1360.588     0.045
   2452504  1360.307     0.049
   2452505  1360.401     0.049
   2452506  1360.844     0.046
   2452507  1361.478     0.051
   2452508  1362.021     0.040
   2452509  1362.185     0.047
   2452510  1362.089     0.046
   2452511  1361.956     0.052
   2452512  1361.906     0.046
   2452513  1362.013     0.048
   2452514  1362.058     0.047
   2452515  1362.116     0.049
   2452516  1362.125     0.043
   2452517  1361.936     0.044
   2452518  1361.924     0.047
   2452519  1361.831     0.043
   2452520  1361.711     0.046
   2452521  1361.728     0.049
   2452522  1361.679     0.052
   2452523  1361.871     0.047
   2452524  1362.049     0.048
   2452525  1362.295     0.051
   2452526  1362.472     0.049
   2452527  1362.352     0.050
   2452528  1362.037     0.048
   2452529  1361.694     0.047
   2452530  1361.457     0.045
   2452531  1361.416     0.044
   2452532  1361.724     0.048
   2452533  1361.912     0.046
   2452534  1362.096     0.042
   2452535  1362.176     0.040
   2452536  1362.067     0.043
   2452537  1361.965     0.044
   2452538  1361.866     0.044
   2452539  1361.717     0.040
   2452540  1361.773     0.044
   2452541  1361.917     0.044
   2452542  1361.957     0.043
   2452543  1362.048     0.045
   2452544  1362.161     0.047
   2452545  1362.221     0.048
   2452546  1362.249     0.047
   2452547  1362.130     0.048
   2452548  1362.086     0.047
   2452549  1362.035     0.050
   2452550  1362.112     0.048
   2452551  1362.086     0.051
   2452552  1362.093     0.047
   2452553  1362.155     0.042
   2452554  1362.132     0.043
   2452555  1362.029     0.045
   2452556  1361.981     0.042
   2452557  1361.967     0.042
   2452558  1361.958     0.044
   2452559  1361.974     0.046
   2452560  1362.017     0.049
   2452561  1362.086     0.045
   2452562  1362.128     0.046
   2452563  1362.108     0.044
   2452564  1362.062     0.046
   2452565  1362.047     0.047
   2452566  1362.074     0.040
   2452567  1362.127     0.045
   2452568  1362.101     0.045
   2452569  1361.945     0.044
   2452570  1361.733     0.045
   2452571  1361.564     0.050
   2452572  1361.466     0.044
   2452573  1361.518     0.040
   2452574  1361.670     0.045
   2452575  1361.903     0.048
   2452576  1362.158     0.049
   2452577  1362.335     0.041
   2452578  1362.415     0.044
   2452579  1362.374     0.043
   2452580  1362.164     0.043
   2452581  1362.100     0.044
   2452582  1361.888     0.044
   2452583  1361.785     0.050
   2452584  1361.660     0.052
   2452585  1361.548     0.045
   2452586  1361.636     0.044
   2452587  1361.842     0.045
   2452588  1362.094     0.047
   2452589  1362.332     0.052
   2452590  1362.367     0.051
   2452591  1362.182     0.041
   2452592  1361.868     0.041
   2452593  1361.797     0.045
   2452594  1361.742     0.044
   2452595  1361.752     0.044
   2452596  1361.772     0.045
   2452597  1361.694     0.047
   2452598  1361.565     0.044
   2452599  1361.577     0.044
   2452600  1361.448     0.046
   2452601  1361.503     0.044
   2452602  1361.735     0.040
   2452603  1362.028     0.039
   2452604  1362.306     0.038
   2452605  1362.488     0.042
   2452606  1362.475     0.043
   2452607  1362.370     0.043
   2452608  1362.303     0.047
   2452609  1362.301     0.044
   2452610  1362.310     0.045
   2452611  1362.335     0.049
   2452612  1362.364     0.045
   2452613  1362.369     0.044
   2452614  1362.378     0.047
   2452615  1362.452     0.047
   2452616  1362.591     0.050
   2452617  1362.707     0.055
   2452618  1362.758     0.057
   2452619  1362.695     0.046
   2452620  1362.617     0.048
   2452621  1362.583     0.047
   2452622  1362.624     0.046
   2452623  1362.597     0.047
   2452624  1362.364     0.049
   2452625  1362.003     0.048
   2452626  1361.682     0.051
   2452627  1361.482     0.052
   2452628  1361.622     0.052
   2452629  1361.857     0.054
   2452630  1362.179     0.048
   2452631  1362.503     0.046
   2452632  1362.681     0.046
   2452633  1362.717     0.048
   2452634  1362.513     0.046
   2452635  1362.433     0.045
   2452636  1362.502     0.047
   2452637  1362.425     0.046
   2452638  1362.415     0.049
   2452639  1362.382     0.043
   2452640  1362.432     0.049
   2452641  1362.457     0.050
   2452642  1362.492     0.045
   2452643  1362.458     0.046
   2452644  1362.337     0.045
   2452645  1362.194     0.049
   2452646  1362.100     0.045
   2452647  1362.048     0.046
   2452648  1362.029     0.049
   2452649  1362.181     0.046
   2452650  1362.272     0.046
   2452651  1362.320     0.051
   2452652  1362.321     0.049
   2452653  1362.301     0.043
   2452654  1362.287     0.034
   2452655  1362.429     0.041
   2452656  1362.436     0.047
   2452657  1362.515     0.046
   2452658  1362.588     0.043
   2452659  1362.589     0.044
   2452660  1362.539     0.050
   2452661  1362.422     0.043
   2452662  1362.318     0.047
   2452663  1362.148     0.046
   2452664  1361.999     0.047
   2452665  1361.946     0.045
   2452666  1361.969     0.048
   2452667  1362.081     0.047
   2452668  1362.233     0.045
   2452669  1362.311     0.050
   2452670  1362.383     0.051
   2452671  1362.376     0.053
   2452672  1362.271     0.052
   2452673  1362.159     0.050
   2452674  1362.126     0.048
   2452675  1362.195     0.045
   2452676  1362.319     0.044
   2452677  1362.505     0.045
   2452678  1362.591     0.046
   2452679  1362.576     0.045
   2452680  1362.528     0.047
   2452681  1362.538     0.050
   2452682  1362.588     0.050
   2452683  1362.541     0.049
   2452684  1362.660     0.048
   2452685  1362.628     0.049
   2452686  1362.560     0.039
   2452687  1362.460     0.045
   2452688  1362.335     0.049
   2452689  1362.182     0.041
   2452690  1361.974     0.041
   2452691  1361.786     0.047
   2452692  1361.629     0.042
   2452693  1361.581     0.044
   2452694  1361.698     0.044
   2452695  1361.899     0.044
   2452696  1362.105     0.043
   2452697  1362.066     0.044
   2452698  1362.141     0.042
   2452699  1362.165     0.042
   2452700  1362.124     0.043
   2452701  1362.104     0.046
   2452702  1362.053     0.046
   2452703  1361.995     0.043
   2452704  1361.983     0.042
   2452705  1362.003     0.046
   2452706  1362.025     0.041
   2452707  1361.995     0.039
   2452708  1361.991     0.037
   2452709  1361.966     0.036
   2452710  1361.760     0.038
   2452711  1361.558     0.042
   2452712  1361.404     0.039
   2452713  1361.211     0.037
   2452714  1361.154     0.036
   2452715  1361.158     0.039
   2452716  1361.346     0.041
   2452717  1361.619     0.041
   2452718  1361.766     0.043
   2452719  1361.815     0.038
   2452720  1361.789     0.038
   2452721  1361.785     0.039
   2452722  1361.831     0.037
   2452723  1361.886     0.038
   2452724  1361.923     0.039
   2452725  1361.849     0.037
   2452726  1361.508     0.034
   2452727  1361.425     0.036
   2452728  1361.404     0.037
   2452729  1361.438     0.040
   2452730  1361.513     0.038
   2452731  1361.602     0.036
   2452732  1361.746     0.039
   2452733  1361.817     0.043
   2452734  1361.863     0.039
   2452735  1361.899     0.039
   2452736  1361.879     0.035
   2452737  1361.815     0.036
   2452738  1361.701     0.039
   2452739  1361.606     0.041
   2452740  1361.536     0.042
   2452741  1361.566     0.040
   2452742  1361.651     0.040
   2452743  1361.795     0.039
   2452744  1361.889     0.040
   2452745  1361.943     0.044
   2452746  1361.905     0.038
   2452747  1361.916     0.039
   2452748  1361.926     0.035
   2452749  1361.940     0.038
   2452750  1362.009     0.040
   2452751  1362.014     0.041
   2452752  1361.991     0.043
   2452753  1361.905     0.042
   2452754  1361.898     0.042
   2452755  1361.840     0.044
   2452756  1361.773     0.040
   2452757  1361.598     0.042
   2452758  1361.411     0.043
   2452759  1361.231     0.039
   2452760  1360.981     0.037
   2452761  1360.785     0.038
   2452762  1360.868     0.037
   2452763  1361.084     0.037
   2452764  1361.262     0.037
   2452765  1361.445     0.040
   2452766  1361.621     0.036
   2452767  1361.638     0.039
   2452768  1361.616     0.038
   2452769  1361.675     0.041
   2452770  1361.777     0.037
   2452771  1361.832     0.038
   2452772  1361.854     0.038
   2452773  1361.830     0.035
   2452774  1361.776     0.037
   2452775  1361.896     0.036
   2452776  1361.998     0.034
   2452777  1362.108     0.036
   2452778  1362.176     0.036
   2452779  1362.199     0.035
   2452780  1362.240     0.032
   2452781  1362.239     0.032
   2452782  1362.364     0.033
   2452783  1362.394     0.032
   2452784  1362.325     0.034
   2452785  1362.143     0.038
   2452786  1361.929     0.037
   2452787  1361.683     0.034
   2452788  1361.539     0.036
   2452789  1361.655     0.040
   2452790  1361.819     0.039
   2452791  1361.912     0.041
   2452792  1361.911     0.040
   2452793  1361.807     0.039
   2452794  1361.653     0.041
   2452795  1361.564     0.045
   2452796  1361.425     0.043
   2452797  1361.141     0.043
   2452798  1360.985     0.042
   2452799  1360.785     0.041
   2452800  1360.563     0.039
   2452801  1360.589     0.038
   2452802  1360.840     0.041
   2452803  1361.348     0.042
   2452804  1361.709     0.041
   2452805  1361.998     0.036
   2452806  1362.156     0.038
   2452807  1362.228     0.034
   2452808  1362.213     0.036
   2452809  1362.093     0.036
   2452810  1361.902     0.036
   2452811  1361.685     0.035
   2452812  1361.604     0.037
   2452813  1361.666     0.039
   2452814  1361.763     0.040
   2452815  1361.790     0.040
   2452816  1361.805     0.041
   2452817  1361.807     0.038
   2452818  1361.818     0.036
   2452819  1361.743     0.039
   2452820  1361.766     0.042
   2452821  1361.653     0.037
   2452822  1361.469     0.039
   2452823  1361.336     0.041
   2452824  1361.249     0.041
   2452825  1361.078     0.038
   2452826  1361.044     0.040
   2452827  1361.202     0.042
   2452828  1361.512     0.037
   2452829  1361.933     0.039
   2452830  1362.150     0.041
   2452831  1362.138     0.040
   2452832  1362.036     0.039
   2452833  1362.015     0.038
   2452834  1362.041     0.039
   2452835  1362.039     0.041
   2452836  1361.997     0.040
   2452837  1361.923     0.035
   2452838  1361.615     0.037
   2452839  1361.443     0.037
   2452840  1361.143     0.039
   2452841  1360.937     0.035
   2452842  1361.073     0.039
   2452843  1361.470     0.037
   2452844  1361.846     0.035
   2452845  1362.041     0.035
   2452846  1362.051     0.033
   2452847  1362.058     0.035
   2452848  1362.035     0.033
   2452849  1361.964     0.035
   2452850  1361.930     0.033
   2452851  1361.921     0.037
   2452852  1361.888     0.034
   2452853  1361.847     0.034
   2452854  1361.858     0.039
   2452855  1361.724     0.038
   2452856  1361.563     0.036
   2452857  1361.398     0.033
   2452858  1361.273     0.038
   2452859  1361.221     0.034
   2452860  1361.197     0.032
   2452861  1361.400     0.037
   2452862  1361.743     0.037
   2452863  1361.973     0.037
   2452864  1362.067     0.035
   2452865  1361.868     0.040
   2452866  1361.628     0.036
   2452867  1361.556     0.039
   2452868  1361.714     0.037
   2452869  1361.972     0.041
   2452870  1362.145     0.041
   2452871  1362.194     0.045
   2452872  1362.095     0.036
   2452873  1361.874     0.037
   2452874  1361.732     0.038
   2452875  1361.762     0.037
   2452876  1361.854     0.039
   2452877  1362.016     0.038
   2452878  1362.082     0.038
   2452879  1362.077     0.037
   2452880  1362.086     0.039
   2452881  1362.153     0.040
   2452882  1362.238     0.043
   2452883  1362.298     0.037
   2452884  1362.283     0.045
   2452885  1362.214     0.041
   2452886  1362.113     0.042
   2452887  1362.058     0.039
   2452888  1362.129     0.039
   2452889  1362.271     0.042
   2452890  1362.305     0.043
   2452891  1362.199     0.042
   2452892  1362.052     0.042
   2452893  1361.859     0.043
   2452894  1361.812     0.042
   2452895  1361.897     0.042
   2452896  1362.005     0.046
   2452897  1362.094     0.044
   2452898  1362.082     0.041
   2452899  1361.972     0.041
   2452900  1361.858     0.040
   2452901  1361.883     0.038
   2452902  1362.010     0.038
   2452903  1362.073     0.043
   2452904  1362.036     0.042
   2452905  1361.945     0.040
   2452906  1361.794     0.044
   2452907  1361.622     0.042
   2452908  1361.555     0.040
   2452909  1361.572     0.039
   2452910  1361.656     0.042
   2452911  1361.708     0.040
   2452912  1361.882     0.043
   2452913  1362.069     0.040
   2452914  1362.137     0.041
   2452915  1362.095     0.039
   2452916  1362.045     0.036
   2452917  1361.960     0.037
   2452918  1361.917     0.039
   2452919  1361.883     0.041
   2452920  1361.833     0.035
   2452921  1361.863     0.037
   2452922  1361.991     0.039
   2452923  1362.152     0.039
   2452924  1362.197     0.038
   2452925  1362.082     0.037
   2452926  1361.959     0.039
   2452927  1361.910     0.039
   2452928  1361.887     0.039
   2452929  1361.921     0.041
   2452930  1361.996     0.042
   2452931  1361.999     0.040
   2452932  1361.743     0.041
   2452933  1361.186     0.042
   2452934  1360.630     0.038
   2452935  1360.056     0.038
   2452936  1359.781     0.042
   2452937  1359.584     0.042
   2452938  1359.393     0.040
   2452939  1359.296     0.041
   2452940  1359.058     0.040
   2452941  1358.550     0.042
   2452942  1358.181     0.037
   2452943  1358.331     0.036
   2452944  1359.060     0.038
   2452945  1360.128     0.040
   2452946  1361.111     0.042
   2452947  1361.796     0.037
   2452948  1362.163     0.042
   2452949  1362.203     0.040
   2452950  1362.135     0.036
   2452951  1361.991     0.035
   2452952  1361.816     0.035
   2452953  1361.695     0.039
   2452954  1361.648     0.039
   2452955  1361.695     0.039
   2452956  1361.772     0.039
   2452957  1361.804     0.039
   2452958  1361.800     0.043
   2452959  1361.675     0.043
   2452960  1361.614     0.040
   2452961  1361.517     0.037
   2452962  1361.453     0.035
   2452963  1361.494     0.032
   2452964  1361.512     0.034
   2452965  1361.433     0.039
   2452966  1361.299     0.038
   2452967  1361.282     0.039
   2452968  1361.370     0.040
   2452969  1361.493     0.041
   2452970  1361.605     0.035
   2452971  1361.828     0.041
   2452972  1362.184     0.044
   2452973  1362.389     0.044
   2452974  1362.485     0.042
   2452975  1362.352     0.042
   2452976  1362.127     0.039
   2452977  1361.975     0.039
   2452978  1361.822     0.044
   2452979  1361.673     0.043
   2452980  1361.608     0.041
   2452981  1361.653     0.039
   2452982  1361.672     0.041
   2452983  1361.677     0.041
   2452984  1361.669     0.043
   2452985  1361.647     0.044
   2452986  1361.623     0.046
   2452987  1361.555     0.041
   2452988  1361.514     0.039
   2452989  1361.573     0.038
   2452990  1361.724     0.040
   2452991  1361.910     0.039
   2452992  1362.090     0.036
   2452993  1362.129     0.036
   2452994  1362.150     0.039
   2452995  1362.143     0.043
   2452996  1362.045     0.040
   2452997  1361.928     0.043
   2452998  1361.858     0.040
   2452999  1361.867     0.038
   2453000  1361.943     0.037
   2453001  1362.088     0.039
   2453002  1362.190     0.038
   2453003  1362.241     0.036
   2453004  1362.190     0.036
   2453005  1362.045     0.038
   2453006  1361.828     0.036
   2453007  1361.613     0.037
   2453008  1361.385     0.041
   2453009  1361.170     0.040
   2453010  1360.948     0.038
   2453011  1360.786     0.037
   2453012  1360.776     0.041
   2453013  1360.828     0.039
   2453014  1360.933     0.041
   2453015  1361.124     0.040
   2453016  1361.332     0.039
   2453017  1361.546     0.038
   2453018  1361.790     0.044
   2453019  1361.934     0.041
   2453020  1362.015     0.040
   2453021  1362.071     0.041
   2453022  1362.091     0.036
   2453023  1362.046     0.037
   2453024  1361.942     0.037
   2453025  1361.939     0.037
   2453026  1362.038     0.037
   2453027  1362.191     0.035
   2453028  1362.330     0.035
   2453029  1362.353     0.041
   2453030  1362.268     0.043
   2453031  1362.077     0.042
   2453032  1361.890     0.038
   2453033  1361.788     0.039
   2453034  1361.773     0.037
   2453035  1361.780     0.040
   2453036  1361.778     0.041
   2453037  1361.727     0.039
   2453038  1361.663     0.038
   2453039  1361.675     0.038
   2453040  1361.674     0.038
   2453041  1361.572     0.040
   2453042  1361.469     0.042
   2453043  1361.428     0.043
   2453044  1361.506     0.041
   2453045  1361.657     0.038
   2453046  1361.806     0.037
   2453047  1361.923     0.041
   2453048  1361.971     0.044
   2453049  1361.959     0.040
   2453050  1361.977     0.043
   2453051  1362.060     0.043
   2453052  1362.135     0.043
   2453053  1362.173     0.043
   2453054  1362.163     0.045
   2453055  1362.135     0.045
   2453056  1362.094     0.043
   2453057  1361.970     0.037
   2453058  1361.730     0.040
   2453059  1361.449     0.037
   2453060  1361.234     0.034
   2453061  1361.016     0.039
   2453062  1360.880     0.038
   2453063  1360.960     0.037
   2453064  1361.305     0.037
   2453065  1361.629     0.037
   2453066  1361.756     0.038
   2453067  1361.665     0.038
   2453068  1361.561     0.038
   2453069  1361.498     0.035
   2453070  1361.523     0.036
   2453071  1361.617     0.039
   2453072  1361.650     0.043
   2453073  1361.569     0.041
   2453074  1361.415     0.042
   2453075  1361.267     0.041
   2453076  1361.179     0.042
   2453077  1361.279     0.040
   2453078  1361.446     0.035
   2453079  1361.633     0.038
   2453080  1361.814     0.037
   2453081  1361.955     0.041
   2453082  1362.006     0.043
   2453083  1361.952     0.036
   2453084  1361.899     0.037
   2453085  1361.861     0.037
   2453086  1361.768     0.039
   2453087  1361.627     0.042
   2453088  1361.559     0.043
   2453089  1361.593     0.041
   2453090  1361.743     0.040
   2453091  1361.894     0.043
   2453092  1361.862     0.040
   2453093  1361.737     0.039
   2453094  1361.609     0.040
   2453095  1361.456     0.041
   2453096  1361.355     0.039
   2453097  1361.362     0.038
   2453098  1361.482     0.041
   2453099  1361.635     0.041
   2453100  1361.751     0.038
   2453101  1361.767     0.041
   2453102  1361.767     0.038
   2453103  1361.744     0.037
   2453104  1361.717     0.036
   2453105  1361.715     0.037
   2453106  1361.718     0.039
   2453107  1361.776     0.037
   2453108  1361.874     0.036
   2453109  1361.890     0.034
   2453110  1361.835     0.040
   2453111  1361.825     0.040
   2453112  1361.854     0.039
   2453113  1361.902     0.039
   2453114  1361.831     0.040
   2453115  1361.683     0.040
   2453116  1361.586     0.038
   2453117  1361.658     0.040
   2453118  1361.713     0.038
   2453119  1361.700     0.039
   2453120  1361.679     0.037
   2453121  1361.654     0.039
   2453122  1361.632     0.036
   2453123  1361.646     0.034
   2453124  1361.669     0.040
   2453125  1361.688     0.035
   2453126  1361.715     0.037
   2453127  1361.701     0.037
   2453128  1361.691     0.034
   2453129  1361.719     0.038
   2453130  1361.725     0.037
   2453131  1361.667     0.035
   2453132  1361.648     0.036
   2453133  1361.688     0.038
   2453134  1361.732     0.037
   2453135  1361.767     0.038
   2453136  1361.748     0.035
   2453137  1361.679     0.038
   2453138  1361.578     0.040
   2453139  1361.439     0.039
   2453140  1361.291     0.037
   2453141  1361.163     0.038
   2453142  1361.154     0.042
   2453143  1361.328     0.040
   2453144  1361.550     0.040
   2453145  1361.655     0.038
   2453146  1361.705     0.034
   2453147  1361.691     0.033
   2453148  1361.611     0.037
   2453149  1361.506     0.034
   2453150  1361.393     0.035
   2453151  1361.390     0.033
   2453152  1361.443     0.034
   2453153  1361.485     0.035
   2453154  1361.566     0.038
   2453155  1361.691     0.036
   2453156  1361.793     0.039
   2453157  1361.788     0.041
   2453158  1361.701     0.039
   2453159  1361.657     0.037
   2453160  1361.666     0.037
   2453161  1361.717     0.037
   2453162  1361.765     0.037
   2453163  1361.806     0.037
   2453164  1361.795     0.035
   2453165  1361.578     0.033
   2453166  1361.658     0.039
   2453167  1361.691     0.040
   2453168  1361.611     0.041
   2453169  1361.604     0.043
   2453170  1361.633     0.043
   2453171  1361.642     0.042
   2453172  1361.555     0.044
   2453173  1361.422     0.039
   2453174  1361.222     0.043
   2453175  1360.981     0.038
   2453176  1360.808     0.038
   2453177  1360.734     0.041
   2453178  1360.901     0.043
   2453179  1361.204     0.039
   2453180  1361.517     0.036
   2453181  1361.818     0.037
   2453182  1361.962     0.042
   2453183  1361.942     0.041
   2453184  1361.841     0.036
   2453185  1361.744     0.037
   2453186  1361.697     0.039
   2453187  1361.650     0.039
   2453188  1361.621     0.041
   2453189  1361.608     0.040
   2453190  1361.622     0.040
   2453191  1361.648     0.041
   2453192  1361.642     0.040
   2453193  1361.615     0.038
   2453194  1361.614     0.041
   2453195  1361.589     0.041
   2453196  1361.501     0.044
   2453197  1361.459     0.041
   2453198  1361.523     0.040
   2453199  1361.606     0.043
   2453200  1361.716     0.042
   2453201  1361.770     0.043
   2453202  1361.677     0.041
   2453203  1361.446     0.037
   2453204  1361.214     0.039
   2453205  1361.010     0.039
   2453206  1360.758     0.039
   2453207  1360.472     0.043
   2453208  1360.164     0.041
   2453209  1360.001     0.038
   2453210  1360.029     0.037
   2453211  1360.215     0.037
   2453212  1360.523     0.036
   2453213  1360.925     0.037
   2453214  1361.309     0.039
   2453215  1361.493     0.041
   2453216  1361.484     0.041
   2453217  1361.408     0.040
   2453218  1361.429     0.041
   2453219  1361.439     0.037
   2453220  1361.425     0.040
   2453221  1361.400     0.036
   2453222  1361.385     0.041
   2453223  1361.369     0.039
   2453224  1361.420     0.043
   2453225  1361.509     0.037
   2453226  1361.572     0.034
   2453227  1361.402     0.036
   2453228  1361.175     0.039
   2453229  1360.809     0.040
   2453230  1360.567     0.039
   2453231  1360.691     0.039
   2453232  1360.853     0.044
   2453233  1361.115     0.037
   2453234  1361.357     0.040
   2453235  1361.462     0.038
   2453236  1361.423     0.038
   2453237  1361.360     0.040
   2453238  1361.314     0.038
   2453239  1361.304     0.038
   2453240  1361.363     0.038
   2453241  1361.442     0.039
   2453242  1361.497     0.040
   2453243  1361.514     0.038
   2453244  1361.579     0.038
   2453245  1361.667     0.040
   2453246  1361.773     0.038
   2453247  1361.756     0.037
   2453248  1361.702     0.038
   2453249  1361.610     0.040
   2453250  1361.545     0.038
   2453251  1361.625     0.037
   2453252  1361.725     0.037
   2453253  1361.756     0.039
   2453254  1361.726     0.036
   2453255  1361.653     0.035
   2453256  1361.532     0.034
   2453257  1361.480     0.038
   2453258  1361.594     0.031
   2453259  1361.843     0.034
   2453260  1362.047     0.038
   2453261  1362.052     0.038
   2453262  1361.865     0.038
   2453263  1361.654     0.040
   2453264  1361.609     0.042
   2453265  1361.678     0.039
   2453266  1361.713     0.039
   2453267  1361.687     0.037
   2453268  1361.618     0.037
   2453269  1361.529     0.038
   2453270  1361.442     0.041
   2453271  1361.375     0.035
   2453272  1361.412     0.036
   2453273  1361.547     0.038
   2453274  1361.588     0.042
   2453275  1361.626     0.042
   2453276  1361.632     0.038
   2453277  1361.582     0.039
   2453278  1361.607     0.038
   2453279  1361.649     0.036
   2453280  1361.703     0.038
   2453281  1361.722     0.041
   2453282  1361.745     0.038
   2453283  1361.784     0.038
   2453284  1361.831     0.039
   2453285  1361.889     0.039
   2453286  1361.971     0.038
   2453287  1361.990     0.040
   2453288  1361.934     0.042
   2453289  1361.841     0.039
   2453290  1361.757     0.040
   2453291  1361.740     0.042
   2453292  1361.759     0.041
   2453293  1361.761     0.036
   2453294  1361.727     0.038
   2453295  1361.679     0.035
   2453296  1361.620     0.033
   2453297  1361.561     0.031
   2453298  1361.570     0.031
   2453299  1361.598     0.036
   2453300  1361.680     0.041
   2453301  1361.684     0.037
   2453302  1361.590     0.037
   2453303  1361.439     0.039
   2453304  1361.333     0.041
   2453305  1361.355     0.039
   2453306  1361.423     0.040
   2453307  1361.476     0.037
   2453308  1361.417     0.039
   2453309  1361.281     0.038
   2453310  1361.145     0.039
   2453311  1361.036     0.041
   2453312  1360.996     0.044
   2453313  1360.946     0.038
   2453314  1360.778     0.041
   2453315  1360.622     0.039
   2453316  1360.673     0.039
   2453317  1360.933     0.036
   2453318  1361.232     0.036
   2453319  1361.520     0.038
   2453320  1361.687     0.038
   2453321  1361.779     0.039
   2453322  1361.765     0.036
   2453323  1361.664     0.033
   2453324  1361.594     0.037
   2453325  1361.576     0.038
   2453326  1361.669     0.035
   2453327  1361.738     0.037
   2453328  1361.775     0.039
   2453329  1361.848     0.038
   2453330  1361.893     0.035
   2453331  1361.900     0.038
   2453332  1361.881     0.037
   2453333  1361.897     0.036
   2453334  1361.978     0.037
   2453335  1362.033     0.038
   2453336  1362.047     0.037
   2453337  1362.038     0.036
   2453338  1361.957     0.039
   2453339  1361.817     0.038
   2453340  1361.672     0.036
   2453341  1361.567     0.036
   2453342  1361.596     0.038
   2453343  1361.725     0.037
   2453344  1361.851     0.033
   2453345  1361.866     0.041
   2453346  1361.822     0.040
   2453347  1361.791     0.039
   2453348  1361.784     0.042
   2453349  1361.759     0.037
   2453350  1361.736     0.040
   2453351  1361.715     0.045
   2453352  1361.713     0.042
   2453353  1361.725     0.040
   2453354  1361.707     0.040
   2453355  1361.668     0.037
   2453356  1361.653     0.038
   2453357  1361.686     0.037
   2453358  1361.715     0.038
   2453359  1361.699     0.040
   2453360  1361.650     0.036
   2453361  1361.656     0.040
   2453362  1361.730     0.037
   2453363  1361.822     0.039
   2453364  1361.936     0.037
   2453365  1361.972     0.039
   2453366  1361.975     0.040
   2453367  1361.965     0.042
   2453368  1361.926     0.040
   2453369  1361.876     0.042
   2453370  1361.838     0.040
   2453371  1361.838     0.038
   2453372  1361.793     0.035
   2453373  1361.735     0.038
   2453374  1361.680     0.037
   2453375  1361.659     0.040
   2453376  1361.662     0.041
   2453377  1361.666     0.041
   2453378  1361.662     0.036
   2453379  1361.669     0.037
   2453380  1361.619     0.039
   2453381  1361.539     0.035
   2453382  1361.358     0.040
   2453383  1361.096     0.041
   2453384  1360.545     0.037
   2453385  1359.930     0.042
   2453386  1359.587     0.040
   2453387  1359.700     0.042
   2453388  1360.112     0.043
   2453389  1360.751     0.043
   2453390  1361.321     0.041
   2453391  1361.653     0.040
   2453392  1361.766     0.040
   2453393  1361.772     0.042
   2453394  1361.785     0.042
   2453395  1361.769     0.044
   2453396  1361.710     0.040
   2453397  1361.704     0.040
   2453398  1361.719     0.036
   2453399  1361.717     0.041
   2453400  1361.655     0.039
   2453401  1361.530     0.038
   2453402  1361.502     0.041
   2453403  1361.537     0.038
   2453404  1361.549     0.040
   2453405  1361.521     0.041
   2453406  1361.540     0.041
   2453407  1361.636     0.040
   2453408  1361.759     0.042
   2453409  1361.815     0.044
   2453410  1361.795     0.043
   2453411  1361.719     0.044
   2453412  1361.615     0.042
   2453413  1361.477     0.041
   2453414  1361.352     0.041
   2453415  1361.293     0.039
   2453416  1361.315     0.039
   2453417  1361.342     0.040
   2453418  1361.360     0.037
   2453419  1361.338     0.041
   2453420  1361.398     0.043
   2453421  1361.509     0.039
   2453422  1361.575     0.036
   2453423  1361.609     0.042
   2453424  1361.658     0.042
   2453425  1361.642     0.040
   2453426  1361.613     0.040
   2453427  1361.594     0.039
   2453428  1361.551     0.041
   2453429  1361.496     0.044
   2453430  1361.442     0.043
   2453431  1361.404     0.042
   2453432  1361.391     0.042
   2453433  1361.423     0.038
   2453434  1361.477     0.041
   2453435  1361.520     0.040
   2453436  1361.574     0.038
   2453437  1361.624     0.039
   2453438  1361.655     0.037
   2453439  1361.612     0.041
   2453440  1361.568     0.040
   2453441  1361.473     0.041
   2453442  1361.361     0.038
   2453443  1361.277     0.041
   2453444  1361.287     0.042
   2453445  1361.348     0.042
   2453446  1361.420     0.040
   2453447  1361.490     0.039
   2453448  1361.555     0.038
   2453449  1361.597     0.040
   2453450  1361.616     0.041
   2453451  1361.619     0.041
   2453452  1361.570     0.037
   2453453  1361.530     0.039
   2453454  1361.462     0.041
   2453455  1361.426     0.040
   2453456  1361.466     0.037
   2453457  1361.472     0.039
   2453458  1361.482     0.039
   2453459  1361.491     0.040
   2453460  1361.474     0.038
   2453461  1361.450     0.042
   2453462  1361.449     0.039
   2453463  1361.451     0.038
   2453464  1361.489     0.039
   2453465  1361.492     0.039
   2453466  1361.572     0.039
   2453467  1361.700     0.041
   2453468  1361.752     0.041
   2453469  1361.738     0.042
   2453470  1361.722     0.037
   2453471  1361.728     0.035
   2453472  1361.696     0.033
   2453473  1361.679     0.035
   2453474  1361.686     0.037
   2453475  1361.668     0.039
   2453476  1361.644     0.041
   2453477  1361.604     0.043
   2453478  1361.572     0.042
   2453479  1361.518     0.042
   2453480  1361.477     0.041
   2453481  1361.472     0.036
   2453482  1361.488     0.041
   2453483  1361.466     0.044
   2453484  1361.462     0.043
   2453485  1361.423     0.040
   2453486  1361.372     0.041
   2453487  1361.314     0.041
   2453488  1361.126     0.038
   2453489  1360.811     0.042
   2453490  1360.611     0.041
   2453491  1360.480     0.040
   2453492  1360.522     0.041
   2453493  1360.784     0.040
   2453494  1361.140     0.041
   2453495  1361.401     0.039
   2453496  1361.537     0.042
   2453497  1361.619     0.040
   2453498  1361.620     0.042
   2453499  1361.511     0.044
   2453500  1361.335     0.042
   2453501  1361.203     0.044
   2453502  1361.070     0.044
   2453503  1361.080     0.040
   2453504  1361.160     0.039
   2453505  1361.206     0.041
   2453506  1361.205     0.038
   2453507  1361.229     0.040
   2453508  1361.330     0.034
   2453509  1361.442     0.038
   2453510  1361.497     0.040
   2453511  1361.507     0.041
   2453512  1361.509     0.040
   2453513  1361.553     0.040
   2453514  1361.576     0.044
   2453515  1361.535     0.048
   2453516  1361.464     0.046
   2453517  1361.409     0.047
   2453518  1361.292     0.041
   2453519  1361.310     0.044
   2453520  1361.493     0.041
   2453521  1361.690     0.041
   2453522  1361.850     0.044
   2453523  1361.854     0.043
   2453524  1361.745     0.044
   2453525  1361.571     0.044
   2453526  1361.473     0.041
   2453527  1361.419     0.042
   2453528  1361.324     0.040
   2453529  1361.210     0.043
   2453530  1360.998     0.043
   2453531  1360.789     0.041
   2453532  1360.728     0.044
   2453533  1360.747     0.041
   2453534  1360.875     0.044
   2453535  1361.051     0.044
   2453536  1361.178     0.041
   2453537  1361.186     0.039
   2453538  1361.126     0.039
   2453539  1361.096     0.041
   2453540  1361.124     0.047
   2453541  1361.266     0.041
   2453542  1361.386     0.040
   2453543  1361.440     0.040
   2453544  1361.488     0.042
   2453545  1361.507     0.037
   2453546  1361.542     0.041
   2453547  1361.592     0.041
   2453548  1361.701     0.042
   2453549  1361.753     0.040
   2453550  1361.766     0.041
   2453551  1361.762     0.044
   2453552  1361.603     0.047
   2453553  1361.374     0.046
   2453554  1361.142     0.044
   2453555  1360.985     0.042
   2453556  1361.009     0.037
   2453557  1361.046     0.039
   2453558  1361.021     0.037
   2453559  1361.023     0.039
   2453560  1361.153     0.042
   2453561  1361.291     0.042
   2453562  1361.346     0.040
   2453563  1361.342     0.040
   2453564  1361.375     0.042
   2453565  1361.442     0.041
   2453566  1361.485     0.040
   2453567  1361.477     0.037
   2453568  1361.479     0.037
   2453569  1361.462     0.038
   2453570  1361.405     0.035
   2453571  1361.393     0.039
   2453572  1361.395     0.042
   2453573  1361.453     0.040
   2453574  1361.514     0.037
   2453575  1361.578     0.042
   2453576  1361.600     0.041
   2453577  1361.608     0.033
   2453578  1361.617     0.036
   2453579  1361.632     0.031
   2453580  1361.674     0.036
   2453581  1361.723     0.035
   2453582  1361.691     0.037
   2453583  1361.656     0.039
   2453584  1361.660     0.035
   2453585  1361.598     0.037
   2453586  1361.530     0.041
   2453587  1361.476     0.042
   2453588  1361.350     0.043
   2453589  1361.310     0.044
   2453590  1361.342     0.043
   2453591  1361.395     0.042
   2453592  1361.440     0.042
   2453593  1361.437     0.043
   2453594  1361.438     0.043
   2453595  1361.422     0.042
   2453596  1361.352     0.039
   2453597  1361.275     0.038
   2453598  1361.256     0.038
   2453599  1361.275     0.038
   2453600  1361.341     0.037
   2453601  1361.416     0.038
   2453602  1361.344     0.039
   2453603  1361.267     0.038
   2453604  1361.334     0.035
   2453605  1361.354     0.038
   2453606  1361.397     0.038
   2453607  1361.528     0.038
   2453608  1361.703     0.038
   2453609  1361.819     0.041
   2453610  1361.884     0.043
   2453611  1361.923     0.039
   2453612  1361.885     0.037
   2453613  1361.770     0.038
   2453614  1361.679     0.036
   2453615  1361.614     0.035
   2453616  1361.558     0.039
   2453617  1361.517     0.039
   2453618  1361.496     0.040
   2453619  1361.495     0.039
   2453620  1361.446     0.039
   2453621  1361.440     0.040
   2453622  1361.369     0.039
   2453623  1361.182     0.038
   2453624  1360.957     0.036
   2453625  1360.743     0.038
   2453626  1360.620     0.039
   2453627  1360.562     0.038
   2453628  1360.686     0.044
   2453629  1360.958     0.040
   2453630  1361.313     0.043
   2453631  1361.646     0.040
   2453632  1361.844     0.043
   2453633  1361.812     0.046
   2453634  1361.657     0.040
   2453635  1361.552     0.039
   2453636  1361.522     0.042
   2453637  1361.501     0.033
   2453638  1361.515     0.031
   2453639  1361.505     0.038
   2453640  1361.515     0.039
   2453641  1361.512     0.042
   2453642  1361.515     0.041
   2453643  1361.490     0.040
   2453644  1361.469     0.040
   2453645  1361.428     0.037
   2453646  1361.408     0.037
   2453647  1361.404     0.038
   2453648  1361.421     0.039
   2453649  1361.475     0.038
   2453650  1361.542     0.034
   2453651  1361.584     0.035
   2453652  1361.617     0.040
   2453653  1361.617     0.039
   2453654  1361.621     0.042
   2453655  1361.644     0.040
   2453656  1361.678     0.043
   2453657  1361.701     0.042
   2453658  1361.718     0.044
   2453659  1361.711     0.047
   2453660  1361.646     0.044
   2453661  1361.571     0.046
   2453662  1361.567     0.042
   2453663  1361.568     0.042
   2453664  1361.573     0.038
   2453665  1361.576     0.041
   2453666  1361.565     0.043
   2453667  1361.546     0.043
   2453668  1361.512     0.041
   2453669  1361.495     0.039
   2453670  1361.460     0.036
   2453671  1361.426     0.042
   2453672  1361.436     0.044
   2453673  1361.435     0.041
   2453674  1361.429     0.040
   2453675  1361.441     0.043
   2453676  1361.497     0.040
   2453677  1361.564     0.040
   2453678  1361.603     0.041
   2453679  1361.610     0.039
   2453680  1361.597     0.045
   2453681  1361.602     0.040
   2453682  1361.640     0.040
   2453683  1361.654     0.039
   2453684  1361.656     0.042
   2453685  1361.650     0.041
   2453686  1361.609     0.042
   2453687  1361.540     0.040
   2453688  1361.431     0.041
   2453689  1361.269     0.042
   2453690  1361.100     0.039
   2453691  1360.947     0.040
   2453692  1360.852     0.044
   2453693  1360.809     0.043
   2453694  1360.835     0.045
   2453695  1360.956     0.039
   2453696  1361.097     0.039
   2453697  1361.251     0.041
   2453698  1361.374     0.044
   2453699  1361.434     0.043
   2453700  1361.425     0.045
   2453701  1361.415     0.041
   2453702  1361.458     0.042
   2453703  1361.548     0.044
   2453704  1361.648     0.042
   2453705  1361.620     0.043
   2453706  1361.407     0.044
   2453707  1361.158     0.046
   2453708  1361.176     0.048
   2453709  1361.306     0.044
   2453710  1361.432     0.044
   2453711  1361.570     0.042
   2453712  1361.651     0.044
   2453713  1361.668     0.040
   2453714  1361.638     0.041
   2453715  1361.574     0.040
   2453716  1361.515     0.038
   2453717  1361.475     0.040
   2453718  1361.394     0.039
   2453719  1361.349     0.040
   2453720  1361.336     0.039
   2453721  1361.337     0.039
   2453722  1361.360     0.041
   2453723  1361.383     0.040
   2453724  1361.331     0.040
   2453725  1361.351     0.041
   2453726  1361.365     0.041
   2453727  1361.399     0.042
   2453728  1361.386     0.040
   2453729  1361.445     0.046
   2453730  1361.550     0.042
   2453731  1361.637     0.038
   2453732  1361.678     0.039
   2453733  1361.649     0.035
   2453734  1361.582     0.041
   2453735  1361.549     0.040
   2453736  1361.551     0.036
   2453737  1361.584     0.037
   2453738  1361.641     0.039
   2453739  1361.690     0.042
   2453740  1361.698     0.042
   2453741  1361.617     0.044
   2453742  1361.525     0.041
   2453743  1361.475     0.045
   2453744  1361.475     0.049
   2453745  1361.493     0.046
   2453746  1361.495     0.042
   2453747  1361.488     0.042
   2453748  1361.464     0.043
   2453749  1361.444     0.041
   2453750  1361.450     0.037
   2453751  1361.437     0.042
   2453752  1361.469     0.041
   2453753  1361.515     0.041
   2453754  1361.515     0.037
   2453755  1361.429     0.037
   2453756  1361.341     0.040
   2453757  1361.308     0.040
   2453758  1361.383     0.040
   2453759  1361.497     0.036
   2453760  1361.541     0.038
   2453761  1361.619     0.036
   2453762  1361.667     0.039
   2453763  1361.675     0.037
   2453764  1361.621     0.040
   2453765  1361.569     0.036
   2453766  1361.578     0.040
   2453767  1361.524     0.036
   2453768  1361.466     0.036
   2453769  1361.420     0.041
   2453770  1361.396     0.038
   2453771  1361.400     0.040
   2453772  1361.426     0.039
   2453773  1361.438     0.040
   2453774  1361.422     0.039
   2453775  1361.404     0.038
   2453776  1361.406     0.042
   2453777  1361.416     0.039
   2453778  1361.438     0.035
   2453779  1361.439     0.038
   2453780  1361.456     0.039
   2453781  1361.470     0.039
   2453782  1361.453     0.040
   2453783  1361.451     0.040
   2453784  1361.503     0.040
   2453785  1361.557     0.042
   2453786  1361.590     0.039
   2453787  1361.599     0.039
   2453788  1361.580     0.037
   2453789  1361.559     0.038
   2453790  1361.542     0.036
   2453791  1361.520     0.040
   2453792  1361.484     0.038
   2453793  1361.476     0.035
   2453794  1361.490     0.037
   2453795  1361.469     0.034
   2453796  1361.423     0.033
   2453797  1361.371     0.033
   2453798  1361.360     0.037
   2453799  1361.354     0.040
   2453800  1361.375     0.039
   2453801  1361.393     0.035
   2453802  1361.381     0.033
   2453803  1361.383     0.030
   2453804  1361.376     0.035
   2453805  1361.360     0.037
   2453806  1361.351     0.042
   2453807  1361.361     0.037
   2453808  1361.383     0.033
   2453809  1361.398     0.035
   2453810  1361.397     0.036
   2453811  1361.405     0.037
   2453812  1361.414     0.036
   2453813  1361.433     0.039
   2453814  1361.409     0.040
   2453815  1361.374     0.042
   2453816  1361.406     0.042
   2453817  1361.474     0.043
   2453818  1361.510     0.041
   2453819  1361.482     0.036
   2453820  1361.416     0.037
   2453821  1361.385     0.034
   2453822  1361.371     0.037
   2453823  1361.368     0.041
   2453824  1361.314     0.043
   2453825  1361.280     0.041
   2453826  1361.216     0.037
   2453827  1361.060     0.038
   2453828  1360.910     0.042
   2453829  1360.714     0.036
   2453830  1360.673     0.039
   2453831  1360.852     0.040
   2453832  1361.137     0.041
   2453833  1361.365     0.043
   2453834  1361.517     0.041
   2453835  1361.555     0.039
   2453836  1361.512     0.037
   2453837  1361.486     0.038
   2453838  1361.512     0.040
   2453839  1361.537     0.040
   2453840  1361.566     0.040
   2453841  1361.589     0.042
   2453842  1361.593     0.041
   2453843  1361.587     0.039
   2453844  1361.587     0.039
   2453845  1361.544     0.040
   2453846  1361.498     0.038
   2453847  1361.462     0.038
   2453848  1361.466     0.042
   2453849  1361.465     0.044
   2453850  1361.451     0.046
   2453851  1361.415     0.043
   2453852  1361.381     0.044
   2453853  1361.400     0.044
   2453854  1361.378     0.042
   2453855  1361.417     0.043
   2453856  1361.467     0.043
   2453857  1361.531     0.045
   2453858  1361.588     0.042
   2453859  1361.652     0.042
   2453860  1361.683     0.045
   2453861  1361.686     0.041
   2453862  1361.659     0.045
   2453863  1361.609     0.045
   2453864  1361.556     0.050
   2453865  1361.565     0.046
   2453866  1361.586     0.047
   2453867  1361.590     0.045
   2453868  1361.568     0.044
   2453869  1361.573     0.046
   2453870  1361.566     0.045
   2453871  1361.539     0.046
   2453872  1361.481     0.042
   2453873  1361.418     0.045
   2453874  1361.388     0.044
   2453875  1361.391     0.047
   2453876  1361.390     0.046
   2453877  1361.435     0.046
   2453878  1361.484     0.045
   2453879  1361.554     0.043
   2453880  1361.580     0.040
   2453881  1361.609     0.042
   2453882  1361.642     0.042
   2453883  1361.692     0.040
   2453884  1361.703     0.044
   2453885  1361.698     0.040
   2453886  1361.683     0.046
   2453887  1361.671     0.044
   2453888  1361.646     0.047
   2453889  1361.605     0.048
   2453890  1361.583     0.044
   2453891  1361.581     0.049
   2453892  1361.570     0.045
   2453893  1361.493     0.043
   2453894  1361.391     0.045
   2453895  1361.304     0.042
   2453896  1361.296     0.047
   2453897  1361.343     0.043
   2453898  1361.409     0.043
   2453899  1361.442     0.045
   2453900  1361.478     0.047
   2453901  1361.475     0.043
   2453902  1361.453     0.045
   2453903  1361.443     0.045
   2453904  1361.438     0.043
   2453905  1361.432     0.044
   2453906  1361.441     0.042
   2453907  1361.492     0.048
   2453908  1361.507     0.045
   2453909  1361.521     0.045
   2453910  1361.526     0.042
   2453911  1361.539     0.040
   2453912  1361.564     0.042
   2453913  1361.540     0.044
   2453914  1361.524     0.042
   2453915  1361.497     0.039
   2453916  1361.469     0.045
   2453917  1361.405     0.043
   2453918  1361.332     0.042
   2453919  1361.274     0.042
   2453920  1361.228     0.043
   2453921  1361.188     0.040
   2453922  1361.221     0.046
   2453923  1361.302     0.046
   2453924  1361.410     0.042
   2453925  1361.470     0.040
   2453926  1361.466     0.041
   2453927  1361.444     0.041
   2453928  1361.406     0.043
   2453929  1361.391     0.046
   2453930  1361.390     0.043
   2453931  1361.408     0.044
   2453932  1361.411     0.045
   2453933  1361.395     0.042
   2453934  1361.356     0.041
   2453935  1361.358     0.039
   2453936  1361.371     0.040
   2453937  1361.416     0.042
   2453938  1361.450     0.043
   2453939  1361.472     0.043
   2453940  1361.470     0.041
   2453941  1361.454     0.047
   2453942  1361.482     0.044
   2453943  1361.499     0.042
   2453944  1361.488     0.046
   2453945  1361.501     0.045
   2453946  1361.519     0.043
   2453947  1361.534     0.045
   2453948  1361.564     0.047
   2453949  1361.576     0.045
   2453950  1361.563     0.046
   2453951  1361.501     0.043
   2453952  1361.444     0.041
   2453953  1361.381     0.042
   2453954  1361.331     0.042
   2453955  1361.337     0.041
   2453956  1361.365     0.042
   2453957  1361.366     0.040
   2453958  1361.325     0.041
   2453959  1361.149     0.039
   2453960  1360.996     0.035
   2453961  1360.873     0.036
   2453962  1360.803     0.033
   2453963  1360.821     0.033
   2453964  1360.882     0.033
   2453965  1361.014     0.034
   2453966  1361.198     0.034
   2453967  1361.346     0.036
   2453968  1361.478     0.034
   2453969  1361.532     0.033
   2453970  1361.475     0.035
   2453971  1361.394     0.037
   2453972  1361.326     0.037
   2453973  1361.254     0.039
   2453974  1361.229     0.040
   2453975  1361.237     0.039
   2453976  1361.297     0.039
   2453977  1361.408     0.039
   2453978  1361.446     0.044
   2453979  1361.422     0.042
   2453980  1361.399     0.042
   2453981  1361.371     0.043
   2453982  1361.389     0.041
   2453983  1361.439     0.040
   2453984  1361.498     0.043
   2453985  1361.523     0.043
   2453986  1361.525     0.044
   2453987  1361.467     0.044
   2453988  1361.422     0.039
   2453989  1361.410     0.040
   2453990  1361.438     0.042
   2453991  1361.470     0.037
   2453992  1361.493     0.032
   2453993  1361.494     0.039
   2453994  1361.492     0.038
   2453995  1361.508     0.035
   2453996  1361.527     0.039
   2453997  1361.515     0.042
   2453998  1361.508     0.041
   2453999  1361.497     0.041
   2454000  1361.487     0.041
   2454001  1361.463     0.040
   2454002  1361.452     0.039
   2454003  1361.452     0.036
   2454004  1361.452     0.039
   2454005  1361.421     0.039
   2454006  1361.386     0.044
   2454007  1361.361     0.038
   2454008  1361.365     0.037
   2454009  1361.403     0.036
   2454010  1361.441     0.042
   2454011  1361.473     0.040
   2454012  1361.500     0.040
   2454013  1361.541     0.037
   2454014  1361.571     0.037
   2454015  1361.587     0.041
   2454016  1361.590     0.039
   2454017  1361.588     0.042
   2454018  1361.558     0.038
   2454019  1361.529     0.040
   2454020  1361.507     0.039
   2454021  1361.490     0.041
   2454022  1361.482     0.042
   2454023  1361.445     0.041
   2454024  1361.414     0.042
   2454025  1361.395     0.040
   2454026  1361.391     0.039
   2454027  1361.378     0.039
   2454028  1361.374     0.037
   2454029  1361.378     0.039
   2454030  1361.365     0.043
   2454031  1361.324     0.041
   2454032  1361.354     0.039
   2454033  1361.368     0.039
   2454034  1361.363     0.037
   2454035  1361.329     0.036
   2454036  1361.325     0.039
   2454037  1361.349     0.042
   2454038  1361.355     0.041
   2454039  1361.363     0.036
   2454040  1361.334     0.034
   2454041  1361.264     0.036
   2454042  1361.197     0.040
   2454043  1361.198     0.046
   2454044  1361.225     0.041
   2454045  1361.278     0.039
   2454046  1361.345     0.042
   2454047  1361.411     0.042
   2454048  1361.424     0.039
   2454049  1361.363     0.044
   2454050  1361.232     0.040
   2454051  1361.023     0.041
   2454052  1360.836     0.037
   2454053  1360.728     0.039
   2454054  1360.683     0.040
   2454055  1360.723     0.040
   2454056  1360.830     0.039
   2454057  1360.995     0.044
   2454058  1361.182     0.041
   2454059  1361.341     0.042
   2454060  1361.396     0.043
   2454061  1361.366     0.043
   2454062  1361.318     0.040
   2454063  1361.326     0.043
   2454064  1361.320     0.042
   2454065  1361.343     0.047
   2454066  1361.356     0.045
   2454067  1361.394     0.044
   2454068  1361.347     0.042
   2454069  1361.253     0.041
   2454070  1361.178     0.039
   2454071  1361.164     0.039
   2454072  1361.166     0.044
   2454073  1361.240     0.042
   2454074  1361.336     0.044
   2454075  1361.410     0.046
   2454076  1361.433     0.042
   2454077  1361.362     0.038
   2454078  1361.204     0.040
   2454079  1361.023     0.042
   2454080  1360.892     0.043
   2454081  1360.802     0.043
   2454082  1360.809     0.044
   2454083  1360.915     0.041
   2454084  1361.089     0.044
   2454085  1361.255     0.043
   2454086  1361.336     0.041
   2454087  1361.342     0.043
   2454088  1361.315     0.039
   2454089  1361.297     0.037
   2454090  1361.313     0.038
   2454091  1361.321     0.043
   2454092  1361.345     0.045
   2454093  1361.389     0.040
   2454094  1361.435     0.040
   2454095  1361.458     0.042
   2454096  1361.449     0.042
   2454097  1361.440     0.040
   2454098  1361.432     0.040
   2454099  1361.434     0.041
   2454100  1361.449     0.041
   2454101  1361.479     0.044
   2454102  1361.471     0.040
   2454103  1361.404     0.040
   2454104  1361.267     0.041
   2454105  1361.163     0.037
   2454106  1361.076     0.036
   2454107  1361.039     0.036
   2454108  1361.067     0.037
   2454109  1361.112     0.043
   2454110  1361.183     0.038
   2454111  1361.277     0.039
   2454112  1361.347     0.037
   2454113  1361.378     0.040
   2454114  1361.422     0.038
   2454115  1361.434     0.040
   2454116  1361.623     0.041
   2454117  1361.161     0.039
   2454118  1360.976     0.040
   2454119  1361.413     0.037
   2454120  1361.394     0.043
   2454121  1361.404     0.041
   2454122  1361.391     0.041
   2454123  1361.388     0.044
   2454124  1361.394     0.043
   2454125  1361.412     0.040
   2454126  1361.397     0.039
   2454127  1361.374     0.040
   2454128  1361.366     0.043
   2454129  1361.344     0.042
   2454130  1361.285     0.042
   2454131  1361.180     0.039
   2454132  1361.091     0.042
   2454133  1361.017     0.038
   2454134  1360.991     0.040
   2454135  1361.048     0.036
   2454136  1361.145     0.038
   2454137  1361.235     0.038
   2454138  1361.308     0.036
   2454139  1361.335     0.039
   2454140  1361.332     0.041
   2454141  1361.332     0.038
   2454142  1361.345     0.040
   2454143  1361.354     0.039
   2454144  1361.346     0.035
   2454145  1361.343     0.035
   2454146  1361.362     0.037
   2454147  1361.363     0.038
   2454148  1361.388     0.038
   2454149  1361.413     0.037
   2454150  1361.410     0.038
   2454151  1361.374     0.038
   2454152  1361.364     0.039
   2454153  1361.329     0.040
   2454154  1361.349     0.043
   2454155  1361.386     0.040
   2454156  1361.401     0.037
   2454157  1361.391     0.039
   2454158  1361.370     0.042
   2454159  1361.352     0.040
   2454160  1361.325     0.039
   2454161  1361.324     0.046
   2454162  1361.325     0.049
   2454163  1361.351     0.044
   2454164  1361.378     0.040
   2454165  1361.409     0.043
   2454166  1361.386     0.042
   2454167  1361.355     0.042
   2454168  1361.334     0.044
   2454169  1361.314     0.038
   2454170  1361.309     0.034
   2454171  1361.310     0.039
   2454172  1361.314     0.040
   2454173  1361.311     0.039
   2454174  1361.316     0.040
   2454175  1361.312     0.038
   2454176  1361.317     0.036
   2454177  1361.324     0.040
   2454178  1361.339     0.042
   2454179  1361.354     0.039
   2454180  1361.365     0.041
   2454181  1361.391     0.036
   2454182  1361.401     0.036
   2454183  1361.427     0.035
   2454184  1361.448     0.039
   2454185  1361.449     0.038
   2454186  1361.438     0.038
   2454187  1361.462     0.042
   2454188  1361.494     0.043
   2454189  1361.487     0.042
   2454190  1361.495     0.041
   2454191  1361.493     0.044
   2454192  1361.446     0.044
   2454193  1361.414     0.041
   2454194  1361.385     0.046
   2454195  1361.373     0.043
   2454196  1361.355     0.040
   2454197  1361.350     0.040
   2454198  1361.351     0.037
   2454199  1361.334     0.038
   2454200  1361.333     0.040
   2454201  1361.311     0.039
   2454202  1361.292     0.039
   2454203  1361.292     0.039
   2454204  1361.317     0.037
   2454205  1361.317     0.037
   2454206  1361.337     0.038
   2454207  1361.326     0.038
   2454208  1361.311     0.038
   2454209  1361.321     0.039
   2454210  1361.324     0.039
   2454211  1361.326     0.038
   2454212  1361.309     0.038
   2454213  1361.303     0.035
   2454214  1361.324     0.036
   2454215  1361.344     0.038
   2454216  1361.357     0.039
   2454217  1361.335     0.037
   2454218  1361.291     0.041
   2454219  1361.192     0.038
   2454220  1361.100     0.039
   2454221  1360.989     0.040
   2454222  1360.957     0.039
   2454223  1360.998     0.042
   2454224  1361.081     0.038
   2454225  1361.168     0.040
   2454226  1361.260     0.041
   2454227  1361.323     0.041
   2454228  1361.330     0.039
   2454229  1361.294     0.040
   2454230  1361.251     0.041
   2454231  1361.240     0.041
   2454232  1361.247     0.040
   2454233  1361.278     0.043
   2454234  1361.297     0.039
   2454235  1361.309     0.043
   2454236  1361.249     0.040
   2454237  1361.187     0.045
   2454238  1361.126     0.040
   2454239  1361.101     0.049
   2454240  1361.155     0.045
   2454241  1361.232     0.039
   2454242  1361.310     0.044
   2454243  1361.395     0.039
   2454244  1361.446     0.038
   2454245  1361.476     0.041
   2454246  1361.436     0.037
   2454247  1361.382     0.039
   2454248  1361.359     0.044
   2454249  1361.371     0.040
   2454250  1361.403     0.041
   2454251  1361.418     0.041
   2454252  1361.429     0.042
   2454253  1361.421     0.043
   2454254  1361.409     0.042
   2454255  1361.369     0.043
   2454256  1361.308     0.038
   2454257  1361.270     0.041
   2454258  1361.306     0.043
   2454259  1361.342     0.044
   2454260  1361.412     0.044
   2454261  1361.485     0.042
   2454262  1361.520     0.041
   2454263  1361.534     0.042
   2454264  1361.511     0.042
   2454265  1361.469     0.037
   2454266  1361.380     0.038
   2454267  1361.359     0.034
   2454268  1361.359     0.037
   2454269  1361.355     0.035
   2454270  1361.343     0.035
   2454271  1361.327     0.039
   2454272  1361.318     0.039
   2454273  1361.305     0.040
   2454274  1361.294     0.040
   2454275  1361.285     0.040
   2454276  1361.276     0.042
   2454277  1361.257     0.041
   2454278  1361.282     0.041
   2454279  1361.276     0.043
   2454280  1361.283     0.040
   2454281  1361.312     0.038
   2454282  1361.304     0.039
   2454283  1361.286     0.041
   2454284  1361.292     0.037
   2454285  1361.335     0.037
   2454286  1361.381     0.039
   2454287  1361.401     0.041
   2454288  1361.433     0.043
   2454289  1361.417     0.041
   2454290  1361.368     0.040
   2454291  1361.243     0.040
   2454292  1361.099     0.037
   2454293  1361.012     0.042
   2454294  1360.996     0.041
   2454295  1361.051     0.039
   2454296  1361.124     0.041
   2454297  1361.198     0.039
   2454298  1361.251     0.041
   2454299  1361.313     0.042
   2454300  1361.336     0.038
   2454301  1361.330     0.038
   2454302  1361.294     0.036
   2454303  1361.254     0.035
   2454304  1361.251     0.037
   2454305  1361.275     0.039
   2454306  1361.302     0.038
   2454307  1361.328     0.039
   2454308  1361.363     0.040
   2454309  1361.385     0.037
   2454310  1361.400     0.036
   2454311  1361.393     0.038
   2454312  1361.402     0.035
   2454313  1361.406     0.032
   2454314  1361.400     0.034
   2454315  1361.407     0.032
   2454316  1361.433     0.036
   2454317  1361.433     0.038
   2454318  1361.400     0.040
   2454319  1361.366     0.039
   2454320  1361.362     0.043
   2454321  1361.338     0.046
   2454322  1361.326     0.047
   2454323  1361.355     0.046
   2454324  1361.368     0.044
   2454325  1361.381     0.040
   2454326  1361.388     0.042
   2454327  1361.397     0.045
   2454328  1361.367     0.043
   2454329  1361.348     0.041
   2454330  1361.328     0.040
   2454331  1361.330     0.043
   2454332  1361.333     0.041
   2454333  1361.355     0.045
   2454334  1361.368     0.043
   2454335  1361.396     0.043
   2454336  1361.395     0.041
   2454337  1361.370     0.042
   2454338  1361.360     0.044
   2454339  1361.354     0.038
   2454340  1361.339     0.041
   2454341  1361.339     0.037
   2454342  1361.347     0.041
   2454343  1361.357     0.043
   2454344  1361.387     0.040
   2454345  1361.375     0.038
   2454346  1361.325     0.038
   2454347  1361.276     0.039
   2454348  1361.277     0.038
   2454349  1361.281     0.037
   2454350  1361.272     0.039
   2454351  1361.257     0.041
   2454352  1361.239     0.038
   2454353  1361.224     0.040
   2454354  1361.243     0.039
   2454355  1361.244     0.041
   2454356  1361.253     0.042
   2454357  1361.260     0.040
   2454358  1361.240     0.040
   2454359  1361.253     0.039
   2454360  1361.264     0.038
   2454361  1361.277     0.040
   2454362  1361.302     0.042
   2454363  1361.316     0.040
   2454364  1361.313     0.039
   2454365  1361.330     0.042
   2454366  1361.345     0.038
   2454367  1361.335     0.040
   2454368  1361.331     0.043
   2454369  1361.329     0.040
   2454370  1361.320     0.040
   2454371  1361.311     0.040
   2454372  1361.302     0.044
   2454373  1361.294     0.042
   2454374  1361.278     0.042
   2454375  1361.263     0.043
   2454376  1361.255     0.038
   2454377  1361.250     0.040
   2454378  1361.254     0.041
   2454379  1361.243     0.040
   2454380  1361.246     0.040
   2454381  1361.267     0.038
   2454382  1361.282     0.040
   2454383  1361.305     0.042
   2454384  1361.285     0.044
   2454385  1361.320     0.045
   2454386  1361.335     0.041
   2454387  1361.326     0.038
   2454388  1361.337     0.041
   2454389  1361.328     0.037
   2454390  1361.346     0.033
   2454391  1361.362     0.037
   2454392  1361.355     0.035
   2454393  1361.364     0.037
   2454394  1361.372     0.039
   2454395  1361.384     0.042
   2454396  1361.368     0.040
   2454397  1361.359     0.040
   2454398  1361.336     0.039
   2454399  1361.314     0.039
   2454400  1361.315     0.039
   2454401  1361.299     0.035
   2454402  1361.275     0.039
   2454403  1361.270     0.039
   2454404  1361.260     0.040
   2454405  1361.255     0.040
   2454406  1361.244     0.041
   2454407  1361.249     0.043
   2454408  1361.243     0.040
   2454409  1361.230     0.037
   2454410  1361.231     0.038
   2454411  1361.250     0.036
   2454412  1361.259     0.037
   2454413  1361.250     0.038
   2454414  1361.250     0.035
   2454415  1361.277     0.036
   2454416  1361.273     0.034
   2454417  1361.277     0.035
   2454418  1361.299     0.037
   2454419  1361.301     0.036
   2454420  1361.296     0.038
   2454421  1361.287     0.036
   2454422  1361.292     0.038
   2454423  1361.312     0.036
   2454424  1361.315     0.039
   2454425  1361.309     0.036
   2454426  1361.305     0.040
   2454427  1361.291     0.041
   2454428  1361.261     0.041
   2454429  1361.272     0.038
   2454430  1361.295     0.040
   2454431  1361.302     0.045
   2454432  1361.287     0.042
   2454433  1361.292     0.042
   2454434  1361.286     0.043
   2454435  1361.293     0.044
   2454436  1361.292     0.043
   2454437  1361.295     0.045
   2454438  1361.310     0.045
   2454439  1361.315     0.043
   2454440  1361.331     0.044
   2454441  1361.371     0.043
   2454442  1361.376     0.043
   2454443  1361.364     0.042
   2454444  1361.284     0.040
   2454445  1361.202     0.039
   2454446  1361.156     0.043
   2454447  1361.155     0.042
   2454448  1361.152     0.043
   2454449  1361.312     0.046
   2454450  1361.477     0.045
   2454451  1361.531     0.044
   2454452  1361.474     0.044
   2454453  1361.366     0.043
   2454454  1361.330     0.040
   2454455  1361.316     0.034
   2454456  1361.303     0.039
   2454457  1361.287     0.041
   2454458  1361.277     0.035
   2454459  1361.275     0.037
   2454460  1361.285     0.039
   2454461  1361.300     0.039
   2454462  1361.272     0.037
   2454463  1361.267     0.037
   2454464  1361.264     0.042
   2454465  1361.259     0.038
   2454466  1361.281     0.038
   2454467  1361.346     0.042
   2454468  1361.429     0.040
   2454469  1361.480     0.041
   2454470  1361.517     0.048
   2454471  1361.526     0.046
   2454472  1361.498     0.043
   2454473  1361.474     0.038
   2454474  1361.488     0.040
   2454475  1361.488     0.039
   2454476  1361.503     0.044
   2454477  1361.483     0.042
   2454478  1361.452     0.040
   2454479  1361.375     0.040
   2454480  1361.308     0.042
   2454481  1361.257     0.041
   2454482  1361.254     0.043
   2454483  1361.251     0.044
   2454484  1361.263     0.040
   2454485  1361.246     0.038
   2454486  1361.231     0.038
   2454487  1361.239     0.038
   2454488  1361.238     0.037
   2454489  1361.250     0.037
   2454490  1361.263     0.039
   2454491  1361.259     0.042
   2454492  1361.256     0.040
   2454493  1361.276     0.042
   2454494  1361.310     0.039
   2454495  1361.357     0.042
   2454496  1361.378     0.040
   2454497  1361.387     0.042
   2454498  1361.404     0.036
   2454499  1361.411     0.045
   2454500  1361.415     0.041
   2454501  1361.409     0.039
   2454502  1361.425     0.037
   2454503  1361.406     0.042
   2454504  1361.410     0.045
   2454505  1361.374     0.042
   2454506  1361.341     0.043
   2454507  1361.320     0.041
   2454508  1361.305     0.040
   2454509  1361.266     0.036
   2454510  1361.257     0.041
   2454511  1361.251     0.042
   2454512  1361.246     0.038
   2454513  1361.231     0.036
   2454514  1361.237     0.036
   2454515  1361.262     0.035
   2454516  1361.301     0.039
   2454517  1361.266     0.037
   2454518  1361.264     0.039
   2454519  1361.269     0.039
   2454520  1361.271     0.041
   2454521  1361.293     0.039
   2454522  1361.327     0.040
   2454523  1361.340     0.040
   2454524  1361.341     0.038
   2454525  1361.340     0.037
   2454526  1361.319     0.039
   2454527  1361.303     0.041
   2454528  1361.314     0.040
   2454529  1361.320     0.037
   2454530  1361.322     0.038
   2454531  1361.319     0.037
   2454532  1361.310     0.034
   2454533  1361.285     0.033
   2454534  1361.251     0.035
   2454535  1361.248     0.035
   2454536  1361.248     0.039
   2454537  1361.238     0.040
   2454538  1361.232     0.040
   2454539  1361.242     0.040
   2454540  1361.250     0.041
   2454541  1361.243     0.044
   2454542  1361.263     0.043
   2454543  1361.272     0.040
   2454544  1361.278     0.039
   2454545  1361.250     0.040
   2454546  1361.252     0.039
   2454547  1361.273     0.040
   2454548  1361.318     0.039
   2454549  1361.327     0.039
   2454550  1361.305     0.042
   2454551  1361.180     0.039
   2454552  1361.093     0.044
   2454553  1361.083     0.038
   2454554  1361.121     0.038
   2454555  1361.216     0.039
   2454556  1361.303     0.037
   2454557  1361.373     0.036
   2454558  1361.419     0.040
   2454559  1361.421     0.044
   2454560  1361.400     0.038
   2454561  1361.363     0.039
   2454562  1361.326     0.037
   2454563  1361.296     0.042
   2454564  1361.271     0.041
   2454565  1361.269     0.041
   2454566  1361.268     0.039
   2454567  1361.251     0.037
   2454568  1361.234     0.039
   2454569  1361.238     0.035
   2454570  1361.245     0.033
   2454571  1361.240     0.037
   2454572  1361.235     0.037
   2454573  1361.257     0.038
   2454574  1361.268     0.035
   2454575  1361.296     0.040
   2454576  1361.318     0.037
   2454577  1361.336     0.039
   2454578  1361.359     0.036
   2454579  1361.383     0.041
   2454580  1361.408     0.039
   2454581  1361.418     0.042
   2454582  1361.403     0.041
   2454583  1361.377     0.039
   2454584  1361.351     0.040
   2454585  1361.357     0.036
   2454586  1361.333     0.038
   2454587  1361.309     0.041
   2454588  1361.282     0.039
   2454589  1361.239     0.041
   2454590  1361.210     0.038
   2454591  1361.205     0.041
   2454592  1361.217     0.039
   2454593  1361.221     0.044
   2454594  1361.226     0.041
   2454595  1361.225     0.039
   2454596  1361.243     0.039
   2454597  1361.275     0.037
   2454598  1361.291     0.038
   2454599  1361.307     0.040
   2454600  1361.324     0.037
   2454601  1361.344     0.038
   2454602  1361.387     0.040
   2454603  1361.419     0.040
   2454604  1361.419     0.036
   2454605  1361.422     0.034
   2454606  1361.414     0.037
   2454607  1361.436     0.037
   2454608  1361.432     0.039
   2454609  1361.424     0.036
   2454610  1361.413     0.040
   2454611  1361.396     0.038
   2454612  1361.356     0.040
   2454613  1361.320     0.038
   2454614  1361.290     0.038
   2454615  1361.273     0.036
   2454616  1361.259     0.040
   2454617  1361.245     0.044
   2454618  1361.211     0.041
   2454619  1361.195     0.041
   2454620  1361.192     0.041
   2454621  1361.206     0.039
   2454622  1361.205     0.038
   2454623  1361.189     0.042
   2454624  1361.185     0.045
   2454625  1361.192     0.046
   2454626  1361.186     0.044
   2454627  1361.200     0.039
   2454628  1361.202     0.040
   2454629  1361.217     0.040
   2454630  1361.246     0.042
   2454631  1361.269     0.044
   2454632  1361.276     0.043
   2454633  1361.289     0.040
   2454634  1361.312     0.041
   2454635  1361.349     0.040
   2454636  1361.316     0.040
   2454637  1361.301     0.041
   2454638  1361.285     0.045
   2454639  1361.288     0.041
   2454640  1361.282     0.039
   2454641  1361.266     0.039
   2454642  1361.261     0.035
   2454643  1361.244     0.037
   2454644  1361.231     0.039
   2454645  1361.229     0.040
   2454646  1361.220     0.044
   2454647  1361.220     0.040
   2454648  1361.225     0.039
   2454649  1361.231     0.036
   2454650  1361.246     0.040
   2454651  1361.235     0.042
   2454652  1361.234     0.047
   2454653  1361.254     0.045
   2454654  1361.267     0.042
   2454655  1361.274     0.039
   2454656  1361.275     0.041
   2454657  1361.260     0.040
   2454658  1361.260     0.040
   2454659  1361.274     0.037
   2454660  1361.273     0.036
   2454661  1361.292     0.036
   2454662  1361.299     0.039
   2454663  1361.284     0.040
   2454664  1361.274     0.042
   2454665  1361.268     0.041
   2454666  1361.274     0.040
   2454667  1361.285     0.045
   2454668  1361.268     0.047
   2454669  1361.255     0.040
   2454670  1361.246     0.036
   2454671  1361.236     0.036
   2454672  1361.222     0.036
   2454673  1361.190     0.042
   2454674  1361.171     0.040
   2454675  1361.172     0.036
   2454676  1361.179     0.035
   2454677  1361.200     0.039
   2454678  1361.216     0.042
   2454679  1361.194     0.037
   2454680  1361.217     0.039
   2454681  1361.242     0.038
   2454682  1361.260     0.042
   2454683  1361.254     0.044
   2454684  1361.266     0.041
   2454685  1361.270     0.043
   2454686  1361.270     0.038
   2454687  1361.289     0.034
   2454688  1361.304     0.039
   2454689  1361.298     0.041
   2454690  1361.280     0.037
   2454691  1361.268     0.038
   2454692  1361.268     0.042
   2454693  1361.273     0.039
   2454694  1361.287     0.037
   2454695  1361.307     0.036
   2454696  1361.318     0.038
   2454697  1361.299     0.038
   2454698  1361.294     0.040
   2454699  1361.270     0.038
   2454700  1361.267     0.039
   2454701  1361.271     0.046
   2454702  1361.263     0.045
   2454703  1361.238     0.041
   2454704  1361.244     0.040
   2454705  1361.262     0.036
   2454706  1361.264     0.037
   2454707  1361.241     0.037
   2454708  1361.247     0.038
   2454709  1361.249     0.039
   2454710  1361.250     0.040
   2454711  1361.245     0.039
   2454712  1361.237     0.041
   2454713  1361.248     0.041
   2454714  1361.228     0.035
   2454715  1361.224     0.038
   2454716  1361.246     0.038
   2454717  1361.241     0.036
   2454718  1361.252     0.034
   2454719  1361.264     0.038
   2454720  1361.257     0.040
   2454721  1361.250     0.040
   2454722  1361.240     0.037
   2454723  1361.223     0.040
   2454724  1361.212     0.039
   2454725  1361.210     0.038
   2454726  1361.227     0.040
   2454727  1361.233     0.038
   2454728  1361.248     0.042
   2454729  1361.237     0.038
   2454730  1361.242     0.038
   2454731  1361.242     0.039
   2454732  1361.270     0.040
   2454733  1361.304     0.040
   2454734  1361.316     0.036
   2454735  1361.330     0.040
   2454736  1361.313     0.041
   2454737  1361.294     0.038
   2454738  1361.306     0.040
   2454739  1361.294     0.041
   2454740  1361.276     0.042
   2454741  1361.279     0.041
   2454742  1361.295     0.042
   2454743  1361.309     0.040
   2454744  1361.309     0.041
   2454745  1361.304     0.043
   2454746  1361.314     0.042
   2454747  1361.295     0.040
   2454748  1361.294     0.040
   2454749  1361.296     0.041
   2454750  1361.296     0.040
   2454751  1361.283     0.044
   2454752  1361.283     0.043
   2454753  1361.301     0.042
   2454754  1361.301     0.042
   2454755  1361.310     0.039
   2454756  1361.324     0.039
   2454757  1361.317     0.040
   2454758  1361.301     0.039
   2454759  1361.298     0.040
   2454760  1361.293     0.039
   2454761  1361.278     0.040
   2454762  1361.284     0.038
   2454763  1361.290     0.041
   2454764  1361.283     0.041
   2454765  1361.284     0.043
   2454766  1361.277     0.040
   2454767  1361.262     0.042
   2454768  1361.272     0.041
   2454769  1361.282     0.044
   2454770  1361.292     0.041
   2454771  1361.286     0.042
   2454772  1361.292     0.044
   2454773  1361.260     0.042
   2454774  1361.262     0.045
   2454775  1361.313     0.041
   2454776  1361.327     0.044
   2454777  1361.338     0.043
   2454778  1361.334     0.042
   2454779  1361.348     0.039
   2454780  1361.375     0.043
   2454781  1361.359     0.043
   2454782  1361.324     0.043
   2454783  1361.322     0.040
   2454784  1361.326     0.043
   2454785  1361.359     0.043
   2454786  1361.357     0.040
   2454787  1361.329     0.039
   2454788  1361.309     0.042
   2454789  1361.295     0.040
   2454790  1361.274     0.035
   2454791  1361.253     0.037
   2454792  1361.250     0.042
   2454793  1361.263     0.044
   2454794  1361.270     0.044
   2454795  1361.271     0.039
   2454796  1361.273     0.042
   2454797  1361.268     0.042
   2454798  1361.277     0.043
   2454799  1361.260     0.040
   2454800  1361.251     0.042
   2454801  1361.261     0.046
   2454802  1361.277     0.041
   2454803  1361.273     0.038
   2454804  1361.285     0.039
   2454805  1361.278     0.039
   2454806  1361.287     0.042
   2454807  1361.274     0.041
   2454808  1361.257     0.042
   2454809  1361.252     0.043
   2454810  1361.269     0.042
   2454811  1361.273     0.038
   2454812  1361.277     0.041
   2454813  1361.290     0.040
   2454814  1361.274     0.036
   2454815  1361.274     0.041
   2454816  1361.270     0.039
   2454817  1361.288     0.042
   2454818  1361.292     0.037
   2454819  1361.297     0.036
   2454820  1361.303     0.038
   2454821  1361.291     0.041
   2454822  1361.289     0.036
   2454823  1361.281     0.036
   2454824  1361.295     0.037
   2454825  1361.305     0.038
   2454826  1361.312     0.036
   2454827  1361.320     0.038
   2454828  1361.320     0.039
   2454829  1361.320     0.034
   2454830  1361.326     0.034
   2454831  1361.310     0.037
   2454832  1361.287     0.036
   2454833  1361.271     0.037
   2454834  1361.283     0.039
   2454835  1361.288     0.041
   2454836  1361.249     0.038
   2454837  1361.225     0.035
   2454838  1361.230     0.037
   2454839  1361.232     0.038
   2454840  1361.233     0.043
   2454841  1361.226     0.040
   2454842  1361.213     0.038
   2454843  1361.220     0.041
   2454844  1361.235     0.036
   2454845  1361.290     0.036
   2454846  1361.283     0.038
   2454847  1361.294     0.038
   2454848  1361.307     0.040
   2454849  1361.324     0.040
   2454850  1361.328     0.038
   2454851  1361.317     0.041
   2454852  1361.306     0.040
   2454853  1361.295     0.041
   2454854  1361.283     0.038
   2454855  1361.300     0.041
   2454856  1361.306     0.046
   2454857  1361.310     0.041
   2454858  1361.308     0.040
   2454859  1361.295     0.037
   2454860  1361.292     0.039
   2454861  1361.289     0.037
   2454862  1361.278     0.044
   2454863  1361.278     0.043
   2454864  1361.289     0.044
   2454865  1361.299     0.037
   2454866  1361.311     0.035
   2454867  1361.309     0.038
   2454868  1361.295     0.037
   2454869  1361.307     0.039
   2454870  1361.311     0.035
   2454871  1361.304     0.035
   2454872  1361.301     0.037
   2454873  1361.301     0.041
   2454874  1361.305     0.037
   2454875  1361.303     0.040
   2454876  1361.286     0.041
   2454877  1361.286     0.040
   2454878  1361.300     0.039
   2454879  1361.312     0.040
   2454880  1361.303     0.042
   2454881  1361.276     0.041
   2454882  1361.253     0.041
   2454883  1361.253     0.040
   2454884  1361.239     0.041
   2454885  1361.234     0.042
   2454886  1361.218     0.040
   2454887  1361.221     0.042
   2454888  1361.241     0.042
   2454889  1361.244     0.041
   2454890  1361.252     0.041
   2454891  1361.280     0.042
   2454892  1361.274     0.038
   2454893  1361.266     0.036
   2454894  1361.280     0.033
   2454895  1361.281     0.035
   2454896  1361.301     0.040
   2454897  1361.303     0.035
   2454898  1361.288     0.036
   2454899  1361.324     0.039
   2454900  1361.318     0.040
   2454901  1361.308     0.040
   2454902  1361.302     0.041
   2454903  1361.289     0.038
   2454904  1361.286     0.040
   2454905  1361.289     0.040
   2454906  1361.294     0.038
   2454907  1361.301     0.034
   2454908  1361.288     0.038
   2454909  1361.282     0.037
   2454910  1361.256     0.038
   2454911  1361.239     0.035
   2454912  1361.253     0.040
   2454913  1361.260     0.038
   2454914  1361.263     0.038
   2454915  1361.250     0.036
   2454916  1361.237     0.035
   2454917  1361.225     0.041
   2454918  1361.234     0.038
   2454919  1361.244     0.040
   2454920  1361.264     0.040
   2454921  1361.269     0.039
   2454922  1361.280     0.041
   2454923  1361.263     0.039
   2454924  1361.254     0.042
   2454925  1361.264     0.039
   2454926  1361.263     0.036
   2454927  1361.285     0.039
   2454928  1361.313     0.041
   2454929  1361.308     0.040
   2454930  1361.297     0.040
   2454931  1361.293     0.041
   2454932  1361.292     0.038
   2454933  1361.289     0.039
   2454934  1361.285     0.043
   2454935  1361.282     0.042
   2454936  1361.286     0.039
   2454937  1361.292     0.037
   2454938  1361.277     0.041
   2454939  1361.287     0.038
   2454940  1361.285     0.039
   2454941  1361.262     0.037
   2454942  1361.247     0.042
   2454943  1361.249     0.043
   2454944  1361.258     0.042
   2454945  1361.252     0.043
   2454946  1361.246     0.041
   2454947  1361.233     0.041
   2454948  1361.225     0.046
   2454949  1361.227     0.039
   2454950  1361.238     0.040
   2454951  1361.234     0.041
   2454952  1361.254     0.043
   2454953  1361.248     0.041
   2454954  1361.241     0.043
   2454955  1361.266     0.047
   2454956  1361.275     0.042
   2454957  1361.269     0.040
   2454958  1361.265     0.043
   2454959  1361.266     0.044
   2454960  1361.294     0.042
   2454961  1361.326     0.040
   2454962  1361.380     0.040
   2454963  1361.400     0.038
   2454964  1361.423     0.039
   2454965  1361.415     0.038
   2454966  1361.383     0.041
   2454967  1361.389     0.040
   2454968  1361.417     0.043
   2454969  1361.430     0.042
   2454970  1361.433     0.037
   2454971  1361.417     0.043
   2454972  1361.383     0.045
   2454973  1361.356     0.044
   2454974  1361.354     0.043
   2454975  1361.343     0.044
   2454976  1361.339     0.039
   2454977  1361.333     0.040
   2454978  1361.315     0.041
   2454979  1361.283     0.040
   2454980  1361.267     0.039
   2454981  1361.273     0.040
   2454982  1361.264     0.041
   2454983  1361.253     0.039
   2454984  1361.241     0.042
   2454985  1361.242     0.039
   2454986  1361.281     0.039
   2454987  1361.309     0.043
   2454988  1361.322     0.042
   2454989  1361.330     0.042
   2454990  1361.343     0.042
   2454991  1361.364     0.042
   2454992  1361.357     0.042
   2454993  1361.325     0.041
   2454994  1361.310     0.043
   2454995  1361.304     0.041
   2454996  1361.326     0.037
   2454997  1361.329     0.039
   2454998  1361.333     0.039
   2454999  1361.320     0.039
   2455000  1361.299     0.037
   2455001  1361.286     0.037
   2455002  1361.274     0.039
   2455003  1361.273     0.039
   2455004  1361.280     0.042
   2455005  1361.286     0.039
   2455006  1361.276     0.042
   2455007  1361.284     0.040
   2455008  1361.296     0.039
   2455009  1361.323     0.034
   2455010  1361.321     0.035
   2455011  1361.298     0.036
   2455012  1361.291     0.041
   2455013  1361.300     0.040
   2455014  1361.307     0.037
   2455015  1361.289     0.035
   2455016  1361.265     0.040
   2455017  1361.220     0.039
   2455018  1361.187     0.036
   2455019  1361.198     0.033
   2455020  1361.231     0.032
   2455021  1361.254     0.036
   2455022  1361.285     0.035
   2455023  1361.279     0.035
   2455024  1361.290     0.040
   2455025  1361.285     0.041
   2455026  1361.270     0.039
   2455027  1361.237     0.041
   2455028  1361.247     0.044
   2455029  1361.236     0.042
   2455030  1361.231     0.042
   2455031  1361.233     0.044
   2455032  1361.263     0.044
   2455033  1361.279     0.042
   2455034  1361.277     0.041
   2455035  1361.281     0.042
   2455036  1361.291     0.042
   2455037  1361.295     0.039
   2455038  1361.312     0.040
   2455039  1361.308     0.041
   2455040  1361.333     0.043
   2455041  1361.350     0.041
   2455042  1361.356     0.040
   2455043  1361.355     0.045
   2455044  1361.349     0.040
   2455045  1361.348     0.038
   2455046  1361.347     0.042
   2455047  1361.347     0.043
   2455048  1361.332     0.038
   2455049  1361.307     0.036
   2455050  1361.297     0.038
   2455051  1361.270     0.042
   2455052  1361.238     0.043
   2455053  1361.228     0.041
   2455054  1361.228     0.039
   2455055  1361.223     0.041
   2455056  1361.224     0.039
   2455057  1361.214     0.038
   2455058  1361.208     0.039
   2455059  1361.201     0.039
   2455060  1361.217     0.042
   2455061  1361.234     0.043
   2455062  1361.238     0.043
   2455063  1361.248     0.046
   2455064  1361.266     0.047
   2455065  1361.258     0.042
   2455066  1361.235     0.040
   2455067  1361.262     0.038
   2455068  1361.295     0.043
   2455069  1361.315     0.044
   2455070  1361.336     0.044
   2455071  1361.346     0.043
   2455072  1361.348     0.039
   2455073  1361.352     0.041
   2455074  1361.345     0.043
   2455075  1361.336     0.043
   2455076  1361.339     0.039
   2455077  1361.343     0.041
   2455078  1361.321     0.035
   2455079  1361.286     0.042
   2455080  1361.266     0.038
   2455081  1361.265     0.043
   2455082  1361.263     0.039
   2455083  1361.250     0.039
   2455084  1361.247     0.040
   2455085  1361.239     0.041
   2455086  1361.223     0.043
   2455087  1361.225     0.044
   2455088  1361.219     0.038
   2455089  1361.235     0.043
   2455090  1361.235     0.046
   2455091  1361.244     0.043
   2455092  1361.249     0.041
   2455093  1361.242     0.043
   2455094  1361.259     0.040
   2455095  1361.270     0.038
   2455096  1361.298     0.043
   2455097  1361.330     0.041
   2455098  1361.339     0.041
   2455099  1361.356     0.041
   2455100  1361.370     0.042
   2455101  1361.404     0.036
   2455102  1361.428     0.039
   2455103  1361.440     0.042
   2455104  1361.450     0.039
   2455105  1361.437     0.042
   2455106  1361.400     0.039
   2455107  1361.378     0.041
   2455108  1361.342     0.040
   2455109  1361.309     0.041
   2455110  1361.286     0.042
   2455111  1361.265     0.043
   2455112  1361.262     0.042
   2455113  1361.260     0.044
   2455114  1361.264     0.045
   2455115  1361.262     0.045
   2455116  1361.283     0.042
   2455117  1361.318     0.044
   2455118  1361.307     0.042
   2455119  1361.301     0.043
   2455120  1361.285     0.042
   2455121  1361.290     0.045
   2455122  1361.318     0.046
   2455123  1361.315     0.045
   2455124  1361.353     0.045
   2455125  1361.378     0.047
   2455126  1361.389     0.046
   2455127  1361.391     0.052
   2455128  1361.403     0.049
   2455129  1361.385     0.043
   2455130  1361.339     0.043
   2455131  1361.321     0.044
   2455132  1361.270     0.041
   2455133  1361.309     0.039
   2455134  1361.347     0.041
   2455135  1361.370     0.043
   2455136  1361.351     0.041
   2455137  1361.327     0.040
   2455138  1361.309     0.042
   2455139  1361.307     0.041
   2455140  1361.309     0.037
   2455141  1361.302     0.036
   2455142  1361.291     0.036
   2455143  1361.293     0.039
   2455144  1361.300     0.036
   2455145  1361.320     0.038
   2455146  1361.345     0.041
   2455147  1361.346     0.038
   2455148  1361.339     0.038
   2455149  1361.349     0.037
   2455150  1361.383     0.039
   2455151  1361.442     0.040
   2455152  1361.464     0.036
   2455153  1361.478     0.037
   2455154  1361.464     0.037
   2455155  1361.458     0.037
   2455156  1361.462     0.036
   2455157  1361.468     0.038
   2455158  1361.491     0.038
   2455159  1361.477     0.039
   2455160  1361.457     0.037
   2455161  1361.457     0.036
   2455162  1361.415     0.037
   2455163  1361.357     0.036
   2455164  1361.331     0.040
   2455165  1361.313     0.037
   2455166  1361.318     0.036
   2455167  1361.315     0.038
   2455168  1361.314     0.042
   2455169  1361.301     0.040
   2455170  1361.305     0.037
   2455171  1361.298     0.033
   2455172  1361.284     0.035
   2455173  1361.288     0.036
   2455174  1361.317     0.037
   2455175  1361.340     0.038
   2455176  1361.349     0.042
   2455177  1361.370     0.041
   2455178  1361.390     0.041
   2455179  1361.416     0.036
   2455180  1361.389     0.042
   2455181  1361.328     0.041
   2455182  1361.301     0.041
   2455183  1361.238     0.039
   2455184  1361.321     0.039
   2455185  1361.439     0.036
   2455186  1361.476     0.038
   2455187  1361.471     0.038
   2455188  1361.455     0.037
   2455189  1361.445     0.037
   2455190  1361.444     0.039
   2455191  1361.403     0.040
   2455192  1361.383     0.037
   2455193  1361.346     0.036
   2455194  1361.321     0.037
   2455195  1361.278     0.038
   2455196  1361.251     0.035
   2455197  1361.208     0.040
   2455198  1361.257     0.040
   2455199  1361.302     0.040
   2455200  1361.359     0.045
   2455201  1361.375     0.040
   2455202  1361.381     0.038
   2455203  1361.382     0.038
   2455204  1361.414     0.036
   2455205  1361.484     0.038
   2455206  1361.506     0.039
   2455207  1361.501     0.041
   2455208  1361.430     0.041
   2455209  1361.330     0.041
   2455210  1361.326     0.041
   2455211  1361.369     0.039
   2455212  1361.609     0.042
   2455213  1361.418     0.045
   2455214  1361.302     0.042
   2455215  1361.522     0.041
   2455216  1361.426     0.043
   2455217  1361.409     0.045
   2455218  1361.419     0.045
   2455219  1361.423     0.045
   2455220  1361.382     0.046
   2455221  1361.375     0.044
   2455222  1361.399     0.043
   2455223  1361.419     0.043
   2455224  1361.414     0.044
   2455225  1361.429     0.042
   2455226  1361.458     0.043
   2455227  1361.478     0.041
   2455228  1361.451     0.041
   2455229  1361.422     0.040
   2455230  1361.406     0.042
   2455231  1361.410     0.042
   2455232  1361.433     0.042
   2455233  1361.481     0.040
   2455234  1361.454     0.044
   2455235  1361.394     0.039
   2455236  1361.401     0.040
   2455237  1361.514     0.040
   2455238  1361.572     0.035
   2455239  1361.630     0.037
   2455240  1361.694     0.037
   2455241  1361.690     0.041
   2455242  1361.698     0.041
   2455243  1361.694     0.044
   2455244  1361.699     0.044
   2455245  1361.671     0.042
   2455246  1361.644     0.041
   2455247  1361.634     0.039
   2455248  1361.621     0.040
   2455249  1361.625     0.037
   2455250  1361.628     0.037
   2455251  1361.605     0.041
   2455252  1361.579     0.040
   2455253  1361.543     0.039
   2455254  1361.523     0.036
   2455255  1361.495     0.039
   2455256  1361.465     0.041
   2455257  1361.445     0.034
   2455258  1361.480     0.034
   2455259  1361.544     0.037
   2455260  1361.566     0.038
   2455261  1361.549     0.037
   2455262  1361.528     0.039
   2455263  1361.549     0.041
   2455264  1361.576     0.037
   2455265  1361.595     0.038
   2455266  1361.628     0.037
   2455267  1361.616     0.035
   2455268  1361.530     0.036
   2455269  1361.424     0.042
   2455270  1361.420     0.043
   2455271  1361.495     0.041
   2455272  1361.590     0.041
   2455273  1361.648     0.037
   2455274  1361.676     0.036
   2455275  1361.668     0.041
   2455276  1361.626     0.043
   2455277  1361.586     0.041
   2455278  1361.600     0.041
   2455279  1361.594     0.036
   2455280  1361.536     0.039
   2455281  1361.423     0.038
   2455282  1361.286     0.042
   2455283  1361.206     0.042
   2455284  1361.150     0.038
   2455285  1361.181     0.041
   2455286  1361.265     0.038
   2455287  1361.358     0.041
   2455288  1361.426     0.041
   2455289  1361.455     0.039
   2455290  1361.515     0.037
   2455291  1361.550     0.036
   2455292  1361.570     0.038
   2455293  1361.571     0.039
   2455294  1361.622     0.037
   2455295  1361.648     0.037
   2455296  1361.638     0.039
   2455297  1361.607     0.038
   2455298  1361.574     0.037
   2455299  1361.557     0.037
   2455300  1361.544     0.036
   2455301  1361.540     0.037
   2455302  1361.535     0.035
   2455303  1361.512     0.031
   2455304  1361.487     0.031
   2455305  1361.496     0.035
   2455306  1361.524     0.033
   2455307  1361.557     0.038
   2455308  1361.588     0.035
   2455309  1361.570     0.033
   2455310  1361.556     0.034
   2455311  1361.545     0.039
   2455312  1361.574     0.042
   2455313  1361.632     0.044
   2455314  1361.659     0.037
   2455315  1361.664     0.037
   2455316  1361.665     0.035
   2455317  1361.650     0.036
   2455318  1361.644     0.037
   2455319  1361.640     0.035
   2455320  1361.655     0.039
   2455321  1361.717     0.038
   2455322  1361.721     0.036
   2455323  1361.697     0.038
   2455324  1361.670     0.036
   2455325  1361.622     0.039
   2455326  1361.571     0.040
   2455327  1361.541     0.040
   2455328  1361.504     0.040
   2455329  1361.473     0.040
   2455330  1361.437     0.038
   2455331  1361.422     0.038
   2455332  1361.416     0.038
   2455333  1361.409     0.040
   2455334  1361.437     0.040
   2455335  1361.449     0.038
   2455336  1361.463     0.042
   2455337  1361.462     0.041
   2455338  1361.443     0.039
   2455339  1361.395     0.039
   2455340  1361.409     0.043
   2455341  1361.487     0.035
   2455342  1361.539     0.038
   2455343  1361.572     0.042
   2455344  1361.605     0.038
   2455345  1361.619     0.039
   2455346  1361.607     0.040
   2455347  1361.579     0.040
   2455348  1361.594     0.041
   2455349  1361.577     0.043
   2455350  1361.525     0.041
   2455351  1361.480     0.039
   2455352  1361.488     0.041
   2455353  1361.506     0.042
   2455354  1361.485     0.042
   2455355  1361.458     0.043
   2455356  1361.424     0.041
   2455357  1361.398     0.036
   2455358  1361.410     0.038
   2455359  1361.443     0.038
   2455360  1361.478     0.040
   2455361  1361.487     0.040
   2455362  1361.487     0.038
   2455363  1361.471     0.039
   2455364  1361.505     0.041
   2455365  1361.496     0.041
   2455366  1361.474     0.039
   2455367  1361.464     0.039
   2455368  1361.459     0.039
   2455369  1361.503     0.037
   2455370  1361.571     0.037
   2455371  1361.609     0.037
   2455372  1361.610     0.039
   2455373  1361.593     0.039
   2455374  1361.583     0.038
   2455375  1361.563     0.041
   2455376  1361.549     0.038
   2455377  1361.551     0.036
   2455378  1361.540     0.038
   2455379  1361.540     0.038
   2455380  1361.530     0.035
   2455381  1361.505     0.038
   2455382  1361.472     0.035
   2455383  1361.457     0.036
   2455384  1361.463     0.038
   2455385  1361.482     0.038
   2455386  1361.507     0.040
   2455387  1361.541     0.040
   2455388  1361.588     0.036
   2455389  1361.573     0.034
   2455390  1361.546     0.033
   2455391  1361.535     0.034
   2455392  1361.521     0.038
   2455393  1361.525     0.040
   2455394  1361.558     0.038
   2455395  1361.617     0.037
   2455396  1361.677     0.038
   2455397  1361.709     0.037
   2455398  1361.699     0.034
   2455399  1361.601     0.036
   2455400  1361.512     0.035
   2455401  1361.496     0.034
   2455402  1361.524     0.035
   2455403  1361.563     0.038
   2455404  1361.641     0.036
   2455405  1361.654     0.035
   2455406  1361.704     0.032
   2455407  1361.706     0.036
   2455408  1361.635     0.037
   2455409  1361.561     0.039
   2455410  1361.404     0.039
   2455411  1361.327     0.036
   2455412  1361.345     0.036
   2455413  1361.412     0.035
   2455414  1361.475     0.035
   2455415  1361.421     0.032
   2455416  1361.531     0.035
   2455417  1361.522     0.035
   2455418  1361.515     0.034
   2455419  1361.526     0.036
   2455420  1361.593     0.032
   2455421  1361.669     0.036
   2455422  1361.715     0.035
   2455423  1361.698     0.034
   2455424  1361.680     0.039
   2455425  1361.688     0.036
   2455426  1361.699     0.038
   2455427  1361.717     0.038
   2455428  1361.698     0.037
   2455429  1361.663     0.036
   2455430  1361.634     0.035
   2455431  1361.605     0.037
   2455432  1361.597     0.038
   2455433  1361.603     0.035
   2455434  1361.593     0.036
   2455435  1361.562     0.037
   2455436  1361.491     0.035
   2455437  1361.416     0.034
   2455438  1361.355     0.034
   2455439  1361.360     0.035
   2455440  1361.422     0.040
   2455441  1361.505     0.037
   2455442  1361.579     0.034
   2455443  1361.606     0.033
   2455444  1361.594     0.033
   2455445  1361.613     0.032
   2455446  1361.602     0.034
   2455447  1361.604     0.034
   2455448  1361.613     0.035
   2455449  1361.578     0.031
   2455450  1361.602     0.033
   2455451  1361.647     0.032
   2455452  1361.677     0.032
   2455453  1361.705     0.030
   2455454  1361.690     0.032
   2455455  1361.648     0.029
   2455456  1361.606     0.032
   2455457  1361.593     0.031
   2455458  1361.617     0.031
   2455459  1361.617     0.031
   2455460  1361.633     0.031
   2455461  1361.626     0.033
   2455462  1361.589     0.034
   2455463  1361.491     0.031
   2455464  1361.359     0.030
   2455465  1361.289     0.036
   2455466  1361.249     0.033
   2455467  1361.245     0.037
   2455468  1361.285     0.034
   2455469  1361.319     0.033
   2455470  1361.398     0.032
   2455471  1361.462     0.032
   2455472  1361.503     0.035
   2455473  1361.508     0.034
   2455474  1361.496     0.032
   2455475  1361.469     0.034
   2455476  1361.464     0.036
   2455477  1361.455     0.035
   2455478  1361.475     0.036
   2455479  1361.536     0.033
   2455480  1361.578     0.035
   2455481  1361.574     0.037
   2455482  1361.575     0.036
   2455483  1361.587     0.036
   2455484  1361.608     0.033
   2455485  1361.598     0.034
   2455486  1361.567     0.035
   2455487  1361.544     0.034
   2455488  1361.566     0.035
   2455489  1361.581     0.035
   2455490  1361.569     0.033
   2455491  1361.499     0.036
   2455492  1361.475     0.037
   2455493  1361.466     0.036
   2455494  1361.408     0.034
   2455495  1361.347     0.036
   2455496  1361.248     0.035
   2455497  1361.182     0.035
   2455498  1361.177     0.032
   2455499  1361.259     0.030
   2455500  1361.379     0.035
   2455501  1361.453     0.034
   2455502  1361.466     0.036
   2455503  1361.458     0.038
   2455504  1361.458     0.035
   2455505  1361.505     0.037
   2455506  1361.589     0.039
   2455507  1361.681     0.034
   2455508  1361.705     0.035
   2455509  1361.724     0.035
   2455510  1361.729     0.032
   2455511  1361.698     0.031
   2455512  1361.655     0.030
   2455513  1361.628     0.031
   2455514  1361.609     0.028
   2455515  1361.590     0.033
   2455516  1361.517     0.031
   2455517  1361.532     0.029
   2455518  1361.567     0.031
   2455519  1361.612     0.030
   2455520  1361.617     0.034
   2455521  1361.586     0.033
   2455522  1361.581     0.028
   2455523  1361.590     0.032
   2455524  1361.587     0.028
   2455525  1361.583     0.030
   2455526  1361.571     0.034
   2455527  1361.515     0.034
   2455528  1361.492     0.033
   2455529  1361.436     0.032
   2455530  1361.313     0.036
   2455531  1361.239     0.036
   2455532  1361.275     0.033
   2455533  1361.481     0.033
   2455534  1361.529     0.031
   2455535  1361.522     0.034
   2455536  1361.431     0.034
   2455537  1361.353     0.032
   2455538  1361.281     0.033
   2455539  1361.259     0.031
   2455540  1361.245     0.032
   2455541  1361.298     0.034
   2455542  1361.381     0.031
   2455543  1361.540     0.032
   2455544  1361.675     0.035
   2455545  1361.733     0.036
   2455546  1361.730     0.035
   2455547  1361.678     0.036
   2455548  1361.632     0.035
   2455549  1361.647     0.033
   2455550  1361.664     0.034
   2455551  1361.666     0.034
   2455552  1361.670     0.036
   2455553  1361.656     0.033
   2455554  1361.632     0.032
   2455555  1361.572     0.031
   2455556  1361.519     0.036
   2455557  1361.474     0.033
   2455558  1361.479     0.037
   2455559  1361.471     0.032
   2455560  1361.499     0.032
   2455561  1361.542     0.031
   2455562  1361.647     0.033
   2455563  1361.591     0.035
   2455564  1361.552     0.037
   2455565  1361.552     0.033
   2455566  1361.518     0.036
   2455567  1361.524     0.031
   2455568  1361.568     0.032
   2455569  1361.601     0.034
   2455570  1361.639     0.035
   2455571  1361.661     0.033
   2455572  1361.693     0.035
   2455573  1361.659     0.035
   2455574  1361.608     0.037
   2455575  1361.565     0.034
   2455576  1361.542     0.037
   2455577  1361.550     0.030
   2455578  1361.590     0.034
   2455579  1361.618     0.034
   2455580  1361.603     0.034
   2455581  1361.552     0.033
   2455582  1361.489     0.035
   2455583  1361.419     0.035
   2455584  1361.347     0.033
   2455585  1361.316     0.033
   2455586  1361.351     0.041
   2455587  1361.418     0.041
   2455588  1361.487     0.040
   2455589  1361.511     0.038
   2455590  1361.492     0.036
   2455591  1361.594     0.033
   2455592  1361.588     0.037
   2455593  1361.567     0.036
   2455594  1361.573     0.038
   2455595  1361.605     0.035
   2455596  1361.665     0.035
   2455597  1361.669     0.036
   2455598  1361.681     0.038
   2455599  1361.705     0.039
   2455600  1361.728     0.035
   2455601  1361.755     0.035
   2455602  1361.724     0.038
   2455603  1361.697     0.038
   2455604  1361.664     0.038
   2455605  1361.632     0.037
   2455606  1361.447     0.040
   2455607  1361.290     0.039
   2455608  1361.218     0.036
   2455609  1361.235     0.037
   2455610  1361.272     0.036
   2455611  1361.288     0.039
   2455612  1361.298     0.039
   2455613  1361.307     0.038
   2455614  1361.388     0.037
   2455615  1361.474     0.039
   2455616  1361.517     0.038
   2455617  1361.493     0.038
   2455618  1361.486     0.037
   2455619  1361.540     0.037
   2455620  1361.593     0.037
   2455621  1361.579     0.034
   2455622  1361.417     0.035
   2455623  1361.319     0.036
   2455624  1361.323     0.034
   2455625  1361.285     0.035
   2455626  1361.217     0.036
   2455627  1361.272     0.034
   2455628  1361.341     0.036
   2455629  1361.235     0.036
   2455630  1361.114     0.033
   2455631  1361.039     0.036
   2455632  1361.120     0.035
   2455633  1361.369     0.034
   2455634  1361.647     0.034
   2455635  1361.812     0.034
   2455636  1361.874     0.036
   2455637  1361.839     0.035
   2455638  1361.755     0.033
   2455639  1361.651     0.036
   2455640  1361.555     0.032
   2455641  1361.521     0.035
   2455642  1361.465     0.033
   2455643  1361.426     0.033
   2455644  1361.572     0.033
   2455645  1361.601     0.036
   2455646  1361.588     0.038
   2455647  1361.597     0.034
   2455648  1361.625     0.039
   2455649  1361.704     0.037
   2455650  1361.804     0.036
   2455651  1361.889     0.036
   2455652  1362.029     0.035
   2455653  1362.137     0.034
   2455654  1362.225     0.033
   2455655  1362.205     0.033
   2455656  1362.102     0.031
   2455657  1362.099     0.034
   2455658  1362.101     0.035
   2455659  1362.100     0.034
   2455660  1362.089     0.033
   2455661  1362.093     0.038
   2455662  1362.016     0.037
   2455663  1361.897     0.038
   2455664  1361.755     0.040
   2455665  1361.694     0.038
   2455666  1361.609     0.036
   2455667  1361.464     0.039
   2455668  1361.380     0.038
   2455669  1361.363     0.039
   2455670  1361.381     0.035
   2455671  1361.406     0.037
   2455672  1361.498     0.037
   2455673  1361.621     0.034
   2455674  1361.611     0.037
   2455675  1361.636     0.038
   2455676  1361.663     0.036
   2455677  1361.727     0.039
   2455678  1361.794     0.038
   2455679  1361.903     0.038
   2455680  1362.023     0.034
   2455681  1362.137     0.037
   2455682  1362.158     0.037
   2455683  1362.113     0.034
   2455684  1362.000     0.033
   2455685  1361.935     0.034
   2455686  1361.911     0.038
   2455687  1361.905     0.038
   2455688  1361.882     0.038
   2455689  1361.899     0.037
   2455690  1361.907     0.038
   2455691  1361.896     0.033
   2455692  1361.887     0.034
   2455693  1361.889     0.036
   2455694  1361.875     0.035
   2455695  1361.843     0.031
   2455696  1361.790     0.034
   2455697  1361.746     0.035
   2455698  1361.711     0.035
   2455699  1361.699     0.038
   2455700  1361.747     0.037
   2455701  1361.777     0.036
   2455702  1361.760     0.038
   2455703  1361.759     0.036
   2455704  1361.801     0.036
   2455705  1361.847     0.037
   2455706  1361.848     0.038
   2455707  1361.820     0.037
   2455708  1361.816     0.038
   2455709  1361.753     0.036
   2455710  1361.704     0.037
   2455711  1361.756     0.038
   2455712  1361.752     0.037
   2455713  1361.767     0.035
   2455714  1361.796     0.037
   2455715  1361.753     0.034
   2455716  1361.726     0.033
   2455717  1361.779     0.031
   2455718  1361.862     0.030
   2455719  1361.924     0.033
   2455720  1361.974     0.035
   2455721  1361.952     0.036
   2455722  1361.878     0.033
   2455723  1361.771     0.033
   2455724  1361.744     0.037
   2455725  1361.735     0.037
   2455726  1361.694     0.037
   2455727  1361.679     0.034
   2455728  1361.682     0.034
   2455729  1361.655     0.038
   2455730  1361.692     0.039
   2455731  1361.742     0.035
   2455732  1361.738     0.034
   2455733  1361.702     0.034
   2455734  1361.706     0.035
   2455735  1361.761     0.036
   2455736  1361.822     0.032
   2455737  1361.924     0.035
   2455738  1361.966     0.036
   2455739  1361.957     0.032
   2455740  1361.910     0.036
   2455741  1361.893     0.035
   2455742  1361.846     0.037
   2455743  1361.766     0.037
   2455744  1361.730     0.034
   2455745  1361.700     0.036
   2455746  1361.665     0.037
   2455747  1361.656     0.036
   2455748  1361.682     0.033
   2455749  1361.726     0.035
   2455750  1361.748     0.034
   2455751  1361.709     0.034
   2455752  1361.669     0.034
   2455753  1361.637     0.038
   2455754  1361.658     0.034
   2455755  1361.772     0.038
   2455756  1361.855     0.033
   2455757  1361.891     0.035
   2455758  1361.887     0.036
   2455759  1361.864     0.037
   2455760  1361.840     0.035
   2455761  1361.854     0.038
   2455762  1361.886     0.039
   2455763  1361.858     0.038
   2455764  1361.842     0.036
   2455765  1361.868     0.037
   2455766  1361.919     0.034
   2455767  1361.828     0.035
   2455768  1361.764     0.032
   2455769  1361.692     0.034
   2455770  1361.608     0.036
   2455771  1361.444     0.032
   2455772  1361.181     0.032
   2455773  1360.897     0.032
   2455774  1360.648     0.035
   2455775  1360.416     0.035
   2455776  1360.471     0.034
   2455777  1360.704     0.034
   2455778  1361.023     0.032
   2455779  1361.323     0.033
   2455780  1361.416     0.033
   2455781  1361.483     0.035
   2455782  1361.606     0.034
   2455783  1361.758     0.035
   2455784  1361.884     0.036
   2455785  1361.958     0.039
   2455786  1361.987     0.037
   2455787  1361.949     0.034
   2455788  1361.885     0.032
   2455789  1361.871     0.031
   2455790  1361.895     0.032
   2455791  1361.910     0.030
   2455792  1361.799     0.030
   2455793  1361.668     0.031
   2455794  1361.602     0.031
   2455795  1361.578     0.033
   2455796  1361.532     0.031
   2455797  1361.670     0.036
   2455798  1361.864     0.033
   2455799  1362.030     0.030
   2455800  1362.093     0.035
   2455801  1362.027     0.034
   2455802  1361.898     0.035
   2455803  1361.809     0.036
   2455804  1361.832     0.034
   2455805  1361.778     0.036
   2455806  1361.735     0.035
   2455807  1361.731     0.034
   2455808  1361.759     0.036
   2455809  1361.744     0.034
   2455810  1361.697     0.036
   2455811  1361.685     0.036
   2455812  1361.725     0.034
   2455813  1361.715     0.029
   2455814  1361.649     0.035
   2455815  1361.583     0.032
   2455816  1361.559     0.034
   2455817  1361.596     0.030
   2455818  1361.673     0.032
   2455819  1361.672     0.032
   2455820  1361.615     0.030
   2455821  1361.662     0.028
   2455822  1361.746     0.031
   2455823  1361.780     0.030
   2455824  1361.892     0.030
   2455825  1362.007     0.031
   2455826  1362.104     0.035
   2455827  1362.121     0.037
   2455828  1361.889     0.031
   2455829  1361.544     0.033
   2455830  1361.235     0.030
   2455831  1361.023     0.033
   2455832  1360.960     0.031
   2455833  1361.013     0.033
   2455834  1361.161     0.032
   2455835  1361.328     0.034
   2455836  1361.461     0.032
   2455837  1361.705     0.036
   2455838  1361.994     0.037
   2455839  1362.047     0.036
   2455840  1362.015     0.035
   2455841  1361.962     0.035
   2455842  1361.877     0.033
   2455843  1361.770     0.032
   2455844  1361.783     0.034
   2455845  1361.766     0.031
   2455846  1361.773     0.033
   2455847  1361.767     0.033
   2455848  1361.599     0.037
   2455849  1361.499     0.035
   2455850  1361.507     0.032
   2455851  1361.459     0.032
   2455852  1361.547     0.034
   2455853  1361.795     0.032
   2455854  1362.046     0.031
   2455855  1362.213     0.033
   2455856  1362.092     0.030
   2455857  1362.025     0.032
   2455858  1361.898     0.030
   2455859  1361.793     0.031
   2455860  1361.720     0.031
   2455861  1361.677     0.033
   2455862  1361.679     0.034
   2455863  1361.644     0.036
   2455864  1361.712     0.034
   2455865  1361.812     0.034
   2455866  1361.920     0.035
   2455867  1362.078     0.034
   2455868  1362.088     0.034
   2455869  1361.906     0.032
   2455870  1361.597     0.033
   2455871  1361.281     0.031
   2455872  1361.138     0.030
   2455873  1361.078     0.033
   2455874  1361.190     0.036
   2455875  1361.376     0.034
   2455876  1361.591     0.033
   2455877  1361.897     0.032
   2455878  1362.238     0.034
   2455879  1362.467     0.030
   2455880  1362.479     0.035
   2455881  1362.435     0.035
   2455882  1362.464     0.034
   2455883  1362.505     0.034
   2455884  1362.492     0.035
   2455885  1362.434     0.035
   2455886  1362.368     0.035
   2455887  1362.278     0.035
   2455888  1362.147     0.036
   2455889  1362.035     0.038
   2455890  1361.950     0.034
   2455891  1361.876     0.032
   2455892  1361.863     0.031
   2455893  1361.965     0.032
   2455894  1362.081     0.035
   2455895  1362.135     0.035
   2455896  1362.147     0.033
   2455897  1362.104     0.033
   2455898  1362.032     0.031
   2455899  1361.909     0.033
   2455900  1361.910     0.036
   2455901  1361.999     0.035
   2455902  1362.127     0.035
   2455903  1362.289     0.031
   2455904  1362.441     0.031
   2455905  1362.466     0.031
   2455906  1362.381     0.034
   2455907  1362.341     0.032
   2455908  1362.337     0.029
   2455909  1362.339     0.033
   2455910  1362.322     0.032
   2455911  1362.276     0.032
   2455912  1362.259     0.032
   2455913  1362.300     0.032
   2455914  1362.291     0.033
   2455915  1362.228     0.032
   2455916  1362.171     0.034
   2455917  1362.004     0.033
   2455918  1361.841     0.032
   2455919  1361.787     0.034
   2455920  1361.781     0.033
   2455921  1361.770     0.031
   2455922  1361.700     0.031
   2455923  1361.737     0.033
   2455924  1361.877     0.033
   2455925  1362.013     0.033
   2455926  1362.065     0.035
   2455927  1362.063     0.033
   2455928  1361.983     0.035
   2455929  1361.917     0.033
   2455930  1361.937     0.032
   2455931  1361.983     0.032
   2455932  1362.040     0.030
   2455933  1362.027     0.032
   2455934  1361.906     0.034
   2455935  1361.803     0.033
   2455936  1361.760     0.034
   2455937  1361.907     0.033
   2455938  1362.042     0.035
   2455939  1362.129     0.039
   2455940  1362.122     0.035
   2455941  1362.104     0.028
   2455942  1362.098     0.032
   2455943  1362.149     0.034
   2455944  1362.073     0.033
   2455945  1361.875     0.035
   2455946  1361.655     0.034
   2455947  1361.500     0.036
   2455948  1361.570     0.034
   2455949  1361.765     0.030
   2455950  1361.987     0.034
   2455951  1362.160     0.034
   2455952  1362.267     0.033
   2455953  1362.275     0.034
   2455954  1362.199     0.034
   2455955  1362.152     0.034
   2455956  1362.156     0.033
   2455957  1362.120     0.033
   2455958  1362.074     0.035
   2455959  1362.002     0.035
   2455960  1361.973     0.030
   2455961  1362.060     0.029
   2455962  1362.119     0.032
   2455963  1362.156     0.034
   2455964  1362.123     0.032
   2455965  1362.067     0.036
   2455966  1361.992     0.037
   2455967  1361.913     0.037
   2455968  1361.724     0.037
   2455969  1361.614     0.034
   2455970  1361.681     0.036
   2455971  1361.829     0.034
   2455972  1361.980     0.034
   2455973  1362.046     0.038
   2455974  1362.037     0.039
   2455975  1362.025     0.038
   2455976  1362.018     0.034
   2455977  1361.964     0.038
   2455978  1361.783     0.040
   2455979  1361.793     0.035
   2455980  1361.905     0.035
   2455981  1362.018     0.036
   2455982  1362.099     0.039
   2455983  1362.186     0.036
   2455984  1362.263     0.038
   2455985  1362.262     0.034
   2455986  1362.207     0.038
   2455987  1362.183     0.036
   2455988  1362.146     0.035
   2455989  1362.089     0.037
   2455990  1362.044     0.035
   2455991  1361.915     0.036
   2455992  1361.477     0.037
   2455993  1361.068     0.041
   2455994  1360.734     0.040
   2455995  1360.763     0.042
   2455996  1361.018     0.039
   2455997  1361.330     0.039
   2455998  1361.637     0.038
   2455999  1361.904     0.036
   2456000  1361.930     0.040
   2456001  1361.841     0.039
   2456002  1361.747     0.036
   2456003  1361.740     0.034
   2456004  1361.786     0.032
   2456005  1361.875     0.032
   2456006  1361.970     0.037
   2456007  1362.014     0.039
   2456008  1362.040     0.039
   2456009  1362.051     0.037
   2456010  1362.062     0.036
   2456011  1362.081     0.035
   2456012  1362.076     0.038
   2456013  1362.009     0.036
   2456014  1361.953     0.039
   2456015  1361.962     0.038
   2456016  1362.003     0.040
   2456017  1362.060     0.042
   2456018  1362.168     0.041
   2456019  1362.174     0.045
   2456020  1362.091     0.043
   2456021  1361.995     0.043
   2456022  1361.925     0.041
   2456023  1361.901     0.040
   2456024  1361.951     0.042
   2456025  1362.037     0.041
   2456026  1362.068     0.039
   2456027  1362.051     0.041
   2456028  1362.033     0.043
   2456029  1362.009     0.044
   2456030  1361.940     0.041
   2456031  1361.902     0.039
   2456032  1361.965     0.040
   2456033  1362.038     0.039
   2456034  1362.135     0.039
   2456035  1362.081     0.038
   2456036  1361.835     0.039
   2456037  1361.590     0.038
   2456038  1361.277     0.039
   2456039  1361.096     0.038
   2456040  1361.115     0.038
   2456041  1361.296     0.039
   2456042  1361.654     0.038
   2456043  1361.847     0.038
   2456044  1362.020     0.039
   2456045  1362.040     0.037
   2456046  1361.968     0.041
   2456047  1361.922     0.039
   2456048  1361.750     0.039
   2456049  1361.645     0.039
   2456050  1361.625     0.037
   2456051  1361.740     0.035
   2456052  1361.813     0.036
   2456053  1361.851     0.038
   2456054  1361.764     0.037
   2456055  1361.666     0.036
   2456056  1361.463     0.038
   2456057  1361.170     0.036
   2456058  1360.908     0.039
   2456059  1360.951     0.036
   2456060  1361.199     0.037
   2456061  1361.576     0.038
   2456062  1361.870     0.038
   2456063  1361.996     0.039
   2456064  1361.987     0.035
   2456065  1361.863     0.035
   2456066  1361.696     0.039
   2456067  1361.596     0.035
   2456068  1361.707     0.041
   2456069  1361.912     0.043
   2456070  1362.073     0.040
   2456071  1362.149     0.044
   2456072  1362.074     0.038
   2456073  1362.009     0.035
   2456074  1361.929     0.039
   2456075  1361.878     0.041
   2456076  1361.824     0.040
   2456077  1361.782     0.039
   2456078  1361.854     0.039
   2456079  1361.969     0.039
   2456080  1362.099     0.038
   2456081  1362.176     0.039
   2456082  1362.115     0.042
   2456083  1361.934     0.039
   2456084  1361.690     0.036
   2456085  1361.511     0.035
   2456086  1361.755     0.039
   2456087  1362.044     0.039
   2456088  1362.292     0.038
   2456089  1362.446     0.038
   2456090  1362.368     0.037
   2456091  1361.937     0.044
   2456092  1361.474     0.041
   2456093  1361.130     0.042
   2456094  1361.059     0.044
   2456095  1361.283     0.043
   2456096  1361.531     0.042
   2456097  1361.790     0.038
   2456098  1361.920     0.035
   2456099  1361.933     0.036
   2456100  1361.886     0.034
   2456101  1361.830     0.036
   2456102  1361.812     0.039
   2456103  1361.811     0.038
   2456104  1361.789     0.036
   2456105  1361.753     0.034
   2456106  1361.723     0.034
   2456107  1361.691     0.038
   2456108  1361.667     0.037
   2456109  1361.488     0.039
   2456110  1361.271     0.037
   2456111  1361.052     0.037
   2456112  1361.009     0.038
   2456113  1361.138     0.037
   2456114  1361.393     0.034
   2456115  1361.758     0.033
   2456116  1361.980     0.039
   2456117  1361.895     0.036
   2456118  1361.402     0.032
   2456119  1360.942     0.037
   2456120  1360.728     0.040
   2456121  1360.722     0.035
   2456122  1360.857     0.035
   2456123  1361.121     0.039
   2456124  1361.534     0.036
   2456125  1361.860     0.031
   2456126  1361.937     0.033
   2456127  1361.833     0.034
   2456128  1361.739     0.032
   2456129  1361.728     0.033
   2456130  1361.717     0.035
   2456131  1361.750     0.032
   2456132  1361.804     0.033
   2456133  1361.900     0.035
   2456134  1361.995     0.033
   2456135  1362.092     0.031
   2456136  1362.129     0.032
   2456137  1362.017     0.030
   2456138  1361.841     0.031
   2456139  1361.684     0.034
   2456140  1361.678     0.028
   2456141  1361.796     0.030
   2456142  1362.027     0.033
   2456143  1362.211     0.034
   2456144  1362.304     0.035
   2456145  1362.265     0.035
   2456146  1362.223     0.032
   2456147  1362.165     0.035
   2456148  1362.143     0.034
   2456149  1362.071     0.036
   2456150  1362.058     0.037
   2456151  1361.993     0.037
   2456152  1361.910     0.040
   2456153  1361.739     0.038
   2456154  1361.633     0.035
   2456155  1361.591     0.039
   2456156  1361.634     0.038
   2456157  1361.677     0.038
   2456158  1361.723     0.036
   2456159  1361.780     0.034
   2456160  1361.849     0.037
   2456161  1361.906     0.034
   2456162  1361.989     0.034
   2456163  1362.037     0.033
   2456164  1362.021     0.035
   2456165  1362.003     0.033
   2456166  1362.056     0.034
   2456167  1362.129     0.035
   2456168  1362.221     0.035
   2456169  1362.290     0.032
   2456170  1362.246     0.034
   2456171  1362.203     0.036
   2456172  1362.196     0.034
   2456173  1362.202     0.034
   2456174  1362.143     0.035
   2456175  1362.176     0.034
   2456176  1362.249     0.034
   2456177  1362.255     0.032
   2456178  1362.197     0.036
   2456179  1362.080     0.037
   2456180  1362.036     0.036
   2456181  1362.024     0.038
   2456182  1361.939     0.038
   2456183  1361.787     0.036
   2456184  1361.693     0.036
   2456185  1361.630     0.037
   2456186  1361.620     0.037
   2456187  1361.684     0.035
   2456188  1361.771     0.038
   2456189  1361.895     0.033
   2456190  1362.066     0.032
   2456191  1362.193     0.035
   2456192  1362.260     0.037
   2456193  1362.237     0.036
   2456194  1362.186     0.036
   2456195  1362.208     0.034
   2456196  1362.360     0.032
   2456197  1362.523     0.034
   2456198  1362.521     0.034
   2456199  1362.386     0.032
   2456200  1362.213     0.035
   2456201  1362.041     0.036
   2456202  1361.863     0.033
   2456203  1361.790     0.034
   2456204  1361.792     0.032
   2456205  1361.788     0.032
   2456206  1361.797     0.038
   2456207  1361.750     0.039
   2456208  1361.676     0.037
   2456209  1361.631     0.035
   2456210  1361.658     0.034
   2456211  1361.714     0.036
   2456212  1361.734     0.034
   2456213  1361.805     0.036
   2456214  1361.835     0.034
   2456215  1361.817     0.032
   2456216  1361.937     0.032
   2456217  1362.166     0.033
   2456218  1362.313     0.033
   2456219  1362.424     0.032
   2456220  1362.435     0.029
   2456221  1362.409     0.034
   2456222  1362.306     0.035
   2456223  1362.179     0.033
   2456224  1362.108     0.033
   2456225  1362.003     0.034
   2456226  1361.889     0.031
   2456227  1361.818     0.030
   2456228  1361.756     0.034
   2456229  1361.761     0.031
   2456230  1361.843     0.035
   2456231  1361.925     0.034
   2456232  1361.915     0.032
   2456233  1361.896     0.036
   2456234  1361.875     0.035
   2456235  1361.860     0.037
   2456236  1361.847     0.035
   2456237  1361.873     0.033
   2456238  1361.932     0.036
   2456239  1361.986     0.035
   2456240  1362.006     0.039
   2456241  1361.948     0.037
   2456242  1361.851     0.040
   2456243  1361.816     0.038
   2456244  1361.844     0.038
   2456245  1361.875     0.036
   2456246  1362.008     0.037
   2456247  1362.253     0.035
   2456248  1362.383     0.038
   2456249  1362.414     0.031
   2456250  1362.365     0.034
   2456251  1362.269     0.032
   2456252  1362.216     0.032
   2456253  1362.137     0.035
   2456254  1362.004     0.034
   2456255  1361.990     0.036
   2456256  1362.038     0.035
   2456257  1362.043     0.036
   2456258  1361.905     0.034
   2456259  1361.808     0.034
   2456260  1361.785     0.033
   2456261  1361.756     0.034
   2456262  1361.688     0.040
   2456263  1361.588     0.038
   2456264  1361.598     0.034
   2456265  1361.689     0.032
   2456266  1361.798     0.034
   2456267  1361.897     0.033
   2456268  1361.982     0.031
   2456269  1362.063     0.033
   2456270  1362.059     0.033
   2456271  1362.019     0.037
   2456272  1361.990     0.036
   2456273  1362.057     0.036
   2456274  1362.153     0.038
   2456275  1362.204     0.035
   2456276  1362.261     0.032
   2456277  1362.314     0.035
   2456278  1362.311     0.036
   2456279  1362.213     0.035
   2456280  1362.046     0.034
   2456281  1361.913     0.035
   2456282  1361.843     0.034
   2456283  1361.771     0.032
   2456284  1361.728     0.035
   2456285  1361.740     0.038
   2456286  1361.811     0.037
   2456287  1361.921     0.034
   2456288  1362.025     0.033
   2456289  1362.103     0.035
   2456290  1362.093     0.034
   2456291  1362.026     0.035
   2456292  1361.917     0.033
   2456293  1361.787     0.036
   2456294  1361.795     0.034
   2456295  1361.857     0.033
   2456296  1361.879     0.031
   2456297  1361.916     0.034
   2456298  1361.975     0.037
   2456299  1362.048     0.037
   2456300  1362.074     0.036
   2456301  1362.009     0.038
   2456302  1361.862     0.035
   2456303  1361.708     0.036
   2456304  1361.500     0.034
   2456305  1361.340     0.036
   2456306  1361.329     0.038
   2456307  1361.464     0.033
   2456308  1361.635     0.032
   2456309  1361.807     0.031
   2456310  1361.953     0.031
   2456311  1362.016     0.031
   2456312  1362.012     0.033
   2456313  1361.969     0.032
   2456314  1361.877     0.034
   2456315  1361.859     0.033
   2456316  1361.899     0.034
   2456317  1361.948     0.037
   2456318  1361.979     0.036
   2456319  1361.956     0.038
   2456320  1361.887     0.037
   2456321  1361.854     0.038
   2456322  1361.863     0.035
   2456323  1361.897     0.038
   2456324  1361.888     0.036
   2456325  1361.868     0.036
   2456326  1361.864     0.035
   2456327  1361.849     0.033
   2456328  1361.938     0.034
   2456329  1361.971     0.035
   2456330  1362.051     0.038
   2456331  1362.147     0.036
   2456332  1362.162     0.041
   2456333  1362.090     0.038
   2456334  1362.044     0.037
   2456335  1362.090     0.038
   2456336  1362.127     0.039
   2456337  1362.142     0.034
   2456338  1362.082     0.034
   2456339  1362.000     0.034
   2456340  1361.930     0.035
   2456341  1361.832     0.035
   2456342  1361.768     0.038
   2456343  1361.619     0.039
   2456344  1361.560     0.037
   2456345  1361.664     0.036
   2456346  1361.768     0.037
   2456347  1361.790     0.041
   2456348  1361.822     0.039
   2456349  1361.860     0.037
   2456350  1361.821     0.035
   2456351  1361.783     0.034
   2456352  1361.730     0.039
   2456353  1361.735     0.035
   2456354  1361.878     0.038
   2456355  1362.092     0.036
   2456356  1362.245     0.033
   2456357  1362.366     0.035
   2456358  1362.410     0.035
   2456359  1362.340     0.036
   2456360  1362.231     0.039
   2456361  1362.167     0.038
   2456362  1362.147     0.034
   2456363  1362.169     0.037
   2456364  1362.051     0.035
   2456365  1361.862     0.033
   2456366  1361.662     0.037
   2456367  1361.568     0.041
   2456368  1361.503     0.037
   2456369  1361.538     0.035
   2456370  1361.641     0.038
   2456371  1361.737     0.034
   2456372  1361.784     0.038
   2456373  1361.792     0.035
   2456374  1361.777     0.034
   2456375  1361.807     0.037
   2456376  1361.832     0.035
   2456377  1361.819     0.038
   2456378  1361.796     0.036
   2456379  1361.774     0.034
   2456380  1361.788     0.036
   2456381  1361.793     0.037
   2456382  1361.873     0.034
   2456383  1361.969     0.033
   2456384  1362.060     0.035
   2456385  1361.987     0.037
   2456386  1361.831     0.035
   2456387  1361.759     0.034
   2456388  1361.735     0.033
   2456389  1361.782     0.034
   2456390  1361.899     0.035
   2456391  1361.917     0.036
   2456392  1361.813     0.033
   2456393  1361.798     0.033
   2456394  1361.685     0.037
   2456395  1361.604     0.037
   2456396  1361.726     0.035
   2456397  1361.797     0.037
   2456398  1361.741     0.037
   2456399  1361.588     0.035
   2456400  1361.578     0.036
   2456401  1361.592     0.033
   2456402  1361.616     0.034
   2456403  1361.463     0.037
   2456404  1361.300     0.036
   2456405  1361.325     0.037
   2456406  1361.432     0.035
   2456407  1361.602     0.037
   2456408  1361.835     0.037
   2456409  1361.914     0.036
   2456410  1361.910     0.038
   2456411  1361.970     0.038
   2456412  1361.887     0.037
   2456413  1361.716     0.034
   2456414  1361.663     0.033
   2456415  1361.734     0.034
   2456416  1361.815     0.034
   2456417  1361.873     0.031
   2456418  1361.901     0.032
   2456419  1361.869     0.032
   2456420  1361.877     0.030
   2456421  1361.944     0.032
   2456422  1362.026     0.031
   2456423  1362.057     0.032
   2456424  1362.012     0.034
   2456425  1361.824     0.038
   2456426  1361.644     0.037
   2456427  1361.555     0.037
   2456428  1361.485     0.040
   2456429  1361.499     0.035
   2456430  1361.686     0.038
   2456431  1361.923     0.036
   2456432  1362.122     0.034
   2456433  1362.271     0.033
   2456434  1362.300     0.038
   2456435  1362.136     0.036
   2456436  1361.872     0.036
   2456437  1361.726     0.036
   2456438  1361.800     0.036
   2456439  1361.963     0.037
   2456440  1362.135     0.037
   2456441  1362.334     0.039
   2456442  1362.439     0.036
   2456443  1362.449     0.037
   2456444  1362.315     0.041
   2456445  1362.105     0.039
   2456446  1361.905     0.038
   2456447  1361.832     0.038
   2456448  1361.918     0.040
   2456449  1362.020     0.039
   2456450  1362.037     0.040
   2456451  1361.939     0.042
   2456452  1361.915     0.041
   2456453  1361.964     0.041
   2456454  1362.013     0.040
   2456455  1361.988     0.039
   2456456  1361.931     0.037
   2456457  1361.945     0.035
   2456458  1361.941     0.034
   2456459  1362.106     0.034
   2456460  1362.109     0.034
   2456461  1361.964     0.035
   2456462  1361.756     0.035
   2456463  1361.606     0.038
   2456464  1361.595     0.037
   2456465  1361.642     0.034
   2456466  1361.959     0.037
   2456467  1362.292     0.037
   2456468  1362.383     0.035
   2456469  1362.295     0.039
   2456470  1362.152     0.038
   2456471  1362.004     0.034
   2456472  1361.914     0.036
   2456473  1361.912     0.036
   2456474  1361.947     0.034
   2456475  1362.030     0.033
   2456476  1362.106     0.032
   2456477  1361.997     0.035
   2456478  1361.746     0.036
   2456479  1361.448     0.037
   2456480  1361.317     0.034
   2456481  1361.325     0.031
   2456482  1361.428     0.032
   2456483  1361.586     0.032
   2456484  1361.931     0.033
   2456485  1362.308     0.035
   2456486  1362.474     0.037
   2456487  1362.432     0.036
   2456488  1362.370     0.036
   2456489  1362.260     0.038
   2456490  1362.123     0.039
   2456491  1362.113     0.042
   2456492  1362.151     0.040
   2456493  1362.254     0.034
   2456494  1362.312     0.040
   2456495  1362.284     0.044
   2456496  1362.282     0.037
   2456497  1362.262     0.034
   2456498  1362.180     0.038
   2456499  1362.125     0.036
   2456500  1361.958     0.037
   2456501  1362.011     0.037
   2456502  1362.047     0.036
   2456503  1362.065     0.032
   2456504  1362.071     0.031
   2456505  1362.068     0.035
   2456506  1362.042     0.034
   2456507  1361.979     0.032
   2456508  1361.969     0.032
   2456509  1361.989     0.033
   2456510  1362.044     0.030
   2456511  1362.119     0.030
   2456512  1362.126     0.034
   2456513  1362.140     0.034
   2456514  1362.235     0.035
   2456515  1362.238     0.034
   2456516  1362.146     0.040
   2456517  1361.983     0.037
   2456518  1361.841     0.038
   2456519  1361.906     0.039
   2456520  1362.048     0.038
   2456521  1362.138     0.033
   2456522  1362.213     0.038
   2456523  1362.248     0.041
   2456524  1362.272     0.040
   2456525  1362.244     0.038
   2456526  1362.213     0.034
   2456527  1362.219     0.036
   2456528  1362.274     0.036
   2456529  1362.221     0.041
   2456530  1362.166     0.036
   2456531  1362.124     0.037
   2456532  1362.067     0.038
   2456533  1361.983     0.037
   2456534  1361.908     0.041
   2456535  1361.818     0.045
   2456536  1361.783     0.045
   2456537  1361.810     0.043
   2456538  1361.870     0.037
   2456539  1361.986     0.042
   2456540  1362.095     0.041
   2456541  1362.138     0.041
   2456542  1362.158     0.042
   2456543  1362.150     0.045
   2456544  1362.108     0.037
   2456545  1362.113     0.040
   2456546  1362.131     0.040
   2456547  1362.124     0.042
   2456548  1362.142     0.039
   2456549  1362.127     0.038
   2456550  1362.199     0.035
   2456551  1362.154     0.035
   2456552  1362.140     0.038
   2456553  1362.113     0.034
   2456554  1361.998     0.033
   2456555  1362.001     0.038
   2456556  1362.041     0.046
   2456557  1362.047     0.044
   2456558  1362.016     0.040
   2456559  1362.031     0.039
   2456560  1362.151     0.042
   2456561  1362.150     0.045
   2456562  1362.159     0.045
   2456563  1362.167     0.054
   2456564  1362.181     0.056
   2456565  1362.138     0.043
   2456566  1362.091     0.053
   2456567  1362.076     0.046
   2456568  1362.082     0.047
   2456569  1362.082     0.043
   2456570  1362.076     0.040
   2456571  1362.044     0.041
   2456572  1362.031     0.037
   2456573  1362.054     0.043
   2456574  1362.038     0.049
   2456575  1362.020     0.050
   2456576  1361.881     0.049
   2456577  1361.634     0.047
   2456578  1361.636     0.049
   2456579  1361.655     0.045
   2456580  1361.767     0.049
   2456581  1361.884     0.046
   2456582  1362.058     0.045
   2456583  1362.141     0.044
   2456584  1362.130     0.040
   2456585  1362.026     0.047
   2456586  1361.891     0.049
   2456587  1361.612     0.042
   2456588  1361.293     0.048
   2456589  1361.000     0.042
   2456590  1361.033     0.041
   2456591  1361.197     0.043
   2456592  1361.407     0.045
   2456593  1361.559     0.048
   2456594  1361.640     0.046
   2456595  1361.645     0.042
   2456596  1361.539     0.046
   2456597  1361.518     0.044
   2456598  1361.597     0.047
   2456599  1361.802     0.049
   2456600  1361.891     0.048
   2456601  1361.819     0.050
   2456602  1361.672     0.045
   2456603  1361.557     0.043
   2456604  1361.457     0.041
   2456605  1361.509     0.040
   2456606  1361.641     0.041
   2456607  1361.728     0.045
   2456608  1361.859     0.039
   2456609  1361.854     0.045
   2456610  1361.720     0.051
   2456611  1361.584     0.050
   2456612  1361.459     0.043
   2456613  1361.306     0.047
   2456614  1361.411     0.047
   2456615  1361.669     0.048
   2456616  1361.828     0.045
   2456617  1361.906     0.049
   2456618  1361.965     0.040
   2456619  1362.072     0.043
   2456620  1362.151     0.045
   2456621  1362.206     0.049
   2456622  1362.146     0.048
   2456623  1362.020     0.044
   2456624  1361.912     0.040
   2456625  1361.801     0.044
   2456626  1361.792     0.048
   2456627  1361.815     0.043
   2456628  1361.924     0.045
   2456629  1362.042     0.044
   2456630  1362.162     0.047
   2456631  1362.176     0.046
   2456632  1362.240     0.047
   2456633  1362.226     0.040
   2456634  1362.277     0.039
   2456635  1362.333     0.046
   2456636  1362.377     0.041
   2456637  1362.328     0.041
   2456638  1362.205     0.041
   2456639  1362.110     0.038
   2456640  1361.961     0.037
   2456641  1361.856     0.043
   2456642  1361.875     0.038
   2456643  1362.006     0.038
   2456644  1362.018     0.040
   2456645  1362.007     0.038
   2456646  1361.921     0.037
   2456647  1361.902     0.036
   2456648  1361.875     0.035
   2456649  1361.795     0.039
   2456650  1361.732     0.035
   2456651  1361.730     0.035
   2456652  1361.767     0.038
   2456653  1361.841     0.038
   2456654  1361.899     0.037
   2456655  1361.951     0.038
   2456656  1362.003     0.036
   2456657  1362.027     0.039
   2456658  1362.010     0.041
   2456659  1362.040     0.040
   2456660  1362.011     0.040
   2456661  1361.808     0.039
   2456662  1361.396     0.040
   2456663  1360.830     0.041
   2456664  1360.488     0.037
   2456665  1360.322     0.037
   2456666  1360.492     0.043
   2456667  1360.977     0.039
   2456668  1361.645     0.041
   2456669  1361.930     0.046
   2456670  1362.133     0.046
   2456671  1362.185     0.044
   2456672  1362.141     0.043
   2456673  1362.133     0.038
   2456674  1362.266     0.041
   2456675  1362.249     0.046
   2456676  1362.188     0.043
   2456677  1362.113     0.041
   2456678  1361.973     0.041
   2456679  1361.935     0.039
   2456680  1361.893     0.042
   2456681  1361.841     0.039
   2456682  1361.959     0.038
   2456683  1361.972     0.041
   2456684  1362.041     0.039
   2456685  1362.146     0.041
   2456686  1362.183     0.043
   2456687  1362.030     0.044
   2456688  1361.801     0.041
   2456689  1361.337     0.046
   2456690  1360.721     0.047
   2456691  1360.208     0.043
   2456692  1360.127     0.046
   2456693  1360.520     0.043
   2456694  1360.873     0.045
   2456695  1361.444     0.043
   2456696  1361.963     0.041
   2456697  1362.157     0.040
   2456698  1362.010     0.041
   2456699  1361.757     0.041
   2456700  1361.513     0.036
   2456701  1361.339     0.040
   2456702  1361.296     0.046
   2456703  1361.269     0.045
   2456704  1361.477     0.044
   2456705  1361.785     0.042
   2456706  1361.965     0.046
   2456707  1362.047     0.043
   2456708  1361.972     0.041
   2456709  1361.877     0.052
   2456710  1361.787     0.049
   2456711  1361.672     0.044
   2456712  1361.679     0.044
   2456713  1361.946     0.043
   2456714  1362.159     0.048
   2456715  1362.328     0.049
   2456716  1362.321     0.047
   2456717  1362.146     0.043
   2456718  1362.034     0.045
   2456719  1362.048     0.038
   2456720  1362.175     0.037
   2456721  1362.369     0.036
   2456722  1362.537     0.034
   2456723  1362.689     0.038
   2456724  1362.622     0.035
   2456725  1362.513     0.034
   2456726  1362.330     0.034
   2456727  1362.146     0.038
   2456728  1361.927     0.040
   2456729  1361.852     0.041
   2456730  1361.868     0.041
   2456731  1362.004     0.040
   2456732  1362.131     0.042
   2456733  1362.198     0.039
   2456734  1362.230     0.040
   2456735  1362.310     0.038
   2456736  1362.338     0.040
   2456737  1362.227     0.038
   2456738  1362.261     0.039
   2456739  1362.203     0.040
   2456740  1362.193     0.041
   2456741  1362.181     0.038
   2456742  1362.246     0.036
   2456743  1362.459     0.037
   2456744  1362.549     0.039
   2456745  1362.592     0.041
   2456746  1362.613     0.036
   2456747  1362.602     0.037
   2456748  1362.478     0.039
   2456749  1362.210     0.040
   2456750  1362.069     0.039
   2456751  1361.869     0.037
   2456752  1361.806     0.040
   2456753  1361.980     0.035
   2456754  1362.147     0.041
   2456755  1362.281     0.040
   2456756  1362.265     0.042
   2456757  1362.294     0.040
   2456758  1362.372     0.040
   2456759  1362.247     0.044
   2456760  1362.096     0.041
   2456761  1361.977     0.043
   2456762  1361.745     0.045
   2456763  1361.471     0.042
   2456764  1361.315     0.043
   2456765  1361.474     0.047
   2456766  1361.670     0.042
   2456767  1362.065     0.045
   2456768  1362.415     0.042
   2456769  1362.539     0.044
   2456770  1362.393     0.048
   2456771  1362.318     0.041
   2456772  1362.299     0.044
   2456773  1362.352     0.044
   2456774  1362.310     0.045
   2456775  1362.281     0.041
   2456776  1362.203     0.040
   2456777  1362.033     0.041
   2456778  1361.796     0.043
   2456779  1361.619     0.043
   2456780  1361.358     0.045
   2456781  1361.469     0.040
   2456782  1361.790     0.042
   2456783  1361.959     0.044
   2456784  1362.038     0.044
   2456785  1361.929     0.042
   2456786  1361.827     0.043
   2456787  1361.686     0.043
   2456788  1361.567     0.049
   2456789  1361.547     0.046
   2456790  1361.636     0.043
   2456791  1361.799     0.044
   2456792  1361.991     0.042
   2456793  1362.215     0.047
   2456794  1362.411     0.041
   2456795  1362.458     0.043
   2456796  1362.468     0.045
   2456797  1362.304     0.042
   2456798  1362.252     0.047
   2456799  1362.184     0.042
   2456800  1362.209     0.047
   2456801  1362.152     0.049
   2456802  1362.093     0.042
   2456803  1362.092     0.045
   2456804  1362.101     0.043
   2456805  1362.067     0.044
   2456806  1362.038     0.046
   2456807  1362.078     0.042
   2456808  1362.063     0.040
   2456809  1362.108     0.043
   2456810  1362.077     0.043
   2456811  1362.095     0.042
   2456812  1362.146     0.043
   2456813  1362.112     0.042
   2456814  1362.004     0.038
   2456815  1361.747     0.039
   2456816  1361.455     0.040
   2456817  1361.298     0.042
   2456818  1361.325     0.039
   2456819  1361.470     0.039
   2456820  1361.844     0.037
   2456821  1362.113     0.038
   2456822  1362.289     0.036
   2456823  1362.203     0.040
   2456824  1361.938     0.039
   2456825  1361.900     0.035
   2456826  1361.915     0.043
   2456827  1361.970     0.040
   2456828  1361.977     0.041
   2456829  1361.946     0.037
   2456830  1361.934     0.036
   2456831  1361.970     0.039
   2456832  1361.914     0.040
   2456833  1361.829     0.041
   2456834  1361.768     0.038
   2456835  1361.834     0.042
   2456836  1361.864     0.038
   2456837  1361.921     0.040
   2456838  1362.110     0.042
   2456839  1362.217     0.041
   2456840  1362.112     0.043
   2456841  1361.818     0.041
   2456842  1361.544     0.041
   2456843  1361.377     0.040
   2456844  1361.133     0.040
   2456845  1360.842     0.043
   2456846  1360.825     0.043
   2456847  1361.134     0.042
   2456848  1361.666     0.047
   2456849  1361.913     0.044
   2456850  1362.069     0.044
   2456851  1362.148     0.044
   2456852  1362.271     0.039
   2456853  1362.269     0.044
   2456854  1362.203     0.042
   2456855  1362.122     0.040
   2456856  1362.084     0.044
   2456857  1361.946     0.039
   2456858  1361.818     0.040
   2456859  1361.686     0.040
   2456860  1361.696     0.042
   2456861  1361.756     0.046
   2456862  1361.818     0.042
   2456863  1361.820     0.038
   2456864  1361.876     0.039
   2456865  1361.967     0.035
   2456866  1362.092     0.038
   2456867  1362.237     0.039
   2456868  1362.356     0.042
   2456869  1362.449     0.043
   2456870  1362.538     0.043
   2456871  1362.606     0.047
   2456872  1362.579     0.047
   2456873  1362.541     0.041
   2456874  1362.561     0.040
   2456875  1362.520     0.041
   2456876  1362.418     0.040
   2456877  1362.310     0.042
   2456878  1362.175     0.037
   2456879  1362.024     0.035
   2456880  1362.026     0.036
   2456881  1362.021     0.039
   2456882  1362.012     0.041
   2456883  1361.957     0.040
   2456884  1361.871     0.039
   2456885  1361.722     0.042
   2456886  1361.601     0.040
   2456887  1361.679     0.037
   2456888  1361.799     0.034
   2456889  1361.862     0.037
   2456890  1361.887     0.038
   2456891  1361.857     0.036
   2456892  1361.964     0.034
   2456893  1361.989     0.039
   2456894  1362.044     0.043
   2456895  1361.994     0.042
   2456896  1362.044     0.043
   2456897  1362.150     0.044
   2456898  1362.229     0.041
   2456899  1362.180     0.042
   2456900  1362.105     0.041
   2456901  1362.155     0.045
   2456902  1362.180     0.041
   2456903  1362.114     0.038
   2456904  1362.100     0.037
   2456905  1362.110     0.042
   2456906  1362.136     0.035
   2456907  1362.033     0.035
   2456908  1361.924     0.036
   2456909  1361.665     0.038
   2456910  1361.488     0.040
   2456911  1361.583     0.039
   2456912  1361.790     0.042
   2456913  1362.089     0.040
   2456914  1362.313     0.042
   2456915  1362.455     0.042
   2456916  1362.485     0.043
   2456917  1362.399     0.041
   2456918  1362.333     0.044
   2456919  1362.392     0.043
   2456920  1362.410     0.042
   2456921  1362.326     0.046
   2456922  1362.256     0.049
   2456923  1362.132     0.048
   2456924  1361.963     0.047
   2456925  1361.801     0.042
   2456926  1361.612     0.046
   2456927  1361.461     0.046
   2456928  1361.551     0.046
   2456929  1361.844     0.042
   2456930  1362.103     0.046
   2456931  1362.321     0.045
   2456932  1362.386     0.043
   2456933  1362.410     0.048
   2456934  1362.441     0.043
   2456935  1362.492     0.041
   2456936  1362.633     0.039
   2456937  1362.614     0.044
   2456938  1362.588     0.044
   2456939  1362.483     0.041
   2456940  1362.374     0.043
   2456941  1362.341     0.045
   2456942  1362.277     0.048
   2456943  1362.218     0.044
   2456944  1362.132     0.047
   2456945  1362.071     0.047
   2456946  1362.047     0.049
   2456947  1362.060     0.046
   2456948  1362.000     0.046
   2456949  1361.861     0.045
   2456950  1361.415     0.044
   2456951  1360.757     0.043
   2456952  1360.174     0.043
   2456953  1359.549     0.041
   2456954  1359.383     0.043
   2456955  1359.683     0.043
   2456956  1360.186     0.042
   2456957  1360.928     0.045
   2456958  1361.587     0.042
   2456959  1362.029     0.041
   2456960  1362.285     0.036
   2456961  1362.371     0.036
   2456962  1362.419     0.036
   2456963  1362.353     0.033
   2456964  1362.231     0.038
   2456965  1362.197     0.041
   2456966  1362.255     0.038
   2456967  1362.287     0.042
   2456968  1362.318     0.042
   2456969  1362.300     0.043
   2456970  1362.194     0.039
   2456971  1362.161     0.038
   2456972  1362.180     0.042
   2456973  1362.195     0.044
   2456974  1362.359     0.041
   2456975  1362.647     0.042
   2456976  1362.719     0.041
   2456977  1362.668     0.041
   2456978  1362.359     0.043
   2456979  1362.042     0.041
   2456980  1361.852     0.042
   2456981  1361.773     0.047
   2456982  1361.831     0.044
   2456983  1361.936     0.041
   2456984  1361.968     0.038
   2456985  1362.086     0.045
   2456986  1362.074     0.043
   2456987  1362.055     0.044
   2456988  1362.007     0.044
   2456989  1361.887     0.043
   2456990  1361.800     0.048
   2456991  1361.727     0.039
   2456992  1361.747     0.041
   2456993  1361.742     0.043
   2456994  1361.750     0.044
   2456995  1361.870     0.041
   2456996  1362.062     0.043
   2456997  1362.210     0.039
   2456998  1362.268     0.045
   2456999  1362.293     0.045
   2457000  1362.308     0.039
   2457001  1362.306     0.042
   2457002  1362.376     0.042
   2457003  1362.428     0.040
   2457004  1362.461     0.043
   2457005  1362.475     0.043
   2457006  1362.359     0.045
   2457007  1362.069     0.045
   2457008  1361.629     0.040
   2457009  1361.230     0.043
   2457010  1361.034     0.041
   2457011  1361.348     0.038
   2457012  1361.696     0.041
   2457013  1362.093     0.045
   2457014  1362.362     0.048
   2457015  1362.554     0.045
   2457016  1362.549     0.044
   2457017  1362.411     0.044
   2457018  1362.305     0.044
   2457019  1362.264     0.042
   2457020  1362.281     0.044
   2457021  1362.188     0.042
   2457022  1362.053     0.042
   2457023  1361.936     0.042
   2457024  1361.717     0.041
   2457025  1361.549     0.040
   2457026  1361.476     0.042
   2457027  1361.641     0.042
   2457028  1361.934     0.041
   2457029  1362.274     0.039
   2457030  1362.513     0.041
   2457031  1362.597     0.042
   2457032  1362.530     0.042
   2457033  1362.543     0.039
   2457034  1362.455     0.040
   2457035  1362.445     0.037
   2457036  1362.656     0.036
   2457037  1362.784     0.038
   2457038  1362.832     0.039
   2457039  1362.782     0.046
   2457040  1362.720     0.042
   2457041  1362.473     0.037
   2457042  1362.224     0.042
   2457043  1362.200     0.045
   2457044  1362.216     0.044
   2457045  1362.218     0.040
   2457046  1362.171     0.041
   2457047  1362.066     0.041
   2457048  1361.926     0.039
   2457049  1361.702     0.040
   2457050  1361.560     0.038
   2457051  1361.709     0.040
   2457052  1361.947     0.038
   2457053  1362.193     0.044
   2457054  1362.415     0.041
   2457055  1362.541     0.039
   2457056  1362.629     0.042
   2457057  1362.680     0.039
   2457058  1362.733     0.040
   2457059  1362.827     0.043
   2457060  1362.867     0.038
   2457061  1362.809     0.039
   2457062  1362.711     0.040
   2457063  1362.711     0.038
   2457064  1362.760     0.040
   2457065  1362.712     0.039
   2457066  1362.626     0.039
   2457067  1362.489     0.038
   2457068  1362.384     0.040
   2457069  1362.305     0.039
   2457070  1362.270     0.040
   2457071  1362.282     0.043
   2457072  1362.362     0.044
   2457073  1362.377     0.042
   2457074  1362.348     0.048
   2457075  1362.305     0.047
   2457076  1362.246     0.045
   2457077  1362.257     0.045
   2457078  1362.381     0.047
   2457079  1362.473     0.046
   2457080  1362.549     0.040
   2457081  1362.508     0.044
   2457082  1362.539     0.044
   2457083  1362.574     0.042
   2457084  1362.603     0.044
   2457085  1362.733     0.046
   2457086  1362.863     0.044
   2457087  1362.869     0.043
   2457088  1362.830     0.043
   2457089  1362.759     0.046
   2457090  1362.653     0.044
   2457091  1362.453     0.047
   2457092  1362.233     0.045
   2457093  1361.986     0.047
   2457094  1361.819     0.049
   2457095  1361.873     0.051
   2457096  1361.871     0.046
   2457097  1361.891     0.047
   2457098  1362.002     0.044
   2457099  1362.103     0.040
   2457100  1362.128     0.039
   2457101  1362.116     0.043
   2457102  1362.106     0.044
   2457103  1362.101     0.042
   2457104  1362.148     0.041
   2457105  1362.203     0.039
   2457106  1362.233     0.041
   2457107  1362.213     0.041
   2457108  1362.248     0.037
   2457109  1362.281     0.043
   2457110  1362.308     0.046
   2457111  1362.324     0.042
   2457112  1362.445     0.041
   2457113  1362.617     0.041
   2457114  1362.712     0.043
   2457115  1362.762     0.040
   2457116  1362.713     0.039
   2457117  1362.670     0.038
   2457118  1362.498     0.043
   2457119  1362.337     0.040
   2457120  1362.222     0.041
   2457121  1362.153     0.041
   2457122  1362.175     0.043
   2457123  1362.192     0.040
   2457124  1362.202     0.040
   2457125  1362.174     0.037
   2457126  1362.097     0.040
   2457127  1361.994     0.040
   2457128  1361.832     0.038
   2457129  1361.712     0.039
   2457130  1361.742     0.042
   2457131  1361.880     0.042
   2457132  1361.997     0.044
   2457133  1362.236     0.046
   2457134  1362.432     0.040
   2457135  1362.515     0.041
   2457136  1362.580     0.043
   2457137  1362.476     0.042
   2457138  1362.432     0.041
   2457139  1362.430     0.044
   2457140  1362.464     0.042
   2457141  1362.512     0.045
   2457142  1362.469     0.047
   2457143  1362.422     0.042
   2457144  1362.363     0.042
   2457145  1362.255     0.041
   2457146  1362.075     0.045
   2457147  1361.834     0.041
   2457148  1361.795     0.041
   2457149  1361.773     0.047
   2457150  1361.786     0.050
   2457151  1361.724     0.052
   2457152  1361.706     0.049
   2457153  1361.663     0.046
   2457154  1361.705     0.045
   2457155  1361.829     0.039
   2457156  1361.929     0.040
   2457157  1362.150     0.045
   2457158  1362.343     0.041
   2457159  1362.427     0.043
   2457160  1362.482     0.044
   2457161  1362.470     0.043
   2457162  1362.532     0.041
   2457163  1362.559     0.048
   2457164  1362.472     0.044
   2457165  1362.332     0.050
   2457166  1362.216     0.047
   2457167  1362.128     0.048
   2457168  1362.144     0.048
   2457169  1362.188     0.047
   2457170  1362.189     0.044
   2457171  1362.182     0.043
   2457172  1362.092     0.046
   2457173  1362.011     0.043
   2457174  1361.995     0.042
   2457175  1362.032     0.039
   2457176  1362.187     0.039
   2457177  1362.306     0.041
   2457178  1362.363     0.041
   2457179  1362.342     0.043
   2457180  1362.337     0.040
   2457181  1362.253     0.045
   2457182  1362.222     0.041
   2457183  1362.320     0.041
   2457184  1362.418     0.040
   2457185  1362.542     0.043
   2457186  1362.575     0.041
   2457187  1362.556     0.042
   2457188  1362.399     0.043
   2457189  1362.223     0.043
   2457190  1362.023     0.042
   2457191  1361.778     0.046
   2457192  1361.489     0.045
   2457193  1361.187     0.047
   2457194  1361.026     0.045
   2457195  1360.995     0.043
   2457196  1361.096     0.045
   2457197  1361.205     0.048
   2457198  1361.433     0.040
   2457199  1361.656     0.051
   2457200  1361.803     0.045
   2457201  1361.935     0.043
   2457202  1362.015     0.049
   2457203  1362.090     0.043
   2457204  1362.224     0.042
   2457205  1362.213     0.048
   2457206  1362.192     0.048
   2457207  1362.184     0.045
   2457208  1362.179     0.044
   2457209  1362.143     0.044
   2457210  1362.000     0.041
   2457211  1362.046     0.045
   2457212  1362.089     0.050
   2457213  1362.173     0.046
   2457214  1362.152     0.044
   2457215  1362.205     0.042
   2457216  1362.238     0.040
   2457217  1362.308     0.043
   2457218  1362.337     0.044
   2457219  1362.282     0.044
   2457220  1362.222     0.042
   2457221  1362.187     0.042
   2457222  1362.132     0.039
   2457223  1362.025     0.044
   2457224  1361.920     0.041
   2457225  1361.936     0.040
   2457226  1361.951     0.043
   2457227  1361.935     0.045
   2457228  1361.942     0.040
   2457229  1361.945     0.042
   2457230  1361.897     0.046
   2457231  1361.973     0.042
   2457232  1362.123     0.040
   2457233  1362.255     0.041
   2457234  1362.305     0.040
   2457235  1362.313     0.042
   2457236  1362.307     0.043
   2457237  1362.284     0.042
   2457238  1362.249     0.041
   2457239  1362.163     0.043
   2457240  1361.972     0.047
   2457241  1361.688     0.043
   2457242  1361.441     0.044
   2457243  1361.417     0.044
   2457244  1361.493     0.046
   2457245  1361.682     0.048
   2457246  1361.942     0.043
   2457247  1362.045     0.042
   2457248  1362.058     0.047
   2457249  1361.946     0.047
   2457250  1361.915     0.043
   2457251  1361.896     0.038
   2457252  1361.868     0.039
   2457253  1361.879     0.044
   2457254  1361.826     0.044
   2457255  1361.747     0.043
   2457256  1361.550     0.042
   2457257  1361.308     0.041
   2457258  1361.096     0.041
   2457259  1360.961     0.041
   2457260  1361.173     0.040
   2457261  1361.540     0.041
   2457262  1361.870     0.045
   2457263  1362.119     0.038
   2457264  1362.231     0.042
   2457265  1362.244     0.041
   2457266  1362.233     0.040
   2457267  1362.197     0.042
   2457268  1362.129     0.041
   2457269  1362.069     0.042
   2457270  1362.055     0.044
   2457271  1362.017     0.047
   2457272  1361.992     0.042
   2457273  1361.977     0.046
   2457274  1361.943     0.045
   2457275  1361.861     0.051
   2457276  1361.773     0.049
   2457277  1361.625     0.046
   2457278  1361.525     0.047
   2457279  1361.593     0.046
   2457280  1361.666     0.050
   2457281  1361.659     0.046
   2457282  1361.559     0.047
   2457283  1361.536     0.043
   2457284  1361.559     0.046
   2457285  1361.703     0.046
   2457286  1361.905     0.045
   2457287  1361.976     0.045
   2457288  1362.044     0.038
   2457289  1361.970     0.042
   2457290  1361.835     0.047
   2457291  1361.529     0.048
   2457292  1361.272     0.046
   2457293  1361.287     0.044
   2457294  1361.285     0.043
   2457295  1361.373     0.041
   2457296  1361.567     0.041
   2457297  1361.757     0.043
   2457298  1361.821     0.043
   2457299  1361.829     0.041
   2457300  1361.833     0.047
   2457301  1361.820     0.044
   2457302  1361.779     0.047
   2457303  1361.752     0.042
   2457304  1361.699     0.045
   2457305  1361.762     0.044
   2457306  1361.787     0.043
   2457307  1361.855     0.043
   2457308  1361.861     0.045
   2457309  1361.888     0.049
   2457310  1361.986     0.048
   2457311  1362.043     0.046
   2457312  1362.069     0.045
   2457313  1362.127     0.044
   2457314  1362.257     0.046
   2457315  1362.264     0.050
   2457316  1362.191     0.049
   2457317  1362.117     0.049
   2457318  1362.125     0.048
   2457319  1362.209     0.044
   2457320  1362.234     0.044
   2457321  1362.228     0.042
   2457322  1362.172     0.045
   2457323  1362.202     0.045
   2457324  1362.110     0.041
   2457325  1361.985     0.040
   2457326  1361.754     0.040
   2457327  1361.469     0.041
   2457328  1361.240     0.044
   2457329  1361.072     0.045
   2457330  1361.135     0.044
   2457331  1361.433     0.045
   2457332  1361.625     0.043
   2457333  1361.790     0.039
   2457334  1361.941     0.035
   2457335  1361.986     0.041
   2457336  1362.013     0.039
   2457337  1362.012     0.041
   2457338  1362.039     0.043
   2457339  1362.142     0.044
   2457340  1362.320     0.045
   2457341  1362.503     0.041
   2457342  1362.545     0.039
   2457343  1362.526     0.046
   2457344  1362.438     0.044
   2457345  1362.369     0.050
   2457346  1362.345     0.045
   2457347  1362.412     0.048
   2457348  1362.368     0.044
   2457349  1362.330     0.037
   2457350  1362.326     0.045
   2457351  1362.204     0.044
   2457352  1362.077     0.044
   2457353  1362.022     0.043
   2457354  1361.965     0.044
   2457355  1361.945     0.044
   2457356  1361.948     0.042
   2457357  1361.931     0.040
   2457358  1361.966     0.044
   2457359  1361.985     0.044
   2457360  1362.015     0.046
   2457361  1362.033     0.040
   2457362  1362.010     0.042
   2457363  1362.003     0.047
   2457364  1361.931     0.050
   2457365  1361.913     0.045
   2457366  1361.973     0.046
   2457367  1362.153     0.046
   2457368  1362.253     0.043
   2457369  1362.353     0.049
   2457370  1362.349     0.045
   2457371  1362.227     0.043
   2457372  1362.054     0.045
   2457373  1361.837     0.041
   2457374  1361.760     0.040
   2457375  1361.748     0.040
   2457376  1361.761     0.041
   2457377  1361.839     0.042
   2457378  1361.927     0.043
   2457379  1362.012     0.042
   2457380  1361.978     0.042
   2457381  1361.853     0.043
   2457382  1361.665     0.044
   2457383  1361.559     0.044
   2457384  1361.586     0.042
   2457385  1361.600     0.043
   2457386  1361.795     0.040
   2457387  1361.997     0.044
   2457388  1362.099     0.040
   2457389  1362.138     0.038
   2457390  1362.046     0.038
   2457391  1361.915     0.045
   2457392  1361.871     0.045
   2457393  1361.929     0.044
   2457394  1361.984     0.044
   2457395  1362.018     0.048
   2457396  1362.009     0.048
   2457397  1362.017     0.043
   2457398  1362.035     0.042
   2457399  1361.979     0.041
   2457400  1361.955     0.043
   2457401  1361.964     0.047
   2457402  1361.986     0.048
   2457403  1362.030     0.047
   2457404  1362.096     0.047
   2457405  1362.156     0.039
   2457406  1362.200     0.042
   2457407  1362.241     0.044
   2457408  1362.188     0.038
   2457409  1362.000     0.041
   2457410  1361.883     0.041
   2457411  1361.865     0.043
   2457412  1361.855     0.042
   2457413  1361.877     0.043
   2457414  1361.912     0.045
   2457415  1361.840     0.041
   2457416  1361.770     0.045
   2457417  1361.783     0.046
   2457418  1361.732     0.045
   2457419  1361.734     0.044
   2457420  1361.815     0.043
   2457421  1361.948     0.042
   2457422  1362.063     0.044
   2457423  1362.083     0.039
   2457424  1362.081     0.042
   2457425  1362.112     0.041
   2457426  1362.017     0.042
   2457427  1361.990     0.043
   2457428  1362.038     0.041
   2457429  1362.029     0.043
   2457430  1362.038     0.040
   2457431  1362.032     0.037
   2457432  1362.059     0.043
   2457433  1362.102     0.042
   2457434  1362.147     0.044
   2457435  1362.134     0.047
   2457436  1362.043     0.042
   2457437  1361.896     0.036
   2457438  1361.828     0.040
   2457439  1361.837     0.040
   2457440  1361.936     0.037
   2457441  1362.029     0.040
   2457442  1362.122     0.042
   2457443  1362.086     0.043
   2457444  1362.007     0.039
   2457445  1361.920     0.038
   2457446  1361.807     0.039
   2457447  1361.772     0.040
   2457448  1361.815     0.038
   2457449  1361.961     0.037
   2457450  1362.102     0.040
   2457451  1362.140     0.041
   2457452  1362.090     0.041
   2457453  1362.011     0.037
   2457454  1361.977     0.040
   2457455  1361.970     0.041
   2457456  1361.993     0.046
   2457457  1362.002     0.043
   2457458  1362.053     0.040
   2457459  1362.087     0.042
   2457460  1362.008     0.043
   2457461  1361.915     0.046
   2457462  1361.845     0.044
   2457463  1361.795     0.043
   2457464  1361.816     0.043
   2457465  1361.862     0.042
   2457466  1361.878     0.046
   2457467  1361.822     0.047
   2457468  1361.758     0.046
   2457469  1361.720     0.045
   2457470  1361.720     0.045
   2457471  1361.724     0.048
   2457472  1361.713     0.047
   2457473  1361.722     0.045
   2457474  1361.710     0.046
   2457475  1361.700     0.043
   2457476  1361.632     0.046
   2457477  1361.612     0.040
   2457478  1361.640     0.044
   2457479  1361.641     0.048
   2457480  1361.688     0.041
   2457481  1361.703     0.043
   2457482  1361.733     0.044
   2457483  1361.739     0.041
   2457484  1361.769     0.043
   2457485  1361.784     0.043
   2457486  1361.774     0.043
   2457487  1361.687     0.047
   2457488  1361.539     0.043
   2457489  1361.290     0.041
   2457490  1361.043     0.046
   2457491  1360.908     0.039
   2457492  1360.896     0.039
   2457493  1360.946     0.043
   2457494  1361.105     0.047
   2457495  1361.331     0.041
   2457496  1361.600     0.040
   2457497  1361.780     0.043
   2457498  1361.809     0.044
   2457499  1361.716     0.039
   2457500  1361.641     0.040
   2457501  1361.628     0.041
   2457502  1361.615     0.046
   2457503  1361.613     0.043
   2457504  1361.667     0.046
   2457505  1361.695     0.041
   2457506  1361.648     0.044
   2457507  1361.636     0.043
   2457508  1361.681     0.046
   2457509  1361.622     0.042
   2457510  1361.638     0.047
   2457511  1361.733     0.044
   2457512  1361.825     0.049
   2457513  1361.856     0.048
   2457514  1361.844     0.046
   2457515  1361.828     0.048
   2457516  1361.759     0.044
   2457517  1361.721     0.042
   2457518  1361.637     0.043
   2457519  1361.590     0.040
   2457520  1361.593     0.042
   2457521  1361.650     0.049
   2457522  1361.800     0.044
   2457523  1361.848     0.045
   2457524  1361.759     0.048
   2457525  1361.543     0.047
   2457526  1361.350     0.048
   2457527  1361.239     0.045
   2457528  1361.175     0.049
   2457529  1361.152     0.045
   2457530  1361.202     0.047
   2457531  1361.345     0.045
   2457532  1361.457     0.050
   2457533  1361.597     0.043
   2457534  1361.666     0.042
   2457535  1361.697     0.043
   2457536  1361.730     0.043
   2457537  1361.735     0.046
   2457538  1361.761     0.045
   2457539  1361.757     0.041
   2457540  1361.821     0.044
   2457541  1361.884     0.045
   2457542  1361.906     0.042
   2457543  1361.888     0.041
   2457544  1361.847     0.042
   2457545  1361.823     0.040
   2457546  1361.787     0.040
   2457547  1361.793     0.040
   2457548  1361.784     0.043
   2457549  1361.743     0.045
   2457550  1361.725     0.043
   2457551  1361.751     0.045
   2457552  1361.674     0.049
   2457553  1361.529     0.043
   2457554  1361.491     0.049
   2457555  1361.460     0.048
   2457556  1361.474     0.045
   2457557  1361.542     0.045
   2457558  1361.587     0.048
   2457559  1361.617     0.043
   2457560  1361.683     0.040
   2457561  1361.712     0.047
   2457562  1361.691     0.045
   2457563  1361.638     0.044
   2457564  1361.621     0.041
   2457565  1361.635     0.045
   2457566  1361.635     0.042
   2457567  1361.632     0.042
   2457568  1361.663     0.042
   2457569  1361.700     0.044
   2457570  1361.707     0.048
   2457571  1361.706     0.049
   2457572  1361.674     0.046
   2457573  1361.679     0.044
   2457574  1361.700     0.044
   2457575  1361.759     0.046
   2457576  1361.763     0.041
   2457577  1361.824     0.043
   2457578  1361.869     0.047
   2457579  1361.962     0.047
   2457580  1361.958     0.052
   2457581  1361.883     0.051
   2457582  1361.875     0.050
   2457583  1361.803     0.048
   2457584  1361.682     0.046
   2457585  1361.468     0.048
   2457586  1361.255     0.044
   2457587  1361.167     0.045
   2457588  1361.118     0.047
   2457589  1361.106     0.043
   2457590  1361.148     0.042
   2457591  1361.296     0.042
   2457592  1361.468     0.043
   2457593  1361.583     0.049
   2457594  1361.577     0.048
   2457595  1361.556     0.048
   2457596  1361.615     0.051
   2457597  1361.597     0.048
   2457598  1361.605     0.044
   2457599  1361.629     0.048
   2457600  1361.631     0.049
   2457601  1361.647     0.046
   2457602  1361.623     0.044
   2457603  1361.630     0.044
   2457604  1361.668     0.041
   2457605  1361.667     0.045
   2457606  1361.651     0.047
   2457607  1361.610     0.045
   2457608  1361.594     0.045
   2457609  1361.646     0.040
   2457610  1361.698     0.043
   2457611  1361.698     0.044
   2457612  1361.672     0.044
   2457613  1361.511     0.047
   2457614  1361.458     0.045
   2457615  1361.498     0.041
   2457616  1361.532     0.042
   2457617  1361.613     0.042
   2457618  1361.672     0.048
   2457619  1361.667     0.046
   2457620  1361.619     0.047
   2457621  1361.552     0.046
   2457622  1361.499     0.051
   2457623  1361.495     0.045
   2457624  1361.522     0.041
   2457625  1361.618     0.043
   2457626  1361.628     0.048
   2457627  1361.614     0.043
   2457628  1361.526     0.038
   2457629  1361.539     0.042
   2457630  1361.630     0.050
   2457631  1361.729     0.050
   2457632  1361.743     0.051
   2457633  1361.651     0.045
   2457634  1361.467     0.045
   2457635  1361.333     0.043
   2457636  1361.295     0.045
   2457637  1361.357     0.045
   2457638  1361.424     0.043
   2457639  1361.449     0.047
   2457640  1361.454     0.044
   2457641  1361.520     0.045
   2457642  1361.594     0.044
   2457643  1361.692     0.047
   2457644  1361.717     0.048
   2457645  1361.691     0.045
   2457646  1361.689     0.041
   2457647  1361.694     0.048
   2457648  1361.667     0.045
   2457649  1361.626     0.045
   2457650  1361.603     0.042
   2457651  1361.606     0.043
   2457652  1361.669     0.039
   2457653  1361.632     0.038
   2457654  1361.675     0.043
   2457655  1361.701     0.043
   2457656  1361.692     0.043
   2457657  1361.680     0.044
   2457658  1361.632     0.039
   2457659  1361.673     0.041
   2457660  1361.725     0.038
   2457661  1361.735     0.039
   2457662  1361.665     0.041
   2457663  1361.669     0.043
   2457664  1361.694     0.042
   2457665  1361.700     0.044
   2457666  1361.688     0.042
   2457667  1361.599     0.049
   2457668  1361.478     0.048
   2457669  1361.438     0.047
   2457670  1361.396     0.049
   2457671  1361.372     0.049
   2457672  1361.436     0.047
   2457673  1361.539     0.048
   2457674  1361.604     0.044
   2457675  1361.585     0.043
   2457676  1361.562     0.043
   2457677  1361.528     0.043
   2457678  1361.512     0.042
   2457679  1361.553     0.047
   2457680  1361.589     0.046
   2457681  1361.582     0.047
   2457682  1361.613     0.048
   2457683  1361.605     0.049
   2457684  1361.589     0.047
   2457685  1361.570     0.045
   2457686  1361.568     0.047
   2457687  1361.565     0.046
   2457688  1361.592     0.046
   2457689  1361.598     0.045
   2457690  1361.595     0.044
   2457691  1361.596     0.042
   2457692  1361.637     0.040
   2457693  1361.663     0.043
   2457694  1361.707     0.044
   2457695  1361.717     0.049
   2457696  1361.697     0.045
   2457697  1361.694     0.042
   2457698  1361.661     0.046
   2457699  1361.652     0.042
   2457700  1361.630     0.049
   2457701  1361.626     0.049
   2457702  1361.588     0.047
   2457703  1361.560     0.048
   2457704  1361.534     0.047
   2457705  1361.532     0.045
   2457706  1361.538     0.044
   2457707  1361.523     0.042
   2457708  1361.536     0.042
   2457709  1361.538     0.042
   2457710  1361.566     0.042
   2457711  1361.624     0.039
   2457712  1361.607     0.041
   2457713  1361.583     0.037
   2457714  1361.548     0.038
   2457715  1361.537     0.040
   2457716  1361.523     0.039
   2457717  1361.509     0.043
   2457718  1361.485     0.039
   2457719  1361.487     0.043
   2457720  1361.454     0.042
   2457721  1361.428     0.042
   2457722  1361.453     0.040
   2457723  1361.473     0.040
   2457724  1361.472     0.044
   2457725  1361.481     0.047
   2457726  1361.445     0.048
   2457727  1361.386     0.045
   2457728  1361.392     0.049
   2457729  1361.438     0.048
   2457730  1361.482     0.043
   2457731  1361.447     0.039
   2457732  1361.409     0.044
   2457733  1361.392     0.046
   2457734  1361.410     0.046
   2457735  1361.427     0.041
   2457736  1361.482     0.041
   2457737  1361.489     0.043
   2457738  1361.471     0.038
   2457739  1361.461     0.037
   2457740  1361.462     0.042
   2457741  1361.445     0.041
   2457742  1361.467     0.044
   2457743  1361.482     0.043
   2457744  1361.503     0.042
   2457745  1361.522     0.041
   2457746  1361.531     0.042
   2457747  1361.517     0.040
   2457748  1361.517     0.040
   2457749  1361.554     0.039
   2457750  1361.567     0.039
   2457751  1361.570     0.041
   2457752  1361.564     0.039
   2457753  1361.582     0.032
   2457754  1361.577     0.039
   2457755  1361.586     0.039
   2457756  1361.557     0.041
   2457757  1361.548     0.038
   2457758  1361.530     0.043
   2457759  1361.497     0.039
   2457760  1361.483     0.047
   2457761  1361.456     0.044
   2457762  1361.454     0.044
   2457763  1361.486     0.041
   2457764  1361.483     0.041
   2457765  1361.435     0.041
   2457766  1361.441     0.039
   2457767  1361.451     0.041
   2457768  1361.468     0.040
   2457769  1361.466     0.041
   2457770  1361.456     0.041
   2457771  1361.469     0.043
   2457772  1361.490     0.043
   2457773  1361.514     0.043
   2457774  1361.523     0.044
   2457775  1361.476     0.041
   2457776  1361.417     0.040
   2457777  1361.445     0.035
   2457778  1361.458     0.038
   2457779  1361.437     0.041
   2457780  1361.464     0.038
   2457781  1361.536     0.039
   2457782  1361.563     0.039
   2457783  1361.557     0.041
   2457784  1361.529     0.042
   2457785  1361.512     0.043
   2457786  1361.501     0.041
   2457787  1361.536     0.043
   2457788  1361.537     0.044
   2457789  1361.501     0.044
   2457790  1361.474     0.044
   2457791  1361.427     0.040
   2457792  1361.435     0.039
   2457793  1361.403     0.045
   2457794  1361.387     0.045
   2457795  1361.366     0.047
   2457796  1361.412     0.042
   2457797  1361.437     0.041
   2457798  1361.504     0.046
   2457799  1361.537     0.045
   2457800  1361.578     0.046
   2457801  1361.537     0.042
   2457802  1361.546     0.043
   2457803  1361.545     0.041
   2457804  1361.584     0.043
   2457805  1361.610     0.038
   2457806  1361.640     0.037
   2457807  1361.603     0.039
   2457808  1361.578     0.034
   2457809  1361.554     0.033
   2457810  1361.540     0.037
   2457811  1361.557     0.040
   2457812  1361.541     0.037
   2457813  1361.494     0.036
   2457814  1361.507     0.035
   2457815  1361.520     0.038
   2457816  1361.532     0.040
   2457817  1361.493     0.039
   2457818  1361.475     0.039
   2457819  1361.462     0.036
   2457820  1361.443     0.033
   2457821  1361.431     0.033
   2457822  1361.432     0.038
   2457823  1361.410     0.041
   2457824  1361.405     0.038
   2457825  1361.418     0.044
   2457826  1361.415     0.041
   2457827  1361.433     0.042
   2457828  1361.443     0.045
   2457829  1361.448     0.042
   2457830  1361.424     0.040
   2457831  1361.433     0.042
   2457832  1361.475     0.046
   2457833  1361.484     0.044
   2457834  1361.490     0.044
   2457835  1361.518     0.045
   2457836  1361.542     0.042
   2457837  1361.542     0.043
   2457838  1361.536     0.042
   2457839  1361.490     0.040
   2457840  1361.398     0.040
   2457841  1361.215     0.038
   2457842  1361.126     0.044
   2457843  1360.981     0.042
   2457844  1360.806     0.039
   2457845  1360.797     0.038
   2457846  1360.817     0.042
   2457847  1361.042     0.038
   2457848  1361.234     0.039
   2457849  1361.375     0.043
   2457850  1361.431     0.040
   2457851  1361.416     0.037
   2457852  1361.407     0.037
   2457853  1361.442     0.039
   2457854  1361.487     0.043
   2457855  1361.496     0.040
   2457856  1361.495     0.036
   2457857  1361.462     0.039
   2457858  1361.482     0.041
   2457859  1361.483     0.041
   2457860  1361.495     0.042
   2457861  1361.513     0.044
   2457862  1361.561     0.039
   2457863  1361.627     0.042
   2457864  1361.626     0.043
   2457865  1361.607     0.042
   2457866  1361.610     0.043
   2457867  1361.636     0.041
   2457868  1361.597     0.042
   2457869  1361.569     0.039
   2457870  1361.566     0.041
   2457871  1361.585     0.038
   2457872  1361.621     0.040
   2457873  1361.617     0.042
   2457874  1361.579     0.043
   2457875  1361.508     0.044
   2457876  1361.415     0.040
   2457877  1361.371     0.039
   2457878  1361.329     0.043
   2457879  1361.345     0.044
   2457880  1361.369     0.048
   2457881  1361.394     0.045
   2457882  1361.403     0.043
   2457883  1361.375     0.042
   2457884  1361.364     0.041
   2457885  1361.359     0.039
   2457886  1361.378     0.041
   2457887  1361.417     0.042
   2457888  1361.416     0.043
   2457889  1361.426     0.040
   2457890  1361.480     0.040
   2457891  1361.541     0.037
   2457892  1361.584     0.037
   2457893  1361.594     0.040
   2457894  1361.603     0.041
   2457895  1361.598     0.040
   2457896  1361.586     0.043
   2457897  1361.603     0.042
   2457898  1361.578     0.043
   2457899  1361.552     0.041
   2457900  1361.568     0.046
   2457901  1361.532     0.047
   2457902  1361.493     0.045
   2457903  1361.446     0.046
   2457904  1361.403     0.041
   2457905  1361.380     0.045
   2457906  1361.428     0.042
   2457907  1361.444     0.043
   2457908  1361.468     0.041
   2457909  1361.486     0.040
   2457910  1361.467     0.038
   2457911  1361.460     0.038
   2457912  1361.460     0.040
   2457913  1361.463     0.041
   2457914  1361.492     0.042
   2457915  1361.520     0.047
   2457916  1361.557     0.047
   2457917  1361.571     0.046
   2457918  1361.549     0.047
   2457919  1361.551     0.043
   2457920  1361.489     0.046
   2457921  1361.479     0.041
   2457922  1361.481     0.044
   2457923  1361.506     0.035
   2457924  1361.545     0.035
   2457925  1361.561     0.038
   2457926  1361.596     0.044
   2457927  1361.547     0.037
   2457928  1361.513     0.041
   2457929  1361.443     0.035
   2457930  1361.391     0.039
   2457931  1361.359     0.042
   2457932  1361.348     0.042
   2457933  1361.400     0.049
   2457934  1361.428     0.045
   2457935  1361.462     0.047
   2457936  1361.474     0.046
   2457937  1361.452     0.044
   2457938  1361.408     0.039
   2457939  1361.405     0.043
   2457940  1361.406     0.043
   2457941  1361.379     0.045
   2457942  1361.278     0.045
   2457943  1361.077     0.042
   2457944  1360.892     0.039
   2457945  1360.798     0.036
   2457946  1360.856     0.040
   2457947  1360.966     0.040
   2457948  1361.066     0.043
   2457949  1361.223     0.042
   2457950  1361.437     0.042
   2457951  1361.533     0.046
   2457952  1361.564     0.042
   2457953  1361.536     0.041
   2457954  1361.499     0.045
   2457955  1361.477     0.046
   2457956  1361.449     0.046
   2457957  1361.414     0.039
   2457958  1361.388     0.040
   2457959  1361.377     0.043
   2457960  1361.404     0.044
   2457961  1361.416     0.042
   2457962  1361.422     0.042
   2457963  1361.418     0.046
   2457964  1361.413     0.042
   2457965  1361.376     0.042
   2457966  1361.389     0.044
   2457967  1361.419     0.043
   2457968  1361.456     0.043
   2457969  1361.452     0.044
   2457970  1361.420     0.045
   2457971  1361.354     0.041
   2457972  1361.368     0.044
   2457973  1361.398     0.046
   2457974  1361.431     0.046
   2457975  1361.458     0.046
   2457976  1361.487     0.049
   2457977  1361.531     0.044
   2457978  1361.528     0.043
   2457979  1361.391     0.046
   2457980  1361.424     0.046
   2457981  1361.427     0.042
   2457982  1361.192     0.041
   2457983  1361.231     0.047
   2457984  1361.052     0.045
   2457985  1360.940     0.048
   2457986  1360.956     0.044
   2457987  1361.038     0.040
   2457988  1361.095     0.043
   2457989  1361.168     0.041
   2457990  1361.237     0.046
   2457991  1361.298     0.042
   2457992  1361.314     0.048
   2457993  1361.348     0.046
   2457994  1361.397     0.046
   2457995  1361.446     0.042
   2457996  1361.422     0.041
   2457997  1361.175     0.038
   2457998  1360.948     0.040
   2457999  1360.708     0.044
   2458000  1360.402     0.047
   2458001  1360.062     0.043
   2458002  1360.125     0.040
   2458003  1360.292     0.045
   2458004  1360.712     0.049
   2458005  1361.254     0.048
   2458006  1361.533     0.047
   2458007  1361.572     0.043
   2458008  1361.528     0.040
   2458009  1361.488     0.041
   2458010  1361.445     0.038
   2458011  1361.370     0.043
   2458012  1361.352     0.042
   2458013  1361.374     0.044
   2458014  1361.401     0.040
   2458015  1361.430     0.045
   2458016  1361.443     0.040
   2458017  1361.474     0.044
   2458018  1361.472     0.040
   2458019  1361.453     0.036
   2458020  1361.404     0.038
   2458021  1361.431     0.040
   2458022  1361.481     0.043
   2458023  1361.482     0.042
   2458024  1361.421     0.043
   2458025  1361.282     0.043
   2458026  1361.223     0.043
   2458027  1361.239     0.043
   2458028  1361.282     0.045
   2458029  1361.303     0.044
   2458030  1361.393     0.046
   2458031  1361.500     0.043
   2458032  1361.574     0.045
   2458033  1361.548     0.048
   2458034  1361.498     0.044
   2458035  1361.485     0.047
   2458036  1361.438     0.043
   2458037  1361.425     0.045
   2458038  1361.402     0.042
   2458039  1361.404     0.042
   2458040  1361.437     0.043
   2458041  1361.436     0.039
   2458042  1361.444     0.042
   2458043  1361.466     0.043
   2458044  1361.484     0.043
   2458045  1361.516     0.043
   2458046  1361.497     0.044
   2458047  1361.483     0.041
   2458048  1361.514     0.043
   2458049  1361.582     0.042
   2458050  1361.626     0.043
   2458051  1361.682     0.039
   2458052  1361.673     0.042
   2458053  1361.654     0.046
   2458054  1361.645     0.045
   2458055  1361.596     0.047
   2458056  1361.614     0.044
   2458057  1361.639     0.043
   2458058  1361.652     0.045
   2458059  1361.612     0.046
   2458060  1361.540     0.046
   2458061  1361.489     0.047
   2458062  1361.440     0.047
   2458063  1361.426     0.046
   2458064  1361.405     0.046
   2458065  1361.401     0.044
   2458066  1361.385     0.041
   2458067  1361.384     0.044
   2458068  1361.415     0.045
   2458069  1361.422     0.040
   2458070  1361.435     0.040
   2458071  1361.426     0.040
   2458072  1361.456     0.041
   2458073  1361.459     0.039
   2458074  1361.450     0.042
   2458075  1361.473     0.045
   2458076  1361.501     0.042
   2458077  1361.552     0.042
   2458078  1361.577     0.039
   2458079  1361.556     0.046
   2458080  1361.578     0.046
   2458081  1361.585     0.041
   2458082  1361.562     0.042
   2458083  1361.506     0.044
   2458084  1361.432     0.046
   2458085  1361.424     0.044
   2458086  1361.456     0.040
   2458087  1361.459     0.040
   2458088  1361.427     0.039
   2458089  1361.394     0.043
   2458090  1361.360     0.042
   2458091  1361.324     0.039
   2458092  1361.342     0.040
   2458093  1361.357     0.039
   2458094  1361.369     0.041
   2458095  1361.369     0.043
   2458096  1361.386     0.038
   2458097  1361.407     0.042
   2458098  1361.416     0.042
   2458099  1361.446     0.044
   2458100  1361.458     0.042
   2458101  1361.437     0.042
   2458102  1361.439     0.043
   2458103  1361.452     0.042
   2458104  1361.478     0.040
   2458105  1361.500     0.043
   2458106  1361.511     0.043
   2458107  1361.499     0.044
   2458108  1361.513     0.042
   2458109  1361.460     0.040
   2458110  1361.403     0.039
   2458111  1361.395     0.041
   2458112  1361.393     0.042
   2458113  1361.408     0.044
   2458114  1361.438     0.041
   2458115  1361.433     0.044
   2458116  1361.436     0.040
   2458117  1361.416     0.043
   2458118  1361.377     0.041
   2458119  1361.382     0.042
   2458120  1361.367     0.044
   2458121  1361.396     0.046
   2458122  1361.424     0.045
   2458123  1361.378     0.041
   2458124  1361.391     0.043
   2458125  1361.394     0.043
   2458126  1361.366     0.043
   2458127  1361.376     0.045
   2458128  1361.385     0.044
   2458129  1361.391     0.041
   2458130  1361.415     0.040
   2458131  1361.424     0.042
   2458132  1361.395     0.041
   2458133  1361.393     0.045
   2458134  1361.396     0.040
   2458135  1361.404     0.041
   2458136  1361.404     0.044
   2458137  1361.412     0.043
   2458138  1361.399     0.040
   2458139  1361.399     0.038
   2458140  1361.378     0.036
   2458141  1361.359     0.038
   2458142  1361.354     0.041
   2458143  1361.333     0.043
   2458144  1361.324     0.044
   2458145  1361.299     0.044
   2458146  1361.294     0.040
   2458147  1361.268     0.040
   2458148  1361.267     0.036
   2458149  1361.341     0.040
   2458150  1361.375     0.037
   2458151  1361.382     0.039
   2458152  1361.393     0.036
   2458153  1361.370     0.035
   2458154  1361.366     0.038
   2458155  1361.326     0.041
   2458156  1361.302     0.040
   2458157  1361.306     0.035
   2458158  1361.217     0.037
   2458159  1361.150     0.037
   2458160  1361.135     0.034
   2458161  1361.139     0.035
   2458162  1361.225     0.033
   2458163  1361.355     0.031
   2458164  1361.417     0.034
   2458165  1361.438     0.038
   2458166  1361.403     0.037
   2458167  1361.340     0.037
   2458168  1361.304     0.034
   2458169  1361.298     0.035
   2458170  1361.310     0.040
   2458171  1361.294     0.040
   2458172  1361.298     0.040
   2458173  1361.297     0.039
   2458174  1361.302     0.037
   2458175  1361.315     0.036
   2458176  1361.306     0.036
   2458177  1361.336     0.038
   2458178  1361.333     0.038
   2458179  1361.302     0.039
   2458180  1361.292     0.038
   2458181  1361.275     0.039
   2458182  1361.268     0.041
   2458183  1361.340     0.041
   2458184  1361.365     0.041
   2458185  1361.380     0.042
   2458186  1361.360     0.041
   2458187  1361.363     0.040
   2458188  1361.373     0.043
   2458189  1361.334     0.042
   2458190  1361.335     0.041
   2458191  1361.340     0.042
   2458192  1361.358     0.038
   2458193  1361.308     0.040
   2458194  1361.250     0.041
   2458195  1361.267     0.041
   2458196  1361.317     0.041
   2458197  1361.327     0.043
   2458198  1361.306     0.041
   2458199  1361.308     0.040
   2458200  1361.318     0.038
   2458201  1361.335     0.035
   2458202  1361.303     0.040
   2458203  1361.298     0.038
   2458204  1361.276     0.036
   2458205  1361.276     0.038
   2458206  1361.256     0.040
   2458207  1361.275     0.037
   2458208  1361.282     0.035
   2458209  1361.340     0.037
   2458210  1361.339     0.039
   2458211  1361.348     0.035
   2458212  1361.308     0.035
   2458213  1361.318     0.042
   2458214  1361.350     0.041
   2458215  1361.377     0.041
   2458216  1361.381     0.036
   2458217  1361.379     0.039
   2458218  1361.375     0.042
   2458219  1361.362     0.042
   2458220  1361.330     0.040
   2458221  1361.323     0.039
   2458222  1361.313     0.038
   2458223  1361.320     0.040
   2458224  1361.335     0.037
   2458225  1361.330     0.037
   2458226  1361.316     0.039
   2458227  1361.336     0.039
   2458228  1361.347     0.038
   2458229  1361.358     0.043
   2458230  1361.377     0.040
   2458231  1361.346     0.039
   2458232  1361.311     0.041
   2458233  1361.337     0.040
   2458234  1361.329     0.041
   2458235  1361.350     0.038
   2458236  1361.403     0.040
   2458237  1361.393     0.037
   2458238  1361.378     0.040
   2458239  1361.368     0.042
   2458240  1361.289     0.040
   2458241  1361.297     0.042
   2458242  1361.302     0.037
   2458243  1361.306     0.035
   2458244  1361.340     0.037
   2458245  1361.354     0.034
   2458246  1361.347     0.036
   2458247  1361.380     0.039
   2458248  1361.408     0.040
   2458249  1361.398     0.042
   2458250  1361.400     0.038
   2458251  1361.389     0.039
   2458252  1361.388     0.035
   2458253  1361.415     0.038
   2458254  1361.381     0.038
   2458255  1361.384     0.038
   2458256  1361.390     0.038
   2458257  1361.401     0.039
   2458258  1361.373     0.038
   2458259  1361.349     0.038
   2458260  1361.349     0.038
   2458261  1361.362     0.042
   2458262  1361.374     0.039
   2458263  1361.382     0.040
   2458264  1361.479     0.042
   2458265  1361.481     0.041
   2458266  1361.446     0.040
   2458267  1361.371     0.040
   2458268  1361.350     0.038
   2458269  1361.379     0.038
   2458270  1361.374     0.041
   2458271  1361.421     0.042
   2458272  1361.465     0.039
   2458273  1361.497     0.041
   2458274  1361.436     0.043
   2458275  1361.382     0.039
   2458276  1361.346     0.041
   2458277  1361.363     0.038
   2458278  1361.348     0.036
   2458279  1361.341     0.039
   2458280  1361.350     0.036
   2458281  1361.379     0.036
   2458282  1361.408     0.036
   2458283  1361.433     0.036
   2458284  1361.420     0.037
   2458285  1361.408     0.037
   2458286  1361.372     0.041
   2458287  1361.379     0.040
   2458288  1361.348     0.038
   2458289  1361.353     0.038
   2458290  1361.308     0.038
   2458291  1361.328     0.037
   2458292  1361.377     0.038
   2458293  1361.368     0.041
   2458294  1361.387     0.043
   2458295  1361.413     0.041
   2458296  1361.440     0.040
   2458297  1361.458     0.040
   2458298  1361.430     0.042
   2458299  1361.412     0.040
   2458300  1361.401     0.035
   2458301  1361.356     0.034
   2458302  1361.322     0.036
   2458303  1361.294     0.032
   2458304  1361.319     0.035
   2458305  1361.312     0.039
   2458306  1361.312     0.039
   2458307  1361.340     0.035
   2458308  1361.369     0.036
   2458309  1361.426     0.037
   2458310  1361.504     0.037
   2458311  1361.495     0.039
   2458312  1361.456     0.039
   2458313  1361.416     0.040
   2458314  1361.407     0.043
   2458315  1361.420     0.038
   2458316  1361.470     0.035
   2458317  1361.526     0.039
   2458318  1361.549     0.036
   2458319  1361.503     0.037
   2458320  1361.454     0.035
   2458321  1361.395     0.036
   2458322  1361.369     0.040
   2458323  1361.353     0.039
   2458324  1361.349     0.040
   2458325  1361.323     0.043
   2458326  1361.343     0.043
   2458327  1361.332     0.037
   2458328  1361.306     0.040
   2458329  1361.310     0.040
   2458330  1361.330     0.037
   2458331  1361.334     0.037
   2458332  1361.321     0.037
   2458333  1361.324     0.039
   2458334  1361.319     0.039
   2458335  1361.358     0.039
   2458336  1361.398     0.036
   2458337  1361.416     0.038
   2458338  1361.433     0.042
   2458339  1361.429     0.038
   2458340  1361.416     0.039
   2458341  1361.390     0.039
   2458342  1361.356     0.042
   2458343  1361.390     0.037
   2458344  1361.428     0.039
   2458345  1361.420     0.037
   2458346  1361.412     0.037
   2458347  1361.378     0.038
   2458348  1361.358     0.038
   2458349  1361.355     0.036
   2458350  1361.350     0.040
   2458351  1361.365     0.040
   2458352  1361.357     0.036
   2458353  1361.343     0.035
   2458354  1361.340     0.034
   2458355  1361.307     0.038
   2458356  1361.263     0.039
   2458357  1361.346     0.039
   2458358  1361.357     0.037
   2458359  1361.334     0.039
   2458360  1361.324     0.039
   2458361  1361.293     0.040
   2458362  1361.353     0.040
   2458363  1361.380     0.043
   2458364  1361.342     0.040
   2458365  1361.404     0.041
   2458366  1361.379     0.043
   2458367  1361.370     0.040
   2458368  1361.338     0.036
   2458369  1361.349     0.038
   2458370  1361.356     0.038
   2458371  1361.378     0.041
   2458372  1361.407     0.038
   2458373  1361.406     0.039
   2458374  1361.397     0.038
   2458375  1361.389     0.038
   2458376  1361.396     0.039
   2458377  1361.393     0.034
   2458378  1361.395     0.038
   2458379  1361.399     0.042
   2458380  1361.369     0.040
   2458381  1361.346     0.039
   2458382  1361.335     0.042
   2458383  1361.331     0.041
   2458384  1361.332     0.041
   2458385  1361.312     0.037
   2458386  1361.293     0.035
   2458387  1361.296     0.036
   2458388  1361.320     0.038
   2458389  1361.317     0.035
   2458390  1361.354     0.035
   2458391  1361.354     0.037
   2458392  1361.341     0.038
   2458393  1361.349     0.034
   2458394  1361.370     0.035
   2458395  1361.368     0.036
   2458396  1361.383     0.034
   2458397  1361.377     0.034
   2458398  1361.395     0.036
   2458399  1361.389     0.036
   2458400  1361.377     0.033
   2458401  1361.338     0.039
   2458402  1361.355     0.038
   2458403  1361.367     0.034
   2458404  1361.416     0.036
   2458405  1361.430     0.039
   2458406  1361.410     0.038
   2458407  1361.390     0.041
   2458408  1361.350     0.041
   2458409  1361.353     0.042
   2458410  1361.341     0.036
   2458411  1361.330     0.038
   2458412  1361.317     0.041
   2458413  1361.334     0.041
   2458414  1361.339     0.040
   2458415  1361.329     0.038
   2458416  1361.329     0.034
   2458417  1361.337     0.038
   2458418  1361.349     0.041
   2458419  1361.365     0.039
   2458420  1361.354     0.039
   2458421  1361.370     0.038
   2458422  1361.353     0.035
   2458423  1361.382     0.034
   2458424  1361.369     0.033
   2458425  1361.375     0.038
   2458426  1361.355     0.038
   2458427  1361.338     0.039
   2458428  1361.333     0.037
   2458429  1361.328     0.036
   2458430  1361.328     0.037
   2458431  1361.340     0.038
   2458432  1361.339     0.039
   2458433  1361.334     0.038
   2458434  1361.331     0.036
   2458435  1361.337     0.040
   2458436  1361.317     0.040
   2458437  1361.317     0.041
   2458438  1361.328     0.035
   2458439  1361.348     0.035
   2458440  1361.350     0.039
   2458441  1361.373     0.038
   2458442  1361.359     0.038
   2458443  1361.346     0.037
   2458444  1361.340     0.036
   2458445  1361.361     0.039
   2458446  1361.353     0.043
   2458447  1361.338     0.040
   2458448  1361.341     0.036
   2458449  1361.337     0.039
   2458450  1361.340     0.038
   2458451  1361.336     0.036
   2458452  1361.336     0.034
   2458453  1361.319     0.039
   2458454  1361.298     0.037
   2458455  1361.296     0.037
   2458456  1361.290     0.038
   2458457  1361.313     0.036
   2458458  1361.326     0.042
   2458459  1361.331     0.039
   2458460  1361.347     0.041
   2458461  1361.382     0.044
   2458462  1361.314     0.042
   2458463  1361.309     0.046
   2458464  1361.336     0.044
   2458465  1361.331     0.041
   2458466  1361.342     0.042
   2458467  1361.323     0.040
   2458468  1361.337     0.038
   2458469  1361.331     0.041
   2458470  1361.326     0.043
   2458471  1361.340     0.043
   2458472  1361.365     0.037
   2458473  1361.335     0.039
   2458474  1361.338     0.035
   2458475  1361.347     0.038
   2458476  1361.325     0.041
   2458477  1361.350     0.040
   2458478  1361.369     0.042
   2458479  1361.358     0.041
   2458480  1361.348     0.039
   2458481  1361.372     0.037
   2458482  1361.379     0.042
   2458483  1361.362     0.040
   2458484  1361.359     0.041
   2458485  1361.358     0.044
   2458486  1361.334     0.043
   2458487  1361.333     0.038
   2458488  1361.364     0.038
   2458489  1361.346     0.043
   2458490  1361.349     0.044
   2458491  1361.362     0.045
   2458492  1361.357     0.043
   2458493  1361.333     0.042
   2458494  1361.325     0.042
   2458495  1361.335     0.039
   2458496  1361.322     0.038
   2458497  1361.334     0.039
   2458498  1361.322     0.040
   2458499  1361.306     0.041
   2458500  1361.301     0.038
   2458501  1361.318     0.039
   2458502  1361.308     0.042
   2458503  1361.308     0.039
   2458504  1361.322     0.036
   2458505  1361.325     0.033
   2458506  1361.327     0.035
   2458507  1361.311     0.041
   2458508  1361.343     0.035
   2458509  1361.329     0.037
   2458510  1361.320     0.039
   2458511  1361.367     0.039
   2458512  1361.400     0.041
   2458513  1361.398     0.041
   2458514  1361.371     0.039
   2458515  1361.352     0.036
   2458516  1361.340     0.036
   2458517  1361.346     0.038
   2458518  1361.310     0.039
   2458519  1361.312     0.038
   2458520  1361.297     0.039
   2458521  1361.291     0.038
   2458522  1361.288     0.035
   2458523  1361.307     0.040
   2458524  1361.324     0.041
   2458525  1361.324     0.038
   2458526  1361.325     0.040
   2458527  1361.335     0.040
   2458528  1361.344     0.036
   2458529  1361.388     0.037
   2458530  1361.401     0.037
   2458531  1361.413     0.039
   2458532  1361.411     0.039
   2458533  1361.403     0.038
   2458534  1361.397     0.040
   2458535  1361.392     0.037
   2458536  1361.404     0.038
   2458537  1361.406     0.038
   2458538  1361.403     0.035
   2458539  1361.393     0.035
   2458540  1361.372     0.038
   2458541  1361.360     0.039
   2458542  1361.319     0.039
   2458543  1361.319     0.040
   2458544  1361.284     0.042
   2458545  1361.325     0.041
   2458546  1361.340     0.042
   2458547  1361.352     0.040
   2458548  1361.319     0.042
   2458549  1361.298     0.039
   2458550  1361.317     0.036
   2458551  1361.338     0.037
   2458552  1361.346     0.038
   2458553  1361.337     0.041
   2458554  1361.343     0.038
   2458555  1361.325     0.041
   2458556  1361.343     0.043
   2458557  1361.371     0.040
   2458558  1361.371     0.034
   2458559  1361.367     0.034
   2458560  1361.359     0.039
   2458561  1361.338     0.040
   2458562  1361.324     0.037
   2458563  1361.314     0.032
   2458564  1361.293     0.032
   2458565  1361.318     0.036
   2458566  1361.387     0.037
   2458567  1361.365     0.036
   2458568  1361.327     0.037
   2458569  1361.304     0.037
   2458570  1361.291     0.034
   2458571  1361.302     0.037
   2458572  1361.269     0.036
   2458573  1361.329     0.035
   2458574  1361.313     0.036
   2458575  1361.292     0.035
   2458576  1361.319     0.037
   2458577  1361.332     0.035
   2458578  1361.360     0.034
   2458579  1361.349     0.036
   2458580  1361.382     0.035
   2458581  1361.370     0.034
   2458582  1361.361     0.037
   2458583  1361.334     0.038
   2458584  1361.222     0.039
   2458585  1361.120     0.037
   2458586  1361.020     0.035
   2458587  1360.991     0.034
   2458588  1361.024     0.033
   2458589  1361.069     0.035
   2458590  1361.176     0.036
   2458591  1361.277     0.037
   2458592  1361.321     0.037
   2458593  1361.371     0.037
   2458594  1361.335     0.037
   2458595  1361.315     0.036
   2458596  1361.305     0.037
   2458597  1361.286     0.039
   2458598  1361.284     0.040
   2458599  1361.280     0.035
   2458600  1361.254     0.038
   2458601  1361.264     0.038
   2458602  1361.245     0.038
   2458603  1361.237     0.035
   2458604  1361.216     0.037
   2458605  1361.229     0.039
   2458606  1361.298     0.037
   2458607  1361.294     0.035
   2458608  1361.325     0.034
   2458609  1361.338     0.036
   2458610  1361.296     0.036
   2458611  1361.284     0.034
   2458612  1361.253     0.035
   2458613  1361.211     0.037
   2458614  1361.190     0.037
   2458615  1361.191     0.039
   2458616  1361.238     0.035
   2458617  1361.279     0.037
   2458618  1361.358     0.038
   2458619  1361.376     0.038
   2458620  1361.392     0.036
   2458621  1361.339     0.035
   2458622  1361.340     0.034
   2458623  1361.344     0.036
   2458624  1361.369     0.032
   2458625  1361.256     0.032
   2458626  1361.259     0.033
   2458627  1361.273     0.038
   2458628  1361.279     0.039
   2458629  1361.252     0.037
   2458630  1361.323     0.036
   2458631  1361.315     0.035
   2458632  1361.340     0.034
   2458633  1361.370     0.034
   2458634  1361.276     0.033
   2458635  1361.323     0.034
   2458636  1361.368     0.038
   2458637  1361.412     0.035
   2458638  1361.428     0.038
   2458639  1361.385     0.038
   2458640  1361.439     0.037
   2458641  1361.423     0.035
   2458642  1361.417     0.039
   2458643  1361.413     0.037
   2458644  1361.460     0.039
   2458645  1361.464     0.036
   2458646  1361.433     0.036
   2458647  1361.396     0.038
   2458648  1361.319     0.042
   2458649  1361.294     0.041
   2458650  1361.270     0.037
   2458651  1361.262     0.036
   2458652  1361.262     0.041
   2458653  1361.277     0.036
   2458654  1361.279     0.036
   2458655  1361.276     0.037
   2458656  1361.282     0.035
   2458657  1361.291     0.037
   2458658  1361.279     0.039
   2458659  1361.300     0.040
   2458660  1361.295     0.042
   2458661  1361.305     0.037
   2458662  1361.320     0.036
   2458663  1361.316     0.040
   2458664  1361.375     0.038
   2458665  1361.412     0.038
   2458666  1361.446     0.035
   2458667  1361.424     0.035
   2458668  1361.415     0.041
   2458669  1361.413     0.041
   2458670  1361.397     0.038
   2458671  1361.388     0.040
   2458672  1361.384     0.037
   2458673  1361.349     0.038
   2458674  1361.339     0.041
   2458675  1361.322     0.042
   2458676  1361.329     0.043
   2458677  1361.328     0.041
   2458678  1361.317     0.043
   2458679  1361.323     0.041
   2458680  1361.326     0.034
   2458681  1361.327     0.035
   2458682  1361.268     0.040
   2458683  1361.262     0.037
   2458684  1361.262     0.039
   2458685  1361.281     0.040
   2458686  1361.286     0.037
   2458687  1361.287     0.038
   2458688  1361.331     0.040
   2458689  1361.362     0.038
   2458690  1361.378     0.034
   2458691  1361.379     0.034
   2458692  1361.372     0.036
   2458693  1361.406     0.040
   2458694  1361.413     0.040
   2458695  1361.387     0.036
   2458696  1361.383     0.038
   2458697  1361.371     0.039
   2458698  1361.377     0.039
   2458699  1361.382     0.039
   2458700  1361.351     0.037
   2458701  1361.332     0.036
   2458702  1361.318     0.038
   2458703  1361.320     0.036
   2458704  1361.337     0.039
   2458705  1361.316     0.039
   2458706  1361.298     0.041
   2458707  1361.282     0.037
   2458708  1361.266     0.040
   2458709  1361.263     0.040
   2458710  1361.274     0.039
   2458711  1361.304     0.038
   2458712  1361.286     0.040
   2458713  1361.295     0.040
   2458714  1361.313     0.041
   2458715  1361.315     0.039
   2458716  1361.319     0.038
   2458717  1361.339     0.040
   2458718  1361.345     0.040
   2458719  1361.337     0.039
   2458720  1361.319     0.037
   2458721  1361.346     0.038
   2458722  1361.343     0.039
   2458723  1361.352     0.036
   2458724  1361.349     0.039
   2458725  1361.326     0.039
   2458726  1361.307     0.040
   2458727  1361.311     0.037
   2458728  1361.272     0.039
   2458729  1361.293     0.039
   2458730  1361.322     0.038
   2458731  1361.338     0.038
   2458732  1361.325     0.038
   2458733  1361.321     0.038
   2458734  1361.318     0.038
   2458735  1361.327     0.034
   2458736  1361.317     0.034
   2458737  1361.319     0.041
   2458738  1361.293     0.041
   2458739  1361.296     0.038
   2458740  1361.318     0.040
   2458741  1361.307     0.041
   2458742  1361.308     0.037
   2458743  1361.302     0.040
   2458744  1361.321     0.041
   2458745  1361.329     0.035
   2458746  1361.334     0.041
   2458747  1361.337     0.038
   2458748  1361.347     0.034
   2458749  1361.320     0.034
   2458750  1361.302     0.032
   2458751  1361.336     0.035
   2458752  1361.303     0.033
   2458753  1361.317     0.034
   2458754  1361.318     0.034
   2458755  1361.292     0.035
   2458756  1361.286     0.032
   2458757  1361.297     0.035
   2458758  1361.307     0.035
   2458759  1361.310     0.037
   2458760  1361.330     0.032
   2458761  1361.307     0.034
   2458762  1361.318     0.036
   2458763  1361.303     0.037
   2458764  1361.303     0.036
   2458765  1361.312     0.040
   2458766  1361.291     0.035
   2458767  1361.295     0.033
   2458768  1361.285     0.037
   2458769  1361.293     0.035
   2458770  1361.279     0.034
   2458771  1361.295     0.036
   2458772  1361.313     0.035
   2458773  1361.348     0.042
   2458774  1361.331     0.035
   2458775  1361.326     0.037
   2458776  1361.344     0.037
   2458777  1361.311     0.034
   2458778  1361.326     0.035
   2458779  1361.317     0.036
   2458780  1361.284     0.038
   2458781  1361.296     0.038
   2458782  1361.297     0.040
   2458783  1361.313     0.044
   2458784  1361.309     0.042
   2458785  1361.315     0.041
   2458786  1361.316     0.040
   2458787  1361.311     0.039
   2458788  1361.310     0.039
   2458789  1361.320     0.037
   2458790  1361.320     0.041
   2458791  1361.314     0.035
   2458792  1361.323     0.033
   2458793  1361.308     0.036
   2458794  1361.305     0.037
   2458795  1361.286     0.037
   2458796  1361.279     0.038
   2458797  1361.291     0.037
   2458798  1361.301     0.037
   2458799  1361.269     0.036
   2458800  1361.309     0.035
   2458801  1361.346     0.035
   2458802  1361.351     0.036
   2458803  1361.346     0.034
   2458804  1361.360     0.037
   2458805  1361.341     0.035
   2458806  1361.331     0.039
   2458807  1361.323     0.037
   2458808  1361.322     0.035
   2458809  1361.355     0.035
   2458810  1361.310     0.037
   2458811  1361.327     0.033
   2458812  1361.317     0.034
   2458813  1361.310     0.038
   2458814  1361.326     0.039
   2458815  1361.325     0.037
   2458816  1361.313     0.036
   2458817  1361.303     0.039
   2458818  1361.299     0.038
   2458819  1361.321     0.037
   2458820  1361.342     0.037
   2458821  1361.322     0.041
   2458822  1361.329     0.041
   2458823  1361.321     0.042
   2458824  1361.338     0.041
   2458825  1361.332     0.042
   2458826  1361.331     0.044
   2458827  1361.332     0.042
   2458828  1361.342     0.039
   2458829  1361.343     0.038
   2458830  1361.321     0.040
   2458831  1361.350     0.042
   2458832  1361.391     0.040
   2458833  1361.380     0.036
   2458834  1361.361     0.037
   2458835  1361.351     0.040
   2458836  1361.353     0.044
   2458837  1361.332     0.043
   2458838  1361.326     0.039
   2458839  1361.344     0.040
   2458840  1361.324     0.043
   2458841  1361.334     0.041
   2458842  1361.318     0.041
   2458843  1361.316     0.046
   2458844  1361.326     0.044
   2458845  1361.303     0.040
   2458846  1361.305     0.038
   2458847  1361.287     0.038
   2458848  1361.284     0.044
   2458849  1361.305     0.043
   2458850  1361.286     0.040
   2458851  1361.337     0.042
   2458852  1361.329     0.042
   2458853  1361.340     0.041
   2458854  1361.313     0.044
   2458855  1361.321     0.040
   2458856  1361.373     0.040
   2458857  1361.402     0.042
   2458858  1361.417     0.041
   2458859  1361.403     0.039
   2458860  1361.399     0.041
   2458861  1361.366     0.042
   2458862  1361.351     0.039
   2458863  1361.377     0.039
   2458864  1361.344     0.043
   2458865  1361.350     0.043
   2458866  1361.338     0.043
   2458867  1361.334     0.044
   2458868  1361.346     0.039
   2458869  1361.316     0.041
   2458870  1361.312     0.040
   2458871  1361.326     0.041
   2458872  1361.328     0.040
   2458873  1361.319     0.037
   2458874  1361.337     0.038
   2458875  1361.294     0.040
   2458876  1361.296     0.040
   2458877  1361.308     0.039
   2458878  1361.347     0.035
   2458879  1361.379     0.036
   2458880  1361.368     0.039
   2458881  1361.396     0.037
   2458882  1361.354     0.037
   2458883  1361.355     0.040
   2458884  1361.347     0.037
   2458885  1361.356     0.037
   2458886  1361.356     0.041
   2458887  1361.353     0.037
   2458888  1361.365     0.042
   2458889  1361.371     0.043
   2458890  1361.326     0.043
   2458891  1361.331     0.045
   2458892  1361.321     0.039
   2458893  1361.318     0.036
   2458894  1361.321     0.037
   2458895  1361.290     0.034
   2458896  1361.322     0.041
   2458897  1361.314     0.043
   2458898  1361.310     0.044
   2458899  1361.278     0.041
   2458900  1361.283     0.041
   2458901  1361.321     0.043
   2458902  1361.301     0.041
   2458903  1361.302     0.039
   2458904  1361.298     0.037
   2458905  1361.279     0.039
   2458906  1361.246     0.043
   2458907  1361.252     0.040
   2458908  1361.249     0.041
   2458909  1361.276     0.043
   2458910  1361.283     0.042
   2458911  1361.282     0.046
   2458912  1361.269     0.043
   2458913  1361.267     0.045
   2458914  1361.269     0.040
   2458915  1361.294     0.042
   2458916  1361.292     0.041
   2458917  1361.275     0.045
   2458918  1361.309     0.044
   2458919  1361.307     0.040
   2458920  1361.274     0.037
   2458921  1361.269     0.046
   2458922  1361.265     0.048
   2458923  1361.274     0.049
   2458924  1361.274     0.048
   2458925  1361.267     0.047
   2458926  1361.297     0.048
   2458927  1361.308     0.043
   2458928  1361.309     0.043
   2458929  1361.291     0.045
   2458930  1361.290     0.044
   2458931  1361.297     0.043
   2458932  1361.291     0.040
   2458933  1361.282     0.044
   2458934  1361.285     0.046
   2458935  1361.258     0.043
   2458936  1361.243     0.043
   2458937  1361.243     0.048
   2458938  1361.262     0.046
   2458939  1361.281     0.048
   2458940  1361.279     0.051
   2458941  1361.302     0.041
   2458942  1361.305     0.047
   2458943  1361.307     0.049
   2458944  1361.295     0.047
   2458945  1361.291     0.043
   2458946  1361.308     0.048
   2458947  1361.309     0.044
   2458948  1361.268     0.048
   2458949  1361.276     0.049
   2458950  1361.252     0.048
   2458951  1361.288     0.047
   2458952  1361.278     0.048
   2458953  1361.273     0.046
   2458954  1361.277     0.045
   2458955  1361.254     0.051
   2458956  1361.256     0.050
   2458957  1361.282     0.045
   2458958  1361.272     0.050
   2458959  1361.196     0.050
   2458960  1361.255     0.047
   2458961  1361.257     0.050
   2458962  1361.264     0.049
   2458963  1361.272     0.048
   2458964  1361.288     0.044
   2458965  1361.231     0.047
   2458966  1361.273     0.044
   2458967  1361.279     0.047
   2458968  1361.308     0.048
   2458969  1361.322     0.046
   2458970  1361.329     0.047
   2458971  1361.342     0.046
   2458972  1361.336     0.047
   2458973  1361.313     0.044
   2458974  1361.307     0.044
   2458975  1361.262     0.051
   2458976  1361.311     0.048
   2458977  1361.284     0.041
   2458978  1361.288     0.044
   2458979  1361.286     0.050
   2458980  1361.277     0.051
   2458981  1361.267     0.047
   2458982  1361.246     0.047
   2458983  1361.260     0.051
   2458984  1361.258     0.047
   2458985  1361.222     0.050
   2458986  1361.246     0.057
   2458987  1361.280     0.052
   2458988  1361.297     0.050
   2458989  1361.365     0.051
   2458990  1361.336     0.051
   2458991  1361.341     0.045
   2458992  1361.307     0.050
   2458993  1361.362     0.052
   2458994  1361.348     0.051
   2458995  1361.371     0.045
   2458996  1361.379     0.048
   2458997  1361.363     0.051
   2458998  1361.359     0.047
   2458999  1361.356     0.050
   2459000  1361.356     0.047
   2459001  1361.364     0.049
   2459002  1361.349     0.050
   2459003  1361.361     0.054
   2459004  1361.367     0.054
   2459005  1361.385     0.052
   2459006  1361.392     0.046
   2459007  1361.369     0.042
   2459008  1361.368     0.046
   2459009  1361.327     0.049
   2459010  1361.301     0.047
   2459011  1361.315     0.050
   2459012  1361.303     0.045
   2459013  1361.311     0.045
   2459014  1361.313     0.049
   2459015  1361.320     0.048
   2459016  1361.317     0.050
   2459017  1361.314     0.051
   2459018  1361.336     0.051
   2459019  1361.322     0.052
   2459020  1361.328     0.050
   2459021  1361.314     0.045
   2459022  1361.311     0.045
   2459023  1361.313     0.048
   2459024  1361.314     0.048
   2459025  1361.323     0.046
   2459026  1361.320     0.043
   2459027  1361.313     0.047
   2459028  1361.328     0.048
   2459029  1361.324     0.050
   2459030  1361.312     0.048
   2459031  1361.325     0.045
   2459032  1361.333     0.051
   2459033  1361.344     0.057
   2459034  1361.304     0.056
   2459035  1361.310     0.058
   2459036  1361.310     0.051
   2459037  1361.320     0.057
   2459038  1361.331     0.052
   2459039  1361.330     0.050
   2459040  1361.354     0.051
   2459041  1361.332     0.048
   2459042  1361.334     0.053
   2459043  1361.281     0.049
   2459044  1361.308     0.051
   2459045  1361.333     0.054
   2459046  1361.336     0.056
   2459047  1361.323     0.058
   2459048  1361.322     0.057
   2459049  1361.326     0.055
   2459050  1361.324     0.054
   2459051  1361.338     0.049
   2459052  1361.330     0.046
   2459053  1361.327     0.050
   2459054  1361.289     0.048
   2459055  1361.251     0.046
   2459056  1361.261     0.042
   2459057  1361.271     0.044
   2459058  1361.278     0.048
   2459059  1361.343     0.049
   2459060  1361.390     0.050
   2459061  1361.456     0.046
   2459062  1361.474     0.046
   2459063  1361.488     0.040
   2459064  1361.473     0.046
   2459065  1361.478     0.047
   2459066  1361.479     0.047
   2459067  1361.464     0.047
   2459068  1361.469     0.048
   2459069  1361.459     0.039
   2459070  1361.449     0.045
   2459071  1361.429     0.049
   2459072  1361.404     0.052
   2459073  1361.417     0.050
   2459074  1361.412     0.051
   2459075  1361.443     0.048
   2459076  1361.440     0.046
   2459077  1361.400     0.048
   2459078  1361.373     0.050
   2459079  1361.362     0.048
   2459080  1361.384     0.045
   2459081  1361.394     0.048
   2459082  1361.400     0.051
   2459083  1361.405     0.052
   2459084  1361.366     0.055
   2459085  1361.361     0.056
   2459086  1361.365     0.048
   2459087  1361.389     0.048
   2459088  1361.398     0.051
   2459089  1361.402     0.051
   2459090  1361.421     0.049
   2459091  1361.410     0.045
   2459092  1361.408     0.048
   2459093  1361.396     0.051
   2459094  1361.399     0.045
   2459095  1361.406     0.045
   2459096  1361.399     0.045
   2459097  1361.400     0.046
   2459098  1361.387     0.051
   2459099  1361.379     0.052
   2459100  1361.372     0.046
   2459101  1361.369     0.045
   2459102  1361.361     0.044
   2459103  1361.383     0.048
   2459104  1361.355     0.050
   2459105  1361.360     0.048
   2459106  1361.364     0.051
   2459107  1361.346     0.049
   2459108  1361.342     0.049
   2459109  1361.339     0.044
   2459110  1361.324     0.047
   2459111  1361.328     0.047
   2459112  1361.342     0.047
   2459113  1361.335     0.048
   2459114  1361.333     0.047
   2459115  1361.365     0.049
   2459116  1361.404     0.050
   2459117  1361.426     0.051
   2459118  1361.419     0.050
   2459119  1361.433     0.050
   2459120  1361.442     0.043
   2459121  1361.455     0.044
   2459122  1361.457     0.043
   2459123  1361.456     0.045
   2459124  1361.476     0.043
   2459125  1361.470     0.046
   2459126  1361.463     0.042
   2459127  1361.425     0.044
   2459128  1361.401     0.047
   2459129  1361.366     0.045
   2459130  1361.337     0.042
   2459131  1361.332     0.047
   2459132  1361.358     0.053
   2459133  1361.384     0.052
   2459134  1361.416     0.048
   2459135  1361.447     0.052
   2459136  1361.442     0.051
   2459137  1361.460     0.049
   2459138  1361.467     0.053
   2459139  1361.447     0.051
   2459140  1361.426     0.050
   2459141  1361.392     0.055
   2459142  1361.356     0.053
   2459143  1361.418     0.047
   2459144  1361.444     0.051
   2459145  1361.502     0.048
   2459146  1361.499     0.045
   2459147  1361.491     0.048
   2459148  1361.445     0.045
   2459149  1361.415     0.052
   2459150  1361.384     0.050
   2459151  1361.402     0.053
   2459152  1361.433     0.053
   2459153  1361.524     0.050
   2459154  1361.523     0.053
   2459155  1361.485     0.054
   2459156  1361.451     0.048
   2459157  1361.441     0.047
   2459158  1361.407     0.048
   2459159  1361.324     0.047
   2459160  1361.255     0.051
   2459161  1361.293     0.052
   2459162  1361.322     0.049
   2459163  1361.365     0.046
   2459164  1361.537     0.054
   2459165  1361.581     0.052
   2459166  1361.666     0.049
   2459167  1361.644     0.052
   2459168  1361.614     0.050
   2459169  1361.552     0.047
   2459170  1361.541     0.049
   2459171  1361.521     0.051
   2459172  1361.618     0.047
   2459173  1361.606     0.047
   2459174  1361.553     0.052
   2459175  1361.486     0.051
   2459176  1361.454     0.054
   2459177  1361.424     0.054
   2459178  1361.424     0.053
   2459179  1361.374     0.047
   2459180  1361.188     0.047
   2459181  1361.044     0.051
   2459182  1360.964     0.056
   2459183  1360.982     0.053
   2459184  1361.132     0.047
   2459185  1361.359     0.049
   2459186  1361.587     0.050
   2459187  1361.719     0.049
   2459188  1361.806     0.054
   2459189  1361.748     0.051
   2459190  1361.629     0.053
   2459191  1361.570     0.053
   2459192  1361.570     0.048
   2459193  1361.593     0.047
   2459194  1361.592     0.048
   2459195  1361.619     0.048
   2459196  1361.633     0.051
   2459197  1361.640     0.056
   2459198  1361.621     0.059
   2459199  1361.595     0.057
   2459200  1361.594     0.052
   2459201  1361.596     0.049
   2459202  1361.597     0.052
   2459203  1361.580     0.053
   2459204  1361.635     0.053
   2459205  1361.633     0.053
   2459206  1361.654     0.054
   2459207  1361.616     0.051
   2459208  1361.545     0.046
   2459209  1361.454     0.047
   2459210  1361.384     0.051
   2459211  1361.411     0.055
   2459212  1361.466     0.051
   2459213  1361.573     0.055
   2459214  1361.646     0.054
   2459215  1361.698     0.053
   2459216  1361.696     0.051
   2459217  1361.688     0.052
   2459218  1361.651     0.051
   2459219  1361.596     0.055
   2459220  1361.566     0.053
   2459221  1361.540     0.053
   2459222  1361.527     0.049
   2459223  1361.506     0.048
   2459224  1361.517     0.046
   2459225  1361.539     0.047
   2459226  1361.649     0.049
   2459227  1361.620     0.051
   2459228  1361.499     0.047
   2459229  1361.537     0.051
   2459230  1361.494     0.053
   2459231  1361.523     0.054
   2459232  1361.554     0.052
   2459233  1361.577     0.051
   2459234  1361.603     0.056
   2459235  1361.601     0.055
   2459236  1361.579     0.050
   2459237  1361.584     0.048
   2459238  1361.634     0.052
   2459239  1361.678     0.052
   2459240  1361.676     0.052
   2459241  1361.672     0.053
   2459242  1361.670     0.053
   2459243  1361.655     0.051
   2459244  1361.630     0.052
   2459245  1361.577     0.047
   2459246  1361.543     0.052
   2459247  1361.510     0.053
   2459248  1361.488     0.054
   2459249  1361.461     0.053
   2459250  1361.458     0.052
   2459251  1361.455     0.050
   2459252  1361.465     0.046
   2459253  1361.467     0.050
   2459254  1361.464     0.050
   2459255  1361.457     0.048
   2459256  1361.466     0.049
   2459257  1361.484     0.055
   2459258  1361.510     0.050
   2459259  1361.511     0.051
   2459260  1361.545     0.053
   2459261  1361.567     0.052
   2459262  1361.579     0.054
   2459263  1361.580     0.047
   2459264  1361.586     0.049
   2459265  1361.599     0.057
   2459266  1361.611     0.054
   2459267  1361.593     0.049
   2459268  1361.575     0.051
   2459269  1361.503     0.048
   2459270  1361.500     0.048
   2459271  1361.497     0.055
   2459272  1361.534     0.051
   2459273  1361.551     0.052
   2459274  1361.547     0.054
   2459275  1361.495     0.045
   2459276  1361.466     0.048
   2459277  1361.450     0.049
   2459278  1361.480     0.052
   2459279  1361.470     0.051
   2459280  1361.471     0.045
   2459281  1361.487     0.056
   2459282  1361.511     0.059
   2459283  1361.515     0.051
   2459284  1361.544     0.050
   2459285  1361.562     0.043
   2459286  1361.555     0.045
   2459287  1361.582     0.045
   2459288  1361.551     0.043
   2459289  1361.562     0.049
   2459290  1361.597     0.048
   2459291  1361.609     0.055
   2459292  1361.636     0.049
   2459293  1361.639     0.051
   2459294  1361.640     0.048
   2459295  1361.627     0.051
   2459296  1361.619     0.050
   2459297  1361.627     0.049
   2459298  1361.623     0.052
   2459299  1361.617     0.051
   2459300  1361.599     0.050
   2459301  1361.577     0.047
   2459302  1361.563     0.049
   2459303  1361.548     0.051
   2459304  1361.527     0.046
   2459305  1361.504     0.051
   2459306  1361.482     0.049
   2459307  1361.438     0.048
   2459308  1361.431     0.052
   2459309  1361.433     0.049
   2459310  1361.454     0.049
   2459311  1361.481     0.048
   2459312  1361.474     0.053
   2459313  1361.480     0.051
   2459314  1361.473     0.054
   2459315  1361.490     0.055
   2459316  1361.494     0.055
   2459317  1361.494     0.052
   2459318  1361.479     0.053
   2459319  1361.506     0.050
   2459320  1361.543     0.053
   2459321  1361.566     0.050
   2459322  1361.581     0.053
   2459323  1361.562     0.052
   2459324  1361.515     0.052
   2459325  1361.495     0.046
   2459326  1361.512     0.050
   2459327  1361.519     0.056
   2459328  1361.502     0.052
   2459329  1361.478     0.054
   2459330  1361.426     0.056
   2459331  1361.371     0.052
   2459332  1361.435     0.050
   2459333  1361.522     0.052
   2459334  1361.535     0.049
   2459335  1361.518     0.046
   2459336  1361.488     0.050
   2459337  1361.467     0.050
   2459338  1361.460     0.050
   2459339  1361.463     0.045
   2459340  1361.469     0.047
   2459341  1361.467     0.049
   2459342  1361.473     0.053
   2459343  1361.470     0.048
   2459344  1361.478     0.048
   2459345  1361.451     0.046
   2459346  1361.443     0.048
   2459347  1361.457     0.052
   2459348  1361.498     0.054
   2459349  1361.563     0.051
   2459350  1361.571     0.051
   2459351  1361.574     0.053
   2459352  1361.581     0.050
   2459353  1361.623     0.054
   2459354  1361.610     0.056
   2459355  1361.551     0.056
   2459356  1361.494     0.054
   2459357  1361.454     0.053
   2459358  1361.431     0.055
   2459359  1361.412     0.059
   2459360  1361.410     0.054
   2459361  1361.396     0.056
   2459362  1361.462     0.055
   2459363  1361.500     0.050
   2459364  1361.507     0.051
   2459365  1361.454     0.052
   2459366  1361.420     0.051
   2459367  1361.439     0.056
   2459368  1361.464     0.052
   2459369  1361.464     0.050
   2459370  1361.497     0.057
   2459371  1361.510     0.057
   2459372  1361.569     0.056
   2459373  1361.535     0.057
   2459374  1361.549     0.048
   2459375  1361.589     0.048
   2459376  1361.642     0.055
   2459377  1361.671     0.052
   2459378  1361.643     0.057
   2459379  1361.637     0.054
   2459380  1361.633     0.054
   2459381  1361.613     0.049
   2459382  1361.603     0.052
   2459383  1361.559     0.051
   2459384  1361.528     0.054
   2459385  1361.495     0.048
   2459386  1361.463     0.042
   2459387  1361.530     0.046
   2459388  1361.590     0.043
   2459389  1361.683     0.042
   2459390  1361.711     0.042
   2459391  1361.759     0.049
   2459392  1361.671     0.051
   2459393  1361.572     0.050
   2459394  1361.480     0.052
   2459395  1361.235     0.053
   2459396  1361.209     0.058
   2459397  1361.253     0.055
   2459398  1361.440     0.056
   2459399  1361.558     0.055
   2459400  1361.635     0.053
   2459401  1361.649     0.054
   2459402  1361.609     0.053
   2459403  1361.583     0.055
   2459404  1361.564     0.058
   2459405  1361.575     0.060
   2459406  1361.580     0.059
   2459407  1361.605     0.054
   2459408  1361.565     0.053
   2459409  1361.571     0.053
   2459410  1361.574     0.050
   2459411  1361.566     0.056
   2459412  1361.548     0.053
   2459413  1361.557     0.049
   2459414  1361.578     0.052
   2459415  1361.645     0.054
   2459416  1361.710     0.049
   2459417  1361.757     0.051
   2459418  1361.854     0.051
   2459419  1361.881     0.054
   2459420  1361.869     0.047
   2459421  1361.883     0.046
   2459422  1361.883     0.049
   2459423  1361.874     0.045
   2459424  1361.876     0.048
   2459425  1361.847     0.054
   2459426  1361.773     0.057
   2459427  1361.742     0.049
   2459428  1361.693     0.047
   2459429  1361.634     0.050
   2459430  1361.593     0.051
   2459431  1361.591     0.053
   2459432  1361.580     0.051
   2459433  1361.557     0.055
   2459434  1361.602     0.054
   2459435  1361.640     0.053
   2459436  1361.648     0.053
   2459437  1361.645     0.055
   2459438  1361.614     0.053
   2459439  1361.604     0.053
   2459440  1361.597     0.049
   2459441  1361.614     0.053
   2459442  1361.612     0.050
   2459443  1361.612     0.059
   2459444  1361.674     0.052
   2459445  1361.675     0.055
   2459446  1361.680     0.057
   2459447  1361.669     0.052
   2459448  1361.651     0.054
   2459449  1361.704     0.048
   2459450  1361.742     0.049
   2459451  1361.745     0.054
   2459452  1361.685     0.055
   2459453  1361.664     0.052
   2459454  1361.570     0.051
   2459455  1361.504     0.052
   2459456  1361.550     0.055
   2459457  1361.571     0.051
   2459458  1361.700     0.051
   2459459  1361.737     0.051
   2459460  1361.673     0.050
   2459461  1361.565     0.047
   2459462  1361.444     0.050
   2459463  1361.321     0.050
   2459464  1361.166     0.050
   2459465  1361.064     0.049
   2459466  1361.105     0.048
   2459467  1361.232     0.050
   2459468  1361.438     0.055
   2459469  1361.599     0.055
   2459470  1361.749     0.054
   2459471  1361.753     0.053
   2459472  1361.679     0.054
   2459473  1361.608     0.054
   2459474  1361.559     0.058
   2459475  1361.571     0.052
   2459476  1361.617     0.049
   2459477  1361.637     0.053
   2459478  1361.663     0.050
   2459479  1361.694     0.051
   2459480  1361.725     0.050
   2459481  1361.770     0.051
   2459482  1361.798     0.050
   2459483  1361.837     0.047
   2459484  1361.844     0.049
   2459485  1361.879     0.051
   2459486  1361.869     0.053
   2459487  1361.709     0.047
   2459488  1361.677     0.049
   2459489  1361.635     0.048
   2459490  1361.646     0.053
   2459491  1361.619     0.046
   2459492  1361.663     0.050
   2459493  1361.662     0.046
   2459494  1361.680     0.050
   2459495  1361.602     0.053
   2459496  1361.502     0.050
   2459497  1361.466     0.050
   2459498  1361.427     0.049
   2459499  1361.477     0.050
   2459500  1361.527     0.049
   2459501  1361.672     0.049
   2459502  1361.693     0.047
   2459503  1361.694     0.044
   2459504  1361.700     0.047
   2459505  1361.734     0.047
   2459506  1361.727     0.052
   2459507  1361.723     0.050
   2459508  1361.694     0.051
   2459509  1361.705     0.047
   2459510  1361.673     0.048
   2459511  1361.664     0.048
   2459512  1361.688     0.049
   2459513  1361.672     0.048
   2459514  1361.672     0.048
   2459515  1361.718     0.050
   2459516  1361.797     0.048
   2459517  1361.809     0.048
   2459518  1361.805     0.055
   2459519  1361.844     0.049
   2459520  1361.875     0.049
   2459521  1361.843     0.050
   2459522  1361.770     0.049
   2459523  1361.758     0.049
   2459524  1361.729     0.052
   2459525  1361.721     0.048
   2459526  1361.696     0.047
   2459527  1361.608     0.050
   2459528  1361.588     0.050
   2459529  1361.585     0.047
   2459530  1361.625     0.049
   2459531  1361.640     0.053
   2459532  1361.635     0.054
   2459533  1361.657     0.053
   2459534  1361.708     0.052
   2459535  1361.706     0.051
   2459536  1361.677     0.051
   2459537  1361.659     0.052
   2459538  1361.643     0.052
   2459539  1361.690     0.053
   2459540  1361.724     0.052
   2459541  1361.760     0.047
   2459542  1361.812     0.044
   2459543  1361.834     0.049
   2459544  1361.828     0.049
   2459545  1361.798     0.050
   2459546  1361.761     0.054
   2459547  1361.722     0.053
   2459548  1361.759     0.047
   2459549  1361.776     0.045
   2459550  1361.785     0.045
   2459551  1361.777     0.048
   2459552  1361.778     0.051
   2459553  1361.739     0.054
   2459554  1361.728     0.055
   2459555  1361.684     0.054
   2459556  1361.669     0.051
   2459557  1361.672     0.042
   2459558  1361.665     0.045
   2459559  1361.627     0.050
   2459560  1361.714     0.056
   2459561  1361.736     0.053
   2459562  1361.751     0.055
   2459563  1361.695     0.061
   2459564  1361.621     0.051
   2459565  1361.684     0.052
   2459566  1361.807     0.050
   2459567  1361.811     0.052
   2459568  1361.948     0.047
   2459569  1362.040     0.051
   2459570  1361.999     0.051
   2459571  1361.989     0.050
   2459572  1361.817     0.053
   2459573  1361.654     0.049
   2459574  1361.544     0.044
   2459575  1361.422     0.047
   2459576  1361.432     0.047
   2459577  1361.551     0.047
   2459578  1361.655     0.044
   2459579  1361.737     0.048
   2459580  1361.764     0.050
   2459581  1361.789     0.055
   2459582  1361.798     0.045
   2459583  1361.727     0.044
   2459584  1361.679     0.043
   2459585  1361.615     0.049
   2459586  1361.497     0.051
   2459587  1361.364     0.053
   2459588  1361.370     0.053
   2459589  1361.477     0.050
   2459590  1361.802     0.049
   2459591  1361.915     0.054
   2459592  1361.929     0.058
   2459593  1361.936     0.054
   2459594  1361.905     0.053
   2459595  1361.885     0.051
   2459596  1361.991     0.048
   2459597  1362.079     0.045
   2459598  1362.157     0.043
   2459599  1362.211     0.044
   2459600  1362.242     0.050
   2459601  1362.109     0.048
   2459602  1362.059     0.046
   2459603  1361.999     0.053
   2459604  1361.959     0.051
   2459605  1361.898     0.055
   2459606  1361.849     0.055
   2459607  1361.753     0.046
   2459608  1361.455     0.046
   2459609  1361.284     0.049
   2459610  1361.242     0.056
   2459611  1361.354     0.061
   2459612  1361.459     0.055
   2459613  1361.615     0.048
   2459614  1361.724     0.047
   2459615  1361.813     0.051
   2459616  1361.805     0.051
   2459617  1361.815     0.047
   2459618  1361.906     0.052
   2459619  1361.960     0.048
   2459620  1362.097     0.052
   2459621  1362.128     0.051
   2459622  1362.127     0.049
   2459623  1362.066     0.051
   2459624  1362.053     0.054
   2459625  1362.032     0.054
   2459626  1362.029     0.052
   2459627  1361.989     0.054
   2459628  1362.011     0.051
   2459629  1361.995     0.048
   2459630  1361.983     0.048
   2459631  1361.991     0.052
   2459632  1362.002     0.047
   2459633  1361.982     0.052
   2459634  1361.937     0.053
   2459635  1361.849     0.053
   2459636  1361.804     0.053
   2459637  1361.843     0.052
   2459638  1361.876     0.053
   2459639  1361.914     0.050
   2459640  1361.900     0.044
   2459641  1361.839     0.046
   2459642  1361.825     0.046
   2459643  1361.814     0.053
   2459644  1361.808     0.051
   2459645  1361.867     0.053
   2459646  1361.867     0.048
   2459647  1361.871     0.047
   2459648  1361.932     0.045
   2459649  1361.924     0.046
   2459650  1361.894     0.047
   2459651  1361.906     0.041
   2459652  1361.865     0.043
   2459653  1361.874     0.045
   2459654  1361.883     0.046
   2459655  1361.931     0.045
   2459656  1361.966     0.049
   2459657  1362.002     0.050
   2459658  1361.941     0.048
   2459659  1361.927     0.047
   2459660  1361.888     0.052
   2459661  1361.928     0.054
   2459662  1361.950     0.049
   2459663  1361.948     0.048
   2459664  1361.875     0.046
   2459665  1361.747     0.050
   2459666  1361.545     0.051
   2459667  1361.435     0.050
   2459668  1361.361     0.050
   2459669  1361.371     0.048
   2459670  1361.526     0.042
   2459671  1361.631     0.042
   2459672  1361.778     0.047
   2459673  1361.846     0.044
   2459674  1361.912     0.045
   2459675  1362.059     0.046
   2459676  1362.259     0.051
   2459677  1362.394     0.050
   2459678  1362.387     0.048
   2459679  1362.333     0.051
   2459680  1362.218     0.049
   2459681  1362.148     0.046
   2459682  1362.111     0.047
   2459683  1362.082     0.048
   2459684  1362.062     0.041
   2459685  1362.037     0.046
   2459686  1361.976     0.045
   2459687  1361.905     0.045
   2459688  1361.798     0.043
   2459689  1361.600     0.041
   2459690  1361.283     0.045
   2459691  1361.201     0.051
   2459692  1361.203     0.050
   2459693  1361.332     0.051
   2459694  1361.581     0.047
   2459695  1361.781     0.049
   2459696  1362.172     0.044
   2459697  1362.372     0.044
   2459698  1362.298     0.051
   2459699  1362.249     0.048
   2459700  1362.171     0.052
   2459701  1362.090     0.054
   2459702  1362.030     0.047
   2459703  1361.984     0.050
   2459704  1361.880     0.046
   2459705  1361.880     0.043
   2459706  1361.959     0.046
   2459707  1362.064     0.050
   2459708  1362.143     0.051
   2459709  1362.093     0.053
   2459710  1361.994     0.051
   2459711  1361.933     0.052
   2459712  1361.917     0.052
   2459713  1362.015     0.052
   2459714  1362.247     0.054
   2459715  1362.271     0.055
   2459716  1362.258     0.051
   2459717  1362.223     0.050
   2459718  1361.923     0.049
   2459719  1361.779     0.054
   2459720  1361.744     0.055
   2459721  1361.876     0.051
   2459722  1362.041     0.054
   2459723  1362.282     0.054
   2459724  1362.451     0.050
   2459725  1362.449     0.048
   2459726  1362.306     0.050
   2459727  1362.205     0.051
   2459728  1362.016     0.055
   2459729  1361.974     0.049
   2459730  1361.920     0.048
   2459731  1361.908     0.042
   2459732  1361.834     0.052
   2459733  1361.914     0.046
   2459734  1361.995     0.049
   2459735  1362.145     0.053
   2459736  1362.195     0.052
   2459737  1362.197     0.052
   2459738  1362.196     0.049
   2459739  1362.252     0.047
   2459740  1362.332     0.047
   2459741  1362.498     0.047
   2459742  1362.602     0.047
   2459743  1362.592     0.049
   2459744  1362.490     0.044
   2459745  1362.237     0.047
   2459746  1362.093     0.046
   2459747  1362.108     0.045
   2459748  1362.128     0.045
   2459749  1362.255     0.045
   2459750  1362.237     0.047
   2459751  1361.920     0.047
   2459752  1361.854     0.049
   2459753  1361.888     0.042
   2459754  1361.976     0.044
   2459755  1362.005     0.042
   2459756  1361.987     0.045
   2459757  1361.927     0.047
   2459758  1361.891     0.044
   2459759  1361.946     0.044
   2459760  1361.990     0.045
   2459761  1362.030     0.050
   2459762  1362.095     0.057
   2459763  1362.099     0.051
   2459764  1362.039     0.049
   2459765  1362.046     0.048
   2459766  1362.125     0.045
   2459767  1362.211     0.051
   2459768  1362.193     0.050
   2459769  1362.042     0.046
   2459770  1361.850     0.050
   2459771  1361.628     0.050
   2459772  1361.538     0.049
   2459773  1361.570     0.053
   2459774  1361.675     0.061
   2459775  1361.841     0.060
   2459776  1361.969     0.053
   2459777  1362.023     0.051
   2459778  1362.078     0.053
   2459779  1362.117     0.058
   2459780  1362.155     0.056
   2459781  1362.160     0.054
   2459782  1362.125     0.052
   2459783  1362.028     0.054
   2459784  1361.995     0.052
   2459785  1362.008     0.053
   2459786  1362.064     0.051
   2459787  1362.047     0.056
   2459788  1362.037     0.051
   2459789  1361.979     0.056
   2459790  1361.894     0.048
   2459791  1361.834     0.048
   2459792  1361.856     0.052
   2459793  1361.918     0.044
   2459794  1361.970     0.045
   2459795  1362.083     0.048
   2459796  1362.161     0.051
   2459797  1362.280     0.046
   2459798  1362.402     0.050
   2459799  1362.481     0.047
   2459800  1362.413     0.047
   2459801  1362.296     0.044
   2459802  1362.248     0.052
   2459803  1362.245     0.054
   2459804  1362.202     0.049
   2459805  1362.148     0.045
   2459806  1362.104     0.050
   2459807  1361.998     0.050
   2459808  1361.958     0.049
   2459809  1361.961     0.048
   2459810  1362.007     0.049
   2459811  1362.024     0.048
   2459812  1362.010     0.048
   2459813  1361.960     0.049
   2459814  1361.807     0.044
   2459815  1361.683     0.043
   2459816  1361.648     0.047
   2459817  1361.635     0.049
   2459818  1361.664     0.049
   2459819  1361.685     0.047
   2459820  1361.701     0.051
   2459821  1361.623     0.049
   2459822  1361.579     0.050
   2459823  1361.739     0.049
   2459824  1361.969     0.054
   2459825  1362.102     0.051
   2459826  1362.222     0.053
   2459827  1362.259     0.049
   2459828  1362.309     0.048
   2459829  1362.364     0.050
   2459830  1362.407     0.049
   2459831  1362.428     0.054
   2459832  1362.457     0.051
   2459833  1362.483     0.046
   2459834  1362.332     0.050
   2459835  1362.162     0.045
   2459836  1362.174     0.047
   2459837  1362.268     0.046
   2459838  1362.301     0.050
   2459839  1362.112     0.049
   2459840  1362.030     0.049
   2459841  1361.984     0.050
   2459842  1362.005     0.044
   2459843  1362.018     0.044
   2459844  1362.015     0.046
   2459845  1361.895     0.045
   2459846  1361.906     0.051
   2459847  1361.835     0.051
   2459848  1361.817     0.050
   2459849  1361.913     0.046
   2459850  1362.023     0.051
   2459851  1362.181     0.047
   2459852  1362.292     0.046
   2459853  1362.377     0.046
   2459854  1362.334     0.044
   2459855  1362.207     0.048
   2459856  1362.045     0.049
   2459857  1361.990     0.052
   2459858  1361.957     0.049
   2459859  1362.018     0.048
   2459860  1362.112     0.046
   2459861  1362.127     0.045
   2459862  1362.098     0.054
   2459863  1362.118     0.047
   2459864  1362.253     0.045
   2459865  1362.540     0.044
   2459866  1362.604     0.052
   2459867  1362.525     0.052
   2459868  1362.352     0.051
   2459869  1362.275     0.054
   2459870  1362.208     0.049
   2459871  1362.231     0.051
   2459872  1362.266     0.051
   2459873  1362.279     0.057
   2459874  1362.264     0.052
   2459875  1362.265     0.052
   2459876  1362.206     0.049
   2459877  1362.136     0.050
   2459878  1362.180     0.047
   2459879  1362.229     0.054
   2459880  1362.209     0.052
   2459881  1362.283     0.048
   2459882  1362.322     0.054
   2459883  1362.314     0.053
   2459884  1362.317     0.051
   2459885  1362.385     0.058
   2459886  1362.486     0.056
   2459887  1362.563     0.053
   2459888  1362.586     0.055
   2459889  1362.508     0.055
   2459890  1362.390     0.059
   2459891  1362.212     0.052
   2459892  1361.867     0.050
   2459893  1361.772     0.056
   2459894  1361.684     0.054
   2459895  1361.731     0.052
   2459896  1361.872     0.048
   2459897  1361.962     0.051
   2459898  1362.168     0.051
   2459899  1362.294     0.051
   2459900  1362.356     0.054
   2459901  1362.315     0.056
   2459902  1362.175     0.054
   2459903  1362.084     0.054
   2459904  1362.000     0.057
   2459905  1361.920     0.050
   2459906  1361.916     0.049
   2459907  1362.038     0.047
   2459908  1362.212     0.048
   2459909  1362.322     0.051
   2459910  1362.384     0.052
   2459911  1362.334     0.051
   2459912  1362.199     0.051
   2459913  1362.164     0.056
   2459914  1362.166     0.056
   2459915  1362.194     0.054
   2459916  1362.148     0.055
   2459917  1362.050     0.055
   2459918  1361.803     0.056
   2459919  1361.579     0.051
   2459920  1361.460     0.050
   2459921  1361.466     0.050
   2459922  1361.578     0.049
   2459923  1361.755     0.050
   2459924  1362.008     0.050
   2459925  1362.105     0.052
   2459926  1362.047     0.053
   2459927  1361.929     0.057
   2459928  1361.791     0.054
   2459929  1361.709     0.051
   2459930  1361.811     0.051
   2459931  1361.915     0.047
   2459932  1362.089     0.048
   2459933  1362.224     0.048
   2459934  1362.222     0.043
   2459935  1362.183     0.044
   2459936  1362.029     0.051
   2459937  1362.013     0.051
   2459938  1361.973     0.046
   2459939  1361.957     0.051
   2459940  1362.089     0.053
   2459941  1362.160     0.050
   2459942  1362.201     0.049
   2459943  1362.164     0.050
   2459944  1362.045     0.050
   2459945  1361.961     0.054
   2459946  1362.105     0.050
   2459947  1362.221     0.046
   2459948  1362.342     0.044
   2459949  1362.468     0.050
   2459950  1362.598     0.051
   2459951  1362.531     0.051
   2459952  1362.162     0.050
   2459953  1361.981     0.055
   2459954  1361.856     0.057
   2459955  1361.861     0.055
   2459956  1361.899     0.053
   2459957  1361.871     0.060
   2459958  1361.887     0.055
   2459959  1361.797     0.052
   2459960  1361.615     0.053
   2459961  1361.432     0.051
   2459962  1361.223     0.051
   2459963  1361.178     0.050
   2459964  1361.372     0.051
   2459965  1361.626     0.053
   2459966  1361.960     0.049
   2459967  1362.278     0.047
   2459968  1362.528     0.051
   2459969  1362.726     0.053
   2459970  1362.684     0.053
   2459971  1362.625     0.054
   2459972  1362.657     0.052
   2459973  1362.633     0.052
   2459974  1362.670     0.046
   2459975  1362.743     0.046
   2459976  1362.796     0.049
   2459977  1362.872     0.048
   2459978  1362.908     0.047
   2459979  1362.923     0.048
   2459980  1362.876     0.052
   2459981  1362.860     0.049
   2459982  1362.678     0.056
   2459983  1362.596     0.054
   2459984  1362.269     0.051
   2459985  1362.265     0.055
   2459986  1362.444     0.057
   2459987  1362.488     0.052
   2459988  1362.367     0.057
   2459989  1362.233     0.057
   2459990  1362.001     0.054
   2459991  1361.881     0.053
   2459992  1361.960     0.050
   2459993  1362.039     0.056
   2459994  1362.243     0.055
   2459995  1362.385     0.051
   2459996  1362.476     0.058
   2459997  1362.383     0.061
   2459998  1362.162     0.065
   2459999  1361.918     0.063
   2460000  1361.717     0.066
   2460001  1361.750     0.052
   2460002  1361.973     0.057
   2460003  1362.130     0.058
   2460004  1362.246     0.055
   2460005  1362.433     0.052
   2460006  1362.760     0.058
   2460007  1362.851     0.056
   2460008  1362.843     0.057
   2460009  1362.770     0.062
   2460010  1362.629     0.060
   2460011  1362.426     0.060
   2460012  1362.410     0.049
   2460013  1362.698     0.059
   2460014  1362.778     0.059
   2460015  1362.886     0.071
   2460016  1362.931     0.060
   2460017  1362.845     0.051
   2460018  1362.744     0.058
   2460019  1362.688     0.056
   2460020  1362.794     0.059
   2460021  1362.761     0.052
   2460022  1362.742     0.056
   2460023  1362.639     0.057
   2460024  1362.464     0.058
   2460025  1362.384     0.061
   2460026  1362.121     0.062
   2460027  1361.990     0.060
   2460028  1361.761     0.060
   2460029  1361.838     0.057
   2460030  1362.136     0.061
   2460031  1362.326     0.062
   2460032  1362.444     0.056
   2460033  1362.826     0.059
   2460034  1362.884     0.056
   2460035  1362.807     0.057
   2460036  1362.788     0.060
   2460037  1362.743     0.058
   2460038  1362.670     0.064
   2460039  1362.654     0.064
   2460040  1362.755     0.064
   2460041  1362.888     0.067
   2460042  1363.033     0.061
   2460043  1362.913     0.059
   2460044  1362.726     0.056
   2460045  1362.561     0.058
   2460046  1362.533     0.050
   2460047  1362.581     0.052
   2460048  1362.658     0.056
   2460049  1362.525     0.059
   2460050  1362.537     0.061
   2460051  1362.471     0.065
   2460052  1362.433     0.063
   2460053  1362.321     0.062
   2460054  1362.341     0.064
   2460055  1362.259     0.055
   2460056  1362.390     0.059
   2460057  1362.673     0.056
   2460058  1362.718     0.055
   2460059  1362.674     0.060
   2460060  1362.519     0.062
   2460061  1362.359     0.065
   2460062  1362.126     0.063
   2460063  1361.991     0.064
   2460064  1361.856     0.061
   2460065  1361.757     0.064
