VIRGO/SOHO
Version: V8_20220105
Created: 03-Nov-2024
JD        Value 
2450135.0 1360.465000
2450136.0 1360.433000
2450137.0 1360.411000
2450138.0 1360.433000
2450139.0 1360.443000
2450140.0 1360.453000
2450141.0 1360.448000
2450142.0 1360.431000
2450143.0 1360.395000
2450144.0 1360.363000
2450145.0 1360.365000
2450146.0 1360.357000
2450147.0 1360.394000
2450148.0 1360.425000
2450149.0 1360.444000
2450150.0 1360.451000
2450151.0 1360.441000
2450152.0 1360.416000
2450153.0 1360.378000
2450154.0 1360.361000
2450155.0 1360.331000
2450156.0 1360.356000
2450157.0 1360.413000
2450158.0 1360.451000
2450159.0 1360.463000
2450160.0 1360.462000
2450161.0 1360.466000
2450162.0 1360.455000
2450163.0 1360.405000
2450164.0 1360.323000
2450165.0 1360.281000
2450166.0 1360.336000
2450167.0 1360.377000
2450168.0 1360.437000
2450169.0 1360.488000
2450170.0 1360.492000
2450171.0 1360.462000
2450172.0 1360.433000
2450173.0 1360.422000
2450174.0 1360.407000
2450175.0 1360.462000
2450176.0 1360.513000
2450177.0 1360.511000
2450178.0 1360.475000
2450179.0 1360.447000
2450180.0 1360.448000
2450181.0 1360.438000
2450182.0 1360.461000
2450183.0 1360.475000
2450184.0 1360.519000
2450185.0 1360.569000
2450186.0 1360.574000
2450187.0 1360.512000
2450188.0 1360.444000
2450189.0 1360.413000
2450190.0 1360.371000
2450191.0 1360.381000
2450192.0 1360.402000
2450193.0 1360.407000
2450194.0 1360.398000
2450195.0 1360.376000
2450196.0 1360.371000
2450197.0 1360.348000
2450198.0 1360.371000
2450199.0 1360.401000
2450200.0 1360.431000
2450201.0 1360.466000
2450202.0 1360.491000
2450203.0 1360.519000
2450204.0 1360.535000
2450205.0 1360.533000
2450206.0 1360.513000
2450207.0 1360.532000
2450208.0 1360.609000
2450209.0 1360.674000
2450210.0 1360.739000
2450211.0 1360.789000
2450212.0 1360.761000
2450213.0 1360.699000
2450214.0 1360.656000
2450215.0 1360.639000
2450216.0 1360.627000
2450217.0 1360.671000
2450218.0 1360.711000
2450219.0 1360.741000
2450220.0 1360.763000
2450221.0 1360.732000
2450222.0 1360.642000
2450223.0 1360.564000
2450224.0 1360.559000
2450225.0 1360.547000
2450226.0 1360.563000
2450227.0 1360.576000
2450228.0 1360.582000
2450229.0 1360.579000
2450230.0 1360.572000
2450231.0 1360.584000
2450232.0 1360.585000
2450233.0 1360.595000
2450234.0 1360.597000
2450235.0 1360.632000
2450236.0 1360.702000
2450237.0 1360.755000
2450238.0 1360.786000
2450239.0 1360.801000
2450240.0 1360.755000
2450241.0 1360.683000
2450242.0 1360.659000
2450243.0 1360.676000
2450244.0 1360.691000
2450245.0 1360.724000
2450246.0 1360.745000
2450247.0 1360.733000
2450248.0 1360.703000
2450249.0 1360.675000
2450250.0 1360.646000
2450251.0 1360.619000
2450252.0 1360.624000
2450253.0 1360.619000
2450254.0 1360.619000
2450255.0 1360.612000
2450256.0 1360.625000
2450257.0 1360.652000
2450258.0 1360.665000
2450259.0 1360.667000
2450260.0 1360.663000
2450261.0 1360.711000
2450262.0 1360.762000
2450263.0 1360.818000
2450264.0 1360.874000
2450265.0 1360.912000
2450266.0 1360.918000
2450267.0 1360.918000
2450268.0 1360.921000
2450269.0 1360.918000
2450270.0 1360.869000
2450271.0 1360.787000
2450272.0 1360.706000
2450273.0 1360.639000
2450274.0 1360.579000
2450275.0 1360.659000
2450276.0 1360.756000
2450277.0 1360.761000
2450278.0 1360.704000
2450279.0 1360.669000
2450280.0 1360.689000
2450281.0 1360.697000
2450282.0 1360.691000
2450283.0 1360.672000
2450284.0 1360.664000
2450285.0 1360.659000
2450286.0 1360.651000
2450287.0 1360.654000
2450288.0 1360.652000
2450289.0 1360.686000
2450290.0 1360.717000
2450291.0 1360.733000
2450292.0 1360.736000
2450293.0 1360.709000
2450294.0 1360.633000
2450295.0 1360.553000
2450296.0 1360.521000
2450297.0 1360.487000
2450298.0 1360.546000
2450299.0 1360.649000
2450300.0 1360.724000
2450301.0 1360.767000
2450302.0 1360.785000
2450303.0 1360.721000
2450304.0 1360.635000
2450305.0 1360.621000
2450306.0 1360.632000
2450307.0 1360.651000
2450308.0 1360.689000
2450309.0 1360.709000
2450310.0 1360.692000
2450311.0 1360.661000
2450312.0 1360.656000
2450313.0 1360.656000
2450314.0 1360.654000
2450315.0 1360.655000
2450316.0 1360.657000
2450317.0 1360.709000
2450318.0 1360.761000
2450319.0 1360.836000
2450320.0 1360.922000
2450321.0 1360.951000
2450322.0 1360.901000
2450323.0 1360.859000
2450324.0 1360.854000
2450325.0 1360.848000
2450326.0 1360.885000
2450327.0 1360.936000
2450328.0 1360.941000
2450329.0 1360.885000
2450330.0 1360.821000
2450331.0 1360.742000
2450332.0 1360.659000
2450333.0 1360.697000
2450334.0 1360.775000
2450335.0 1360.811000
2450336.0 NaN
2450337.0 NaN
2450338.0 NaN
2450339.0 1360.818000
2450340.0 1360.792000
2450341.0 1360.735000
2450342.0 1360.731000
2450343.0 1360.784000
2450344.0 1360.822000
2450345.0 1360.836000
2450346.0 1360.844000
2450347.0 1360.883000
2450348.0 1360.928000
2450349.0 1360.953000
2450350.0 1360.959000
2450351.0 1360.961000
2450352.0 1360.961000
2450353.0 1360.961000
2450354.0 1360.971000
2450355.0 1360.983000
2450356.0 1360.951000
2450357.0 1360.874000
2450358.0 1360.821000
2450359.0 1360.828000
2450360.0 1360.826000
2450361.0 1360.789000
2450362.0 1360.735000
2450363.0 1360.729000
2450364.0 1360.761000
2450365.0 1360.776000
2450366.0 1360.769000
2450367.0 1360.751000
2450368.0 1360.744000
2450369.0 1360.731000
2450370.0 1360.742000
2450371.0 1360.771000
2450372.0 1360.801000
2450373.0 1360.859000
2450374.0 1360.908000
2450375.0 1360.901000
2450376.0 1360.878000
2450377.0 1360.868000
2450378.0 1360.866000
2450379.0 1360.866000
2450380.0 1360.876000
2450381.0 1360.885000
2450382.0 1360.921000
2450383.0 1360.959000
2450384.0 1360.933000
2450385.0 1360.861000
2450386.0 1360.808000
2450387.0 1360.801000
2450388.0 1360.791000
2450389.0 1360.801000
2450390.0 1360.811000
2450391.0 1360.811000
2450392.0 1360.803000
2450393.0 1360.799000
2450394.0 1360.812000
2450395.0 1360.818000
2450396.0 1360.818000
2450397.0 1360.811000
2450398.0 1360.866000
2450399.0 1360.956000
2450400.0 1361.022000
2450401.0 1361.048000
2450402.0 1361.069000
2450403.0 1361.085000
2450404.0 1361.098000
2450405.0 1361.091000
2450406.0 1361.069000
2450407.0 1361.038000
2450408.0 1360.988000
2450409.0 1360.899000
2450410.0 1360.606000
2450411.0 1360.271000
2450412.0 1360.098000
2450413.0 1359.997000
2450414.0 1360.013000
2450415.0 1360.253000
2450416.0 1360.473000
2450417.0 1360.663000
2450418.0 1360.835000
2450419.0 1360.861000
2450420.0 1360.812000
2450421.0 1360.785000
2450422.0 1360.796000
2450423.0 1360.801000
2450424.0 1360.823000
2450425.0 1360.842000
2450426.0 1360.859000
2450427.0 1360.871000
2450428.0 1360.909000
2450429.0 1360.988000
2450430.0 1361.059000
2450431.0 1361.097000
2450432.0 1361.131000
2450433.0 1361.137000
2450434.0 1361.132000
2450435.0 1361.143000
2450436.0 1361.181000
2450437.0 1361.207000
2450438.0 1361.182000
2450439.0 1361.153000
2450440.0 1361.101000
2450441.0 1361.038000
2450442.0 1360.991000
2450443.0 1360.966000
2450444.0 1360.936000
2450445.0 1360.895000
2450446.0 1360.851000
2450447.0 1360.848000
2450448.0 1360.858000
2450449.0 1360.879000
2450450.0 1360.918000
2450451.0 1360.944000
2450452.0 1360.944000
2450453.0 1360.938000
2450454.0 1360.944000
2450455.0 1360.953000
2450456.0 1360.988000
2450457.0 1361.053000
2450458.0 1361.098000
2450459.0 1361.081000
2450460.0 1361.055000
2450461.0 1361.042000
2450462.0 1361.031000
2450463.0 1361.018000
2450464.0 1361.002000
2450465.0 1360.986000
2450466.0 1360.976000
2450467.0 1360.961000
2450468.0 1360.923000
2450469.0 1360.873000
2450470.0 1360.858000
2450471.0 1360.874000
2450472.0 1360.878000
2450473.0 1360.856000
2450474.0 1360.831000
2450475.0 1360.828000
2450476.0 1360.826000
2450477.0 1360.848000
2450478.0 1360.889000
2450479.0 1360.905000
2450480.0 1360.862000
2450481.0 1360.814000
2450482.0 1360.834000
2450483.0 1360.865000
2450484.0 1360.911000
2450485.0 1360.971000
2450486.0 1361.008000
2450487.0 1360.989000
2450488.0 1360.966000
2450489.0 1360.944000
2450490.0 1360.918000
2450491.0 1360.894000
2450492.0 1360.868000
2450493.0 1360.846000
2450494.0 1360.851000
2450495.0 1360.851000
2450496.0 1360.854000
2450497.0 1360.852000
2450498.0 1360.834000
2450499.0 1360.802000
2450500.0 1360.783000
2450501.0 1360.799000
2450502.0 1360.813000
2450503.0 1360.863000
2450504.0 1360.915000
2450505.0 1360.931000
2450506.0 1360.919000
2450507.0 1360.916000
2450508.0 1360.938000
2450509.0 1360.952000
2450510.0 1360.948000
2450511.0 1360.938000
2450512.0 1360.935000
2450513.0 1360.938000
2450514.0 1360.946000
2450515.0 1360.973000
2450516.0 1360.993000
2450517.0 1360.973000
2450518.0 1360.944000
2450519.0 1360.934000
2450520.0 1360.934000
2450521.0 1360.941000
2450522.0 1360.968000
2450523.0 1360.984000
2450524.0 1360.955000
2450525.0 1360.911000
2450526.0 1360.865000
2450527.0 1360.812000
2450528.0 1360.783000
2450529.0 1360.796000
2450530.0 1360.803000
2450531.0 1360.811000
2450532.0 1360.814000
2450533.0 1360.862000
2450534.0 1360.929000
2450535.0 1360.939000
2450536.0 1360.859000
2450537.0 1360.784000
2450538.0 1360.765000
2450539.0 1360.746000
2450540.0 1360.781000
2450541.0 1360.836000
2450542.0 1360.858000
2450543.0 1360.829000
2450544.0 1360.805000
2450545.0 1360.831000
2450546.0 1360.854000
2450547.0 1360.838000
2450548.0 1360.797000
2450549.0 1360.801000
2450550.0 1360.878000
2450551.0 1360.924000
2450552.0 1360.862000
2450553.0 1360.783000
2450554.0 1360.759000
2450555.0 1360.751000
2450556.0 1360.763000
2450557.0 1360.806000
2450558.0 1360.832000
2450559.0 1360.819000
2450560.0 1360.799000
2450561.0 1360.796000
2450562.0 1360.795000
2450563.0 1360.809000
2450564.0 1360.848000
2450565.0 1360.874000
2450566.0 1360.884000
2450567.0 1360.888000
2450568.0 1360.916000
2450569.0 1360.952000
2450570.0 1360.968000
2450571.0 1360.961000
2450572.0 1360.951000
2450573.0 1360.941000
2450574.0 1360.928000
2450575.0 1360.904000
2450576.0 1360.874000
2450577.0 1360.849000
2450578.0 1360.832000
2450579.0 1360.803000
2450580.0 1360.759000
2450581.0 1360.709000
2450582.0 1360.761000
2450583.0 1360.835000
2450584.0 1360.849000
2450585.0 1360.803000
2450586.0 1360.757000
2450587.0 1360.724000
2450588.0 1360.689000
2450589.0 1360.719000
2450590.0 1360.759000
2450591.0 1360.824000
2450592.0 1360.916000
2450593.0 1360.979000
2450594.0 1360.968000
2450595.0 1360.951000
2450596.0 1360.983000
2450597.0 1361.025000
2450598.0 1361.053000
2450599.0 1361.068000
2450600.0 1361.054000
2450601.0 1360.966000
2450602.0 1360.878000
2450603.0 1360.866000
2450604.0 1360.868000
2450605.0 1360.873000
2450606.0 1360.881000
2450607.0 1360.878000
2450608.0 1360.858000
2450609.0 1360.835000
2450610.0 1360.854000
2450611.0 1360.876000
2450612.0 1360.874000
2450613.0 1360.851000
2450614.0 1360.841000
2450615.0 1360.868000
2450616.0 1360.891000
2450617.0 1360.899000
2450618.0 1360.899000
2450619.0 1360.908000
2450620.0 1360.921000
2450621.0 1360.918000
2450622.0 1360.888000
2450623.0 1360.858000
2450624.0 1360.861000
2450625.0 1360.864000
2450626.0 1360.898000
2450627.0 1360.951000
2450628.0 1360.968000
2450629.0 1360.919000
2450630.0 1360.871000
2450631.0 1360.864000
2450632.0 1360.862000
2450633.0 1360.848000
2450634.0 1360.824000
2450635.0 1360.804000
2450636.0 1360.801000
2450637.0 1360.791000
2450638.0 1360.789000
2450639.0 1360.782000
2450640.0 1360.781000
2450641.0 1360.779000
2450642.0 1360.773000
2450643.0 1360.769000
2450644.0 1360.761000
2450645.0 1360.787000
2450646.0 1360.811000
2450647.0 1360.851000
2450648.0 1360.892000
2450649.0 1360.911000
2450650.0 1360.893000
2450651.0 1360.873000
2450652.0 1360.872000
2450653.0 1360.868000
2450654.0 1360.889000
2450655.0 1360.919000
2450656.0 1360.931000
2450657.0 1360.914000
2450658.0 1360.891000
2450659.0 1360.861000
2450660.0 1360.824000
2450661.0 1360.814000
2450662.0 1360.813000
2450663.0 1360.819000
2450664.0 1360.842000
2450665.0 1360.856000
2450666.0 1360.853000
2450667.0 1360.843000
2450668.0 1360.851000
2450669.0 1360.862000
2450670.0 1360.881000
2450671.0 1360.911000
2450672.0 1360.933000
2450673.0 1360.936000
2450674.0 1360.933000
2450675.0 1360.923000
2450676.0 1360.908000
2450677.0 1360.895000
2450678.0 1360.891000
2450679.0 1360.883000
2450680.0 1360.882000
2450681.0 1360.878000
2450682.0 1360.908000
2450683.0 1360.948000
2450684.0 1360.988000
2450685.0 1361.033000
2450686.0 1361.048000
2450687.0 1360.953000
2450688.0 1360.851000
2450689.0 1360.811000
2450690.0 1360.791000
2450691.0 1360.852000
2450692.0 1361.012000
2450693.0 1361.134000
2450694.0 1361.154000
2450695.0 1361.158000
2450696.0 1361.046000
2450697.0 1360.893000
2450698.0 1360.729000
2450699.0 1360.547000
2450700.0 1360.371000
2450701.0 1360.236000
2450702.0 1360.111000
2450703.0 1360.303000
2450704.0 1360.577000
2450705.0 1360.749000
2450706.0 1360.825000
2450707.0 1360.881000
2450708.0 1360.882000
2450709.0 1360.881000
2450710.0 1360.939000
2450711.0 1361.013000
2450712.0 1361.058000
2450713.0 1361.078000
2450714.0 1361.065000
2450715.0 1360.965000
2450716.0 1360.871000
2450717.0 1360.916000
2450718.0 1360.993000
2450719.0 1361.072000
2450720.0 1361.153000
2450721.0 1361.205000
2450722.0 1361.179000
2450723.0 1361.153000
2450724.0 1361.151000
2450725.0 1361.154000
2450726.0 1361.183000
2450727.0 1361.231000
2450728.0 1361.278000
2450729.0 1361.317000
2450730.0 1361.352000
2450731.0 1361.334000
2450732.0 1361.311000
2450733.0 1361.277000
2450734.0 1361.241000
2450735.0 1361.198000
2450736.0 1361.141000
2450737.0 1361.093000
2450738.0 1361.109000
2450739.0 1361.138000
2450740.0 1361.152000
2450741.0 1361.157000
2450742.0 1361.162000
2450743.0 1361.171000
2450744.0 1361.183000
2450745.0 1361.201000
2450746.0 1361.221000
2450747.0 1361.239000
2450748.0 1361.261000
2450749.0 1361.248000
2450750.0 1361.168000
2450751.0 1361.097000
2450752.0 1361.078000
2450753.0 1361.068000
2450754.0 1360.958000
2450755.0 1360.791000
2450756.0 1360.729000
2450757.0 1360.876000
2450758.0 1361.022000
2450759.0 1361.161000
2450760.0 1361.299000
2450761.0 1361.304000
2450762.0 1361.241000
2450763.0 1361.187000
2450764.0 1361.147000
2450765.0 1361.111000
2450766.0 1361.092000
2450767.0 1361.073000
2450768.0 1360.993000
2450769.0 1360.881000
2450770.0 1360.782000
2450771.0 1360.703000
2450772.0 1360.655000
2450773.0 1360.809000
2450774.0 1360.988000
2450775.0 1361.198000
2450776.0 1361.429000
2450777.0 1361.556000
2450778.0 1361.522000
2450779.0 1361.482000
2450780.0 1361.378000
2450781.0 1361.272000
2450782.0 1361.181000
2450783.0 1361.097000
2450784.0 1361.069000
2450785.0 1361.117000
2450786.0 1361.173000
2450787.0 1361.271000
2450788.0 1361.371000
2450789.0 1361.343000
2450790.0 1361.267000
2450791.0 1361.185000
2450792.0 1361.097000
2450793.0 1361.034000
2450794.0 1361.079000
2450795.0 1361.131000
2450796.0 1361.135000
2450797.0 1361.119000
2450798.0 1361.084000
2450799.0 1361.021000
2450800.0 1360.986000
2450801.0 1361.071000
2450802.0 1361.161000
2450803.0 1361.161000
2450804.0 1361.129000
2450805.0 1361.101000
2450806.0 1361.078000
2450807.0 1361.068000
2450808.0 1361.111000
2450809.0 1361.159000
2450810.0 1361.191000
2450811.0 1361.219000
2450812.0 1361.251000
2450813.0 1361.284000
2450814.0 1361.332000
2450815.0 1361.419000
2450816.0 1361.508000
2450817.0 1361.483000
2450818.0 1361.429000
2450819.0 1361.367000
2450820.0 1361.291000
2450821.0 1361.235000
2450822.0 1361.231000
2450823.0 1361.231000
2450824.0 1361.179000
2450825.0 1361.117000
2450826.0 1361.068000
2450827.0 1361.028000
2450828.0 1361.028000
2450829.0 1361.143000
2450830.0 1361.264000
2450831.0 1361.339000
2450832.0 1361.406000
2450833.0 1361.429000
2450834.0 1361.417000
2450835.0 1361.408000
2450836.0 1361.396000
2450837.0 1361.387000
2450838.0 1361.354000
2450839.0 1361.319000
2450840.0 1361.297000
2450841.0 1361.281000
2450842.0 1361.269000
2450843.0 1361.257000
2450844.0 1361.248000
2450845.0 1361.225000
2450846.0 1361.202000
2450847.0 1361.144000
2450848.0 1361.061000
2450849.0 1361.021000
2450850.0 1361.088000
2450851.0 1361.148000
2450852.0 1361.139000
2450853.0 1361.117000
2450854.0 1361.119000
2450855.0 1361.139000
2450856.0 1361.117000
2450857.0 1360.996000
2450858.0 1360.878000
2450859.0 1360.838000
2450860.0 1360.811000
2450861.0 1360.872000
2450862.0 1360.986000
2450863.0 1361.114000
2450864.0 1361.281000
2450865.0 1361.429000
2450866.0 1361.434000
2450867.0 1361.418000
2450868.0 1361.357000
2450869.0 1361.271000
2450870.0 1361.221000
2450871.0 1361.231000
2450872.0 1361.227000
2450873.0 1361.111000
2450874.0 1360.979000
2450875.0 1360.954000
2450876.0 NaN
2450877.0 NaN
2450878.0 1361.034000
2450879.0 1361.045000
2450880.0 1361.068000
2450881.0 1361.092000
2450882.0 1361.154000
2450883.0 1361.237000
2450884.0 1361.231000
2450885.0 1361.069000
2450886.0 1360.898000
2450887.0 1360.697000
2450888.0 1360.491000
2450889.0 1360.602000
2450890.0 1360.861000
2450891.0 1361.092000
2450892.0 1361.291000
2450893.0 1361.436000
2450894.0 1361.309000
2450895.0 1361.151000
2450896.0 1361.028000
2450897.0 NaN
2450898.0 NaN
2450899.0 1360.779000
2450900.0 1360.911000
2450901.0 1360.941000
2450902.0 1360.954000
2450903.0 1360.983000
2450904.0 1361.018000
2450905.0 1361.029000
2450906.0 1361.012000
2450907.0 1361.004000
2450908.0 1361.041000
2450909.0 1361.082000
2450910.0 1361.148000
2450911.0 1361.227000
2450912.0 1361.261000
2450913.0 1361.241000
2450914.0 1361.248000
2450915.0 1361.342000
2450916.0 1361.451000
2450917.0 1361.563000
2450918.0 1361.686000
2450919.0 1361.741000
2450920.0 1361.712000
2450921.0 1361.674000
2450922.0 1361.549000
2450923.0 1361.431000
2450924.0 1361.377000
2450925.0 1361.345000
2450926.0 1361.318000
2450927.0 1361.295000
2450928.0 1361.275000
2450929.0 1361.255000
2450930.0 1361.234000
2450931.0 1361.157000
2450932.0 1361.061000
2450933.0 1360.924000
2450934.0 1360.745000
2450935.0 1360.596000
2450936.0 1360.565000
2450937.0 1360.547000
2450938.0 1360.735000
2450939.0 1360.978000
2450940.0 1361.155000
2450941.0 1361.277000
2450942.0 1361.365000
2450943.0 1361.345000
2450944.0 1361.327000
2450945.0 1361.343000
2450946.0 1361.373000
2450947.0 1361.344000
2450948.0 1361.264000
2450949.0 1361.217000
2450950.0 1361.252000
2450951.0 1361.298000
2450952.0 1361.358000
2450953.0 1361.427000
2450954.0 1361.421000
2450955.0 1361.355000
2450956.0 1361.258000
2450957.0 1361.068000
2450958.0 1360.898000
2450959.0 1360.991000
2450960.0 1361.141000
2450961.0 1361.184000
2450962.0 1361.149000
2450963.0 1361.112000
2450964.0 1361.069000
2450965.0 1361.033000
2450966.0 1361.071000
2450967.0 1361.123000
2450968.0 1361.161000
2450969.0 1361.187000
2450970.0 1361.207000
2450971.0 1361.211000
2450972.0 1361.218000
2450973.0 1361.251000
2450974.0 1361.289000
2450975.0 1361.368000
2450976.0 1361.474000
2450977.0 1361.537000
2450978.0 1361.496000
2450979.0 1361.452000
2450980.0 1361.353000
2450981.0 1361.247000
2450982.0 1361.183000
2450983.0 1361.144000
2450984.0 1361.117000
2450985.0 1361.109000
2450986.0 1361.115000
2450987.0 1361.195000
2450988.0 1361.291000
2450989.0 NaN
2450990.0 NaN
2450991.0 NaN
2450992.0 NaN
2450993.0 NaN
2450994.0 NaN
2450995.0 NaN
2450996.0 NaN
2450997.0 NaN
2450998.0 NaN
2450999.0 NaN
2451000.0 NaN
2451001.0 NaN
2451002.0 NaN
2451003.0 NaN
2451004.0 NaN
2451005.0 NaN
2451006.0 NaN
2451007.0 NaN
2451008.0 NaN
2451009.0 NaN
2451010.0 NaN
2451011.0 NaN
2451012.0 NaN
2451013.0 NaN
2451014.0 NaN
2451015.0 NaN
2451016.0 NaN
2451017.0 NaN
2451018.0 NaN
2451019.0 NaN
2451020.0 NaN
2451021.0 NaN
2451022.0 NaN
2451023.0 NaN
2451024.0 NaN
2451025.0 NaN
2451026.0 NaN
2451027.0 NaN
2451028.0 NaN
2451029.0 NaN
2451030.0 NaN
2451031.0 NaN
2451032.0 NaN
2451033.0 NaN
2451034.0 NaN
2451035.0 NaN
2451036.0 NaN
2451037.0 NaN
2451038.0 NaN
2451039.0 NaN
2451040.0 NaN
2451041.0 NaN
2451042.0 NaN
2451043.0 NaN
2451044.0 NaN
2451045.0 NaN
2451046.0 NaN
2451047.0 NaN
2451048.0 NaN
2451049.0 NaN
2451050.0 NaN
2451051.0 NaN
2451052.0 NaN
2451053.0 NaN
2451054.0 NaN
2451055.0 NaN
2451056.0 NaN
2451057.0 NaN
2451058.0 NaN
2451059.0 NaN
2451060.0 NaN
2451061.0 NaN
2451062.0 NaN
2451063.0 NaN
2451064.0 NaN
2451065.0 NaN
2451066.0 NaN
2451067.0 NaN
2451068.0 NaN
2451069.0 NaN
2451070.0 NaN
2451071.0 NaN
2451072.0 NaN
2451073.0 NaN
2451074.0 NaN
2451075.0 NaN
2451076.0 NaN
2451077.0 NaN
2451078.0 NaN
2451079.0 NaN
2451080.0 NaN
2451081.0 NaN
2451082.0 NaN
2451083.0 NaN
2451084.0 NaN
2451085.0 NaN
2451086.0 NaN
2451087.0 NaN
2451088.0 NaN
2451089.0 NaN
2451090.0 NaN
2451091.0 NaN
2451092.0 NaN
2451093.0 1361.534000
2451094.0 1361.607000
2451095.0 1361.656000
2451096.0 1361.708000
2451097.0 1361.775000
2451098.0 1361.791000
2451099.0 1361.685000
2451100.0 1361.591000
2451101.0 1361.514000
2451102.0 1361.451000
2451103.0 1361.527000
2451104.0 1361.688000
2451105.0 1361.761000
2451106.0 1361.651000
2451107.0 1361.561000
2451108.0 1361.552000
2451109.0 1361.567000
2451110.0 1361.596000
2451111.0 1361.641000
2451112.0 1361.637000
2451113.0 1361.536000
2451114.0 1361.467000
2451115.0 1361.532000
2451116.0 1361.626000
2451117.0 1361.656000
2451118.0 1361.662000
2451119.0 1361.629000
2451120.0 1361.518000
2451121.0 1361.423000
2451122.0 1361.371000
2451123.0 1361.331000
2451124.0 1361.334000
2451125.0 1361.361000
2451126.0 1361.384000
2451127.0 1361.397000
2451128.0 1361.408000
2451129.0 1361.378000
2451130.0 1361.347000
2451131.0 1361.302000
2451132.0 1361.254000
2451133.0 1361.257000
2451134.0 1361.328000
2451135.0 1361.406000
2451136.0 1361.482000
2451137.0 1361.564000
2451138.0 1361.556000
2451139.0 1361.516000
2451140.0 1361.516000
2451141.0 1361.562000
2451142.0 1361.609000
2451143.0 1361.619000
2451144.0 1361.634000
2451145.0 1361.579000
2451146.0 1361.506000
2451147.0 1361.502000
2451148.0 1361.587000
2451149.0 1361.657000
2451150.0 1361.638000
2451151.0 1361.617000
2451152.0 1361.524000
2451153.0 1361.412000
2451154.0 1361.351000
2451155.0 1361.342000
2451156.0 1361.365000
2451157.0 1361.486000
2451158.0 1361.606000
2451159.0 1361.459000
2451160.0 1361.231000
2451161.0 1361.205000
2451162.0 1361.399000
2451163.0 1361.601000
2451164.0 1361.802000
2451165.0 1362.002000
2451166.0 1361.956000
2451167.0 1361.847000
2451168.0 NaN
2451169.0 NaN
2451170.0 NaN
2451171.0 NaN
2451172.0 NaN
2451173.0 NaN
2451174.0 NaN
2451175.0 NaN
2451176.0 NaN
2451177.0 NaN
2451178.0 NaN
2451179.0 NaN
2451180.0 NaN
2451181.0 NaN
2451182.0 NaN
2451183.0 NaN
2451184.0 NaN
2451185.0 NaN
2451186.0 NaN
2451187.0 NaN
2451188.0 NaN
2451189.0 NaN
2451190.0 NaN
2451191.0 NaN
2451192.0 NaN
2451193.0 NaN
2451194.0 NaN
2451195.0 NaN
2451196.0 NaN
2451197.0 NaN
2451198.0 NaN
2451199.0 NaN
2451200.0 NaN
2451201.0 NaN
2451202.0 NaN
2451203.0 NaN
2451204.0 NaN
2451205.0 NaN
2451206.0 NaN
2451207.0 NaN
2451208.0 NaN
2451209.0 NaN
2451210.0 NaN
2451211.0 NaN
2451212.0 NaN
2451213.0 1361.544000
2451214.0 1361.697000
2451215.0 1361.725000
2451216.0 1361.742000
2451217.0 1361.698000
2451218.0 1361.624000
2451219.0 1361.471000
2451220.0 1361.147000
2451221.0 1360.838000
2451222.0 1360.631000
2451223.0 1360.487000
2451224.0 NaN
2451225.0 NaN
2451226.0 NaN
2451227.0 1361.601000
2451228.0 1362.005000
2451229.0 1362.114000
2451230.0 1362.174000
2451231.0 1362.139000
2451232.0 1362.071000
2451233.0 1362.026000
2451234.0 1362.001000
2451235.0 1361.977000
2451236.0 1361.853000
2451237.0 1361.729000
2451238.0 1361.591000
2451239.0 1361.447000
2451240.0 1361.375000
2451241.0 1361.404000
2451242.0 1361.451000
2451243.0 1361.544000
2451244.0 1361.654000
2451245.0 1361.737000
2451246.0 1361.822000
2451247.0 1361.859000
2451248.0 1361.819000
2451249.0 1361.761000
2451250.0 1361.546000
2451251.0 1361.333000
2451252.0 1361.393000
2451253.0 1361.576000
2451254.0 1361.745000
2451255.0 1361.902000
2451256.0 1362.031000
2451257.0 1361.971000
2451258.0 1361.907000
2451259.0 1361.845000
2451260.0 1361.792000
2451261.0 1361.719000
2451262.0 1361.613000
2451263.0 1361.538000
2451264.0 1361.542000
2451265.0 1361.564000
2451266.0 1361.576000
2451267.0 1361.591000
2451268.0 1361.589000
2451269.0 1361.562000
2451270.0 1361.541000
2451271.0 1361.503000
2451272.0 1361.478000
2451273.0 1361.547000
2451274.0 1361.656000
2451275.0 1361.706000
2451276.0 1361.695000
2451277.0 1361.706000
2451278.0 1361.757000
2451279.0 1361.827000
2451280.0 1361.895000
2451281.0 1361.975000
2451282.0 1361.966000
2451283.0 1361.862000
2451284.0 1361.769000
2451285.0 1361.667000
2451286.0 1361.574000
2451287.0 1361.441000
2451288.0 1361.301000
2451289.0 1361.232000
2451290.0 1361.231000
2451291.0 1361.233000
2451292.0 1361.243000
2451293.0 1361.253000
2451294.0 1361.212000
2451295.0 1361.159000
2451296.0 1361.131000
2451297.0 1361.127000
2451298.0 1361.168000
2451299.0 1361.351000
2451300.0 1361.536000
2451301.0 1361.643000
2451302.0 1361.741000
2451303.0 1361.851000
2451304.0 1361.977000
2451305.0 1362.071000
2451306.0 1362.041000
2451307.0 1362.014000
2451308.0 1361.881000
2451309.0 1361.737000
2451310.0 1361.657000
2451311.0 1361.626000
2451312.0 1361.594000
2451313.0 1361.544000
2451314.0 1361.494000
2451315.0 1361.351000
2451316.0 1361.184000
2451317.0 1361.066000
2451318.0 1360.976000
2451319.0 1360.948000
2451320.0 1361.066000
2451321.0 1361.188000
2451322.0 1361.314000
2451323.0 1361.444000
2451324.0 1361.527000
2451325.0 1361.583000
2451326.0 1361.606000
2451327.0 1361.542000
2451328.0 1361.466000
2451329.0 1361.255000
2451330.0 1361.024000
2451331.0 1361.056000
2451332.0 1361.248000
2451333.0 1361.453000
2451334.0 1361.691000
2451335.0 1361.892000
2451336.0 1361.781000
2451337.0 1361.629000
2451338.0 1361.461000
2451339.0 1361.287000
2451340.0 1361.189000
2451341.0 1361.227000
2451342.0 1361.264000
2451343.0 1361.274000
2451344.0 1361.283000
2451345.0 1361.324000
2451346.0 1361.386000
2451347.0 1361.471000
2451348.0 1361.592000
2451349.0 1361.708000
2451350.0 1361.741000
2451351.0 1361.769000
2451352.0 1361.676000
2451353.0 1361.526000
2451354.0 1361.371000
2451355.0 1361.191000
2451356.0 1361.072000
2451357.0 1361.235000
2451358.0 1361.441000
2451359.0 1361.566000
2451360.0 1361.661000
2451361.0 1361.738000
2451362.0 1361.783000
2451363.0 1361.807000
2451364.0 1361.668000
2451365.0 1361.526000
2451366.0 1361.531000
2451367.0 1361.604000
2451368.0 1361.676000
2451369.0 1361.738000
2451370.0 1361.789000
2451371.0 1361.726000
2451372.0 1361.666000
2451373.0 1361.601000
2451374.0 1361.541000
2451375.0 1361.558000
2451376.0 1361.671000
2451377.0 1361.762000
2451378.0 1361.726000
2451379.0 1361.683000
2451380.0 1361.517000
2451381.0 1361.309000
2451382.0 1361.222000
2451383.0 1361.279000
2451384.0 1361.355000
2451385.0 1361.487000
2451386.0 1361.624000
2451387.0 1361.596000
2451388.0 1361.516000
2451389.0 1361.339000
2451390.0 1361.043000
2451391.0 1360.818000
2451392.0 1360.848000
2451393.0 1360.913000
2451394.0 1361.257000
2451395.0 1361.695000
2451396.0 1361.961000
2451397.0 1362.047000
2451398.0 1362.088000
2451399.0 1361.915000
2451400.0 1361.752000
2451401.0 1361.736000
2451402.0 1361.776000
2451403.0 1361.809000
2451404.0 1361.838000
2451405.0 1361.827000
2451406.0 1361.651000
2451407.0 1361.486000
2451408.0 1361.451000
2451409.0 1361.459000
2451410.0 1361.557000
2451411.0 1361.737000
2451412.0 1361.893000
2451413.0 1361.947000
2451414.0 1361.997000
2451415.0 1361.878000
2451416.0 1361.728000
2451417.0 1361.641000
2451418.0 1361.601000
2451419.0 1361.644000
2451420.0 1361.891000
2451421.0 1362.151000
2451422.0 1362.271000
2451423.0 1362.379000
2451424.0 1362.358000
2451425.0 1362.245000
2451426.0 1362.141000
2451427.0 1362.011000
2451428.0 1361.908000
2451429.0 1361.858000
2451430.0 1361.836000
2451431.0 1361.726000
2451432.0 1361.554000
2451433.0 1361.381000
2451434.0 1361.177000
2451435.0 1361.016000
2451436.0 1361.182000
2451437.0 1361.421000
2451438.0 1361.697000
2451439.0 1362.009000
2451440.0 1362.231000
2451441.0 1362.224000
2451442.0 1362.234000
2451443.0 1362.231000
2451444.0 1362.251000
2451445.0 1362.211000
2451446.0 1362.146000
2451447.0 1362.119000
2451448.0 1362.139000
2451449.0 1362.174000
2451450.0 1362.144000
2451451.0 1362.124000
2451452.0 1362.094000
2451453.0 1362.067000
2451454.0 1362.014000
2451455.0 1361.881000
2451456.0 1361.783000
2451457.0 1361.809000
2451458.0 1361.871000
2451459.0 1361.942000
2451460.0 1362.028000
2451461.0 1362.024000
2451462.0 1361.835000
2451463.0 1361.629000
2451464.0 1361.261000
2451465.0 1360.874000
2451466.0 1360.724000
2451467.0 1360.684000
2451468.0 1360.799000
2451469.0 1361.181000
2451470.0 1361.539000
2451471.0 1361.751000
2451472.0 1361.947000
2451473.0 1361.821000
2451474.0 1361.552000
2451475.0 1361.305000
2451476.0 1361.075000
2451477.0 1360.895000
2451478.0 1360.961000
2451479.0 1361.058000
2451480.0 1361.227000
2451481.0 1361.431000
2451482.0 1361.588000
2451483.0 1361.676000
2451484.0 1361.766000
2451485.0 1361.829000
2451486.0 1361.905000
2451487.0 1361.952000
2451488.0 1361.999000
2451489.0 1361.877000
2451490.0 1361.511000
2451491.0 1361.183000
2451492.0 1360.978000
2451493.0 1360.793000
2451494.0 1360.871000
2451495.0 1361.045000
2451496.0 1361.041000
2451497.0 1360.809000
2451498.0 1360.634000
2451499.0 1360.699000
2451500.0 1360.789000
2451501.0 1361.091000
2451502.0 1361.468000
2451503.0 1361.685000
2451504.0 1361.712000
2451505.0 1361.741000
2451506.0 1361.731000
2451507.0 1361.735000
2451508.0 1361.819000
2451509.0 1361.942000
2451510.0 NaN
2451511.0 NaN
2451512.0 NaN
2451513.0 NaN
2451514.0 NaN
2451515.0 1361.869000
2451516.0 1361.851000
2451517.0 1361.767000
2451518.0 1361.619000
2451519.0 1361.526000
2451520.0 1361.574000
2451521.0 1361.654000
2451522.0 1361.835000
2451523.0 1362.062000
2451524.0 1362.265000
2451525.0 1362.454000
2451526.0 1362.565000
2451527.0 1362.374000
2451528.0 1362.191000
2451529.0 1361.978000
2451530.0 1361.775000
2451531.0 1361.482000
2451532.0 1361.109000
2451533.0 1360.809000
2451534.0 1360.707000
2451535.0 1360.631000
2451536.0 1360.799000
2451537.0 1361.026000
2451538.0 1361.265000
2451539.0 1361.527000
2451540.0 1361.719000
2451541.0 1361.719000
2451542.0 1361.723000
2451543.0 1361.725000
2451544.0 1361.738000
2451545.0 1361.745000
2451546.0 1361.753000
2451547.0 1361.815000
2451548.0 1361.982000
2451549.0 1362.166000
2451550.0 NaN
2451551.0 1362.403000
2451552.0 1362.445000
2451553.0 1362.397000
2451554.0 1362.317000
2451555.0 1362.119000
2451556.0 1361.955000
2451557.0 1361.899000
2451558.0 1361.883000
2451559.0 1361.882000
2451560.0 1361.899000
2451561.0 1361.901000
2451562.0 1361.849000
2451563.0 1361.819000
2451564.0 1361.841000
2451565.0 1361.888000
2451566.0 1361.871000
2451567.0 1361.822000
2451568.0 1361.785000
2451569.0 1361.749000
2451570.0 1361.735000
2451571.0 1361.761000
2451572.0 1361.808000
2451573.0 1361.871000
2451574.0 1361.952000
2451575.0 1362.044000
2451576.0 1362.136000
2451577.0 1362.245000
2451578.0 1362.311000
2451579.0 1362.397000
2451580.0 1362.381000
2451581.0 1362.329000
2451582.0 1362.314000
2451583.0 1362.339000
2451584.0 1362.389000
2451585.0 1362.381000
2451586.0 1362.383000
2451587.0 1362.371000
2451588.0 1362.373000
2451589.0 1362.321000
2451590.0 1362.162000
2451591.0 1362.021000
2451592.0 1361.866000
2451593.0 1361.727000
2451594.0 1361.678000
2451595.0 1361.678000
2451596.0 1361.628000
2451597.0 1361.491000
2451598.0 1361.345000
2451599.0 1361.123000
2451600.0 1360.892000
2451601.0 1360.669000
2451602.0 1360.438000
2451603.0 1360.378000
2451604.0 1360.562000
2451605.0 1360.776000
2451606.0 1361.171000
2451607.0 1361.574000
2451608.0 1361.669000
2451609.0 1361.651000
2451610.0 1361.601000
2451611.0 1361.506000
2451612.0 1361.427000
2451613.0 1361.389000
2451614.0 1361.363000
2451615.0 1361.337000
2451616.0 1361.315000
2451617.0 1361.303000
2451618.0 1361.299000
2451619.0 1361.291000
2451620.0 1361.252000
2451621.0 1361.211000
2451622.0 1361.097000
2451623.0 1360.958000
2451624.0 1360.946000
2451625.0 1361.082000
2451626.0 1361.241000
2451627.0 1361.499000
2451628.0 1361.761000
2451629.0 1361.837000
2451630.0 1361.866000
2451631.0 1361.908000
2451632.0 1361.962000
2451633.0 1362.008000
2451634.0 1361.977000
2451635.0 1361.965000
2451636.0 1361.965000
2451637.0 1361.986000
2451638.0 1362.062000
2451639.0 1362.192000
2451640.0 1362.303000
2451641.0 1362.296000
2451642.0 1362.305000
2451643.0 1362.268000
2451644.0 1362.241000
2451645.0 1362.209000
2451646.0 1362.176000
2451647.0 1362.147000
2451648.0 1362.068000
2451649.0 1362.014000
2451650.0 1362.016000
2451651.0 1362.051000
2451652.0 1362.072000
2451653.0 1362.091000
2451654.0 1362.019000
2451655.0 1361.663000
2451656.0 1361.292000
2451657.0 1360.808000
2451658.0 1360.288000
2451659.0 1360.114000
2451660.0 1360.193000
2451661.0 1360.336000
2451662.0 1360.684000
2451663.0 1361.035000
2451664.0 1361.422000
2451665.0 1361.826000
2451666.0 1362.018000
2451667.0 1362.074000
2451668.0 1362.122000
2451669.0 1362.118000
2451670.0 1362.131000
2451671.0 1362.104000
2451672.0 1362.088000
2451673.0 1361.947000
2451674.0 1361.729000
2451675.0 1361.573000
2451676.0 1361.526000
2451677.0 1361.482000
2451678.0 1361.378000
2451679.0 1361.263000
2451680.0 1360.984000
2451681.0 1360.599000
2451682.0 1360.311000
2451683.0 1360.224000
2451684.0 1360.193000
2451685.0 1360.605000
2451686.0 1361.089000
2451687.0 1361.464000
2451688.0 1361.791000
2451689.0 1361.955000
2451690.0 1361.793000
2451691.0 1361.644000
2451692.0 1361.513000
2451693.0 1361.396000
2451694.0 1361.328000
2451695.0 1361.287000
2451696.0 1361.307000
2451697.0 1361.439000
2451698.0 1361.556000
2451699.0 1361.533000
2451700.0 1361.501000
2451701.0 1361.494000
2451702.0 1361.507000
2451703.0 1361.543000
2451704.0 1361.612000
2451705.0 1361.671000
2451706.0 1361.623000
2451707.0 1361.576000
2451708.0 1361.652000
2451709.0 1361.795000
2451710.0 1361.876000
2451711.0 1361.855000
2451712.0 1361.839000
2451713.0 1361.771000
2451714.0 1361.716000
2451715.0 1361.781000
2451716.0 1361.908000
2451717.0 1361.979000
2451718.0 1361.966000
2451719.0 1361.913000
2451720.0 1361.606000
2451721.0 1361.287000
2451722.0 1361.125000
2451723.0 1361.028000
2451724.0 1361.111000
2451725.0 1361.437000
2451726.0 1361.733000
2451727.0 1361.876000
2451728.0 1362.009000
2451729.0 1361.917000
2451730.0 1361.751000
2451731.0 1361.613000
2451732.0 1361.501000
2451733.0 1361.412000
2451734.0 1361.393000
2451735.0 1361.389000
2451736.0 1361.409000
2451737.0 1361.443000
2451738.0 1361.549000
2451739.0 1361.739000
2451740.0 1361.897000
2451741.0 1361.895000
2451742.0 1361.885000
2451743.0 1361.692000
2451744.0 1361.449000
2451745.0 1361.325000
2451746.0 1361.322000
2451747.0 1361.338000
2451748.0 1361.406000
2451749.0 1361.491000
2451750.0 1361.667000
2451751.0 1361.885000
2451752.0 1362.078000
2451753.0 1362.257000
2451754.0 1362.414000
2451755.0 1362.467000
2451756.0 1362.535000
2451757.0 1362.454000
2451758.0 1362.357000
2451759.0 1362.288000
2451760.0 1362.247000
2451761.0 1362.206000
2451762.0 1362.104000
2451763.0 1362.029000
2451764.0 1362.025000
2451765.0 1362.058000
2451766.0 1362.201000
2451767.0 1362.444000
2451768.0 1362.622000
2451769.0 1362.561000
2451770.0 1362.506000
2451771.0 1362.308000
2451772.0 1362.098000
2451773.0 1362.097000
2451774.0 1362.266000
2451775.0 1362.393000
2451776.0 1362.363000
2451777.0 1362.335000
2451778.0 1362.164000
2451779.0 1361.978000
2451780.0 1361.891000
2451781.0 1361.876000
2451782.0 1361.852000
2451783.0 1361.777000
2451784.0 1361.729000
2451785.0 1361.801000
2451786.0 1361.911000
2451787.0 1361.959000
2451788.0 1361.971000
2451789.0 1361.963000
2451790.0 1361.876000
2451791.0 1361.826000
2451792.0 1361.949000
2451793.0 1362.126000
2451794.0 1362.354000
2451795.0 1362.632000
2451796.0 1362.808000
2451797.0 1362.723000
2451798.0 1362.656000
2451799.0 1362.504000
2451800.0 1362.365000
2451801.0 1362.198000
2451802.0 1362.021000
2451803.0 1361.831000
2451804.0 1361.587000
2451805.0 1361.322000
2451806.0 1360.868000
2451807.0 1360.377000
2451808.0 1360.061000
2451809.0 1359.821000
2451810.0 1359.845000
2451811.0 1360.385000
2451812.0 1360.918000
2451813.0 1361.458000
2451814.0 1362.001000
2451815.0 1362.158000
2451816.0 1362.136000
2451817.0 1362.044000
2451818.0 1361.806000
2451819.0 1361.656000
2451820.0 1361.891000
2451821.0 1362.199000
2451822.0 1362.376000
2451823.0 1362.513000
2451824.0 1362.545000
2451825.0 1362.391000
2451826.0 1362.267000
2451827.0 1362.172000
2451828.0 1362.108000
2451829.0 1362.155000
2451830.0 1362.266000
2451831.0 1362.363000
2451832.0 1362.424000
2451833.0 1362.498000
2451834.0 1362.501000
2451835.0 1362.521000
2451836.0 1362.404000
2451837.0 1362.252000
2451838.0 1362.211000
2451839.0 1362.307000
2451840.0 1362.435000
2451841.0 1362.583000
2451842.0 1362.758000
2451843.0 1362.719000
2451844.0 1362.624000
2451845.0 1362.579000
2451846.0 1362.587000
2451847.0 1362.585000
2451848.0 1362.423000
2451849.0 1362.273000
2451850.0 1362.114000
2451851.0 1361.966000
2451852.0 1361.971000
2451853.0 1362.154000
2451854.0 1362.304000
2451855.0 1362.334000
2451856.0 1362.375000
2451857.0 1362.219000
2451858.0 1362.011000
2451859.0 1361.911000
2451860.0 1361.917000
2451861.0 1361.955000
2451862.0 1362.044000
2451863.0 1362.148000
2451864.0 1362.097000
2451865.0 1362.014000
2451866.0 1361.931000
2451867.0 1361.838000
2451868.0 1361.806000
2451869.0 1361.921000
2451870.0 1362.061000
2451871.0 1362.164000
2451872.0 1362.276000
2451873.0 1362.309000
2451874.0 1362.269000
2451875.0 1362.249000
2451876.0 1362.221000
2451877.0 NaN
2451878.0 1362.266000
2451879.0 1362.373000
2451880.0 1362.474000
2451881.0 1362.575000
2451882.0 1362.607000
2451883.0 1362.371000
2451884.0 1362.162000
2451885.0 1362.084000
2451886.0 1362.059000
2451887.0 1362.097000
2451888.0 1362.202000
2451889.0 1362.276000
2451890.0 1362.231000
2451891.0 1362.197000
2451892.0 1362.115000
2451893.0 1362.044000
2451894.0 1362.145000
2451895.0 1362.385000
2451896.0 1362.582000
2451897.0 1362.623000
2451898.0 1362.669000
2451899.0 1362.507000
2451900.0 1362.326000
2451901.0 1362.214000
2451902.0 1362.151000
2451903.0 1362.129000
2451904.0 1362.161000
2451905.0 1362.202000
2451906.0 1362.121000
2451907.0 1362.035000
2451908.0 1361.879000
2451909.0 1361.681000
2451910.0 1361.576000
2451911.0 1361.646000
2451912.0 1361.743000
2451913.0 1361.921000
2451914.0 1362.132000
2451915.0 1362.271000
2451916.0 1362.381000
2451917.0 1362.433000
2451918.0 1362.328000
2451919.0 1362.234000
2451920.0 1362.036000
2451921.0 1361.845000
2451922.0 1361.825000
2451923.0 1361.913000
2451924.0 NaN
2451925.0 1362.275000
2451926.0 1362.473000
2451927.0 1362.457000
2451928.0 1362.436000
2451929.0 1362.379000
2451930.0 1362.317000
2451931.0 1362.279000
2451932.0 1362.255000
2451933.0 1362.249000
2451934.0 1362.209000
2451935.0 1362.188000
2451936.0 1362.199000
2451937.0 1362.241000
2451938.0 1362.297000
2451939.0 1362.363000
2451940.0 1362.444000
2451941.0 1362.461000
2451942.0 1362.501000
2451943.0 1362.501000
2451944.0 1362.507000
2451945.0 1362.451000
2451946.0 1362.278000
2451947.0 1362.154000
2451948.0 1362.124000
2451949.0 1362.131000
2451950.0 1362.125000
2451951.0 1362.131000
2451952.0 1362.145000
2451953.0 1362.164000
2451954.0 1362.194000
2451955.0 1362.164000
2451956.0 1362.148000
2451957.0 1362.087000
2451958.0 1362.024000
2451959.0 1362.009000
2451960.0 1362.054000
2451961.0 1362.111000
2451962.0 1362.141000
2451963.0 1362.189000
2451964.0 1362.168000
2451965.0 1362.141000
2451966.0 1362.139000
2451967.0 1362.161000
2451968.0 1362.206000
2451969.0 1362.264000
2451970.0 1362.334000
2451971.0 1362.212000
2451972.0 1362.041000
2451973.0 1361.881000
2451974.0 1361.727000
2451975.0 1361.648000
2451976.0 1361.779000
2451977.0 1361.945000
2451978.0 1362.074000
2451979.0 1362.211000
2451980.0 1362.207000
2451981.0 1362.051000
2451982.0 1361.933000
2451983.0 1361.871000
2451984.0 1361.839000
2451985.0 1361.907000
2451986.0 1362.021000
2451987.0 1362.104000
2451988.0 1362.159000
2451989.0 1362.178000
2451990.0 1362.019000
2451991.0 1361.853000
2451992.0 1361.498000
2451993.0 1361.094000
2451994.0 1360.649000
2451995.0 1360.153000
2451996.0 1359.794000
2451997.0 1359.876000
2451998.0 1359.987000
2451999.0 1360.433000
2452000.0 1360.955000
2452001.0 1361.373000
2452002.0 1361.715000
2452003.0 1361.919000
2452004.0 1361.727000
2452005.0 1361.531000
2452006.0 1361.349000
2452007.0 1361.174000
2452008.0 1361.121000
2452009.0 1361.161000
2452010.0 1361.249000
2452011.0 1361.466000
2452012.0 1361.683000
2452013.0 1361.781000
2452014.0 1361.865000
2452015.0 1361.865000
2452016.0 1361.811000
2452017.0 1361.755000
2452018.0 1361.666000
2452019.0 1361.576000
2452020.0 1361.391000
2452021.0 1361.191000
2452022.0 1361.122000
2452023.0 1361.139000
2452024.0 1361.204000
2452025.0 1361.377000
2452026.0 1361.556000
2452027.0 1361.725000
2452028.0 1361.902000
2452029.0 1361.956000
2452030.0 1361.942000
2452031.0 1361.913000
2452032.0 1361.825000
2452033.0 1361.768000
2452034.0 1361.831000
2452035.0 1361.931000
2452036.0 1361.947000
2452037.0 1361.925000
2452038.0 1361.849000
2452039.0 1361.648000
2452040.0 1361.454000
2452041.0 1361.257000
2452042.0 1361.069000
2452043.0 1361.148000
2452044.0 1361.377000
2452045.0 1361.606000
2452046.0 1361.841000
2452047.0 1362.047000
2452048.0 1362.014000
2452049.0 1361.959000
2452050.0 1361.761000
2452051.0 1361.494000
2452052.0 1361.325000
2452053.0 1361.303000
2452054.0 1361.351000
2452055.0 1361.633000
2452056.0 1361.946000
2452057.0 1362.142000
2452058.0 1362.301000
2452059.0 1362.361000
2452060.0 1362.254000
2452061.0 1362.156000
2452062.0 1362.005000
2452063.0 1361.871000
2452064.0 1361.782000
2452065.0 1361.726000
2452066.0 1361.619000
2452067.0 1361.428000
2452068.0 1361.259000
2452069.0 1361.157000
2452070.0 1361.078000
2452071.0 1361.289000
2452072.0 1361.628000
2452073.0 1361.837000
2452074.0 1361.875000
2452075.0 1361.862000
2452076.0 1361.578000
2452077.0 1361.279000
2452078.0 1361.081000
2452079.0 1360.918000
2452080.0 1360.951000
2452081.0 1361.232000
2452082.0 1361.511000
2452083.0 1361.769000
2452084.0 1362.028000
2452085.0 1362.028000
2452086.0 1361.952000
2452087.0 1361.933000
2452088.0 1361.975000
2452089.0 1362.054000
2452090.0 1362.196000
2452091.0 1362.361000
2452092.0 1362.387000
2452093.0 1362.391000
2452094.0 1362.296000
2452095.0 1362.089000
2452096.0 1361.925000
2452097.0 1361.835000
2452098.0 1361.776000
2452099.0 1361.876000
2452100.0 1362.038000
2452101.0 1362.131000
2452102.0 1362.144000
2452103.0 1362.109000
2452104.0 1361.852000
2452105.0 1361.613000
2452106.0 1361.576000
2452107.0 1361.607000
2452108.0 1361.673000
2452109.0 1361.776000
2452110.0 1361.846000
2452111.0 1361.781000
2452112.0 1361.723000
2452113.0 1361.698000
2452114.0 1361.695000
2452115.0 1361.729000
2452116.0 1361.801000
2452117.0 1361.883000
2452118.0 1361.961000
2452119.0 1362.047000
2452120.0 1362.038000
2452121.0 1362.024000
2452122.0 1361.926000
2452123.0 1361.768000
2452124.0 1361.602000
2452125.0 1361.375000
2452126.0 1361.181000
2452127.0 1361.271000
2452128.0 1361.431000
2452129.0 1361.566000
2452130.0 1361.686000
2452131.0 1361.733000
2452132.0 1361.583000
2452133.0 1361.469000
2452134.0 1361.634000
2452135.0 1361.871000
2452136.0 1362.048000
2452137.0 1362.196000
2452138.0 1362.236000
2452139.0 1361.995000
2452140.0 1361.777000
2452141.0 1361.651000
2452142.0 1361.556000
2452143.0 1361.617000
2452144.0 1361.785000
2452145.0 1361.885000
2452146.0 1361.822000
2452147.0 1361.768000
2452148.0 1361.695000
2452149.0 1361.632000
2452150.0 1361.549000
2452151.0 1361.461000
2452152.0 1361.396000
2452153.0 1361.371000
2452154.0 1361.358000
2452155.0 1361.406000
2452156.0 1361.476000
2452157.0 1361.564000
2452158.0 1361.668000
2452159.0 1361.656000
2452160.0 1361.416000
2452161.0 1361.197000
2452162.0 1361.083000
2452163.0 1360.991000
2452164.0 1361.173000
2452165.0 1361.502000
2452166.0 1361.789000
2452167.0 1362.004000
2452168.0 1362.191000
2452169.0 1362.114000
2452170.0 1362.018000
2452171.0 1361.857000
2452172.0 1361.673000
2452173.0 1361.466000
2452174.0 1361.207000
2452175.0 1360.978000
2452176.0 1360.888000
2452177.0 1360.818000
2452178.0 1360.934000
2452179.0 1361.134000
2452180.0 1361.321000
2452181.0 1361.493000
2452182.0 1361.676000
2452183.0 1361.873000
2452184.0 1362.091000
2452185.0 1362.324000
2452186.0 1362.586000
2452187.0 1362.676000
2452188.0 1362.513000
2452189.0 1362.398000
2452190.0 1362.368000
2452191.0 1362.381000
2452192.0 1362.411000
2452193.0 1362.471000
2452194.0 1362.396000
2452195.0 1362.135000
2452196.0 1361.913000
2452197.0 1361.759000
2452198.0 1361.634000
2452199.0 1361.626000
2452200.0 1361.671000
2452201.0 1361.747000
2452202.0 1361.862000
2452203.0 1361.981000
2452204.0 1362.056000
2452205.0 1362.142000
2452206.0 1362.068000
2452207.0 1361.957000
2452208.0 1361.775000
2452209.0 1361.509000
2452210.0 1361.274000
2452211.0 1361.119000
2452212.0 1360.985000
2452213.0 1361.061000
2452214.0 1361.203000
2452215.0 1361.381000
2452216.0 1361.596000
2452217.0 1361.778000
2452218.0 1361.828000
2452219.0 1361.865000
2452220.0 1361.631000
2452221.0 1361.322000
2452222.0 1361.175000
2452223.0 1361.178000
2452224.0 1361.251000
2452225.0 1361.531000
2452226.0 1361.822000
2452227.0 1361.978000
2452228.0 1362.116000
2452229.0 1362.074000
2452230.0 1361.878000
2452231.0 1361.748000
2452232.0 1361.769000
2452233.0 1361.829000
2452234.0 1362.044000
2452235.0 1362.321000
2452236.0 1362.456000
2452237.0 1362.484000
2452238.0 1362.463000
2452239.0 1362.242000
2452240.0 1362.029000
2452241.0 1361.751000
2452242.0 1361.471000
2452243.0 1361.322000
2452244.0 1361.273000
2452245.0 1361.283000
2452246.0 1361.434000
2452247.0 1361.596000
2452248.0 1361.728000
2452249.0 1361.869000
2452250.0 1362.068000
2452251.0 1362.319000
2452252.0 1362.475000
2452253.0 1362.365000
2452254.0 1362.281000
2452255.0 1362.244000
2452256.0 1362.241000
2452257.0 1362.251000
2452258.0 1362.281000
2452259.0 1362.363000
2452260.0 1362.514000
2452261.0 1362.662000
2452262.0 1362.531000
2452263.0 1362.373000
2452264.0 1362.131000
2452265.0 1361.845000
2452266.0 1361.642000
2452267.0 1361.588000
2452268.0 1361.583000
2452269.0 1361.808000
2452270.0 1362.091000
2452271.0 1362.355000
2452272.0 1362.626000
2452273.0 1362.829000
2452274.0 1362.868000
2452275.0 1362.916000
2452276.0 1362.797000
2452277.0 1362.689000
2452278.0 1362.702000
2452279.0 1362.802000
2452280.0 1362.863000
2452281.0 1362.829000
2452282.0 1362.785000
2452283.0 1362.473000
2452284.0 1362.156000
2452285.0 1362.076000
2452286.0 1362.128000
2452287.0 1362.211000
2452288.0 1362.329000
2452289.0 1362.447000
2452290.0 1362.416000
2452291.0 1362.397000
2452292.0 1362.473000
2452293.0 1362.615000
2452294.0 1362.722000
2452295.0 1362.749000
2452296.0 1362.795000
2452297.0 1362.761000
2452298.0 1362.754000
2452299.0 1362.792000
2452300.0 1362.872000
2452301.0 1362.863000
2452302.0 1362.703000
2452303.0 1362.556000
2452304.0 1362.314000
2452305.0 1362.101000
2452306.0 1362.091000
2452307.0 1362.181000
2452308.0 1362.334000
2452309.0 1362.568000
2452310.0 NaN
2452311.0 NaN
2452312.0 NaN
2452313.0 1362.702000
2452314.0 1362.682000
2452315.0 1362.585000
2452316.0 1362.383000
2452317.0 1362.258000
2452318.0 1362.331000
2452319.0 1362.451000
2452320.0 1362.557000
2452321.0 1362.687000
2452322.0 1362.687000
2452323.0 1362.533000
2452324.0 1362.437000
2452325.0 1362.445000
2452326.0 1362.496000
2452327.0 1362.603000
2452328.0 1362.758000
2452329.0 1362.778000
2452330.0 1362.652000
2452331.0 1362.567000
2452332.0 1362.516000
2452333.0 1362.506000
2452334.0 1362.574000
2452335.0 1362.696000
2452336.0 1362.734000
2452337.0 1362.692000
2452338.0 1362.671000
2452339.0 1362.625000
2452340.0 1362.612000
2452341.0 1362.566000
2452342.0 1362.541000
2452343.0 1362.411000
2452344.0 1362.188000
2452345.0 1362.017000
2452346.0 1361.936000
2452347.0 1361.887000
2452348.0 1361.921000
2452349.0 1361.992000
2452350.0 1362.066000
2452351.0 1362.147000
2452352.0 1362.252000
2452353.0 1362.375000
2452354.0 1362.513000
2452355.0 1362.485000
2452356.0 1362.445000
2452357.0 1362.349000
2452358.0 1362.215000
2452359.0 1362.145000
2452360.0 1362.188000
2452361.0 1362.239000
2452362.0 1362.094000
2452363.0 1361.925000
2452364.0 1361.633000
2452365.0 1361.254000
2452366.0 1361.018000
2452367.0 1361.111000
2452368.0 1361.242000
2452369.0 1361.573000
2452370.0 1361.957000
2452371.0 1362.121000
2452372.0 1362.147000
2452373.0 1362.132000
2452374.0 1361.987000
2452375.0 1361.857000
2452376.0 1361.716000
2452377.0 1361.587000
2452378.0 1361.576000
2452379.0 1361.641000
2452380.0 1361.725000
2452381.0 1361.832000
2452382.0 1361.946000
2452383.0 1361.991000
2452384.0 1362.041000
2452385.0 1362.007000
2452386.0 1361.936000
2452387.0 1361.898000
2452388.0 1361.905000
2452389.0 1361.927000
2452390.0 1361.948000
2452391.0 1361.987000
2452392.0 1362.059000
2452393.0 1362.164000
2452394.0 1362.254000
2452395.0 1362.297000
2452396.0 1362.331000
2452397.0 1362.149000
2452398.0 1361.959000
2452399.0 1361.871000
2452400.0 1361.846000
2452401.0 1361.815000
2452402.0 1361.761000
2452403.0 1361.725000
2452404.0 1361.723000
2452405.0 1361.741000
2452406.0 1361.769000
2452407.0 1361.811000
2452408.0 1361.819000
2452409.0 1361.761000
2452410.0 1361.706000
2452411.0 1361.598000
2452412.0 1361.494000
2452413.0 1361.423000
2452414.0 1361.373000
2452415.0 1361.355000
2452416.0 1361.385000
2452417.0 1361.424000
2452418.0 1361.491000
2452419.0 1361.572000
2452420.0 1361.726000
2452421.0 1361.923000
2452422.0 1362.045000
2452423.0 1362.061000
2452424.0 1362.051000
2452425.0 1361.941000
2452426.0 1361.843000
2452427.0 1361.748000
2452428.0 1361.666000
2452429.0 1361.681000
2452430.0 1361.821000
2452431.0 1361.941000
2452432.0 1361.917000
2452433.0 1361.895000
2452434.0 1361.815000
2452435.0 1361.726000
2452436.0 1361.725000
2452437.0 1361.825000
2452438.0 1361.913000
2452439.0 1361.905000
2452440.0 1361.905000
2452441.0 1361.925000
2452442.0 1361.967000
2452443.0 1361.989000
2452444.0 1361.989000
2452445.0 1361.968000
2452446.0 1361.808000
2452447.0 1361.658000
2452448.0 1361.574000
2452449.0 1361.518000
2452450.0 1361.601000
2452451.0 1361.821000
2452452.0 1362.014000
2452453.0 1362.074000
2452454.0 1362.136000
2452455.0 1362.064000
2452456.0 1361.971000
2452457.0 1361.891000
2452458.0 1361.825000
2452459.0 1361.768000
2452460.0 1361.701000
2452461.0 1361.658000
2452462.0 1361.721000
2452463.0 1361.827000
2452464.0 1361.881000
2452465.0 1361.893000
2452466.0 1361.846000
2452467.0 1361.591000
2452468.0 1361.337000
2452469.0 1361.119000
2452470.0 1360.909000
2452471.0 1360.803000
2452472.0 1360.779000
2452473.0 1360.764000
2452474.0 1360.797000
2452475.0 1360.833000
2452476.0 1360.948000
2452477.0 1361.081000
2452478.0 1361.167000
2452479.0 1361.224000
2452480.0 1361.193000
2452481.0 1360.938000
2452482.0 1360.691000
2452483.0 1360.611000
2452484.0 1360.559000
2452485.0 1360.734000
2452486.0 1361.068000
2452487.0 1361.355000
2452488.0 1361.546000
2452489.0 1361.721000
2452490.0 1361.721000
2452491.0 1361.698000
2452492.0 1361.702000
2452493.0 1361.728000
2452494.0 1361.755000
2452495.0 1361.765000
2452496.0 1361.776000
2452497.0 1361.695000
2452498.0 1361.606000
2452499.0 1361.322000
2452500.0 1360.921000
2452501.0 1360.567000
2452502.0 1360.303000
2452503.0 1360.093000
2452504.0 1360.341000
2452505.0 1360.654000
2452506.0 1361.061000
2452507.0 1361.526000
2452508.0 1361.795000
2452509.0 1361.695000
2452510.0 1361.613000
2452511.0 1361.601000
2452512.0 1361.611000
2452513.0 1361.674000
2452514.0 1361.773000
2452515.0 1361.811000
2452516.0 1361.725000
2452517.0 1361.648000
2452518.0 1361.546000
2452519.0 1361.452000
2452520.0 1361.426000
2452521.0 1361.434000
2452522.0 1361.533000
2452523.0 1361.775000
2452524.0 1361.999000
2452525.0 1362.022000
2452526.0 1362.019000
2452527.0 1361.748000
2452528.0 1361.361000
2452529.0 1361.151000
2452530.0 1361.205000
2452531.0 1361.295000
2452532.0 1361.526000
2452533.0 1361.777000
2452534.0 1361.803000
2452535.0 1361.745000
2452536.0 1361.641000
2452537.0 1361.464000
2452538.0 1361.339000
2452539.0 1361.401000
2452540.0 1361.493000
2452541.0 1361.606000
2452542.0 1361.736000
2452543.0 1361.828000
2452544.0 1361.865000
2452545.0 1361.892000
2452546.0 1361.812000
2452547.0 1361.738000
2452548.0 1361.693000
2452549.0 1361.671000
2452550.0 1361.691000
2452551.0 1361.766000
2452552.0 1361.823000
2452553.0 1361.759000
2452554.0 1361.696000
2452555.0 1361.621000
2452556.0 1361.547000
2452557.0 1361.531000
2452558.0 1361.576000
2452559.0 1361.631000
2452560.0 1361.688000
2452561.0 1361.755000
2452562.0 1361.725000
2452563.0 1361.674000
2452564.0 1361.685000
2452565.0 1361.761000
2452566.0 1361.796000
2452567.0 1361.666000
2452568.0 1361.532000
2452569.0 1361.361000
2452570.0 1361.178000
2452571.0 1361.104000
2452572.0 1361.147000
2452573.0 1361.243000
2452574.0 1361.507000
2452575.0 1361.781000
2452576.0 1361.929000
2452577.0 1362.057000
2452578.0 1362.026000
2452579.0 1361.855000
2452580.0 1361.695000
2452581.0 1361.531000
2452582.0 1361.382000
2452583.0 1361.287000
2452584.0 1361.211000
2452585.0 1361.315000
2452586.0 1361.573000
2452587.0 1361.806000
2452588.0 1361.961000
2452589.0 1362.092000
2452590.0 1361.887000
2452591.0 1361.614000
2452592.0 1361.481000
2452593.0 1361.458000
2452594.0 1361.454000
2452595.0 1361.486000
2452596.0 1361.509000
2452597.0 1361.389000
2452598.0 1361.241000
2452599.0 1361.184000
2452600.0 1361.225000
2452601.0 1361.355000
2452602.0 1361.692000
2452603.0 1362.022000
2452604.0 1362.116000
2452605.0 1362.181000
2452606.0 1362.156000
2452607.0 1362.081000
2452608.0 1362.044000
2452609.0 1362.057000
2452610.0 1362.087000
2452611.0 1362.074000
2452612.0 1362.075000
2452613.0 1362.141000
2452614.0 1362.258000
2452615.0 1362.368000
2452616.0 1362.433000
2452617.0 1362.507000
2452618.0 1362.457000
2452619.0 1362.413000
2452620.0 1362.405000
2452621.0 1362.433000
2452622.0 1362.356000
2452623.0 1362.046000
2452624.0 1361.755000
2452625.0 1361.484000
2452626.0 1361.231000
2452627.0 1361.304000
2452628.0 1361.557000
2452629.0 1361.836000
2452630.0 1362.158000
2452631.0 1362.443000
2452632.0 1362.386000
2452633.0 1362.305000
2452634.0 1362.211000
2452635.0 1362.124000
2452636.0 1362.071000
2452637.0 1362.059000
2452638.0 1362.075000
2452639.0 1362.126000
2452640.0 1362.204000
2452641.0 1362.185000
2452642.0 1362.137000
2452643.0 1362.061000
2452644.0 1361.921000
2452645.0 1361.815000
2452646.0 1361.778000
2452647.0 1361.771000
2452648.0 1361.845000
2452649.0 1361.967000
2452650.0 1362.024000
2452651.0 1361.981000
2452652.0 1361.959000
2452653.0 1361.949000
2452654.0 1361.963000
2452655.0 1362.036000
2452656.0 1362.152000
2452657.0 1362.217000
2452658.0 1362.206000
2452659.0 1362.194000
2452660.0 1362.084000
2452661.0 1361.982000
2452662.0 1361.816000
2452663.0 1361.636000
2452664.0 1361.561000
2452665.0 1361.617000
2452666.0 1361.701000
2452667.0 1361.855000
2452668.0 1362.022000
2452669.0 1362.034000
2452670.0 1362.005000
2452671.0 1361.923000
2452672.0 1361.768000
2452673.0 1361.687000
2452674.0 1361.828000
2452675.0 1362.001000
2452676.0 1362.098000
2452677.0 1362.191000
2452678.0 1362.219000
2452679.0 1362.179000
2452680.0 1362.174000
2452681.0 1362.214000
2452682.0 1362.276000
2452683.0 1362.269000
2452684.0 1362.262000
2452685.0 1362.211000
2452686.0 1362.112000
2452687.0 1362.016000
2452688.0 1361.859000
2452689.0 1361.709000
2452690.0 1361.501000
2452691.0 1361.283000
2452692.0 1361.257000
2452693.0 1361.404000
2452694.0 1361.556000
2452695.0 1361.702000
2452696.0 1361.851000
2452697.0 1361.855000
2452698.0 1361.837000
2452699.0 1361.811000
2452700.0 1361.781000
2452701.0 1361.756000
2452702.0 1361.715000
2452703.0 1361.688000
2452704.0 1361.681000
2452705.0 1361.691000
2452706.0 1361.697000
2452707.0 1361.706000
2452708.0 1361.669000
2452709.0 1361.486000
2452710.0 1361.301000
2452711.0 1361.091000
2452712.0 1360.873000
2452713.0 1360.819000
2452714.0 1360.882000
2452715.0 1360.988000
2452716.0 1361.211000
2452717.0 1361.417000
2452718.0 1361.438000
2452719.0 1361.426000
2452720.0 1361.466000
2452721.0 1361.546000
2452722.0 1361.581000
2452723.0 1361.504000
2452724.0 1361.421000
2452725.0 1361.267000
2452726.0 1361.101000
2452727.0 1361.055000
2452728.0 1361.086000
2452729.0 1361.147000
2452730.0 1361.274000
2452731.0 1361.396000
2452732.0 1361.452000
2452733.0 1361.502000
2452734.0 1361.502000
2452735.0 1361.478000
2452736.0 1361.438000
2452737.0 1361.358000
2452738.0 1361.285000
2452739.0 1361.238000
2452740.0 1361.201000
2452741.0 1361.271000
2452742.0 1361.401000
2452743.0 1361.498000
2452744.0 1361.527000
2452745.0 1361.556000
2452746.0 1361.546000
2452747.0 1361.541000
2452748.0 1361.556000
2452749.0 1361.591000
2452750.0 1361.601000
2452751.0 1361.566000
2452752.0 1361.538000
2452753.0 1361.501000
2452754.0 1361.468000
2452755.0 1361.354000
2452756.0 1361.201000
2452757.0 1361.012000
2452758.0 1360.759000
2452759.0 1360.529000
2452760.0 1360.462000
2452761.0 1360.408000
2452762.0 1360.566000
2452763.0 1360.814000
2452764.0 1361.009000
2452765.0 1361.131000
2452766.0 1361.233000
2452767.0 1361.243000
2452768.0 1361.247000
2452769.0 1361.307000
2452770.0 1361.394000
2452771.0 1361.431000
2452772.0 1361.393000
2452773.0 1361.385000
2452774.0 1361.476000
2452775.0 1361.584000
2452776.0 1361.661000
2452777.0 1361.733000
2452778.0 1361.788000
2452779.0 1361.817000
2452780.0 1361.861000
2452781.0 1361.903000
2452782.0 1361.955000
2452783.0 1361.836000
2452784.0 1361.666000
2452785.0 1361.486000
2452786.0 1361.289000
2452787.0 1361.158000
2452788.0 1361.261000
2452789.0 1361.384000
2452790.0 1361.426000
2452791.0 1361.448000
2452792.0 1361.391000
2452793.0 1361.243000
2452794.0 1361.091000
2452795.0 1360.911000
2452796.0 1360.722000
2452797.0 1360.506000
2452798.0 1360.268000
2452799.0 1360.181000
2452800.0 1360.247000
2452801.0 1360.386000
2452802.0 1360.818000
2452803.0 1361.252000
2452804.0 1361.502000
2452805.0 1361.707000
2452806.0 1361.785000
2452807.0 1361.745000
2452808.0 1361.669000
2452809.0 1361.442000
2452810.0 1361.228000
2452811.0 1361.188000
2452812.0 1361.198000
2452813.0 1361.247000
2452814.0 1361.331000
2452815.0 1361.397000
2452816.0 1361.416000
2452817.0 1361.426000
2452818.0 1361.338000
2452819.0 1361.227000
2452820.0 NaN
2452821.0 NaN
2452822.0 1360.978000
2452823.0 1360.936000
2452824.0 1360.891000
2452825.0 1360.913000
2452826.0 1360.984000
2452827.0 1361.163000
2452828.0 1361.426000
2452829.0 1361.604000
2452830.0 1361.637000
2452831.0 1361.674000
2452832.0 1361.659000
2452833.0 1361.643000
2452834.0 1361.596000
2452835.0 1361.528000
2452836.0 1361.413000
2452837.0 1361.174000
2452838.0 1360.935000
2452839.0 1360.731000
2452840.0 1360.527000
2452841.0 1360.659000
2452842.0 1361.009000
2452843.0 1361.297000
2452844.0 1361.462000
2452845.0 1361.609000
2452846.0 1361.599000
2452847.0 1361.569000
2452848.0 1361.524000
2452849.0 1361.474000
2452850.0 1361.441000
2452851.0 1361.429000
2452852.0 1361.417000
2452853.0 1361.353000
2452854.0 1361.281000
2452855.0 1361.141000
2452856.0 1360.959000
2452857.0 1360.828000
2452858.0 1360.793000
2452859.0 1360.792000
2452860.0 1361.031000
2452861.0 1361.303000
2452862.0 1361.426000
2452863.0 1361.476000
2452864.0 1361.451000
2452865.0 1361.283000
2452866.0 1361.167000
2452867.0 1361.327000
2452868.0 1361.531000
2452869.0 1361.636000
2452870.0 1361.701000
2452871.0 1361.667000
2452872.0 1361.459000
2452873.0 1361.301000
2452874.0 1361.364000
2452875.0 1361.463000
2452876.0 1361.541000
2452877.0 1361.613000
2452878.0 1361.669000
2452879.0 1361.692000
2452880.0 1361.733000
2452881.0 1361.801000
2452882.0 1361.882000
2452883.0 1361.842000
2452884.0 1361.761000
2452885.0 1361.709000
2452886.0 1361.691000
2452887.0 1361.702000
2452888.0 1361.783000
2452889.0 1361.879000
2452890.0 1361.765000
2452891.0 1361.578000
2452892.0 1361.473000
2452893.0 1361.471000
2452894.0 1361.496000
2452895.0 1361.594000
2452896.0 1361.703000
2452897.0 1361.666000
2452898.0 1361.581000
2452899.0 1361.556000
2452900.0 1361.602000
2452901.0 1361.649000
2452902.0 1361.661000
2452903.0 1361.674000
2452904.0 1361.561000
2452905.0 1361.404000
2452906.0 1361.291000
2452907.0 1361.217000
2452908.0 1361.182000
2452909.0 1361.272000
2452910.0 1361.381000
2452911.0 1361.541000
2452912.0 1361.731000
2452913.0 1361.793000
2452914.0 1361.719000
2452915.0 1361.656000
2452916.0 1361.576000
2452917.0 1361.507000
2452918.0 1361.476000
2452919.0 1361.463000
2452920.0 1361.523000
2452921.0 1361.658000
2452922.0 1361.761000
2452923.0 1361.741000
2452924.0 1361.723000
2452925.0 1361.667000
2452926.0 1361.608000
2452927.0 1361.596000
2452928.0 1361.627000
2452929.0 1361.616000
2452930.0 1361.456000
2452931.0 1361.267000
2452932.0 1360.782000
2452933.0 1360.208000
2452934.0 1359.781000
2452935.0 1359.461000
2452936.0 1359.178000
2452937.0 1359.071000
2452938.0 1358.935000
2452939.0 1358.911000
2452940.0 1359.104000
2452941.0 1359.311000
2452942.0 1359.463000
2452943.0 1359.692000
2452944.0 1360.191000
2452945.0 1360.681000
2452946.0 1361.207000
2452947.0 1361.745000
2452948.0 1361.922000
2452949.0 1361.845000
2452950.0 1361.743000
2452951.0 1361.551000
2452952.0 1361.384000
2452953.0 1361.378000
2452954.0 1361.411000
2452955.0 1361.448000
2452956.0 1361.491000
2452957.0 1361.493000
2452958.0 1361.391000
2452959.0 1361.298000
2452960.0 1361.241000
2452961.0 1361.194000
2452962.0 1361.171000
2452963.0 1361.162000
2452964.0 1361.135000
2452965.0 1361.071000
2452966.0 1361.019000
2452967.0 1361.073000
2452968.0 1361.147000
2452969.0 1361.337000
2452970.0 1361.601000
2452971.0 1361.838000
2452972.0 1362.018000
2452973.0 1362.171000
2452974.0 1362.014000
2452975.0 1361.827000
2452976.0 1361.649000
2452977.0 1361.481000
2452978.0 1361.362000
2452979.0 1361.321000
2452980.0 1361.293000
2452981.0 1361.317000
2452982.0 1361.351000
2452983.0 1361.353000
2452984.0 1361.344000
2452985.0 1361.307000
2452986.0 1361.219000
2452987.0 1361.165000
2452988.0 1361.282000
2452989.0 1361.427000
2452990.0 1361.571000
2452991.0 1361.721000
2452992.0 1361.805000
2452993.0 1361.775000
2452994.0 1361.746000
2452995.0 1361.626000
2452996.0 1361.501000
2452997.0 1361.473000
2452998.0 1361.496000
2452999.0 1361.566000
2453000.0 1361.698000
2453001.0 1361.825000
2453002.0 1361.855000
2453003.0 1361.882000
2453004.0 1361.741000
2453005.0 1361.541000
2453006.0 1361.329000
2453007.0 1361.095000
2453008.0 1360.868000
2453009.0 1360.655000
2453010.0 1360.443000
2453011.0 1360.411000
2453012.0 1360.435000
2453013.0 1360.541000
2453014.0 1360.756000
2453015.0 1360.971000
2453016.0 1361.221000
2453017.0 1361.468000
2453018.0 1361.591000
2453019.0 1361.678000
2453020.0 1361.709000
2453021.0 1361.673000
2453022.0 1361.641000
2453023.0 1361.583000
2453024.0 1361.544000
2453025.0 1361.652000
2453026.0 1361.821000
2453027.0 1361.911000
2453028.0 1361.915000
2453029.0 1361.883000
2453030.0 1361.679000
2453031.0 1361.482000
2453032.0 1361.401000
2453033.0 1361.362000
2453034.0 1361.347000
2453035.0 1361.355000
2453036.0 1361.361000
2453037.0 1361.341000
2453038.0 1361.319000
2453039.0 1361.247000
2453040.0 1361.162000
2453041.0 1361.101000
2453042.0 1361.061000
2453043.0 1361.074000
2453044.0 1361.257000
2453045.0 1361.444000
2453046.0 1361.516000
2453047.0 1361.562000
2453048.0 1361.599000
2453049.0 1361.629000
2453050.0 1361.671000
2453051.0 1361.721000
2453052.0 1361.781000
2453053.0 1361.773000
2453054.0 1361.762000
2453055.0 1361.676000
2453056.0 1361.529000
2453057.0 1361.357000
2453058.0 1361.088000
2453059.0 1360.825000
2453060.0 1360.661000
2453061.0 1360.509000
2453062.0 1360.625000
2453063.0 1360.941000
2453064.0 1361.184000
2453065.0 1361.261000
2453066.0 1361.317000
2453067.0 1361.235000
2453068.0 1361.125000
2453069.0 1361.124000
2453070.0 1361.199000
2453071.0 1361.217000
2453072.0 1361.107000
2453073.0 1360.992000
2453074.0 1360.888000
2453075.0 1360.782000
2453076.0 1360.856000
2453077.0 1361.045000
2453078.0 1361.228000
2453079.0 1361.408000
2453080.0 1361.571000
2453081.0 1361.566000
2453082.0 1361.536000
2453083.0 1361.501000
2453084.0 1361.463000
2453085.0 1361.411000
2453086.0 1361.315000
2453087.0 1361.247000
2453088.0 1361.339000
2453089.0 1361.462000
2453090.0 1361.494000
2453091.0 1361.479000
2453092.0 1361.411000
2453093.0 1361.234000
2453094.0 1361.081000
2453095.0 1361.055000
2453096.0 1361.052000
2453097.0 1361.137000
2453098.0 1361.273000
2453099.0 1361.373000
2453100.0 1361.411000
2453101.0 1361.438000
2453102.0 1361.385000
2453103.0 1361.327000
2453104.0 1361.327000
2453105.0 1361.357000
2453106.0 1361.401000
2453107.0 1361.471000
2453108.0 1361.527000
2453109.0 1361.476000
2453110.0 1361.421000
2453111.0 1361.441000
2453112.0 1361.498000
2453113.0 1361.471000
2453114.0 1361.308000
2453115.0 1361.171000
2453116.0 1361.154000
2453117.0 NaN
2453118.0 NaN
2453119.0 NaN
2453120.0 NaN
2453121.0 NaN
2453122.0 1361.231000
2453123.0 1361.259000
2453124.0 1361.288000
2453125.0 1361.301000
2453126.0 1361.312000
2453127.0 1361.319000
2453128.0 1361.321000
2453129.0 1361.317000
2453130.0 1361.272000
2453131.0 1361.231000
2453132.0 1361.261000
2453133.0 1361.317000
2453134.0 1361.343000
2453135.0 1361.331000
2453136.0 1361.297000
2453137.0 1361.168000
2453138.0 1361.033000
2453139.0 1360.904000
2453140.0 1360.773000
2453141.0 1360.773000
2453142.0 1360.921000
2453143.0 1361.066000
2453144.0 1361.212000
2453145.0 1361.347000
2453146.0 1361.292000
2453147.0 1361.177000
2453148.0 1361.081000
2453149.0 1360.999000
2453150.0 1360.948000
2453151.0 1360.999000
2453152.0 1361.058000
2453153.0 1361.157000
2453154.0 1361.269000
2453155.0 1361.318000
2453156.0 1361.307000
2453157.0 1361.291000
2453158.0 1361.241000
2453159.0 1361.201000
2453160.0 1361.241000
2453161.0 1361.307000
2453162.0 1361.341000
2453163.0 1361.341000
2453164.0 1361.325000
2453165.0 1361.257000
2453166.0 1361.191000
2453167.0 1361.163000
2453168.0 1361.147000
2453169.0 1361.148000
2453170.0 1361.164000
2453171.0 1361.127000
2453172.0 1360.948000
2453173.0 1360.757000
2453174.0 1360.573000
2453175.0 1360.383000
2453176.0 1360.435000
2453177.0 1360.625000
2453178.0 1360.858000
2453179.0 1361.223000
2453180.0 1361.564000
2453181.0 1361.627000
2453182.0 1361.637000
2453183.0 1361.536000
2453184.0 1361.367000
2453185.0 1361.241000
2453186.0 1361.201000
2453187.0 1361.168000
2453188.0 1361.152000
2453189.0 1361.141000
2453190.0 1361.139000
2453191.0 1361.143000
2453192.0 1361.137000
2453193.0 1361.102000
2453194.0 1361.065000
2453195.0 1361.018000
2453196.0 1360.964000
2453197.0 1361.009000
2453198.0 1361.113000
2453199.0 1361.187000
2453200.0 1361.202000
2453201.0 1361.189000
2453202.0 1360.994000
2453203.0 1360.759000
2453204.0 1360.492000
2453205.0 1360.192000
2453206.0 1359.911000
2453207.0 1359.675000
2453208.0 1359.463000
2453209.0 1359.561000
2453210.0 1359.682000
2453211.0 1360.011000
2453212.0 1360.441000
2453213.0 1360.754000
2453214.0 1360.884000
2453215.0 1360.985000
2453216.0 1360.971000
2453217.0 1360.935000
2453218.0 1360.923000
2453219.0 1360.921000
2453220.0 1360.914000
2453221.0 1360.905000
2453222.0 1360.911000
2453223.0 1361.022000
2453224.0 1361.141000
2453225.0 1361.076000
2453226.0 1360.923000
2453227.0 1360.709000
2453228.0 1360.391000
2453229.0 1360.133000
2453230.0 1360.241000
2453231.0 1360.381000
2453232.0 1360.605000
2453233.0 1360.861000
2453234.0 1360.989000
2453235.0 1360.938000
2453236.0 1360.888000
2453237.0 1360.864000
2453238.0 1360.841000
2453239.0 1360.889000
2453240.0 1360.965000
2453241.0 1361.025000
2453242.0 1361.068000
2453243.0 1361.117000
2453244.0 1361.201000
2453245.0 1361.285000
2453246.0 NaN
2453247.0 1361.209000
2453248.0 1361.175000
2453249.0 1361.168000
2453250.0 1361.178000
2453251.0 1361.251000
2453252.0 1361.323000
2453253.0 1361.261000
2453254.0 1361.151000
2453255.0 1361.107000
2453256.0 1361.137000
2453257.0 1361.201000
2453258.0 1361.393000
2453259.0 1361.589000
2453260.0 1361.543000
2453261.0 1361.424000
2453262.0 1361.334000
2453263.0 1361.272000
2453264.0 1361.242000
2453265.0 1361.281000
2453266.0 1361.319000
2453267.0 1361.253000
2453268.0 1361.151000
2453269.0 1361.091000
2453270.0 1361.069000
2453271.0 1361.076000
2453272.0 1361.171000
2453273.0 1361.267000
2453274.0 1361.279000
2453275.0 1361.271000
2453276.0 1361.272000
2453277.0 1361.287000
2453278.0 1361.317000
2453279.0 1361.378000
2453280.0 1361.439000
2453281.0 1361.402000
2453282.0 1361.344000
2453283.0 1361.373000
2453284.0 1361.476000
2453285.0 1361.551000
2453286.0 1361.526000
2453287.0 1361.501000
2453288.0 1361.438000
2453289.0 1361.374000
2453290.0 1361.348000
2453291.0 1361.355000
2453292.0 1361.357000
2453293.0 1361.331000
2453294.0 1361.304000
2453295.0 1361.244000
2453296.0 1361.177000
2453297.0 1361.181000
2453298.0 1361.235000
2453299.0 1361.259000
2453300.0 1361.207000
2453301.0 1361.151000
2453302.0 1361.066000
2453303.0 1360.973000
2453304.0 1360.981000
2453305.0 1361.054000
2453306.0 1361.074000
2453307.0 1360.975000
2453308.0 1360.869000
2453309.0 1360.769000
2453310.0 1360.659000
2453311.0 1360.562000
2453312.0 1360.466000
2453313.0 1360.376000
2453314.0 1360.321000
2453315.0 1360.282000
2453316.0 1360.487000
2453317.0 1360.725000
2453318.0 1360.969000
2453319.0 1361.221000
2453320.0 1361.373000
2453321.0 1361.329000
2453322.0 1361.285000
2453323.0 1361.244000
2453324.0 1361.207000
2453325.0 1361.244000
2453326.0 1361.324000
2453327.0 1361.393000
2453328.0 1361.441000
2453329.0 1361.487000
2453330.0 1361.481000
2453331.0 1361.476000
2453332.0 1361.527000
2453333.0 1361.612000
2453334.0 1361.673000
2453335.0 1361.681000
2453336.0 1361.678000
2453337.0 1361.549000
2453338.0 1361.411000
2453339.0 1361.305000
2453340.0 1361.217000
2453341.0 1361.215000
2453342.0 1361.351000
2453343.0 1361.468000
2453344.0 1361.464000
2453345.0 1361.451000
2453346.0 1361.416000
2453347.0 1361.375000
2453348.0 1361.342000
2453349.0 1361.318000
2453350.0 1361.302000
2453351.0 1361.307000
2453352.0 1361.317000
2453353.0 1361.301000
2453354.0 1361.277000
2453355.0 1361.289000
2453356.0 1361.351000
2453357.0 1361.396000
2453358.0 1361.355000
2453359.0 1361.313000
2453360.0 1361.349000
2453361.0 1361.419000
2453362.0 1361.503000
2453363.0 1361.606000
2453364.0 1361.685000
2453365.0 1361.641000
2453366.0 1361.594000
2453367.0 1361.551000
2453368.0 1361.517000
2453369.0 1361.482000
2453370.0 1361.444000
2453371.0 1361.406000
2453372.0 1361.347000
2453373.0 1361.292000
2453374.0 1361.287000
2453375.0 1361.301000
2453376.0 1361.319000
2453377.0 1361.347000
2453378.0 1361.352000
2453379.0 1361.265000
2453380.0 1361.161000
2453381.0 1360.861000
2453382.0 1360.491000
2453383.0 1360.121000
2453384.0 1359.742000
2453385.0 1359.463000
2453386.0 1359.581000
2453387.0 1359.723000
2453388.0 1360.248000
2453389.0 1360.875000
2453390.0 1361.254000
2453391.0 1361.406000
2453392.0 1361.509000
2453393.0 1361.446000
2453394.0 1361.386000
2453395.0 1361.381000
2453396.0 1361.396000
2453397.0 1361.389000
2453398.0 1361.365000
2453399.0 1361.327000
2453400.0 1361.239000
2453401.0 1361.158000
2453402.0 1361.157000
2453403.0 1361.178000
2453404.0 1361.201000
2453405.0 1361.227000
2453406.0 1361.279000
2453407.0 1361.392000
2453408.0 1361.501000
2453409.0 1361.447000
2453410.0 1361.363000
2453411.0 1361.252000
2453412.0 1361.121000
2453413.0 1361.021000
2453414.0 1360.993000
2453415.0 1360.968000
2453416.0 1360.958000
2453417.0 1360.948000
2453418.0 1360.984000
2453419.0 1361.054000
2453420.0 1361.122000
2453421.0 1361.193000
2453422.0 1361.261000
2453423.0 1361.281000
2453424.0 1361.297000
2453425.0 1361.264000
2453426.0 1361.203000
2453427.0 1361.151000
2453428.0 1361.113000
2453429.0 1361.078000
2453430.0 1361.051000
2453431.0 1361.024000
2453432.0 1361.053000
2453433.0 1361.114000
2453434.0 1361.171000
2453435.0 1361.221000
2453436.0 1361.267000
2453437.0 1361.278000
2453438.0 1361.287000
2453439.0 1361.214000
2453440.0 1361.097000
2453441.0 1361.009000
2453442.0 1360.972000
2453443.0 1360.948000
2453444.0 1361.011000
2453445.0 1361.084000
2453446.0 1361.137000
2453447.0 1361.181000
2453448.0 1361.217000
2453449.0 1361.239000
2453450.0 1361.251000
2453451.0 1361.194000
2453452.0 1361.131000
2453453.0 1361.097000
2453454.0 1361.081000
2453455.0 1361.081000
2453456.0 1361.111000
2453457.0 1361.137000
2453458.0 1361.138000
2453459.0 1361.135000
2453460.0 1361.101000
2453461.0 1361.055000
2453462.0 1361.031000
2453463.0 1361.038000
2453464.0 1361.061000
2453465.0 1361.151000
2453466.0 1361.248000
2453467.0 1361.291000
2453468.0 1361.312000
2453469.0 1361.321000
2453470.0 1361.307000
2453471.0 1361.297000
2453472.0 1361.283000
2453473.0 1361.273000
2453474.0 1361.265000
2453475.0 1361.259000
2453476.0 1361.231000
2453477.0 1361.171000
2453478.0 1361.117000
2453479.0 1361.092000
2453480.0 1361.068000
2453481.0 1361.049000
2453482.0 1361.031000
2453483.0 1361.016000
2453484.0 1361.004000
2453485.0 1360.963000
2453486.0 1360.819000
2453487.0 1360.655000
2453488.0 1360.431000
2453489.0 1360.164000
2453490.0 1360.067000
2453491.0 1360.163000
2453492.0 1360.294000
2453493.0 1360.624000
2453494.0 1360.949000
2453495.0 1361.095000
2453496.0 1361.184000
2453497.0 1361.164000
2453498.0 1361.028000
2453499.0 1360.888000
2453500.0 1360.739000
2453501.0 1360.594000
2453502.0 1360.623000
2453503.0 1360.699000
2453504.0 1360.761000
2453505.0 1360.811000
2453506.0 1360.864000
2453507.0 1360.939000
2453508.0 1361.008000
2453509.0 1361.024000
2453510.0 1361.024000
2453511.0 1361.049000
2453512.0 1361.101000
2453513.0 1361.123000
2453514.0 1361.056000
2453515.0 1360.981000
2453516.0 1360.894000
2453517.0 1360.799000
2453518.0 1360.873000
2453519.0 1361.088000
2453520.0 1361.264000
2453521.0 1361.347000
2453522.0 1361.407000
2453523.0 1361.282000
2453524.0 1361.112000
2453525.0 1361.018000
2453526.0 1360.979000
2453527.0 1360.899000
2453528.0 1360.719000
2453529.0 1360.527000
2453530.0 1360.394000
2453531.0 1360.258000
2453532.0 1360.294000
2453533.0 1360.451000
2453534.0 1360.585000
2453535.0 1360.704000
2453536.0 1360.795000
2453537.0 1360.752000
2453538.0 1360.673000
2453539.0 1360.705000
2453540.0 1360.808000
2453541.0 1360.896000
2453542.0 1360.961000
2453543.0 1361.015000
2453544.0 1361.018000
2453545.0 1361.011000
2453546.0 1361.064000
2453547.0 1361.155000
2453548.0 1361.221000
2453549.0 1361.231000
2453550.0 1361.218000
2453551.0 1361.039000
2453552.0 1360.828000
2453553.0 1360.681000
2453554.0 1360.565000
2453555.0 1360.491000
2453556.0 1360.504000
2453557.0 1360.521000
2453558.0 1360.626000
2453559.0 1360.736000
2453560.0 1360.801000
2453561.0 1360.839000
2453562.0 1360.876000
2453563.0 1360.918000
2453564.0 1360.952000
2453565.0 1360.972000
2453566.0 1360.985000
2453567.0 1360.985000
2453568.0 1360.976000
2453569.0 1360.959000
2453570.0 1360.931000
2453571.0 1360.913000
2453572.0 1360.974000
2453573.0 1361.042000
2453574.0 1361.085000
2453575.0 1361.114000
2453576.0 1361.135000
2453577.0 1361.145000
2453578.0 1361.158000
2453579.0 1361.182000
2453580.0 1361.208000
2453581.0 1361.201000
2453582.0 1361.182000
2453583.0 1361.153000
2453584.0 1361.111000
2453585.0 1361.058000
2453586.0 1360.955000
2453587.0 1360.845000
2453588.0 1360.828000
2453589.0 1360.842000
2453590.0 1360.871000
2453591.0 1360.921000
2453592.0 1360.954000
2453593.0 1360.936000
2453594.0 1360.908000
2453595.0 1360.858000
2453596.0 1360.795000
2453597.0 1360.781000
2453598.0 1360.832000
2453599.0 1360.866000
2453600.0 1360.859000
2453601.0 1360.842000
2453602.0 1360.833000
2453603.0 1360.822000
2453604.0 1360.848000
2453605.0 1360.919000
2453606.0 1361.005000
2453607.0 1361.163000
2453608.0 1361.323000
2453609.0 1361.384000
2453610.0 1361.416000
2453611.0 1361.391000
2453612.0 1361.304000
2453613.0 1361.217000
2453614.0 1361.127000
2453615.0 1361.038000
2453616.0 1361.002000
2453617.0 1360.979000
2453618.0 1360.983000
2453619.0 1361.014000
2453620.0 1361.008000
2453621.0 1360.888000
2453622.0 1360.749000
2453623.0 1360.537000
2453624.0 1360.291000
2453625.0 1360.175000
2453626.0 1360.173000
2453627.0 1360.247000
2453628.0 1360.606000
2453629.0 1360.962000
2453630.0 1361.201000
2453631.0 1361.413000
2453632.0 1361.433000
2453633.0 1361.289000
2453634.0 1361.181000
2453635.0 1361.161000
2453636.0 1361.147000
2453637.0 1361.117000
2453638.0 1361.085000
2453639.0 1361.065000
2453640.0 1361.055000
2453641.0 1361.041000
2453642.0 1361.016000
2453643.0 1360.989000
2453644.0 1360.958000
2453645.0 1360.923000
2453646.0 1360.932000
2453647.0 1360.974000
2453648.0 1361.021000
2453649.0 1361.086000
2453650.0 1361.145000
2453651.0 1361.167000
2453652.0 1361.179000
2453653.0 1361.192000
2453654.0 1361.207000
2453655.0 1361.217000
2453656.0 1361.217000
2453657.0 1361.213000
2453658.0 1361.182000
2453659.0 1361.147000
2453660.0 1361.125000
2453661.0 1361.111000
2453662.0 1361.103000
2453663.0 1361.111000
2453664.0 1361.115000
2453665.0 1361.104000
2453666.0 1361.089000
2453667.0 1361.071000
2453668.0 1361.051000
2453669.0 1361.032000
2453670.0 1361.022000
2453671.0 1361.012000
2453672.0 1361.015000
2453673.0 1361.018000
2453674.0 1361.034000
2453675.0 1361.058000
2453676.0 1361.091000
2453677.0 1361.142000
2453678.0 1361.187000
2453679.0 1361.173000
2453680.0 1361.154000
2453681.0 1361.171000
2453682.0 1361.207000
2453683.0 1361.217000
2453684.0 1361.179000
2453685.0 1361.135000
2453686.0 1361.051000
2453687.0 1360.958000
2453688.0 1360.801000
2453689.0 1360.606000
2453690.0 1360.456000
2453691.0 1360.381000
2453692.0 1360.321000
2453693.0 1360.408000
2453694.0 1360.504000
2453695.0 1360.646000
2453696.0 1360.805000
2453697.0 1360.911000
2453698.0 1360.946000
2453699.0 1360.976000
2453700.0 1361.008000
2453701.0 1361.039000
2453702.0 1361.113000
2453703.0 1361.208000
2453704.0 1361.172000
2453705.0 1360.951000
2453706.0 1360.774000
2453707.0 1360.812000
2453708.0 1360.871000
2453709.0 1360.991000
2453710.0 1361.134000
2453711.0 1361.231000
2453712.0 1361.264000
2453713.0 1361.272000
2453714.0 1361.162000
2453715.0 1361.045000
2453716.0 1360.983000
2453717.0 1360.939000
2453718.0 1360.916000
2453719.0 1360.918000
2453720.0 1360.914000
2453721.0 1360.904000
2453722.0 1360.891000
2453723.0 1360.891000
2453724.0 1360.891000
2453725.0 1360.895000
2453726.0 1360.906000
2453727.0 1360.934000
2453728.0 1361.036000
2453729.0 1361.139000
2453730.0 1361.195000
2453731.0 1361.237000
2453732.0 1361.223000
2453733.0 1361.153000
2453734.0 1361.097000
2453735.0 1361.085000
2453736.0 1361.081000
2453737.0 1361.151000
2453738.0 1361.247000
2453739.0 1361.233000
2453740.0 1361.117000
2453741.0 1361.026000
2453742.0 1361.011000
2453743.0 1360.999000
2453744.0 1361.008000
2453745.0 1361.018000
2453746.0 1361.009000
2453747.0 1360.983000
2453748.0 1360.961000
2453749.0 1360.952000
2453750.0 1360.945000
2453751.0 1360.993000
2453752.0 1361.052000
2453753.0 1361.032000
2453754.0 1360.948000
2453755.0 1360.888000
2453756.0 1360.901000
2453757.0 1360.918000
2453758.0 1360.999000
2453759.0 1361.092000
2453760.0 1361.154000
2453761.0 1361.193000
2453762.0 1361.208000
2453763.0 1361.158000
2453764.0 1361.109000
2453765.0 1361.078000
2453766.0 1361.051000
2453767.0 1361.006000
2453768.0 1360.948000
2453769.0 1360.914000
2453770.0 1360.941000
2453771.0 1360.962000
2453772.0 1360.962000
2453773.0 1360.955000
2453774.0 1360.956000
2453775.0 1360.961000
2453776.0 1360.965000
2453777.0 1360.974000
2453778.0 1360.979000
2453779.0 1360.979000
2453780.0 1360.975000
2453781.0 1360.971000
2453782.0 1360.968000
2453783.0 1360.985000
2453784.0 1361.054000
2453785.0 1361.112000
2453786.0 1361.107000
2453787.0 1361.091000
2453788.0 1361.081000
2453789.0 1361.074000
2453790.0 1361.064000
2453791.0 1361.051000
2453792.0 1361.035000
2453793.0 1361.012000
2453794.0 1360.985000
2453795.0 1360.951000
2453796.0 1360.911000
2453797.0 1360.891000
2453798.0 1360.913000
2453799.0 1360.934000
2453800.0 1360.971000
2453801.0 1361.004000
2453802.0 1361.005000
2453803.0 1360.989000
2453804.0 1360.963000
2453805.0 1360.923000
2453806.0 1360.892000
2453807.0 1360.931000
2453808.0 1360.976000
2453809.0 1360.993000
2453810.0 1360.996000
2453811.0 1360.988000
2453812.0 1360.963000
2453813.0 1360.938000
2453814.0 1360.923000
2453815.0 1360.908000
2453816.0 1360.948000
2453817.0 1361.009000
2453818.0 1361.012000
2453819.0 1360.933000
2453820.0 1360.861000
2453821.0 1360.846000
2453822.0 1360.831000
2453823.0 1360.808000
2453824.0 1360.779000
2453825.0 1360.685000
2453826.0 1360.506000
2453827.0 1360.331000
2453828.0 1360.215000
2453829.0 1360.101000
2453830.0 1360.288000
2453831.0 1360.579000
2453832.0 1360.789000
2453833.0 1360.904000
2453834.0 1360.982000
2453835.0 1360.983000
2453836.0 1360.979000
2453837.0 1361.001000
2453838.0 1361.028000
2453839.0 1361.055000
2453840.0 1361.081000
2453841.0 1361.094000
2453842.0 1361.075000
2453843.0 1361.048000
2453844.0 1360.993000
2453845.0 1360.928000
2453846.0 1360.898000
2453847.0 1360.908000
2453848.0 1360.908000
2453849.0 1360.888000
2453850.0 1360.861000
2453851.0 1360.841000
2453852.0 1360.814000
2453853.0 1360.818000
2453854.0 1360.853000
2453855.0 1360.893000
2453856.0 1360.966000
2453857.0 1361.038000
2453858.0 1361.092000
2453859.0 1361.142000
2453860.0 1361.132000
2453861.0 1361.066000
2453862.0 1361.015000
2453863.0 1361.008000
2453864.0 1361.001000
2453865.0 1360.998000
2453866.0 1360.991000
2453867.0 1360.994000
2453868.0 1361.002000
2453869.0 1360.996000
2453870.0 1360.953000
2453871.0 1360.906000
2453872.0 1360.866000
2453873.0 1360.823000
2453874.0 1360.828000
2453875.0 1360.869000
2453876.0 1360.908000
2453877.0 1360.954000
2453878.0 1360.996000
2453879.0 1361.028000
2453880.0 1361.055000
2453881.0 1361.083000
2453882.0 1361.111000
2453883.0 1361.127000
2453884.0 1361.118000
2453885.0 1361.107000
2453886.0 1361.092000
2453887.0 1361.076000
2453888.0 1361.061000
2453889.0 1361.043000
2453890.0 1361.028000
2453891.0 1361.018000
2453892.0 1360.996000
2453893.0 1360.894000
2453894.0 1360.772000
2453895.0 1360.751000
2453896.0 1360.787000
2453897.0 1360.823000
2453898.0 1360.872000
2453899.0 1360.911000
2453900.0 1360.918000
2453901.0 1360.914000
2453902.0 1360.886000
2453903.0 1360.842000
2453904.0 1360.828000
2453905.0 1360.878000
2453906.0 1360.921000
2453907.0 1360.938000
2453908.0 1360.948000
2453909.0 1360.964000
2453910.0 1360.984000
2453911.0 1360.993000
2453912.0 1360.983000
2453913.0 1360.971000
2453914.0 1360.961000
2453915.0 1360.946000
2453916.0 1360.886000
2453917.0 1360.799000
2453918.0 1360.731000
2453919.0 1360.696000
2453920.0 1360.671000
2453921.0 1360.733000
2453922.0 1360.799000
2453923.0 1360.868000
2453924.0 1360.932000
2453925.0 1360.961000
2453926.0 1360.933000
2453927.0 1360.903000
2453928.0 1360.885000
2453929.0 1360.863000
2453930.0 1360.881000
2453931.0 1360.909000
2453932.0 1360.909000
2453933.0 1360.868000
2453934.0 1360.835000
2453935.0 1360.863000
2453936.0 1360.892000
2453937.0 1360.918000
2453938.0 1360.936000
2453939.0 1360.948000
2453940.0 1360.948000
2453941.0 1360.946000
2453942.0 1360.948000
2453943.0 1360.948000
2453944.0 1360.968000
2453945.0 1360.995000
2453946.0 1361.028000
2453947.0 1361.068000
2453948.0 1361.092000
2453949.0 1361.054000
2453950.0 1361.006000
2453951.0 1360.942000
2453952.0 1360.868000
2453953.0 1360.842000
2453954.0 1360.876000
2453955.0 1360.891000
2453956.0 1360.852000
2453957.0 1360.797000
2453958.0 1360.646000
2453959.0 1360.454000
2453960.0 1360.331000
2453961.0 1360.282000
2453962.0 1360.256000
2453963.0 1360.366000
2453964.0 1360.474000
2453965.0 1360.651000
2453966.0 1360.841000
2453967.0 1360.945000
2453968.0 1360.966000
2453969.0 1360.958000
2453970.0 1360.865000
2453971.0 1360.765000
2453972.0 1360.721000
2453973.0 1360.684000
2453974.0 1360.716000
2453975.0 1360.812000
2453976.0 1360.881000
2453977.0 1360.884000
2453978.0 1360.881000
2453979.0 1360.905000
2453980.0 1360.934000
2453981.0 1360.951000
2453982.0 1360.958000
2453983.0 1360.969000
2453984.0 1361.004000
2453985.0 1361.031000
2453986.0 1360.979000
2453987.0 1360.905000
2453988.0 1360.903000
2453989.0 1360.958000
2453990.0 1360.998000
2453991.0 1361.001000
2453992.0 1360.998000
2453993.0 1360.981000
2453994.0 1360.961000
2453995.0 1360.959000
2453996.0 1360.972000
2453997.0 1360.979000
2453998.0 1360.979000
2453999.0 1360.971000
2454000.0 1360.928000
2454001.0 1360.872000
2454002.0 1360.866000
2454003.0 1360.891000
2454004.0 1360.891000
2454005.0 1360.839000
2454006.0 1360.791000
2454007.0 1360.819000
2454008.0 1360.858000
2454009.0 1360.903000
2454010.0 1360.951000
2454011.0 1360.986000
2454012.0 1361.008000
2454013.0 1361.023000
2454014.0 1361.028000
2454015.0 1361.028000
2454016.0 1361.022000
2454017.0 1361.013000
2454018.0 1361.001000
2454019.0 1360.982000
2454020.0 1360.964000
2454021.0 1360.968000
2454022.0 1360.971000
2454023.0 1360.946000
2454024.0 1360.905000
2454025.0 1360.871000
2454026.0 1360.849000
2454027.0 1360.823000
2454028.0 1360.799000
2454029.0 1360.771000
2454030.0 1360.791000
2454031.0 1360.832000
2454032.0 1360.856000
2454033.0 1360.854000
2454034.0 1360.848000
2454035.0 1360.848000
2454036.0 1360.841000
2454037.0 1360.851000
2454038.0 1360.865000
2454039.0 1360.842000
2454040.0 1360.765000
2454041.0 1360.695000
2454042.0 1360.704000
2454043.0 1360.717000
2454044.0 1360.774000
2454045.0 1360.848000
2454046.0 1360.896000
2454047.0 1360.915000
2454048.0 1360.896000
2454049.0 1360.721000
2454050.0 1360.516000
2454051.0 1360.375000
2454052.0 1360.245000
2454053.0 1360.193000
2454054.0 1360.257000
2454055.0 1360.331000
2454056.0 1360.519000
2454057.0 1360.705000
2454058.0 1360.801000
2454059.0 1360.858000
2454060.0 1360.881000
2454061.0 1360.861000
2454062.0 1360.841000
2454063.0 1360.839000
2454064.0 1360.834000
2454065.0 1360.858000
2454066.0 1360.889000
2454067.0 1360.872000
2454068.0 1360.801000
2454069.0 1360.737000
2454070.0 1360.734000
2454071.0 1360.731000
2454072.0 1360.801000
2454073.0 1360.893000
2454074.0 1360.961000
2454075.0 1361.002000
2454076.0 1360.978000
2454077.0 1360.724000
2454078.0 1360.451000
2454079.0 1360.321000
2454080.0 1360.221000
2454081.0 1360.256000
2454082.0 1360.441000
2454083.0 1360.601000
2454084.0 1360.749000
2454085.0 1360.873000
2454086.0 1360.861000
2454087.0 1360.801000
2454088.0 1360.769000
2454089.0 1360.764000
2454090.0 1360.769000
2454091.0 1360.821000
2454092.0 1360.868000
2454093.0 1360.903000
2454094.0 1360.931000
2454095.0 1360.934000
2454096.0 1360.916000
2454097.0 1360.902000
2454098.0 1360.914000
2454099.0 1360.923000
2454100.0 1360.946000
2454101.0 1360.969000
2454102.0 1360.891000
2454103.0 1360.729000
2454104.0 1360.593000
2454105.0 1360.531000
2454106.0 1360.471000
2454107.0 1360.511000
2454108.0 1360.569000
2454109.0 1360.646000
2454110.0 1360.741000
2454111.0 1360.812000
2454112.0 1360.851000
2454113.0 1360.875000
2454114.0 1360.865000
2454115.0 1360.842000
2454116.0 1360.836000
2454117.0 1360.841000
2454118.0 1360.848000
2454119.0 1360.868000
2454120.0 1360.883000
2454121.0 1360.901000
2454122.0 1360.912000
2454123.0 1360.913000
2454124.0 1360.904000
2454125.0 1360.906000
2454126.0 1360.943000
2454127.0 1360.951000
2454128.0 1360.901000
2454129.0 1360.843000
2454130.0 1360.752000
2454131.0 1360.632000
2454132.0 1360.554000
2454133.0 1360.574000
2454134.0 1360.595000
2454135.0 1360.686000
2454136.0 1360.781000
2454137.0 1360.829000
2454138.0 1360.849000
2454139.0 1360.862000
2454140.0 1360.868000
2454141.0 1360.866000
2454142.0 1360.871000
2454143.0 1360.869000
2454144.0 1360.876000
2454145.0 1360.885000
2454146.0 1360.901000
2454147.0 1360.936000
2454148.0 1360.958000
2454149.0 1360.928000
2454150.0 1360.888000
2454151.0 1360.873000
2454152.0 1360.871000
2454153.0 1360.885000
2454154.0 1360.931000
2454155.0 1360.964000
2454156.0 1360.952000
2454157.0 1360.931000
2454158.0 1360.905000
2454159.0 1360.875000
2454160.0 1360.858000
2454161.0 1360.866000
2454162.0 1360.874000
2454163.0 1360.905000
2454164.0 1360.931000
2454165.0 1360.904000
2454166.0 1360.849000
2454167.0 1360.799000
2454168.0 1360.751000
2454169.0 1360.712000
2454170.0 1360.749000
2454171.0 1360.784000
2454172.0 1360.772000
2454173.0 1360.734000
2454174.0 1360.719000
2454175.0 1360.737000
2454176.0 1360.747000
2454177.0 1360.761000
2454178.0 1360.764000
2454179.0 1360.789000
2454180.0 1360.811000
2454181.0 1360.832000
2454182.0 1360.849000
2454183.0 1360.858000
2454184.0 1360.858000
2454185.0 1360.849000
2454186.0 1360.852000
2454187.0 1360.855000
2454188.0 1360.859000
2454189.0 1360.868000
2454190.0 1360.862000
2454191.0 1360.834000
2454192.0 1360.799000
2454193.0 1360.802000
2454194.0 1360.812000
2454195.0 1360.801000
2454196.0 1360.766000
2454197.0 1360.735000
2454198.0 1360.742000
2454199.0 1360.741000
2454200.0 1360.715000
2454201.0 1360.674000
2454202.0 1360.669000
2454203.0 1360.701000
2454204.0 1360.722000
2454205.0 1360.744000
2454206.0 1360.755000
2454207.0 1360.757000
2454208.0 1360.749000
2454209.0 1360.757000
2454210.0 1360.781000
2454211.0 1360.785000
2454212.0 1360.756000
2454213.0 1360.721000
2454214.0 1360.759000
2454215.0 1360.806000
2454216.0 1360.796000
2454217.0 1360.733000
2454218.0 1360.653000
2454219.0 1360.545000
2454220.0 1360.435000
2454221.0 1360.437000
2454222.0 1360.455000
2454223.0 1360.519000
2454224.0 1360.621000
2454225.0 1360.699000
2454226.0 1360.741000
2454227.0 1360.767000
2454228.0 1360.763000
2454229.0 1360.745000
2454230.0 1360.729000
2454231.0 1360.711000
2454232.0 1360.705000
2454233.0 1360.747000
2454234.0 1360.773000
2454235.0 1360.721000
2454236.0 1360.642000
2454237.0 1360.592000
2454238.0 1360.557000
2454239.0 1360.555000
2454240.0 1360.651000
2454241.0 1360.739000
2454242.0 1360.821000
2454243.0 1360.895000
2454244.0 1360.918000
2454245.0 1360.905000
2454246.0 1360.886000
2454247.0 1360.862000
2454248.0 1360.836000
2454249.0 1360.838000
2454250.0 1360.836000
2454251.0 1360.845000
2454252.0 1360.858000
2454253.0 1360.844000
2454254.0 1360.786000
2454255.0 1360.724000
2454256.0 1360.703000
2454257.0 1360.681000
2454258.0 1360.721000
2454259.0 1360.791000
2454260.0 1360.849000
2454261.0 1360.898000
2454262.0 1360.928000
2454263.0 1360.881000
2454264.0 1360.815000
2454265.0 1360.785000
2454266.0 1360.767000
2454267.0 1360.749000
2454268.0 1360.732000
2454269.0 1360.713000
2454270.0 1360.729000
2454271.0 1360.739000
2454272.0 1360.719000
2454273.0 1360.679000
2454274.0 1360.653000
2454275.0 1360.663000
2454276.0 1360.664000
2454277.0 1360.671000
2454278.0 1360.669000
2454279.0 1360.682000
2454280.0 1360.699000
2454281.0 1360.701000
2454282.0 1360.686000
2454283.0 1360.674000
2454284.0 1360.719000
2454285.0 1360.762000
2454286.0 1360.811000
2454287.0 1360.861000
2454288.0 1360.848000
2454289.0 1360.754000
2454290.0 1360.649000
2454291.0 1360.531000
2454292.0 1360.402000
2454293.0 1360.411000
2454294.0 1360.461000
2454295.0 1360.516000
2454296.0 1360.589000
2454297.0 1360.649000
2454298.0 1360.709000
2454299.0 1360.754000
2454300.0 1360.751000
2454301.0 1360.721000
2454302.0 1360.701000
2454303.0 1360.696000
2454304.0 1360.697000
2454305.0 1360.752000
2454306.0 1360.802000
2454307.0 1360.838000
2454308.0 1360.861000
2454309.0 1360.872000
2454310.0 1360.868000
2454311.0 1360.858000
2454312.0 1360.842000
2454313.0 1360.821000
2454314.0 1360.824000
2454315.0 1360.829000
2454316.0 1360.821000
2454317.0 1360.799000
2454318.0 1360.773000
2454319.0 1360.759000
2454320.0 1360.741000
2454321.0 1360.743000
2454322.0 1360.747000
2454323.0 1360.765000
2454324.0 1360.799000
2454325.0 1360.814000
2454326.0 1360.801000
2454327.0 1360.781000
2454328.0 1360.775000
2454329.0 1360.767000
2454330.0 1360.775000
2454331.0 1360.797000
2454332.0 1360.818000
2454333.0 1360.858000
2454334.0 1360.889000
2454335.0 1360.898000
2454336.0 1360.894000
2454337.0 1360.881000
2454338.0 1360.858000
2454339.0 1360.841000
2454340.0 1360.858000
2454341.0 1360.868000
2454342.0 1360.863000
2454343.0 1360.851000
2454344.0 1360.833000
2454345.0 1360.812000
2454346.0 1360.785000
2454347.0 1360.751000
2454348.0 1360.715000
2454349.0 1360.739000
2454350.0 1360.769000
2454351.0 1360.749000
2454352.0 1360.689000
2454353.0 1360.657000
2454354.0 1360.707000
2454355.0 1360.746000
2454356.0 1360.759000
2454357.0 1360.757000
2454358.0 1360.759000
2454359.0 1360.761000
2454360.0 1360.764000
2454361.0 1360.789000
2454362.0 1360.801000
2454363.0 1360.792000
2454364.0 1360.771000
2454365.0 1360.775000
2454366.0 1360.789000
2454367.0 1360.796000
2454368.0 1360.799000
2454369.0 1360.794000
2454370.0 1360.792000
2454371.0 1360.783000
2454372.0 1360.774000
2454373.0 1360.761000
2454374.0 1360.734000
2454375.0 1360.693000
2454376.0 1360.651000
2454377.0 1360.662000
2454378.0 1360.673000
2454379.0 1360.693000
2454380.0 1360.713000
2454381.0 1360.725000
2454382.0 1360.732000
2454383.0 1360.733000
2454384.0 1360.754000
2454385.0 1360.769000
2454386.0 1360.771000
2454387.0 1360.759000
2454388.0 1360.759000
2454389.0 1360.784000
2454390.0 1360.799000
2454391.0 1360.795000
2454392.0 1360.781000
2454393.0 1360.789000
2454394.0 1360.801000
2454395.0 1360.805000
2454396.0 1360.801000
2454397.0 1360.791000
2454398.0 1360.779000
2454399.0 1360.759000
2454400.0 1360.744000
2454401.0 1360.726000
2454402.0 1360.711000
2454403.0 1360.703000
2454404.0 1360.691000
2454405.0 1360.717000
2454406.0 1360.741000
2454407.0 1360.739000
2454408.0 1360.719000
2454409.0 1360.711000
2454410.0 1360.721000
2454411.0 1360.726000
2454412.0 1360.749000
2454413.0 1360.766000
2454414.0 1360.792000
2454415.0 1360.814000
2454416.0 1360.834000
2454417.0 1360.851000
2454418.0 1360.848000
2454419.0 1360.784000
2454420.0 1360.711000
2454421.0 1360.706000
2454422.0 1360.721000
2454423.0 1360.759000
2454424.0 1360.826000
2454425.0 1360.868000
2454426.0 1360.831000
2454427.0 1360.784000
2454428.0 1360.801000
2454429.0 1360.833000
2454430.0 1360.848000
2454431.0 1360.843000
2454432.0 1360.831000
2454433.0 1360.802000
2454434.0 1360.769000
2454435.0 1360.777000
2454436.0 1360.791000
2454437.0 1360.799000
2454438.0 1360.796000
2454439.0 1360.801000
2454440.0 1360.843000
2454441.0 1360.878000
2454442.0 1360.858000
2454443.0 1360.813000
2454444.0 1360.697000
2454445.0 1360.511000
2454446.0 1360.392000
2454447.0 1360.505000
2454448.0 1360.623000
2454449.0 1360.799000
2454450.0 1360.983000
2454451.0 1361.008000
2454452.0 1360.894000
2454453.0 1360.806000
2454454.0 1360.796000
2454455.0 1360.781000
2454456.0 1360.763000
2454457.0 1360.735000
2454458.0 1360.741000
2454459.0 1360.769000
2454460.0 1360.781000
2454461.0 1360.762000
2454462.0 1360.735000
2454463.0 1360.726000
2454464.0 1360.712000
2454465.0 1360.754000
2454466.0 1360.834000
2454467.0 1360.904000
2454468.0 1360.961000
2454469.0 1361.006000
2454470.0 1361.004000
2454471.0 1360.988000
2454472.0 1360.975000
2454473.0 1360.962000
2454474.0 1360.956000
2454475.0 1360.971000
2454476.0 1360.974000
2454477.0 1360.914000
2454478.0 1360.838000
2454479.0 1360.793000
2454480.0 1360.764000
2454481.0 1360.742000
2454482.0 1360.744000
2454483.0 1360.739000
2454484.0 1360.727000
2454485.0 1360.706000
2454486.0 1360.702000
2454487.0 1360.704000
2454488.0 1360.707000
2454489.0 1360.724000
2454490.0 1360.731000
2454491.0 1360.727000
2454492.0 1360.714000
2454493.0 1360.742000
2454494.0 1360.789000
2454495.0 1360.821000
2454496.0 1360.835000
2454497.0 1360.843000
2454498.0 1360.849000
2454499.0 1360.849000
2454500.0 1360.863000
2454501.0 1360.881000
2454502.0 1360.879000
2454503.0 1360.854000
2454504.0 1360.825000
2454505.0 1360.812000
2454506.0 1360.796000
2454507.0 1360.799000
2454508.0 1360.804000
2454509.0 1360.784000
2454510.0 1360.721000
2454511.0 1360.663000
2454512.0 1360.671000
2454513.0 1360.679000
2454514.0 1360.719000
2454515.0 1360.769000
2454516.0 1360.794000
2454517.0 1360.787000
2454518.0 1360.776000
2454519.0 1360.787000
2454520.0 1360.793000
2454521.0 1360.821000
2454522.0 1360.852000
2454523.0 1360.855000
2454524.0 1360.822000
2454525.0 1360.787000
2454526.0 1360.771000
2454527.0 1360.751000
2454528.0 1360.763000
2454529.0 1360.783000
2454530.0 1360.786000
2454531.0 1360.771000
2454532.0 1360.743000
2454533.0 1360.707000
2454534.0 1360.663000
2454535.0 1360.679000
2454536.0 1360.709000
2454537.0 1360.722000
2454538.0 1360.721000
2454539.0 1360.714000
2454540.0 1360.719000
2454541.0 1360.715000
2454542.0 1360.691000
2454543.0 1360.649000
2454544.0 1360.637000
2454545.0 1360.659000
2454546.0 1360.675000
2454547.0 1360.703000
2454548.0 1360.719000
2454549.0 1360.652000
2454550.0 1360.551000
2454551.0 1360.491000
2454552.0 1360.472000
2454553.0 1360.475000
2454554.0 1360.595000
2454555.0 1360.707000
2454556.0 1360.757000
2454557.0 1360.782000
2454558.0 1360.784000
2454559.0 1360.764000
2454560.0 1360.739000
2454561.0 1360.709000
2454562.0 1360.674000
2454563.0 1360.676000
2454564.0 1360.679000
2454565.0 1360.682000
2454566.0 1360.686000
2454567.0 1360.682000
2454568.0 1360.679000
2454569.0 1360.666000
2454570.0 1360.671000
2454571.0 1360.671000
2454572.0 1360.669000
2454573.0 1360.663000
2454574.0 1360.669000
2454575.0 1360.725000
2454576.0 1360.772000
2454577.0 1360.789000
2454578.0 1360.793000
2454579.0 1360.803000
2454580.0 1360.818000
2454581.0 1360.818000
2454582.0 1360.795000
2454583.0 1360.765000
2454584.0 1360.751000
2454585.0 1360.733000
2454586.0 1360.711000
2454587.0 1360.681000
2454588.0 1360.644000
2454589.0 1360.605000
2454590.0 1360.563000
2454591.0 1360.591000
2454592.0 1360.622000
2454593.0 1360.616000
2454594.0 1360.582000
2454595.0 1360.569000
2454596.0 1360.617000
2454597.0 1360.659000
2454598.0 1360.726000
2454599.0 1360.789000
2454600.0 1360.803000
2454601.0 1360.791000
2454602.0 1360.799000
2454603.0 1360.852000
2454604.0 1360.896000
2454605.0 1360.895000
2454606.0 1360.882000
2454607.0 1360.851000
2454608.0 1360.808000
2454609.0 1360.774000
2454610.0 1360.765000
2454611.0 1360.746000
2454612.0 1360.714000
2454613.0 1360.671000
2454614.0 1360.659000
2454615.0 1360.657000
2454616.0 1360.647000
2454617.0 1360.629000
2454618.0 1360.603000
2454619.0 1360.607000
2454620.0 1360.604000
2454621.0 1360.613000
2454622.0 1360.621000
2454623.0 1360.615000
2454624.0 1360.601000
2454625.0 1360.577000
2454626.0 1360.575000
2454627.0 1360.563000
2454628.0 1360.595000
2454629.0 1360.641000
2454630.0 1360.665000
2454631.0 1360.669000
2454632.0 1360.667000
2454633.0 1360.686000
2454634.0 1360.697000
2454635.0 1360.693000
2454636.0 1360.674000
2454637.0 1360.665000
2454638.0 1360.672000
2454639.0 1360.669000
2454640.0 1360.662000
2454641.0 1360.645000
2454642.0 1360.621000
2454643.0 1360.585000
2454644.0 1360.564000
2454645.0 1360.564000
2454646.0 1360.559000
2454647.0 1360.583000
2454648.0 1360.596000
2454649.0 1360.612000
2454650.0 1360.621000
2454651.0 1360.621000
2454652.0 1360.612000
2454653.0 1360.602000
2454654.0 1360.627000
2454655.0 1360.643000
2454656.0 1360.649000
2454657.0 1360.644000
2454658.0 1360.642000
2454659.0 1360.644000
2454660.0 1360.641000
2454661.0 1360.644000
2454662.0 1360.639000
2454663.0 1360.649000
2454664.0 1360.654000
2454665.0 1360.649000
2454666.0 1360.633000
2454667.0 1360.619000
2454668.0 1360.637000
2454669.0 1360.645000
2454670.0 1360.641000
2454671.0 1360.621000
2454672.0 1360.597000
2454673.0 1360.569000
2454674.0 1360.557000
2454675.0 1360.599000
2454676.0 1360.625000
2454677.0 1360.612000
2454678.0 1360.579000
2454679.0 1360.579000
2454680.0 1360.611000
2454681.0 1360.641000
2454682.0 1360.696000
2454683.0 1360.736000
2454684.0 1360.723000
2454685.0 1360.687000
2454686.0 1360.704000
2454687.0 1360.764000
2454688.0 1360.789000
2454689.0 1360.736000
2454690.0 1360.676000
2454691.0 1360.673000
2454692.0 1360.674000
2454693.0 1360.705000
2454694.0 1360.751000
2454695.0 1360.781000
2454696.0 1360.785000
2454697.0 1360.776000
2454698.0 1360.729000
2454699.0 1360.661000
2454700.0 1360.645000
2454701.0 1360.662000
2454702.0 1360.664000
2454703.0 1360.651000
2454704.0 1360.629000
2454705.0 1360.653000
2454706.0 1360.676000
2454707.0 1360.672000
2454708.0 1360.644000
2454709.0 1360.624000
2454710.0 1360.635000
2454711.0 1360.636000
2454712.0 1360.633000
2454713.0 1360.619000
2454714.0 1360.587000
2454715.0 1360.539000
2454716.0 1360.529000
2454717.0 1360.617000
2454718.0 1360.689000
2454719.0 1360.705000
2454720.0 1360.701000
2454721.0 1360.701000
2454722.0 1360.699000
2454723.0 1360.687000
2454724.0 1360.671000
2454725.0 1360.651000
2454726.0 1360.672000
2454727.0 1360.692000
2454728.0 1360.686000
2454729.0 1360.662000
2454730.0 1360.662000
2454731.0 1360.716000
2454732.0 1360.753000
2454733.0 1360.746000
2454734.0 1360.724000
2454735.0 1360.736000
2454736.0 1360.759000
2454737.0 1360.761000
2454738.0 1360.732000
2454739.0 1360.699000
2454740.0 1360.692000
2454741.0 1360.681000
2454742.0 1360.701000
2454743.0 1360.731000
2454744.0 1360.751000
2454745.0 1360.759000
2454746.0 1360.761000
2454747.0 1360.767000
2454748.0 1360.766000
2454749.0 1360.763000
2454750.0 1360.753000
2454751.0 1360.753000
2454752.0 1360.773000
2454753.0 1360.785000
2454754.0 1360.797000
2454755.0 1360.801000
2454756.0 1360.803000
2454757.0 1360.801000
2454758.0 1360.801000
2454759.0 1360.804000
2454760.0 1360.801000
2454761.0 1360.791000
2454762.0 1360.773000
2454763.0 1360.777000
2454764.0 1360.783000
2454765.0 1360.776000
2454766.0 1360.755000
2454767.0 1360.737000
2454768.0 1360.764000
2454769.0 1360.784000
2454770.0 1360.772000
2454771.0 1360.741000
2454772.0 1360.736000
2454773.0 1360.763000
2454774.0 1360.781000
2454775.0 1360.793000
2454776.0 1360.799000
2454777.0 1360.838000
2454778.0 1360.882000
2454779.0 1360.928000
2454780.0 1360.978000
2454781.0 1361.001000
2454782.0 1360.953000
2454783.0 1360.898000
2454784.0 1360.898000
2454785.0 1360.911000
2454786.0 1360.893000
2454787.0 1360.843000
2454788.0 1360.799000
2454789.0 1360.783000
2454790.0 1360.764000
2454791.0 1360.756000
2454792.0 1360.743000
2454793.0 1360.755000
2454794.0 1360.787000
2454795.0 1360.801000
2454796.0 1360.779000
2454797.0 1360.747000
2454798.0 1360.753000
2454799.0 1360.762000
2454800.0 1360.773000
2454801.0 1360.783000
2454802.0 1360.792000
2454803.0 1360.814000
2454804.0 1360.826000
2454805.0 1360.799000
2454806.0 1360.755000
2454807.0 1360.736000
2454808.0 1360.733000
2454809.0 1360.739000
2454810.0 1360.784000
2454811.0 1360.818000
2454812.0 1360.805000
2454813.0 1360.777000
2454814.0 1360.749000
2454815.0 1360.721000
2454816.0 1360.701000
2454817.0 1360.715000
2454818.0 1360.721000
2454819.0 1360.714000
2454820.0 1360.695000
2454821.0 1360.711000
2454822.0 1360.745000
2454823.0 1360.764000
2454824.0 1360.763000
2454825.0 1360.754000
2454826.0 1360.757000
2454827.0 1360.755000
2454828.0 1360.761000
2454829.0 1360.766000
2454830.0 1360.761000
2454831.0 1360.742000
2454832.0 1360.719000
2454833.0 1360.721000
2454834.0 1360.719000
2454835.0 1360.714000
2454836.0 1360.703000
2454837.0 1360.696000
2454838.0 1360.711000
2454839.0 1360.716000
2454840.0 1360.729000
2454841.0 1360.732000
2454842.0 1360.729000
2454843.0 1360.717000
2454844.0 1360.716000
2454845.0 1360.746000
2454846.0 1360.767000
2454847.0 1360.786000
2454848.0 1360.795000
2454849.0 1360.781000
2454850.0 1360.746000
2454851.0 1360.717000
2454852.0 1360.703000
2454853.0 1360.687000
2454854.0 1360.703000
2454855.0 1360.715000
2454856.0 1360.721000
2454857.0 1360.719000
2454858.0 1360.719000
2454859.0 1360.729000
2454860.0 1360.729000
2454861.0 1360.724000
2454862.0 1360.709000
2454863.0 1360.712000
2454864.0 1360.716000
2454865.0 1360.727000
2454866.0 1360.755000
2454867.0 1360.774000
2454868.0 1360.791000
2454869.0 1360.799000
2454870.0 1360.831000
2454871.0 1360.871000
2454872.0 1360.888000
2454873.0 1360.872000
2454874.0 1360.851000
2454875.0 1360.823000
2454876.0 1360.789000
2454877.0 1360.782000
2454878.0 1360.779000
2454879.0 1360.775000
2454880.0 1360.775000
2454881.0 1360.763000
2454882.0 1360.731000
2454883.0 1360.689000
2454884.0 1360.671000
2454885.0 1360.652000
2454886.0 1360.651000
2454887.0 1360.671000
2454888.0 1360.683000
2454889.0 1360.701000
2454890.0 1360.709000
2454891.0 1360.702000
2454892.0 1360.684000
2454893.0 1360.692000
2454894.0 1360.732000
2454895.0 1360.752000
2454896.0 1360.733000
2454897.0 1360.704000
2454898.0 1360.713000
2454899.0 1360.727000
2454900.0 1360.719000
2454901.0 1360.689000
2454902.0 1360.662000
2454903.0 1360.675000
2454904.0 1360.683000
2454905.0 1360.709000
2454906.0 1360.733000
2454907.0 1360.746000
2454908.0 1360.747000
2454909.0 1360.737000
2454910.0 1360.713000
2454911.0 1360.682000
2454912.0 1360.693000
2454913.0 1360.706000
2454914.0 1360.706000
2454915.0 1360.692000
2454916.0 1360.674000
2454917.0 1360.672000
2454918.0 1360.663000
2454919.0 1360.701000
2454920.0 1360.741000
2454921.0 1360.739000
2454922.0 1360.703000
2454923.0 1360.667000
2454924.0 1360.645000
2454925.0 1360.622000
2454926.0 1360.682000
2454927.0 1360.752000
2454928.0 1360.773000
2454929.0 1360.753000
2454930.0 1360.732000
2454931.0 1360.719000
2454932.0 1360.701000
2454933.0 1360.701000
2454934.0 1360.695000
2454935.0 1360.701000
2454936.0 1360.712000
2454937.0 1360.712000
2454938.0 1360.706000
2454939.0 1360.691000
2454940.0 1360.682000
2454941.0 1360.664000
2454942.0 1360.669000
2454943.0 1360.684000
2454944.0 1360.691000
2454945.0 1360.691000
2454946.0 1360.681000
2454947.0 1360.671000
2454948.0 1360.652000
2454949.0 1360.669000
2454950.0 1360.702000
2454951.0 1360.721000
2454952.0 1360.722000
2454953.0 1360.721000
2454954.0 1360.761000
2454955.0 1360.799000
2454956.0 1360.804000
2454957.0 1360.792000
2454958.0 1360.785000
2454959.0 1360.795000
2454960.0 1360.801000
2454961.0 1360.819000
2454962.0 1360.832000
2454963.0 1360.838000
2454964.0 1360.834000
2454965.0 1360.829000
2454966.0 1360.828000
2454967.0 1360.821000
2454968.0 1360.811000
2454969.0 1360.795000
2454970.0 1360.769000
2454971.0 1360.731000
2454972.0 1360.707000
2454973.0 1360.713000
2454974.0 1360.713000
2454975.0 1360.743000
2454976.0 1360.771000
2454977.0 1360.744000
2454978.0 1360.686000
2454979.0 1360.652000
2454980.0 1360.659000
2454981.0 1360.657000
2454982.0 1360.655000
2454983.0 1360.643000
2454984.0 1360.674000
2454985.0 1360.717000
2454986.0 1360.747000
2454987.0 1360.765000
2454988.0 1360.773000
2454989.0 1360.769000
2454990.0 1360.756000
2454991.0 1360.751000
2454992.0 1360.741000
2454993.0 1360.733000
2454994.0 1360.731000
2454995.0 1360.727000
2454996.0 1360.745000
2454997.0 1360.756000
2454998.0 1360.749000
2454999.0 1360.727000
2455000.0 1360.712000
2455001.0 1360.706000
2455002.0 1360.699000
2455003.0 1360.711000
2455004.0 1360.717000
2455005.0 1360.717000
2455006.0 1360.706000
2455007.0 1360.719000
2455008.0 1360.757000
2455009.0 1360.781000
2455010.0 1360.775000
2455011.0 1360.759000
2455012.0 1360.751000
2455013.0 1360.739000
2455014.0 1360.723000
2455015.0 1360.701000
2455016.0 1360.672000
2455017.0 1360.646000
2455018.0 1360.614000
2455019.0 1360.644000
2455020.0 1360.683000
2455021.0 1360.707000
2455022.0 1360.715000
2455023.0 1360.716000
2455024.0 NaN
2455025.0 NaN
2455026.0 1360.699000
2455027.0 1360.702000
2455028.0 1360.696000
2455029.0 1360.683000
2455030.0 1360.664000
2455031.0 1360.649000
2455032.0 1360.629000
2455033.0 1360.663000
2455034.0 1360.701000
2455035.0 1360.719000
2455036.0 1360.716000
2455037.0 1360.715000
2455038.0 1360.739000
2455039.0 1360.757000
2455040.0 1360.791000
2455041.0 1360.819000
2455042.0 1360.814000
2455043.0 1360.782000
2455044.0 1360.761000
2455045.0 1360.786000
2455046.0 1360.805000
2455047.0 1360.828000
2455048.0 1360.844000
2455049.0 1360.826000
2455050.0 1360.783000
2455051.0 1360.741000
2455052.0 1360.711000
2455053.0 1360.679000
2455054.0 1360.687000
2455055.0 1360.695000
2455056.0 1360.682000
2455057.0 1360.651000
2455058.0 1360.631000
2455059.0 1360.652000
2455060.0 1360.664000
2455061.0 1360.684000
2455062.0 1360.697000
2455063.0 1360.711000
2455064.0 1360.719000
2455065.0 1360.716000
2455066.0 1360.702000
2455067.0 1360.689000
2455068.0 1360.734000
2455069.0 1360.783000
2455070.0 1360.797000
2455071.0 1360.787000
2455072.0 1360.774000
2455073.0 1360.766000
2455074.0 1360.752000
2455075.0 1360.756000
2455076.0 1360.753000
2455077.0 1360.736000
2455078.0 1360.704000
2455079.0 1360.683000
2455080.0 1360.691000
2455081.0 1360.687000
2455082.0 1360.683000
2455083.0 1360.671000
2455084.0 1360.673000
2455085.0 1360.679000
2455086.0 1360.673000
2455087.0 1360.656000
2455088.0 1360.639000
2455089.0 1360.664000
2455090.0 1360.686000
2455091.0 1360.701000
2455092.0 1360.705000
2455093.0 1360.709000
2455094.0 1360.715000
2455095.0 1360.715000
2455096.0 1360.729000
2455097.0 1360.733000
2455098.0 1360.753000
2455099.0 1360.773000
2455100.0 1360.799000
2455101.0 1360.835000
2455102.0 1360.868000
2455103.0 1360.899000
2455104.0 1360.922000
2455105.0 1360.859000
2455106.0 1360.756000
2455107.0 1360.685000
2455108.0 1360.662000
2455109.0 1360.637000
2455110.0 1360.646000
2455111.0 1360.649000
2455112.0 1360.676000
2455113.0 1360.706000
2455114.0 1360.731000
2455115.0 1360.754000
2455116.0 1360.771000
2455117.0 1360.791000
2455118.0 1360.801000
2455119.0 1360.799000
2455120.0 1360.789000
2455121.0 1360.801000
2455122.0 1360.841000
2455123.0 1360.871000
2455124.0 1360.886000
2455125.0 1360.893000
2455126.0 1360.901000
2455127.0 1360.906000
2455128.0 1360.882000
2455129.0 1360.826000
2455130.0 1360.782000
2455131.0 1360.791000
2455132.0 1360.797000
2455133.0 1360.818000
2455134.0 1360.839000
2455135.0 1360.849000
2455136.0 1360.851000
2455137.0 1360.843000
2455138.0 1360.832000
2455139.0 1360.815000
2455140.0 1360.811000
2455141.0 1360.806000
2455142.0 1360.794000
2455143.0 1360.774000
2455144.0 1360.761000
2455145.0 1360.785000
2455146.0 1360.802000
2455147.0 1360.814000
2455148.0 1360.818000
2455149.0 1360.864000
2455150.0 1360.951000
2455151.0 1361.004000
2455152.0 1360.969000
2455153.0 1360.928000
2455154.0 1360.913000
2455155.0 1360.901000
2455156.0 1360.914000
2455157.0 1360.946000
2455158.0 1360.959000
2455159.0 1360.931000
2455160.0 1360.895000
2455161.0 1360.851000
2455162.0 1360.799000
2455163.0 1360.775000
2455164.0 1360.773000
2455165.0 1360.769000
2455166.0 1360.769000
2455167.0 1360.762000
2455168.0 1360.753000
2455169.0 1360.735000
2455170.0 1360.729000
2455171.0 1360.726000
2455172.0 1360.731000
2455173.0 1360.765000
2455174.0 1360.791000
2455175.0 1360.812000
2455176.0 1360.826000
2455177.0 1360.851000
2455178.0 1360.878000
2455179.0 1360.872000
2455180.0 1360.805000
2455181.0 1360.745000
2455182.0 1360.782000
2455183.0 1360.831000
2455184.0 1360.881000
2455185.0 1360.932000
2455186.0 1360.959000
2455187.0 1360.945000
2455188.0 1360.926000
2455189.0 1360.908000
2455190.0 1360.885000
2455191.0 1360.851000
2455192.0 1360.809000
2455193.0 1360.767000
2455194.0 1360.732000
2455195.0 1360.695000
2455196.0 1360.689000
2455197.0 1360.681000
2455198.0 1360.729000
2455199.0 1360.802000
2455200.0 1360.845000
2455201.0 1360.839000
2455202.0 1360.836000
2455203.0 1360.888000
2455204.0 1360.943000
2455205.0 1360.962000
2455206.0 1360.962000
2455207.0 1360.929000
2455208.0 1360.842000
2455209.0 1360.779000
2455210.0 1360.869000
2455211.0 1360.973000
2455212.0 1361.023000
2455213.0 1361.048000
2455214.0 1361.025000
2455215.0 1360.938000
2455216.0 1360.861000
2455217.0 1360.858000
2455218.0 1360.861000
2455219.0 1360.868000
2455220.0 1360.873000
2455221.0 1360.874000
2455222.0 1360.871000
2455223.0 1360.868000
2455224.0 1360.885000
2455225.0 1360.898000
2455226.0 1360.889000
2455227.0 1360.868000
2455228.0 1360.876000
2455229.0 1360.926000
2455230.0 1360.965000
2455231.0 1360.974000
2455232.0 1360.974000
2455233.0 1360.936000
2455234.0 1360.879000
2455235.0 1360.886000
2455236.0 1360.974000
2455237.0 1361.052000
2455238.0 1361.104000
2455239.0 1361.152000
2455240.0 1361.174000
2455241.0 1361.187000
2455242.0 1361.184000
2455243.0 1361.162000
2455244.0 1361.134000
2455245.0 1361.091000
2455246.0 1361.048000
2455247.0 1361.064000
2455248.0 1361.098000
2455249.0 1361.108000
2455250.0 1361.092000
2455251.0 1361.071000
2455252.0 1361.028000
2455253.0 1360.981000
2455254.0 1360.938000
2455255.0 1360.895000
2455256.0 1360.878000
2455257.0 1360.886000
2455258.0 1360.898000
2455259.0 1360.931000
2455260.0 1360.955000
2455261.0 1360.949000
2455262.0 1360.931000
2455263.0 1360.945000
2455264.0 1360.998000
2455265.0 1361.028000
2455266.0 1360.998000
2455267.0 1360.962000
2455268.0 1360.912000
2455269.0 1360.855000
2455270.0 1360.891000
2455271.0 1360.985000
2455272.0 1361.062000
2455273.0 1361.097000
2455274.0 1361.121000
2455275.0 1361.085000
2455276.0 1361.032000
2455277.0 1361.009000
2455278.0 1361.006000
2455279.0 1360.964000
2455280.0 1360.826000
2455281.0 1360.683000
2455282.0 1360.594000
2455283.0 1360.506000
2455284.0 1360.532000
2455285.0 1360.635000
2455286.0 1360.721000
2455287.0 1360.791000
2455288.0 1360.851000
2455289.0 1360.916000
2455290.0 1360.978000
2455291.0 1361.003000
2455292.0 1361.004000
2455293.0 1361.011000
2455294.0 1361.035000
2455295.0 1361.051000
2455296.0 1361.006000
2455297.0 1360.948000
2455298.0 1360.923000
2455299.0 1360.915000
2455300.0 1360.912000
2455301.0 1360.924000
2455302.0 1360.928000
2455303.0 1360.905000
2455304.0 1360.873000
2455305.0 1360.896000
2455306.0 1360.948000
2455307.0 1360.972000
2455308.0 1360.946000
2455309.0 1360.922000
2455310.0 1360.938000
2455311.0 1360.956000
2455312.0 1360.985000
2455313.0 1361.021000
2455314.0 1361.035000
2455315.0 1361.018000
2455316.0 1360.998000
2455317.0 1360.983000
2455318.0 1360.968000
2455319.0 1360.996000
2455320.0 1361.048000
2455321.0 1361.069000
2455322.0 1361.045000
2455323.0 1361.016000
2455324.0 1360.979000
2455325.0 1360.938000
2455326.0 1360.899000
2455327.0 1360.858000
2455328.0 1360.826000
2455329.0 1360.811000
2455330.0 1360.794000
2455331.0 1360.806000
2455332.0 1360.815000
2455333.0 1360.818000
2455334.0 1360.813000
2455335.0 1360.824000
2455336.0 1360.861000
2455337.0 1360.878000
2455338.0 1360.826000
2455339.0 1360.766000
2455340.0 1360.816000
2455341.0 1360.911000
2455342.0 1360.973000
2455343.0 1360.999000
2455344.0 1361.013000
2455345.0 1360.992000
2455346.0 1360.964000
2455347.0 1360.938000
2455348.0 1360.906000
2455349.0 1360.886000
2455350.0 1360.881000
2455351.0 1360.871000
2455352.0 1360.869000
2455353.0 1360.861000
2455354.0 1360.843000
2455355.0 1360.818000
2455356.0 1360.811000
2455357.0 1360.832000
2455358.0 1360.849000
2455359.0 1360.874000
2455360.0 1360.893000
2455361.0 1360.891000
2455362.0 1360.876000
2455363.0 1360.872000
2455364.0 1360.881000
2455365.0 1360.878000
2455366.0 1360.852000
2455367.0 1360.824000
2455368.0 1360.873000
2455369.0 1360.942000
2455370.0 1360.969000
2455371.0 1360.956000
2455372.0 1360.939000
2455373.0 1360.922000
2455374.0 1360.902000
2455375.0 1360.901000
2455376.0 1360.901000
2455377.0 1360.889000
2455378.0 1360.868000
2455379.0 1360.845000
2455380.0 1360.831000
2455381.0 1360.811000
2455382.0 1360.819000
2455383.0 1360.831000
2455384.0 1360.862000
2455385.0 1360.914000
2455386.0 1360.946000
2455387.0 1360.936000
2455388.0 1360.921000
2455389.0 1360.915000
2455390.0 1360.908000
2455391.0 1360.908000
2455392.0 1360.909000
2455393.0 1360.926000
2455394.0 1360.994000
2455395.0 1361.055000
2455396.0 1361.061000
2455397.0 1361.051000
2455398.0 1361.002000
2455399.0 1360.924000
2455400.0 1360.878000
2455401.0 1360.913000
2455402.0 1360.955000
2455403.0 1361.055000
2455404.0 1361.165000
2455405.0 1361.199000
2455406.0 1361.183000
2455407.0 1361.125000
2455408.0 1360.974000
2455409.0 1360.829000
2455410.0 1360.782000
2455411.0 1360.747000
2455412.0 1360.801000
2455413.0 1360.909000
2455414.0 1360.971000
2455415.0 1360.942000
2455416.0 1360.911000
2455417.0 1360.903000
2455418.0 1360.898000
2455419.0 1360.951000
2455420.0 1361.038000
2455421.0 1361.092000
2455422.0 1361.082000
2455423.0 1361.075000
2455424.0 1361.095000
2455425.0 1361.119000
2455426.0 1361.111000
2455427.0 1361.084000
2455428.0 1361.064000
2455429.0 NaN
2455430.0 1361.048000
2455431.0 1361.051000
2455432.0 1361.054000
2455433.0 1361.012000
2455434.0 1360.941000
2455435.0 1360.873000
2455436.0 1360.812000
2455437.0 1360.767000
2455438.0 1360.843000
2455439.0 1360.931000
2455440.0 1360.985000
2455441.0 1361.024000
2455442.0 1361.052000
2455443.0 1361.068000
2455444.0 1361.079000
2455445.0 1361.068000
2455446.0 1361.051000
2455447.0 1361.043000
2455448.0 1361.039000
2455449.0 1361.056000
2455450.0 1361.107000
2455451.0 1361.148000
2455452.0 1361.134000
2455453.0 1361.113000
2455454.0 1361.081000
2455455.0 1361.039000
2455456.0 1361.021000
2455457.0 1361.034000
2455458.0 1361.043000
2455459.0 1361.046000
2455460.0 1361.043000
2455461.0 1360.982000
2455462.0 1360.895000
2455463.0 1360.824000
2455464.0 1360.773000
2455465.0 1360.726000
2455466.0 1360.729000
2455467.0 1360.729000
2455468.0 1360.791000
2455469.0 1360.868000
2455470.0 1360.936000
2455471.0 1360.999000
2455472.0 1361.038000
2455473.0 1361.005000
2455474.0 1360.964000
2455475.0 1360.934000
2455476.0 1360.906000
2455477.0 1360.906000
2455478.0 1360.939000
2455479.0 1360.966000
2455480.0 1360.988000
2455481.0 1361.005000
2455482.0 1361.021000
2455483.0 1361.033000
2455484.0 1361.029000
2455485.0 1361.009000
2455486.0 1360.993000
2455487.0 1361.001000
2455488.0 1361.008000
2455489.0 1361.001000
2455490.0 1360.988000
2455491.0 1360.966000
2455492.0 1360.935000
2455493.0 1360.892000
2455494.0 1360.821000
2455495.0 1360.745000
2455496.0 1360.721000
2455497.0 1360.701000
2455498.0 1360.737000
2455499.0 1360.822000
2455500.0 1360.882000
2455501.0 1360.881000
2455502.0 1360.874000
2455503.0 1360.894000
2455504.0 1360.918000
2455505.0 1360.975000
2455506.0 1361.061000
2455507.0 1361.125000
2455508.0 1361.143000
2455509.0 1361.152000
2455510.0 1361.109000
2455511.0 1361.053000
2455512.0 1361.025000
2455513.0 1361.018000
2455514.0 1361.005000
2455515.0 1360.985000
2455516.0 1360.969000
2455517.0 1361.008000
2455518.0 1361.055000
2455519.0 1361.063000
2455520.0 1361.042000
2455521.0 1361.032000
2455522.0 1361.051000
2455523.0 1361.068000
2455524.0 1361.072000
2455525.0 1361.072000
2455526.0 1361.029000
2455527.0 1360.956000
2455528.0 1360.881000
2455529.0 1360.802000
2455530.0 1360.739000
2455531.0 1360.812000
2455532.0 1360.908000
2455533.0 1360.928000
2455534.0 1360.901000
2455535.0 1360.854000
2455536.0 1360.771000
2455537.0 1360.689000
2455538.0 1360.681000
2455539.0 1360.679000
2455540.0 1360.751000
2455541.0 1360.861000
2455542.0 1360.972000
2455543.0 1361.091000
2455544.0 1361.189000
2455545.0 1361.175000
2455546.0 1361.145000
2455547.0 1361.131000
2455548.0 1361.124000
2455549.0 1361.131000
2455550.0 1361.162000
2455551.0 1361.182000
2455552.0 1361.141000
2455553.0 1361.089000
2455554.0 1361.031000
2455555.0 1360.968000
2455556.0 1360.921000
2455557.0 1360.895000
2455558.0 1360.881000
2455559.0 1360.938000
2455560.0 1361.002000
2455561.0 1361.038000
2455562.0 1361.058000
2455563.0 NaN
2455564.0 NaN
2455565.0 NaN
2455566.0 NaN
2455567.0 NaN
2455568.0 1361.227000
2455569.0 1361.267000
2455570.0 1361.261000
2455571.0 1361.189000
2455572.0 1361.119000
2455573.0 1361.058000
2455574.0 1360.998000
2455575.0 1361.008000
2455576.0 1361.043000
2455577.0 1361.089000
2455578.0 1361.149000
2455579.0 1361.182000
2455580.0 1361.103000
2455581.0 1361.013000
2455582.0 1360.926000
2455583.0 1360.836000
2455584.0 1360.806000
2455585.0 1360.852000
2455586.0 1360.892000
2455587.0 1360.932000
2455588.0 1360.969000
2455589.0 1361.026000
2455590.0 1361.089000
2455591.0 1361.105000
2455592.0 1361.071000
2455593.0 1361.051000
2455594.0 1361.093000
2455595.0 1361.141000
2455596.0 1361.171000
2455597.0 1361.197000
2455598.0 1361.207000
2455599.0 1361.203000
2455600.0 1361.207000
2455601.0 1361.225000
2455602.0 1361.241000
2455603.0 1361.148000
2455604.0 1361.024000
2455605.0 1360.908000
2455606.0 1360.795000
2455607.0 1360.709000
2455608.0 1360.729000
2455609.0 1360.745000
2455610.0 1360.757000
2455611.0 1360.761000
2455612.0 1360.795000
2455613.0 1360.858000
2455614.0 1360.908000
2455615.0 1360.931000
2455616.0 1360.949000
2455617.0 1360.986000
2455618.0 1361.024000
2455619.0 1361.029000
2455620.0 1361.005000
2455621.0 1360.964000
2455622.0 1360.881000
2455623.0 1360.799000
2455624.0 1360.773000
2455625.0 1360.756000
2455626.0 1360.759000
2455627.0 1360.776000
2455628.0 1360.752000
2455629.0 1360.639000
2455630.0 1360.539000
2455631.0 1360.684000
2455632.0 1360.876000
2455633.0 1361.073000
2455634.0 1361.275000
2455635.0 1361.396000
2455636.0 1361.323000
2455637.0 1361.245000
2455638.0 1361.154000
2455639.0 1361.062000
2455640.0 1361.008000
2455641.0 1360.975000
2455642.0 1360.964000
2455643.0 1361.004000
2455644.0 1361.043000
2455645.0 1361.078000
2455646.0 1361.112000
2455647.0 1361.143000
2455648.0 1361.173000
2455649.0 1361.241000
2455650.0 1361.385000
2455651.0 1361.526000
2455652.0 1361.586000
2455653.0 1361.638000
2455654.0 1361.621000
2455655.0 1361.566000
2455656.0 1361.529000
2455657.0 1361.514000
2455658.0 1361.508000
2455659.0 1361.501000
2455660.0 1361.501000
2455661.0 1361.422000
2455662.0 1361.304000
2455663.0 1361.199000
2455664.0 1361.112000
2455665.0 1361.029000
2455666.0 1360.962000
2455667.0 1360.895000
2455668.0 1360.866000
2455669.0 1360.852000
2455670.0 1360.886000
2455671.0 1361.005000
2455672.0 1361.101000
2455673.0 1361.078000
2455674.0 1361.036000
2455675.0 1361.051000
2455676.0 1361.092000
2455677.0 1361.181000
2455678.0 1361.349000
2455679.0 1361.506000
2455680.0 1361.581000
2455681.0 1361.649000
2455682.0 1361.576000
2455683.0 1361.444000
2455684.0 1361.347000
2455685.0 1361.292000
2455686.0 1361.252000
2455687.0 1361.262000
2455688.0 1361.282000
2455689.0 1361.284000
2455690.0 1361.283000
2455691.0 1361.275000
2455692.0 1361.254000
2455693.0 1361.235000
2455694.0 1361.214000
2455695.0 1361.194000
2455696.0 1361.151000
2455697.0 1361.097000
2455698.0 1361.085000
2455699.0 1361.124000
2455700.0 1361.157000
2455701.0 1361.157000
2455702.0 1361.157000
2455703.0 1361.184000
2455704.0 1361.223000
2455705.0 1361.239000
2455706.0 1361.228000
2455707.0 1361.211000
2455708.0 1361.159000
2455709.0 1361.111000
2455710.0 1361.107000
2455711.0 1361.121000
2455712.0 1361.117000
2455713.0 1361.094000
2455714.0 1361.081000
2455715.0 1361.097000
2455716.0 1361.117000
2455717.0 1361.182000
2455718.0 1361.262000
2455719.0 1361.292000
2455720.0 1361.271000
2455721.0 1361.239000
2455722.0 1361.165000
2455723.0 1361.092000
2455724.0 1361.064000
2455725.0 1361.045000
2455726.0 1361.025000
2455727.0 1361.004000
2455728.0 1360.998000
2455729.0 1361.041000
2455730.0 1361.081000
2455731.0 1361.066000
2455732.0 1361.036000
2455733.0 1361.048000
2455734.0 1361.097000
2455735.0 1361.155000
2455736.0 1361.238000
2455737.0 1361.317000
2455738.0 1361.313000
2455739.0 1361.291000
2455740.0 1361.249000
2455741.0 1361.192000
2455742.0 1361.143000
2455743.0 1361.108000
2455744.0 1361.075000
2455745.0 1361.048000
2455746.0 1361.018000
2455747.0 1361.022000
2455748.0 1361.048000
2455749.0 1361.059000
2455750.0 1361.038000
2455751.0 1361.016000
2455752.0 1361.033000
2455753.0 1361.058000
2455754.0 1361.119000
2455755.0 1361.211000
2455756.0 1361.267000
2455757.0 1361.241000
2455758.0 1361.221000
2455759.0 1361.244000
2455760.0 1361.279000
2455761.0 1361.278000
2455762.0 1361.254000
2455763.0 1361.237000
2455764.0 1361.225000
2455765.0 1361.213000
2455766.0 1361.163000
2455767.0 1361.107000
2455768.0 1361.031000
2455769.0 1360.936000
2455770.0 1360.781000
2455771.0 1360.498000
2455772.0 1360.211000
2455773.0 1359.992000
2455774.0 1359.767000
2455775.0 1359.838000
2455776.0 1360.061000
2455777.0 1360.281000
2455778.0 1360.527000
2455779.0 1360.743000
2455780.0 1360.851000
2455781.0 1360.939000
2455782.0 1361.082000
2455783.0 1361.257000
2455784.0 1361.372000
2455785.0 1361.385000
2455786.0 1361.392000
2455787.0 1361.348000
2455788.0 1361.301000
2455789.0 1361.282000
2455790.0 1361.281000
2455791.0 1361.237000
2455792.0 1361.119000
2455793.0 1361.018000
2455794.0 1360.998000
2455795.0 1360.991000
2455796.0 1361.125000
2455797.0 1361.327000
2455798.0 1361.457000
2455799.0 1361.484000
2455800.0 1361.496000
2455801.0 1361.407000
2455802.0 1361.314000
2455803.0 1361.255000
2455804.0 1361.213000
2455805.0 1361.191000
2455806.0 1361.191000
2455807.0 1361.184000
2455808.0 1361.143000
2455809.0 1361.101000
2455810.0 1361.107000
2455811.0 1361.131000
2455812.0 1361.111000
2455813.0 1361.033000
2455814.0 1360.981000
2455815.0 1361.006000
2455816.0 1361.033000
2455817.0 1361.061000
2455818.0 1361.091000
2455819.0 1361.103000
2455820.0 1361.099000
2455821.0 1361.123000
2455822.0 1361.257000
2455823.0 1361.401000
2455824.0 1361.496000
2455825.0 1361.582000
2455826.0 1361.519000
2455827.0 1361.287000
2455828.0 1361.051000
2455829.0 1360.786000
2455830.0 1360.525000
2455831.0 1360.477000
2455832.0 1360.485000
2455833.0 1360.576000
2455834.0 1360.761000
2455835.0 1360.956000
2455836.0 1361.225000
2455837.0 1361.484000
2455838.0 1361.508000
2455839.0 1361.469000
2455840.0 1361.416000
2455841.0 1361.352000
2455842.0 1361.301000
2455843.0 1361.278000
2455844.0 1361.259000
2455845.0 1361.214000
2455846.0 1361.163000
2455847.0 1361.092000
2455848.0 1361.001000
2455849.0 1360.938000
2455850.0 1360.959000
2455851.0 1360.996000
2455852.0 1361.184000
2455853.0 1361.416000
2455854.0 1361.523000
2455855.0 1361.536000
2455856.0 1361.511000
2455857.0 1361.367000
2455858.0 1361.227000
2455859.0 1361.148000
2455860.0 1361.086000
2455861.0 1361.068000
2455862.0 1361.086000
2455863.0 1361.137000
2455864.0 1361.273000
2455865.0 1361.407000
2455866.0 1361.456000
2455867.0 1361.491000
2455868.0 1361.332000
2455869.0 1361.035000
2455870.0 1360.781000
2455871.0 1360.619000
2455872.0 1360.484000
2455873.0 1360.626000
2455874.0 1360.818000
2455875.0 1361.089000
2455876.0 1361.416000
2455877.0 1361.691000
2455878.0 1361.847000
2455879.0 1361.994000
2455880.0 1361.984000
2455881.0 1361.963000
2455882.0 1361.948000
2455883.0 1361.947000
2455884.0 1361.928000
2455885.0 1361.848000
2455886.0 1361.775000
2455887.0 1361.642000
2455888.0 1361.511000
2455889.0 1361.416000
2455890.0 1361.347000
2455891.0 1361.338000
2455892.0 1361.442000
2455893.0 1361.544000
2455894.0 1361.578000
2455895.0 1361.609000
2455896.0 1361.549000
2455897.0 1361.446000
2455898.0 1361.389000
2455899.0 1361.411000
2455900.0 1361.461000
2455901.0 1361.622000
2455902.0 1361.811000
2455903.0 1361.878000
2455904.0 1361.897000
2455905.0 1361.902000
2455906.0 1361.871000
2455907.0 1361.853000
2455908.0 1361.827000
2455909.0 1361.816000
2455910.0 1361.802000
2455911.0 1361.796000
2455912.0 1361.788000
2455913.0 1361.766000
2455914.0 1361.738000
2455915.0 1361.614000
2455916.0 1361.491000
2455917.0 1361.416000
2455918.0 1361.367000
2455919.0 1361.318000
2455920.0 1361.268000
2455921.0 1361.243000
2455922.0 1361.319000
2455923.0 1361.411000
2455924.0 1361.474000
2455925.0 1361.533000
2455926.0 1361.532000
2455927.0 1361.446000
2455928.0 1361.391000
2455929.0 1361.428000
2455930.0 1361.481000
2455931.0 1361.472000
2455932.0 1361.447000
2455933.0 1361.378000
2455934.0 1361.248000
2455935.0 1361.174000
2455936.0 1361.302000
2455937.0 1361.449000
2455938.0 1361.506000
2455939.0 1361.536000
2455940.0 1361.566000
2455941.0 1361.592000
2455942.0 1361.591000
2455943.0 1361.452000
2455944.0 1361.309000
2455945.0 1361.147000
2455946.0 1360.978000
2455947.0 1360.998000
2455948.0 1361.223000
2455949.0 1361.436000
2455950.0 1361.601000
2455951.0 1361.758000
2455952.0 1361.742000
2455953.0 1361.682000
2455954.0 1361.638000
2455955.0 1361.607000
2455956.0 1361.573000
2455957.0 1361.496000
2455958.0 1361.431000
2455959.0 1361.432000
2455960.0 1361.459000
2455961.0 1361.491000
2455962.0 1361.529000
2455963.0 1361.547000
2455964.0 1361.486000
2455965.0 1361.419000
2455966.0 1361.285000
2455967.0 1361.132000
2455968.0 1361.085000
2455969.0 1361.124000
2455970.0 1361.188000
2455971.0 1361.317000
2455972.0 1361.443000
2455973.0 1361.457000
2455974.0 1361.451000
2455975.0 1361.382000
2455976.0 1361.263000
2455977.0 1361.199000
2455978.0 1361.271000
2455979.0 1361.354000
2455980.0 1361.461000
2455981.0 1361.583000
2455982.0 1361.636000
2455983.0 1361.642000
2455984.0 1361.656000
2455985.0 1361.659000
2455986.0 1361.671000
2455987.0 1361.649000
2455988.0 NaN
2455989.0 1361.494000
2455990.0 1361.222000
2455991.0 1360.933000
2455992.0 1360.594000
2455993.0 1360.291000
2455994.0 1360.347000
2455995.0 1360.462000
2455996.0 1360.729000
2455997.0 1361.092000
2455998.0 1361.348000
2455999.0 1361.388000
2456000.0 1361.414000
2456001.0 1361.355000
2456002.0 1361.285000
2456003.0 1361.295000
2456004.0 1361.355000
2456005.0 1361.411000
2456006.0 1361.459000
2456007.0 1361.508000
2456008.0 1361.518000
2456009.0 1361.529000
2456010.0 1361.513000
2456011.0 1361.487000
2456012.0 1361.451000
2456013.0 1361.387000
2456014.0 1361.353000
2456015.0 1361.454000
2456016.0 1361.583000
2456017.0 1361.614000
2456018.0 1361.602000
2456019.0 1361.558000
2456020.0 1361.449000
2456021.0 1361.364000
2456022.0 1361.373000
2456023.0 1361.402000
2456024.0 1361.477000
2456025.0 1361.581000
2456026.0 1361.611000
2456027.0 1361.517000
2456028.0 1361.438000
2456029.0 1361.391000
2456030.0 1361.359000
2456031.0 1361.416000
2456032.0 1361.521000
2456033.0 1361.536000
2456034.0 1361.416000
2456035.0 1361.273000
2456036.0 1360.998000
2456037.0 1360.712000
2456038.0 1360.636000
2456039.0 1360.641000
2456040.0 1360.779000
2456041.0 1361.104000
2456042.0 1361.392000
2456043.0 1361.511000
2456044.0 1361.613000
2456045.0 1361.541000
2456046.0 1361.409000
2456047.0 1361.295000
2456048.0 1361.197000
2456049.0 1361.118000
2456050.0 1361.111000
2456051.0 NaN
2456052.0 NaN
2456053.0 NaN
2456054.0 NaN
2456055.0 NaN
2456056.0 NaN
2456057.0 NaN
2456058.0 NaN
2456059.0 1360.912000
2456060.0 1361.109000
2456061.0 1361.267000
2456062.0 1361.375000
2456063.0 1361.427000
2456064.0 1361.267000
2456065.0 1361.105000
2456066.0 1361.121000
2456067.0 1361.192000
2456068.0 1361.309000
2456069.0 1361.476000
2456070.0 1361.592000
2456071.0 1361.528000
2456072.0 1361.456000
2456073.0 1361.361000
2456074.0 1361.261000
2456075.0 1361.213000
2456076.0 1361.214000
2456077.0 1361.247000
2456078.0 1361.371000
2456079.0 1361.493000
2456080.0 1361.481000
2456081.0 1361.434000
2456082.0 1361.352000
2456083.0 1361.225000
2456084.0 1361.177000
2456085.0 1361.329000
2456086.0 1361.492000
2456087.0 1361.617000
2456088.0 1361.743000
2456089.0 1361.601000
2456090.0 1361.239000
2456091.0 1360.914000
2456092.0 1360.671000
2456093.0 1360.464000
2456094.0 1360.659000
2456095.0 1360.941000
2456096.0 1361.152000
2456097.0 1361.315000
2456098.0 1361.411000
2456099.0 1361.333000
2456100.0 1361.257000
2456101.0 1361.221000
2456102.0 1361.195000
2456103.0 1361.182000
2456104.0 1361.178000
2456105.0 1361.163000
2456106.0 1361.119000
2456107.0 1361.061000
2456108.0 1360.881000
2456109.0 1360.672000
2456110.0 1360.582000
2456111.0 1360.565000
2456112.0 1360.633000
2456113.0 1360.902000
2456114.0 1361.142000
2456115.0 1361.172000
2456116.0 1361.158000
2456117.0 1360.911000
2456118.0 1360.514000
2456119.0 1360.246000
2456120.0 1360.245000
2456121.0 1360.276000
2456122.0 1360.591000
2456123.0 1360.942000
2456124.0 1361.149000
2456125.0 1361.277000
2456126.0 1361.324000
2456127.0 1361.211000
2456128.0 1361.113000
2456129.0 1361.125000
2456130.0 1361.158000
2456131.0 1361.229000
2456132.0 1361.323000
2456133.0 1361.411000
2456134.0 1361.483000
2456135.0 1361.528000
2456136.0 1361.375000
2456137.0 1361.198000
2456138.0 1361.122000
2456139.0 1361.094000
2456140.0 1361.168000
2456141.0 1361.408000
2456142.0 1361.624000
2456143.0 1361.666000
2456144.0 1361.692000
2456145.0 1361.656000
2456146.0 1361.597000
2456147.0 1361.552000
2456148.0 1361.517000
2456149.0 1361.481000
2456150.0 1361.388000
2456151.0 1361.294000
2456152.0 1361.191000
2456153.0 1361.084000
2456154.0 1361.028000
2456155.0 1361.045000
2456156.0 1361.066000
2456157.0 1361.111000
2456158.0 1361.161000
2456159.0 1361.255000
2456160.0 1361.373000
2456161.0 1361.436000
2456162.0 1361.429000
2456163.0 1361.431000
2456164.0 1361.447000
2456165.0 1361.474000
2456166.0 1361.538000
2456167.0 1361.623000
2456168.0 1361.653000
2456169.0 1361.612000
2456170.0 1361.586000
2456171.0 1361.577000
2456172.0 1361.581000
2456173.0 1361.599000
2456174.0 1361.631000
2456175.0 1361.642000
2456176.0 1361.631000
2456177.0 1361.616000
2456178.0 1361.547000
2456179.0 1361.484000
2456180.0 1361.404000
2456181.0 1361.323000
2456182.0 1361.252000
2456183.0 1361.189000
2456184.0 1361.141000
2456185.0 1361.141000
2456186.0 1361.151000
2456187.0 1361.252000
2456188.0 1361.385000
2456189.0 1361.516000
2456190.0 1361.651000
2456191.0 1361.747000
2456192.0 1361.701000
2456193.0 1361.668000
2456194.0 1361.735000
2456195.0 1361.845000
2456196.0 1361.905000
2456197.0 1361.923000
2456198.0 1361.895000
2456199.0 1361.683000
2456200.0 1361.482000
2456201.0 1361.352000
2456202.0 1361.244000
2456203.0 1361.215000
2456204.0 1361.252000
2456205.0 1361.261000
2456206.0 1361.191000
2456207.0 1361.125000
2456208.0 1361.157000
2456209.0 1361.212000
2456210.0 1361.243000
2456211.0 1361.258000
2456212.0 1361.267000
2456213.0 1361.257000
2456214.0 1361.263000
2456215.0 1361.413000
2456216.0 1361.606000
2456217.0 1361.735000
2456218.0 1361.831000
2456219.0 1361.881000
2456220.0 1361.797000
2456221.0 1361.725000
2456222.0 1361.646000
2456223.0 1361.574000
2456224.0 1361.472000
2456225.0 1361.351000
2456226.0 1361.261000
2456227.0 1361.229000
2456228.0 1361.212000
2456229.0 1361.273000
2456230.0 1361.353000
2456231.0 1361.371000
2456232.0 1361.354000
2456233.0 1361.341000
2456234.0 1361.327000
2456235.0 1361.323000
2456236.0 1361.358000
2456237.0 1361.406000
2456238.0 1361.441000
2456239.0 1361.476000
2456240.0 1361.466000
2456241.0 1361.359000
2456242.0 1361.277000
2456243.0 1361.315000
2456244.0 1361.382000
2456245.0 1361.551000
2456246.0 1361.785000
2456247.0 1361.925000
2456248.0 1361.885000
2456249.0 1361.847000
2456250.0 1361.749000
2456251.0 1361.657000
2456252.0 1361.567000
2456253.0 1361.484000
2456254.0 1361.446000
2456255.0 1361.474000
2456256.0 1361.491000
2456257.0 1361.391000
2456258.0 1361.285000
2456259.0 1361.251000
2456260.0 1361.251000
2456261.0 1361.211000
2456262.0 1361.102000
2456263.0 1361.029000
2456264.0 1361.131000
2456265.0 1361.258000
2456266.0 1361.382000
2456267.0 1361.509000
2456268.0 1361.578000
2456269.0 1361.556000
2456270.0 1361.547000
2456271.0 1361.563000
2456272.0 1361.596000
2456273.0 1361.685000
2456274.0 1361.811000
2456275.0 1361.878000
2456276.0 1361.865000
2456277.0 1361.843000
2456278.0 1361.729000
2456279.0 1361.618000
2456280.0 1361.506000
2456281.0 1361.398000
2456282.0 1361.324000
2456283.0 1361.288000
2456284.0 1361.279000
2456285.0 1361.361000
2456286.0 1361.457000
2456287.0 1361.564000
2456288.0 1361.683000
2456289.0 1361.685000
2456290.0 1361.549000
2456291.0 1361.432000
2456292.0 1361.361000
2456293.0 1361.301000
2456294.0 1361.313000
2456295.0 1361.353000
2456296.0 1361.417000
2456297.0 1361.511000
2456298.0 1361.588000
2456299.0 1361.589000
2456300.0 1361.582000
2456301.0 1361.411000
2456302.0 1361.193000
2456303.0 1361.028000
2456304.0 1360.911000
2456305.0 1360.854000
2456306.0 1361.011000
2456307.0 1361.177000
2456308.0 1361.331000
2456309.0 1361.486000
2456310.0 1361.548000
2456311.0 1361.526000
2456312.0 1361.501000
2456313.0 1361.447000
2456314.0 1361.406000
2456315.0 1361.422000
2456316.0 1361.462000
2456317.0 1361.464000
2456318.0 1361.436000
2456319.0 1361.414000
2456320.0 1361.401000
2456321.0 1361.396000
2456322.0 1361.401000
2456323.0 1361.413000
2456324.0 1361.402000
2456325.0 1361.375000
2456326.0 1361.377000
2456327.0 1361.443000
2456328.0 1361.521000
2456329.0 1361.602000
2456330.0 1361.692000
2456331.0 1361.697000
2456332.0 1361.643000
2456333.0 1361.622000
2456334.0 1361.662000
2456335.0 1361.707000
2456336.0 1361.666000
2456337.0 1361.614000
2456338.0 1361.546000
2456339.0 1361.466000
2456340.0 1361.377000
2456341.0 1361.247000
2456342.0 1361.133000
2456343.0 1361.141000
2456344.0 1361.174000
2456345.0 1361.234000
2456346.0 1361.313000
2456347.0 1361.368000
2456348.0 1361.364000
2456349.0 1361.358000
2456350.0 1361.305000
2456351.0 1361.248000
2456352.0 1361.308000
2456353.0 1361.439000
2456354.0 1361.591000
2456355.0 1361.777000
2456356.0 1361.947000
2456357.0 1361.908000
2456358.0 1361.851000
2456359.0 1361.785000
2456360.0 1361.719000
2456361.0 1361.666000
2456362.0 1361.616000
2456363.0 1361.556000
2456364.0 1361.386000
2456365.0 1361.205000
2456366.0 1361.108000
2456367.0 1361.055000
2456368.0 1361.056000
2456369.0 1361.157000
2456370.0 1361.249000
2456371.0 1361.284000
2456372.0 1361.313000
2456373.0 1361.324000
2456374.0 1361.331000
2456375.0 1361.332000
2456376.0 1361.327000
2456377.0 1361.325000
2456378.0 1361.321000
2456379.0 1361.322000
2456380.0 1361.357000
2456381.0 1361.411000
2456382.0 1361.471000
2456383.0 1361.536000
2456384.0 1361.586000
2456385.0 1361.469000
2456386.0 1361.334000
2456387.0 1361.311000
2456388.0 1361.337000
2456389.0 1361.371000
2456390.0 1361.418000
2456391.0 1361.446000
2456392.0 1361.362000
2456393.0 1361.273000
2456394.0 1361.264000
2456395.0 1361.291000
2456396.0 1361.287000
2456397.0 1361.241000
2456398.0 1361.201000
2456399.0 1361.172000
2456400.0 1361.143000
2456401.0 1361.074000
2456402.0 1360.988000
2456403.0 1360.941000
2456404.0 1360.941000
2456405.0 1360.976000
2456406.0 1361.158000
2456407.0 1361.349000
2456408.0 1361.422000
2456409.0 1361.463000
2456410.0 1361.441000
2456411.0 1361.347000
2456412.0 1361.267000
2456413.0 1361.223000
2456414.0 1361.192000
2456415.0 1361.244000
2456416.0 1361.327000
2456417.0 1361.365000
2456418.0 1361.361000
2456419.0 1361.377000
2456420.0 1361.451000
2456421.0 1361.529000
2456422.0 1361.507000
2456423.0 1361.462000
2456424.0 1361.348000
2456425.0 1361.162000
2456426.0 1361.015000
2456427.0 1360.972000
2456428.0 1360.949000
2456429.0 1361.117000
2456430.0 1361.342000
2456431.0 1361.521000
2456432.0 1361.664000
2456433.0 1361.735000
2456434.0 1361.568000
2456435.0 1361.406000
2456436.0 1361.332000
2456437.0 1361.283000
2456438.0 1361.381000
2456439.0 1361.602000
2456440.0 1361.788000
2456441.0 1361.866000
2456442.0 1361.929000
2456443.0 1361.743000
2456444.0 1361.511000
2456445.0 1361.394000
2456446.0 1361.368000
2456447.0 1361.367000
2456448.0 1361.416000
2456449.0 1361.463000
2456450.0 1361.431000
2456451.0 1361.386000
2456452.0 1361.389000
2456453.0 1361.431000
2456454.0 1361.453000
2456455.0 1361.416000
2456456.0 1361.391000
2456457.0 1361.441000
2456458.0 1361.512000
2456459.0 1361.479000
2456460.0 1361.381000
2456461.0 1361.281000
2456462.0 1361.171000
2456463.0 1361.094000
2456464.0 1361.253000
2456465.0 1361.461000
2456466.0 1361.621000
2456467.0 1361.761000
2456468.0 1361.805000
2456469.0 1361.633000
2456470.0 1361.479000
2456471.0 1361.411000
2456472.0 1361.365000
2456473.0 1361.412000
2456474.0 1361.519000
2456475.0 1361.544000
2456476.0 1361.404000
2456477.0 1361.254000
2456478.0 1361.018000
2456479.0 1360.771000
2456480.0 1360.741000
2456481.0 1360.826000
2456482.0 1360.991000
2456483.0 1361.311000
2456484.0 1361.608000
2456485.0 1361.738000
2456486.0 1361.853000
2456487.0 1361.797000
2456488.0 1361.666000
2456489.0 1361.581000
2456490.0 1361.559000
2456491.0 1361.563000
2456492.0 1361.641000
2456493.0 1361.736000
2456494.0 1361.767000
2456495.0 1361.777000
2456496.0 1361.753000
2456497.0 1361.668000
2456498.0 1361.592000
2456499.0 1361.511000
2456500.0 1361.441000
2456501.0 1361.443000
2456502.0 1361.483000
2456503.0 1361.516000
2456504.0 1361.531000
2456505.0 1361.541000
2456506.0 1361.484000
2456507.0 1361.431000
2456508.0 1361.438000
2456509.0 1361.476000
2456510.0 1361.511000
2456511.0 1361.539000
2456512.0 1361.579000
2456513.0 1361.621000
2456514.0 1361.666000
2456515.0 1361.548000
2456516.0 1361.375000
2456517.0 1361.292000
2456518.0 1361.318000
2456519.0 1361.361000
2456520.0 1361.452000
2456521.0 1361.554000
2456522.0 1361.604000
2456523.0 1361.643000
2456524.0 1361.651000
2456525.0 1361.621000
2456526.0 1361.614000
2456527.0 1361.661000
2456528.0 1361.717000
2456529.0 1361.676000
2456530.0 1361.611000
2456531.0 1361.548000
2456532.0 1361.483000
2456533.0 1361.417000
2456534.0 1361.323000
2456535.0 1361.237000
2456536.0 1361.255000
2456537.0 1361.309000
2456538.0 1361.406000
2456539.0 1361.553000
2456540.0 1361.664000
2456541.0 1361.639000
2456542.0 1361.617000
2456543.0 1361.579000
2456544.0 1361.547000
2456545.0 1361.546000
2456546.0 1361.576000
2456547.0 1361.598000
2456548.0 1361.574000
2456549.0 1361.557000
2456550.0 1361.529000
2456551.0 1361.507000
2456552.0 1361.484000
2456553.0 1361.461000
2456554.0 1361.447000
2456555.0 1361.447000
2456556.0 1361.457000
2456557.0 1361.477000
2456558.0 1361.507000
2456559.0 1361.527000
2456560.0 1361.541000
2456561.0 1361.566000
2456562.0 1361.592000
2456563.0 1361.626000
2456564.0 1361.597000
2456565.0 1361.566000
2456566.0 1361.541000
2456567.0 1361.526000
2456568.0 1361.516000
2456569.0 1361.506000
2456570.0 1361.502000
2456571.0 1361.502000
2456572.0 1361.511000
2456573.0 1361.477000
2456574.0 1361.429000
2456575.0 1361.339000
2456576.0 1361.139000
2456577.0 1360.966000
2456578.0 1361.014000
2456579.0 1361.105000
2456580.0 1361.247000
2456581.0 1361.426000
2456582.0 1361.554000
2456583.0 1361.571000
2456584.0 1361.566000
2456585.0 1361.363000
2456586.0 1361.127000
2456587.0 1360.872000
2456588.0 1360.601000
2456589.0 1360.471000
2456590.0 1360.634000
2456591.0 1360.793000
2456592.0 1360.944000
2456593.0 1361.089000
2456594.0 1361.089000
2456595.0 1361.009000
2456596.0 1360.991000
2456597.0 1361.082000
2456598.0 1361.169000
2456599.0 1361.223000
2456600.0 1361.271000
2456601.0 1361.192000
2456602.0 1361.051000
2456603.0 1360.971000
2456604.0 1360.996000
2456605.0 1361.034000
2456606.0 1361.153000
2456607.0 1361.281000
2456608.0 1361.284000
2456609.0 1361.229000
2456610.0 1361.117000
2456611.0 1360.906000
2456612.0 1360.747000
2456613.0 1360.866000
2456614.0 1361.018000
2456615.0 1361.167000
2456616.0 1361.319000
2456617.0 1361.441000
2456618.0 1361.521000
2456619.0 1361.597000
2456620.0 1361.621000
2456621.0 1361.641000
2456622.0 1361.531000
2456623.0 1361.372000
2456624.0 1361.267000
2456625.0 1361.231000
2456626.0 1361.223000
2456627.0 1361.321000
2456628.0 1361.436000
2456629.0 1361.552000
2456630.0 1361.678000
2456631.0 1361.747000
2456632.0 1361.741000
2456633.0 1361.757000
2456634.0 1361.816000
2456635.0 1361.889000
2456636.0 1361.846000
2456637.0 1361.773000
2456638.0 1361.663000
2456639.0 1361.501000
2456640.0 1361.387000
2456641.0 1361.416000
2456642.0 1361.466000
2456643.0 1361.493000
2456644.0 1361.522000
2456645.0 1361.519000
2456646.0 1361.482000
2456647.0 1361.439000
2456648.0 1361.351000
2456649.0 1361.268000
2456650.0 1361.263000
2456651.0 1361.287000
2456652.0 1361.321000
2456653.0 1361.371000
2456654.0 1361.426000
2456655.0 1361.493000
2456656.0 1361.567000
2456657.0 1361.587000
2456658.0 1361.601000
2456659.0 1361.481000
2456660.0 1361.233000
2456661.0 1360.948000
2456662.0 1360.533000
2456663.0 1360.125000
2456664.0 1360.031000
2456665.0 1360.003000
2456666.0 1360.248000
2456667.0 1360.734000
2456668.0 1361.149000
2456669.0 1361.399000
2456670.0 1361.629000
2456671.0 1361.691000
2456672.0 1361.723000
2456673.0 1361.737000
2456674.0 1361.728000
2456675.0 1361.701000
2456676.0 1361.596000
2456677.0 1361.499000
2456678.0 1361.437000
2456679.0 1361.391000
2456680.0 1361.391000
2456681.0 1361.428000
2456682.0 1361.482000
2456683.0 1361.564000
2456684.0 1361.641000
2456685.0 1361.573000
2456686.0 1361.483000
2456687.0 1361.188000
2456688.0 1360.744000
2456689.0 1360.348000
2456690.0 1360.065000
2456691.0 1359.824000
2456692.0 1360.059000
2456693.0 1360.373000
2456694.0 1360.769000
2456695.0 1361.219000
2456696.0 1361.506000
2456697.0 1361.443000
2456698.0 1361.354000
2456699.0 1361.101000
2456700.0 1360.818000
2456701.0 1360.671000
2456702.0 1360.597000
2456703.0 1360.654000
2456704.0 1360.991000
2456705.0 1361.295000
2456706.0 1361.378000
2456707.0 1361.423000
2456708.0 1361.348000
2456709.0 1361.204000
2456710.0 1361.129000
2456711.0 1361.182000
2456712.0 1361.263000
2456713.0 1361.486000
2456714.0 1361.735000
2456715.0 1361.743000
2456716.0 1361.633000
2456717.0 1361.556000
2456718.0 1361.526000
2456719.0 1361.536000
2456720.0 1361.729000
2456721.0 1361.961000
2456722.0 1362.022000
2456723.0 1362.017000
2456724.0 1361.947000
2456725.0 1361.749000
2456726.0 1361.568000
2456727.0 1361.399000
2456728.0 1361.245000
2456729.0 1361.273000
2456730.0 1361.386000
2456731.0 1361.476000
2456732.0 1361.527000
2456733.0 1361.583000
2456734.0 1361.621000
2456735.0 1361.666000
2456736.0 1361.666000
2456737.0 1361.656000
2456738.0 1361.634000
2456739.0 1361.589000
2456740.0 1361.578000
2456741.0 1361.676000
2456742.0 1361.795000
2456743.0 1361.873000
2456744.0 1361.947000
2456745.0 1361.968000
2456746.0 1361.912000
2456747.0 1361.839000
2456748.0 1361.629000
2456749.0 1361.419000
2456750.0 1361.301000
2456751.0 1361.215000
2456752.0 1361.248000
2456753.0 1361.424000
2456754.0 1361.581000
2456755.0 1361.641000
2456756.0 1361.695000
2456757.0 1361.656000
2456758.0 1361.588000
2456759.0 1361.463000
2456760.0 1361.268000
2456761.0 1361.078000
2456762.0 1360.883000
2456763.0 1360.704000
2456764.0 1360.816000
2456765.0 1361.021000
2456766.0 1361.265000
2456767.0 1361.562000
2456768.0 1361.782000
2456769.0 1361.726000
2456770.0 1361.667000
2456771.0 1361.643000
2456772.0 1361.642000
2456773.0 1361.621000
2456774.0 1361.581000
2456775.0 1361.507000
2456776.0 1361.304000
2456777.0 1361.097000
2456778.0 1360.911000
2456779.0 1360.725000
2456780.0 1360.772000
2456781.0 1361.028000
2456782.0 1361.225000
2456783.0 1361.267000
2456784.0 1361.288000
2456785.0 1361.171000
2456786.0 1361.016000
2456787.0 1360.924000
2456788.0 1360.883000
2456789.0 1360.902000
2456790.0 1361.098000
2456791.0 1361.303000
2456792.0 1361.507000
2456793.0 1361.721000
2456794.0 1361.781000
2456795.0 1361.726000
2456796.0 1361.673000
2456797.0 1361.591000
2456798.0 1361.522000
2456799.0 1361.483000
2456800.0 1361.458000
2456801.0 1361.436000
2456802.0 1361.416000
2456803.0 1361.401000
2456804.0 1361.384000
2456805.0 1361.373000
2456806.0 1361.367000
2456807.0 1361.368000
2456808.0 1361.371000
2456809.0 1361.378000
2456810.0 1361.394000
2456811.0 1361.422000
2456812.0 1361.434000
2456813.0 1361.281000
2456814.0 1361.095000
2456815.0 1360.903000
2456816.0 1360.701000
2456817.0 1360.629000
2456818.0 1360.839000
2456819.0 1361.055000
2456820.0 1361.289000
2456821.0 1361.528000
2456822.0 1361.516000
2456823.0 1361.362000
2456824.0 1361.269000
2456825.0 1361.283000
2456826.0 1361.299000
2456827.0 1361.282000
2456828.0 1361.264000
2456829.0 1361.257000
2456830.0 1361.254000
2456831.0 1361.224000
2456832.0 1361.142000
2456833.0 1361.079000
2456834.0 1361.119000
2456835.0 1361.178000
2456836.0 1361.301000
2456837.0 1361.457000
2456838.0 1361.514000
2456839.0 1361.396000
2456840.0 1361.257000
2456841.0 1360.978000
2456842.0 1360.675000
2456843.0 1360.436000
2456844.0 1360.212000
2456845.0 1360.182000
2456846.0 1360.465000
2456847.0 1360.743000
2456848.0 1361.058000
2456849.0 1361.371000
2456850.0 1361.502000
2456851.0 1361.561000
2456852.0 1361.576000
2456853.0 1361.521000
2456854.0 1361.463000
2456855.0 1361.349000
2456856.0 1361.232000
2456857.0 1361.117000
2456858.0 1361.003000
2456859.0 1360.962000
2456860.0 1361.022000
2456861.0 1361.076000
2456862.0 1361.114000
2456863.0 1361.155000
2456864.0 1361.261000
2456865.0 1361.392000
2456866.0 1361.521000
2456867.0 1361.646000
2456868.0 1361.768000
2456869.0 1361.855000
2456870.0 1361.949000
2456871.0 1361.949000
2456872.0 1361.931000
2456873.0 1361.911000
2456874.0 1361.885000
2456875.0 1361.841000
2456876.0 1361.669000
2456877.0 1361.503000
2456878.0 1361.416000
2456879.0 1361.361000
2456880.0 1361.328000
2456881.0 1361.319000
2456882.0 1361.293000
2456883.0 1361.191000
2456884.0 1361.091000
2456885.0 1361.055000
2456886.0 1361.038000
2456887.0 1361.068000
2456888.0 1361.144000
2456889.0 1361.211000
2456890.0 1361.241000
2456891.0 1361.273000
2456892.0 1361.307000
2456893.0 1361.347000
2456894.0 1361.387000
2456895.0 1361.431000
2456896.0 1361.479000
2456897.0 1361.521000
2456898.0 1361.564000
2456899.0 1361.541000
2456900.0 1361.509000
2456901.0 1361.483000
2456902.0 1361.463000
2456903.0 1361.456000
2456904.0 1361.462000
2456905.0 1361.463000
2456906.0 1361.328000
2456907.0 1361.159000
2456908.0 1361.002000
2456909.0 1360.849000
2456910.0 1360.805000
2456911.0 1361.061000
2456912.0 1361.322000
2456913.0 1361.539000
2456914.0 1361.755000
2456915.0 1361.811000
2456916.0 1361.749000
2456917.0 1361.721000
2456918.0 1361.746000
2456919.0 1361.778000
2456920.0 1361.722000
2456921.0 1361.661000
2456922.0 1361.516000
2456923.0 1361.314000
2456924.0 1361.121000
2456925.0 1360.938000
2456926.0 1360.786000
2456927.0 1360.911000
2456928.0 1361.089000
2456929.0 1361.293000
2456930.0 1361.518000
2456931.0 1361.685000
2456932.0 1361.719000
2456933.0 1361.768000
2456934.0 1361.848000
2456935.0 1361.949000
2456936.0 1361.943000
2456937.0 1361.882000
2456938.0 1361.817000
2456939.0 1361.725000
2456940.0 1361.647000
2456941.0 1361.586000
2456942.0 1361.539000
2456943.0 1361.506000
2456944.0 1361.482000
2456945.0 1361.447000
2456946.0 1361.382000
2456947.0 1361.284000
2456948.0 1360.963000
2456949.0 1360.599000
2456950.0 1360.179000
2456951.0 1359.709000
2456952.0 1359.361000
2456953.0 1359.238000
2456954.0 1359.145000
2456955.0 1359.559000
2456956.0 1360.042000
2456957.0 1360.591000
2456958.0 1361.169000
2456959.0 1361.576000
2456960.0 1361.715000
2456961.0 1361.821000
2456962.0 1361.715000
2456963.0 1361.596000
2456964.0 1361.586000
2456965.0 1361.633000
2456966.0 1361.671000
2456967.0 1361.685000
2456968.0 1361.693000
2456969.0 1361.607000
2456970.0 1361.523000
2456971.0 1361.529000
2456972.0 1361.581000
2456973.0 1361.702000
2456974.0 1361.922000
2456975.0 1362.092000
2456976.0 1361.974000
2456977.0 1361.837000
2456978.0 1361.601000
2456979.0 1361.329000
2456980.0 1361.189000
2456981.0 1361.218000
2456982.0 1361.261000
2456983.0 1361.349000
2456984.0 1361.444000
2456985.0 1361.481000
2456986.0 1361.503000
2456987.0 1361.471000
2456988.0 1361.371000
2456989.0 1361.275000
2456990.0 1361.183000
2456991.0 1361.098000
2456992.0 1361.103000
2456993.0 1361.138000
2456994.0 1361.231000
2456995.0 1361.391000
2456996.0 1361.531000
2456997.0 1361.581000
2456998.0 1361.631000
2456999.0 1361.652000
2457000.0 1361.676000
2457001.0 1361.726000
2457002.0 1361.809000
2457003.0 1361.866000
2457004.0 1361.798000
2457005.0 1361.721000
2457006.0 1361.421000
2457007.0 1361.061000
2457008.0 1360.797000
2457009.0 1360.633000
2457010.0 1360.594000
2457011.0 1360.968000
2457012.0 1361.355000
2457013.0 1361.614000
2457014.0 1361.848000
2457015.0 1361.908000
2457016.0 1361.816000
2457017.0 1361.757000
2457018.0 1361.756000
2457019.0 1361.762000
2457020.0 1361.638000
2457021.0 1361.488000
2457022.0 1361.311000
2457023.0 1361.107000
2457024.0 1360.953000
2457025.0 1360.928000
2457026.0 1360.933000
2457027.0 1361.201000
2457028.0 1361.534000
2457029.0 1361.737000
2457030.0 1361.849000
2457031.0 1361.921000
2457032.0 1361.862000
2457033.0 1361.827000
2457034.0 1361.893000
2457035.0 1361.998000
2457036.0 1362.089000
2457037.0 1362.179000
2457038.0 1362.204000
2457039.0 1362.041000
2457040.0 1361.891000
2457041.0 1361.737000
2457042.0 1361.598000
2457043.0 1361.548000
2457044.0 1361.561000
2457045.0 1361.538000
2457046.0 1361.421000
2457047.0 1361.302000
2457048.0 1361.142000
2457049.0 1360.978000
2457050.0 1361.056000
2457051.0 1361.284000
2457052.0 1361.513000
2457053.0 1361.748000
2457054.0 1361.972000
2457055.0 1362.042000
2457056.0 1362.104000
2457057.0 1362.157000
2457058.0 1362.221000
2457059.0 1362.246000
2457060.0 1362.175000
2457061.0 1362.131000
2457062.0 1362.112000
2457063.0 1362.121000
2457064.0 1362.072000
2457065.0 1362.005000
2457066.0 1361.918000
2457067.0 1361.771000
2457068.0 1361.656000
2457069.0 1361.651000
2457070.0 1361.674000
2457071.0 1361.688000
2457072.0 1361.708000
2457073.0 1361.699000
2457074.0 1361.636000
2457075.0 1361.596000
2457076.0 1361.638000
2457077.0 1361.702000
2457078.0 1361.761000
2457079.0 1361.825000
2457080.0 1361.863000
2457081.0 1361.848000
2457082.0 1361.867000
2457083.0 1361.979000
2457084.0 1362.122000
2457085.0 1362.191000
2457086.0 1362.244000
2457087.0 1362.239000
2457088.0 1362.138000
2457089.0 1362.039000
2457090.0 1361.848000
2457091.0 1361.664000
2457092.0 1361.491000
2457093.0 1361.327000
2457094.0 1361.237000
2457095.0 1361.247000
2457096.0 1361.271000
2457097.0 1361.347000
2457098.0 1361.431000
2457099.0 1361.449000
2457100.0 1361.448000
2457101.0 1361.444000
2457102.0 1361.432000
2457103.0 1361.436000
2457104.0 1361.476000
2457105.0 1361.526000
2457106.0 1361.551000
2457107.0 1361.577000
2457108.0 1361.599000
2457109.0 1361.613000
2457110.0 1361.656000
2457111.0 1361.763000
2457112.0 1361.891000
2457113.0 1361.985000
2457114.0 1362.087000
2457115.0 1362.096000
2457116.0 1362.004000
2457117.0 1361.915000
2457118.0 1361.773000
2457119.0 1361.648000
2457120.0 1361.588000
2457121.0 1361.557000
2457122.0 1361.544000
2457123.0 1361.546000
2457124.0 1361.536000
2457125.0 1361.454000
2457126.0 1361.374000
2457127.0 1361.247000
2457128.0 1361.107000
2457129.0 1361.091000
2457130.0 1361.179000
2457131.0 1361.302000
2457132.0 1361.521000
2457133.0 1361.741000
2457134.0 1361.815000
2457135.0 1361.865000
2457136.0 1361.851000
2457137.0 1361.787000
2457138.0 1361.756000
2457139.0 1361.783000
2457140.0 1361.823000
2457141.0 1361.805000
2457142.0 1361.785000
2457143.0 1361.702000
2457144.0 1361.574000
2457145.0 1361.437000
2457146.0 1361.261000
2457147.0 1361.098000
2457148.0 1361.071000
2457149.0 1361.073000
2457150.0 1361.059000
2457151.0 1361.034000
2457152.0 1361.018000
2457153.0 1361.025000
2457154.0 1361.051000
2457155.0 1361.225000
2457156.0 1361.436000
2457157.0 1361.572000
2457158.0 1361.681000
2457159.0 1361.749000
2457160.0 NaN
2457161.0 NaN
2457162.0 NaN
2457163.0 NaN
2457164.0 NaN
2457165.0 NaN
2457166.0 NaN
2457167.0 1361.524000
2457168.0 1361.521000
2457169.0 1361.501000
2457170.0 1361.486000
2457171.0 1361.421000
2457172.0 1361.333000
2457173.0 1361.303000
2457174.0 1361.384000
2457175.0 1361.473000
2457176.0 1361.574000
2457177.0 1361.685000
2457178.0 1361.706000
2457179.0 1361.686000
2457180.0 1361.671000
2457181.0 1361.647000
2457182.0 1361.648000
2457183.0 1361.721000
2457184.0 1361.821000
2457185.0 1361.867000
2457186.0 1361.898000
2457187.0 1361.846000
2457188.0 1361.636000
2457189.0 1361.422000
2457190.0 1361.141000
2457191.0 1360.848000
2457192.0 1360.611000
2457193.0 1360.387000
2457194.0 1360.282000
2457195.0 1360.373000
2457196.0 1360.473000
2457197.0 1360.693000
2457198.0 1360.916000
2457199.0 1361.074000
2457200.0 1361.203000
2457201.0 1361.318000
2457202.0 1361.409000
2457203.0 1361.492000
2457204.0 1361.502000
2457205.0 1361.511000
2457206.0 1361.497000
2457207.0 1361.481000
2457208.0 1361.441000
2457209.0 1361.365000
2457210.0 1361.321000
2457211.0 1361.386000
2457212.0 1361.469000
2457213.0 1361.499000
2457214.0 1361.516000
2457215.0 1361.553000
2457216.0 1361.618000
2457217.0 1361.672000
2457218.0 1361.641000
2457219.0 1361.612000
2457220.0 1361.534000
2457221.0 1361.444000
2457222.0 1361.365000
2457223.0 1361.293000
2457224.0 1361.248000
2457225.0 1361.263000
2457226.0 1361.282000
2457227.0 1361.267000
2457228.0 1361.242000
2457229.0 1361.255000
2457230.0 1361.311000
2457231.0 1361.381000
2457232.0 1361.486000
2457233.0 1361.597000
2457234.0 1361.613000
2457235.0 1361.608000
2457236.0 1361.586000
2457237.0 1361.542000
2457238.0 1361.459000
2457239.0 1361.217000
2457240.0 1360.974000
2457241.0 1360.823000
2457242.0 1360.695000
2457243.0 1360.741000
2457244.0 1360.948000
2457245.0 1361.132000
2457246.0 1361.265000
2457247.0 1361.383000
2457248.0 1361.327000
2457249.0 1361.225000
2457250.0 1361.189000
2457251.0 1361.209000
2457252.0 1361.214000
2457253.0 1361.168000
2457254.0 1361.107000
2457255.0 1360.908000
2457256.0 1360.665000
2457257.0 1360.502000
2457258.0 1360.395000
2457259.0 1360.407000
2457260.0 1360.767000
2457261.0 1361.118000
2457262.0 1361.314000
2457263.0 1361.477000
2457264.0 1361.536000
2457265.0 1361.518000
2457266.0 1361.496000
2457267.0 1361.441000
2457268.0 1361.396000
2457269.0 1361.375000
2457270.0 1361.362000
2457271.0 1361.329000
2457272.0 1361.287000
2457273.0 1361.248000
2457274.0 1361.211000
2457275.0 1361.164000
2457276.0 1361.052000
2457277.0 1360.923000
2457278.0 1360.898000
2457279.0 1360.938000
2457280.0 1360.941000
2457281.0 1360.868000
2457282.0 1360.808000
2457283.0 1360.901000
2457284.0 1361.021000
2457285.0 1361.144000
2457286.0 1361.277000
2457287.0 1361.339000
2457288.0 1361.259000
2457289.0 1361.157000
2457290.0 1360.911000
2457291.0 1360.637000
2457292.0 1360.559000
2457293.0 1360.582000
2457294.0 1360.661000
2457295.0 1360.855000
2457296.0 1361.028000
2457297.0 1361.092000
2457298.0 1361.137000
2457299.0 1361.143000
2457300.0 1361.131000
2457301.0 1361.108000
2457302.0 1361.073000
2457303.0 1361.046000
2457304.0 1361.076000
2457305.0 1361.112000
2457306.0 1361.151000
2457307.0 1361.192000
2457308.0 1361.241000
2457309.0 1361.299000
2457310.0 1361.363000
2457311.0 1361.431000
2457312.0 1361.506000
2457313.0 1361.524000
2457314.0 1361.523000
2457315.0 1361.511000
2457316.0 1361.474000
2457317.0 1361.456000
2457318.0 1361.487000
2457319.0 1361.532000
2457320.0 1361.544000
2457321.0 1361.549000
2457322.0 1361.527000
2457323.0 1361.461000
2457324.0 1361.363000
2457325.0 1361.097000
2457326.0 1360.813000
2457327.0 1360.611000
2457328.0 1360.431000
2457329.0 1360.431000
2457330.0 1360.675000
2457331.0 1360.896000
2457332.0 1361.063000
2457333.0 1361.217000
2457334.0 1361.281000
2457335.0 1361.317000
2457336.0 1361.357000
2457337.0 1361.401000
2457338.0 1361.474000
2457339.0 1361.636000
2457340.0 1361.808000
2457341.0 1361.835000
2457342.0 1361.822000
2457343.0 1361.789000
2457344.0 1361.731000
2457345.0 1361.695000
2457346.0 1361.699000
2457347.0 1361.717000
2457348.0 1361.678000
2457349.0 1361.627000
2457350.0 1361.546000
2457351.0 1361.426000
2457352.0 1361.335000
2457353.0 1361.313000
2457354.0 1361.302000
2457355.0 1361.312000
2457356.0 1361.333000
2457357.0 1361.361000
2457358.0 1361.393000
2457359.0 1361.423000
2457360.0 1361.424000
2457361.0 1361.427000
2457362.0 1361.406000
2457363.0 1361.383000
2457364.0 1361.385000
2457365.0 1361.413000
2457366.0 1361.472000
2457367.0 1361.601000
2457368.0 1361.727000
2457369.0 1361.666000
2457370.0 1361.562000
2457371.0 1361.429000
2457372.0 1361.269000
2457373.0 1361.149000
2457374.0 1361.127000
2457375.0 1361.117000
2457376.0 1361.178000
2457377.0 1361.258000
2457378.0 1361.291000
2457379.0 1361.287000
2457380.0 1361.233000
2457381.0 1361.048000
2457382.0 1360.873000
2457383.0 1360.884000
2457384.0 1360.934000
2457385.0 1361.075000
2457386.0 1361.282000
2457387.0 1361.426000
2457388.0 1361.422000
2457389.0 1361.411000
2457390.0 1361.344000
2457391.0 1361.269000
2457392.0 1361.274000
2457393.0 1361.334000
2457394.0 1361.379000
2457395.0 1361.387000
2457396.0 1361.397000
2457397.0 1361.379000
2457398.0 1361.361000
2457399.0 1361.342000
2457400.0 1361.328000
2457401.0 1361.334000
2457402.0 1361.375000
2457403.0 1361.423000
2457404.0 1361.477000
2457405.0 1361.538000
2457406.0 1361.524000
2457407.0 1361.471000
2457408.0 1361.401000
2457409.0 1361.287000
2457410.0 1361.188000
2457411.0 1361.187000
2457412.0 1361.202000
2457413.0 1361.195000
2457414.0 1361.177000
2457415.0 1361.157000
2457416.0 1361.129000
2457417.0 1361.111000
2457418.0 1361.148000
2457419.0 1361.195000
2457420.0 1361.288000
2457421.0 1361.408000
2457422.0 1361.476000
2457423.0 1361.451000
2457424.0 1361.431000
2457425.0 1361.398000
2457426.0 1361.372000
2457427.0 1361.377000
2457428.0 1361.396000
2457429.0 1361.404000
2457430.0 1361.391000
2457431.0 1361.389000
2457432.0 1361.427000
2457433.0 1361.474000
2457434.0 1361.439000
2457435.0 1361.373000
2457436.0 1361.301000
2457437.0 1361.218000
2457438.0 1361.167000
2457439.0 1361.244000
2457440.0 1361.339000
2457441.0 1361.381000
2457442.0 1361.406000
2457443.0 1361.381000
2457444.0 1361.282000
2457445.0 1361.201000
2457446.0 1361.171000
2457447.0 1361.154000
2457448.0 1361.261000
2457449.0 1361.416000
2457450.0 1361.474000
2457451.0 1361.411000
2457452.0 1361.351000
2457453.0 1361.291000
2457454.0 1361.237000
2457455.0 1361.254000
2457456.0 1361.301000
2457457.0 1361.331000
2457458.0 1361.344000
2457459.0 1361.337000
2457460.0 1361.237000
2457461.0 1361.137000
2457462.0 1361.108000
2457463.0 1361.103000
2457464.0 1361.107000
2457465.0 1361.117000
2457466.0 1361.109000
2457467.0 1361.039000
2457468.0 1360.968000
2457469.0 1360.973000
2457470.0 1361.002000
2457471.0 1361.021000
2457472.0 1361.031000
2457473.0 1361.021000
2457474.0 1360.964000
2457475.0 1360.904000
2457476.0 1360.908000
2457477.0 1360.926000
2457478.0 1360.946000
2457479.0 1360.968000
2457480.0 1360.985000
2457481.0 1361.001000
2457482.0 1361.016000
2457483.0 1361.044000
2457484.0 1361.074000
2457485.0 1361.055000
2457486.0 1360.992000
2457487.0 1360.874000
2457488.0 1360.607000
2457489.0 1360.335000
2457490.0 1360.221000
2457491.0 1360.126000
2457492.0 1360.187000
2457493.0 1360.367000
2457494.0 1360.563000
2457495.0 1360.831000
2457496.0 1361.068000
2457497.0 1361.059000
2457498.0 1360.992000
2457499.0 1360.943000
2457500.0 1360.906000
2457501.0 1360.888000
2457502.0 1360.918000
2457503.0 1360.945000
2457504.0 1360.968000
2457505.0 1360.986000
2457506.0 1360.984000
2457507.0 1360.968000
2457508.0 1360.958000
2457509.0 1360.975000
2457510.0 1360.995000
2457511.0 1361.052000
2457512.0 1361.114000
2457513.0 1361.119000
2457514.0 1361.088000
2457515.0 1361.042000
2457516.0 1360.968000
2457517.0 1360.896000
2457518.0 1360.871000
2457519.0 1360.848000
2457520.0 1360.911000
2457521.0 1361.022000
2457522.0 1361.065000
2457523.0 1360.973000
2457524.0 1360.868000
2457525.0 1360.711000
2457526.0 1360.531000
2457527.0 1360.441000
2457528.0 1360.387000
2457529.0 1360.402000
2457530.0 1360.559000
2457531.0 1360.701000
2457532.0 1360.812000
2457533.0 1360.914000
2457534.0 1360.994000
2457535.0 1361.062000
2457536.0 1361.094000
2457537.0 1361.071000
2457538.0 1361.056000
2457539.0 1361.111000
2457540.0 1361.177000
2457541.0 1361.177000
2457542.0 1361.148000
2457543.0 1361.113000
2457544.0 1361.069000
2457545.0 1361.028000
2457546.0 1361.011000
2457547.0 1360.992000
2457548.0 1360.988000
2457549.0 1360.986000
2457550.0 1360.961000
2457551.0 1360.901000
2457552.0 1360.833000
2457553.0 1360.763000
2457554.0 1360.687000
2457555.0 1360.701000
2457556.0 1360.746000
2457557.0 1360.799000
2457558.0 1360.864000
2457559.0 1360.915000
2457560.0 1360.924000
2457561.0 1360.923000
2457562.0 1360.899000
2457563.0 1360.863000
2457564.0 1360.851000
2457565.0 1360.871000
2457566.0 1360.888000
2457567.0 1360.911000
2457568.0 1360.926000
2457569.0 1360.931000
2457570.0 1360.931000
2457571.0 1360.928000
2457572.0 1360.928000
2457573.0 1360.931000
2457574.0 1360.961000
2457575.0 1360.991000
2457576.0 1361.052000
2457577.0 1361.122000
2457578.0 1361.162000
2457579.0 1361.171000
2457580.0 1361.173000
2457581.0 1361.147000
2457582.0 1361.109000
2457583.0 1360.961000
2457584.0 1360.771000
2457585.0 1360.611000
2457586.0 1360.475000
2457587.0 1360.364000
2457588.0 1360.375000
2457589.0 1360.387000
2457590.0 1360.521000
2457591.0 1360.679000
2457592.0 1360.771000
2457593.0 1360.799000
2457594.0 1360.815000
2457595.0 1360.823000
2457596.0 1360.825000
2457597.0 1360.854000
2457598.0 1360.885000
2457599.0 1360.899000
2457600.0 1360.899000
2457601.0 1360.899000
2457602.0 1360.911000
2457603.0 1360.918000
2457604.0 1360.911000
2457605.0 1360.894000
2457606.0 1360.885000
2457607.0 1360.881000
2457608.0 1360.889000
2457609.0 1360.945000
2457610.0 1360.988000
2457611.0 1360.918000
2457612.0 1360.813000
2457613.0 1360.774000
2457614.0 1360.777000
2457615.0 1360.799000
2457616.0 1360.878000
2457617.0 1360.943000
2457618.0 1360.925000
2457619.0 1360.883000
2457620.0 1360.828000
2457621.0 1360.759000
2457622.0 1360.721000
2457623.0 1360.769000
2457624.0 1360.806000
2457625.0 1360.815000
2457626.0 1360.811000
2457627.0 1360.813000
2457628.0 1360.816000
2457629.0 1360.839000
2457630.0 1360.916000
2457631.0 1360.968000
2457632.0 1360.851000
2457633.0 1360.697000
2457634.0 1360.611000
2457635.0 1360.559000
2457636.0 1360.544000
2457637.0 1360.621000
2457638.0 1360.683000
2457639.0 1360.711000
2457640.0 1360.723000
2457641.0 1360.793000
2457642.0 1360.892000
2457643.0 1360.952000
2457644.0 1360.944000
2457645.0 1360.931000
2457646.0 1360.921000
2457647.0 1360.906000
2457648.0 1360.885000
2457649.0 1360.858000
2457650.0 1360.848000
2457651.0 1360.875000
2457652.0 1360.901000
2457653.0 1360.939000
2457654.0 1360.975000
2457655.0 1360.971000
2457656.0 1360.945000
2457657.0 1360.934000
2457658.0 1360.953000
2457659.0 1360.965000
2457660.0 1360.955000
2457661.0 1360.941000
2457662.0 1360.963000
2457663.0 1361.001000
2457664.0 1361.008000
2457665.0 1360.968000
2457666.0 1360.915000
2457667.0 1360.822000
2457668.0 1360.721000
2457669.0 1360.701000
2457670.0 1360.711000
2457671.0 1360.751000
2457672.0 1360.838000
2457673.0 1360.901000
2457674.0 1360.875000
2457675.0 1360.836000
2457676.0 1360.813000
2457677.0 1360.793000
2457678.0 1360.796000
2457679.0 1360.831000
2457680.0 1360.858000
2457681.0 1360.874000
2457682.0 1360.883000
2457683.0 1360.874000
2457684.0 1360.854000
2457685.0 1360.848000
2457686.0 1360.861000
2457687.0 1360.869000
2457688.0 1360.878000
2457689.0 1360.881000
2457690.0 1360.892000
2457691.0 1360.901000
2457692.0 1360.929000
2457693.0 1360.978000
2457694.0 1361.013000
2457695.0 1361.011000
2457696.0 1361.002000
2457697.0 1360.988000
2457698.0 1360.969000
2457699.0 1360.948000
2457700.0 1360.924000
2457701.0 1360.899000
2457702.0 1360.881000
2457703.0 1360.859000
2457704.0 1360.855000
2457705.0 1360.851000
2457706.0 1360.843000
2457707.0 1360.829000
2457708.0 1360.824000
2457709.0 1360.862000
2457710.0 1360.895000
2457711.0 1360.894000
2457712.0 1360.881000
2457713.0 1360.858000
2457714.0 1360.829000
2457715.0 1360.804000
2457716.0 1360.808000
2457717.0 1360.806000
2457718.0 1360.795000
2457719.0 1360.773000
2457720.0 1360.757000
2457721.0 1360.744000
2457722.0 1360.731000
2457723.0 1360.741000
2457724.0 1360.736000
2457725.0 1360.681000
2457726.0 1360.604000
2457727.0 1360.591000
2457728.0 1360.624000
2457729.0 1360.629000
2457730.0 1360.584000
2457731.0 1360.529000
2457732.0 1360.511000
2457733.0 1360.488000
2457734.0 1360.561000
2457735.0 1360.699000
2457736.0 1360.791000
2457737.0 1360.785000
2457738.0 1360.769000
2457739.0 1360.766000
2457740.0 1360.757000
2457741.0 1360.769000
2457742.0 1360.789000
2457743.0 1360.809000
2457744.0 1360.842000
2457745.0 1360.866000
2457746.0 1360.868000
2457747.0 1360.858000
2457748.0 1360.868000
2457749.0 1360.885000
2457750.0 1360.895000
2457751.0 1360.899000
2457752.0 1360.898000
2457753.0 1360.899000
2457754.0 1360.898000
2457755.0 1360.903000
2457756.0 1360.913000
2457757.0 1360.899000
2457758.0 1360.845000
2457759.0 1360.794000
2457760.0 1360.799000
2457761.0 1360.804000
2457762.0 1360.813000
2457763.0 1360.821000
2457764.0 1360.818000
2457765.0 1360.801000
2457766.0 1360.785000
2457767.0 1360.801000
2457768.0 1360.818000
2457769.0 1360.824000
2457770.0 1360.823000
2457771.0 1360.829000
2457772.0 1360.852000
2457773.0 1360.862000
2457774.0 1360.832000
2457775.0 1360.791000
2457776.0 1360.785000
2457777.0 1360.789000
2457778.0 1360.804000
2457779.0 1360.841000
2457780.0 1360.871000
2457781.0 1360.895000
2457782.0 1360.911000
2457783.0 1360.889000
2457784.0 1360.848000
2457785.0 1360.833000
2457786.0 1360.863000
2457787.0 1360.878000
2457788.0 1360.849000
2457789.0 1360.809000
2457790.0 1360.779000
2457791.0 1360.745000
2457792.0 1360.712000
2457793.0 1360.684000
2457794.0 1360.669000
2457795.0 1360.701000
2457796.0 1360.723000
2457797.0 1360.773000
2457798.0 NaN
2457799.0 1360.858000
2457800.0 1360.849000
2457801.0 1360.841000
2457802.0 1360.855000
2457803.0 1360.868000
2457804.0 1360.886000
2457805.0 1360.904000
2457806.0 1360.899000
2457807.0 1360.868000
2457808.0 1360.838000
2457809.0 1360.838000
2457810.0 1360.833000
2457811.0 1360.818000
2457812.0 1360.793000
2457813.0 1360.785000
2457814.0 1360.797000
2457815.0 1360.801000
2457816.0 1360.799000
2457817.0 1360.786000
2457818.0 1360.761000
2457819.0 1360.726000
2457820.0 1360.711000
2457821.0 1360.715000
2457822.0 1360.711000
2457823.0 1360.696000
2457824.0 1360.675000
2457825.0 1360.696000
2457826.0 1360.723000
2457827.0 1360.742000
2457828.0 1360.755000
2457829.0 1360.751000
2457830.0 1360.719000
2457831.0 1360.681000
2457832.0 1360.701000
2457833.0 1360.729000
2457834.0 1360.772000
2457835.0 1360.829000
2457836.0 1360.868000
2457837.0 1360.864000
2457838.0 1360.844000
2457839.0 1360.734000
2457840.0 1360.591000
2457841.0 1360.436000
2457842.0 1360.265000
2457843.0 1360.124000
2457844.0 1360.095000
2457845.0 1360.072000
2457846.0 1360.265000
2457847.0 1360.495000
2457848.0 1360.626000
2457849.0 1360.685000
2457850.0 1360.723000
2457851.0 1360.725000
2457852.0 1360.719000
2457853.0 1360.745000
2457854.0 1360.769000
2457855.0 1360.771000
2457856.0 1360.751000
2457857.0 1360.735000
2457858.0 1360.739000
2457859.0 1360.741000
2457860.0 1360.791000
2457861.0 1360.843000
2457862.0 1360.858000
2457863.0 1360.843000
2457864.0 1360.835000
2457865.0 1360.852000
2457866.0 1360.859000
2457867.0 1360.843000
2457868.0 1360.818000
2457869.0 1360.819000
2457870.0 1360.834000
2457871.0 1360.841000
2457872.0 1360.836000
2457873.0 1360.818000
2457874.0 1360.752000
2457875.0 1360.669000
2457876.0 1360.619000
2457877.0 1360.577000
2457878.0 1360.559000
2457879.0 1360.595000
2457880.0 1360.617000
2457881.0 1360.621000
2457882.0 1360.611000
2457883.0 1360.621000
2457884.0 1360.631000
2457885.0 1360.643000
2457886.0 1360.665000
2457887.0 1360.681000
2457888.0 1360.724000
2457889.0 1360.763000
2457890.0 1360.808000
2457891.0 1360.851000
2457892.0 1360.879000
2457893.0 1360.883000
2457894.0 1360.881000
2457895.0 1360.874000
2457896.0 1360.861000
2457897.0 1360.849000
2457898.0 1360.836000
2457899.0 1360.813000
2457900.0 1360.782000
2457901.0 1360.741000
2457902.0 1360.699000
2457903.0 1360.649000
2457904.0 1360.651000
2457905.0 1360.669000
2457906.0 1360.689000
2457907.0 1360.713000
2457908.0 1360.723000
2457909.0 1360.712000
2457910.0 1360.691000
2457911.0 1360.696000
2457912.0 1360.707000
2457913.0 1360.729000
2457914.0 1360.767000
2457915.0 1360.794000
2457916.0 1360.801000
2457917.0 1360.797000
2457918.0 1360.771000
2457919.0 1360.727000
2457920.0 1360.701000
2457921.0 1360.696000
2457922.0 1360.697000
2457923.0 1360.751000
2457924.0 1360.799000
2457925.0 1360.797000
2457926.0 1360.773000
2457927.0 1360.724000
2457928.0 1360.649000
2457929.0 1360.586000
2457930.0 1360.606000
2457931.0 1360.621000
2457932.0 1360.656000
2457933.0 1360.689000
2457934.0 1360.707000
2457935.0 1360.712000
2457936.0 1360.707000
2457937.0 1360.701000
2457938.0 1360.682000
2457939.0 1360.671000
2457940.0 1360.651000
2457941.0 1360.542000
2457942.0 1360.344000
2457943.0 1360.174000
2457944.0 1360.126000
2457945.0 1360.077000
2457946.0 1360.184000
2457947.0 1360.316000
2457948.0 1360.463000
2457949.0 1360.624000
2457950.0 1360.744000
2457951.0 1360.773000
2457952.0 1360.784000
2457953.0 1360.754000
2457954.0 1360.706000
2457955.0 1360.669000
2457956.0 1360.635000
2457957.0 1360.607000
2457958.0 1360.612000
2457959.0 1360.609000
2457960.0 1360.616000
2457961.0 1360.616000
2457962.0 1360.609000
2457963.0 1360.591000
2457964.0 1360.572000
2457965.0 1360.579000
2457966.0 1360.577000
2457967.0 1360.607000
2457968.0 1360.633000
2457969.0 1360.619000
2457970.0 1360.572000
2457971.0 1360.542000
2457972.0 1360.572000
2457973.0 1360.594000
2457974.0 1360.642000
2457975.0 1360.685000
2457976.0 1360.704000
2457977.0 1360.702000
2457978.0 1360.685000
2457979.0 1360.652000
2457980.0 1360.601000
2457981.0 1360.498000
2457982.0 1360.371000
2457983.0 1360.267000
2457984.0 1360.168000
2457985.0 1360.116000
2457986.0 1360.187000
2457987.0 1360.243000
2457988.0 1360.328000
2457989.0 1360.401000
2457990.0 1360.462000
2457991.0 1360.507000
2457992.0 1360.559000
2457993.0 1360.639000
2457994.0 1360.685000
2457995.0 1360.585000
2457996.0 1360.446000
2457997.0 1360.217000
2457998.0 1359.926000
2457999.0 1359.664000
2458000.0 1359.473000
2458001.0 1359.318000
2458002.0 1359.579000
2458003.0 1359.872000
2458004.0 1360.227000
2458005.0 1360.607000
2458006.0 1360.821000
2458007.0 1360.774000
2458008.0 1360.711000
2458009.0 1360.636000
2458010.0 1360.551000
2458011.0 1360.536000
2458012.0 1360.547000
2458013.0 1360.571000
2458014.0 1360.623000
2458015.0 1360.665000
2458016.0 1360.704000
2458017.0 1360.731000
2458018.0 1360.709000
2458019.0 1360.659000
2458020.0 1360.649000
2458021.0 1360.706000
2458022.0 1360.731000
2458023.0 1360.649000
2458024.0 1360.547000
2458025.0 1360.511000
2458026.0 1360.494000
2458027.0 1360.509000
2458028.0 1360.577000
2458029.0 1360.642000
2458030.0 1360.737000
2458031.0 1360.821000
2458032.0 1360.802000
2458033.0 1360.739000
2458034.0 1360.702000
2458035.0 1360.701000
2458036.0 1360.686000
2458037.0 1360.646000
2458038.0 1360.596000
2458039.0 1360.609000
2458040.0 1360.634000
2458041.0 1360.656000
2458042.0 1360.677000
2458043.0 1360.691000
2458044.0 1360.711000
2458045.0 1360.722000
2458046.0 1360.746000
2458047.0 1360.769000
2458048.0 1360.813000
2458049.0 1360.888000
2458050.0 1360.938000
2458051.0 1360.925000
2458052.0 1360.903000
2458053.0 1360.886000
2458054.0 1360.868000
2458055.0 1360.871000
2458056.0 1360.898000
2458057.0 1360.906000
2458058.0 1360.862000
2458059.0 1360.808000
2458060.0 1360.753000
2458061.0 1360.691000
2458062.0 1360.664000
2458063.0 1360.669000
2458064.0 1360.665000
2458065.0 1360.657000
2458066.0 1360.639000
2458067.0 1360.649000
2458068.0 1360.659000
2458069.0 1360.671000
2458070.0 1360.689000
2458071.0 1360.703000
2458072.0 1360.739000
2458073.0 1360.767000
2458074.0 1360.792000
2458075.0 1360.808000
2458076.0 1360.814000
2458077.0 1360.808000
2458078.0 1360.816000
2458079.0 1360.878000
2458080.0 1360.925000
2458081.0 1360.878000
2458082.0 1360.803000
2458083.0 1360.755000
2458084.0 1360.722000
2458085.0 1360.702000
2458086.0 1360.731000
2458087.0 1360.743000
2458088.0 1360.692000
2458089.0 1360.619000
2458090.0 1360.592000
2458091.0 1360.592000
2458092.0 1360.592000
2458093.0 1360.614000
2458094.0 1360.624000
2458095.0 1360.641000
2458096.0 1360.646000
2458097.0 1360.666000
2458098.0 1360.691000
2458099.0 1360.702000
2458100.0 1360.705000
2458101.0 1360.702000
2458102.0 1360.719000
2458103.0 1360.731000
2458104.0 1360.754000
2458105.0 1360.779000
2458106.0 1360.796000
2458107.0 1360.808000
2458108.0 1360.805000
2458109.0 1360.753000
2458110.0 1360.683000
2458111.0 1360.672000
2458112.0 1360.689000
2458113.0 1360.697000
2458114.0 1360.704000
2458115.0 1360.699000
2458116.0 1360.684000
2458117.0 1360.659000
2458118.0 1360.655000
2458119.0 1360.659000
2458120.0 1360.661000
2458121.0 1360.673000
2458122.0 1360.675000
2458123.0 1360.671000
2458124.0 1360.654000
2458125.0 1360.651000
2458126.0 1360.649000
2458127.0 1360.651000
2458128.0 1360.672000
2458129.0 1360.681000
2458130.0 1360.684000
2458131.0 1360.676000
2458132.0 1360.681000
2458133.0 1360.683000
2458134.0 1360.684000
2458135.0 1360.689000
2458136.0 1360.685000
2458137.0 1360.681000
2458138.0 1360.669000
2458139.0 1360.657000
2458140.0 1360.641000
2458141.0 1360.616000
2458142.0 1360.586000
2458143.0 1360.552000
2458144.0 1360.551000
2458145.0 1360.542000
2458146.0 1360.553000
2458147.0 1360.564000
2458148.0 1360.582000
2458149.0 1360.615000
2458150.0 1360.634000
2458151.0 1360.641000
2458152.0 1360.636000
2458153.0 1360.639000
2458154.0 1360.635000
2458155.0 1360.613000
2458156.0 1360.571000
2458157.0 1360.517000
2458158.0 1360.461000
2458159.0 1360.394000
2458160.0 1360.433000
2458161.0 1360.495000
2458162.0 1360.569000
2458163.0 1360.663000
2458164.0 1360.721000
2458165.0 1360.681000
2458166.0 1360.624000
2458167.0 1360.599000
2458168.0 1360.573000
2458169.0 1360.562000
2458170.0 1360.565000
2458171.0 1360.553000
2458172.0 1360.527000
2458173.0 1360.493000
2458174.0 1360.524000
2458175.0 1360.565000
2458176.0 1360.591000
2458177.0 1360.603000
2458178.0 1360.602000
2458179.0 1360.594000
2458180.0 1360.575000
2458181.0 1360.581000
2458182.0 1360.582000
2458183.0 1360.585000
2458184.0 1360.589000
2458185.0 1360.586000
2458186.0 1360.595000
2458187.0 1360.594000
2458188.0 1360.606000
2458189.0 1360.611000
2458190.0 1360.604000
2458191.0 1360.585000
2458192.0 1360.553000
2458193.0 1360.511000
2458194.0 1360.464000
2458195.0 1360.496000
2458196.0 1360.534000
2458197.0 1360.542000
2458198.0 1360.524000
2458199.0 1360.506000
2458200.0 1360.515000
2458201.0 1360.511000
2458202.0 1360.492000
2458203.0 1360.457000
2458204.0 1360.441000
2458205.0 1360.431000
2458206.0 1360.437000
2458207.0 1360.513000
2458208.0 1360.574000
2458209.0 1360.606000
2458210.0 1360.621000
2458211.0 1360.611000
2458212.0 1360.582000
2458213.0 1360.562000
2458214.0 1360.582000
2458215.0 1360.591000
2458216.0 1360.599000
2458217.0 1360.594000
2458218.0 1360.591000
2458219.0 1360.582000
2458220.0 1360.559000
2458221.0 1360.521000
2458222.0 1360.481000
2458223.0 1360.496000
2458224.0 1360.507000
2458225.0 1360.529000
2458226.0 1360.547000
2458227.0 1360.561000
2458228.0 1360.581000
2458229.0 1360.585000
2458230.0 1360.566000
2458231.0 1360.531000
2458232.0 1360.531000
2458233.0 1360.541000
2458234.0 1360.561000
2458235.0 1360.612000
2458236.0 1360.641000
2458237.0 1360.609000
2458238.0 1360.556000
2458239.0 1360.533000
2458240.0 1360.516000
2458241.0 1360.507000
2458242.0 1360.521000
2458243.0 1360.524000
2458244.0 1360.543000
2458245.0 1360.552000
2458246.0 1360.576000
2458247.0 1360.601000
2458248.0 1360.611000
2458249.0 1360.611000
2458250.0 1360.603000
2458251.0 1360.609000
2458252.0 1360.604000
2458253.0 NaN
2458254.0 NaN
2458255.0 1360.599000
2458256.0 1360.581000
2458257.0 1360.556000
2458258.0 1360.545000
2458259.0 1360.524000
2458260.0 1360.541000
2458261.0 1360.563000
2458262.0 1360.599000
2458263.0 1360.655000
2458264.0 1360.684000
2458265.0 1360.636000
2458266.0 1360.571000
2458267.0 1360.559000
2458268.0 1360.559000
2458269.0 1360.583000
2458270.0 1360.643000
2458271.0 1360.679000
2458272.0 1360.661000
2458273.0 1360.627000
2458274.0 1360.595000
2458275.0 1360.553000
2458276.0 1360.536000
2458277.0 1360.549000
2458278.0 1360.552000
2458279.0 1360.567000
2458280.0 1360.571000
2458281.0 1360.589000
2458282.0 1360.604000
2458283.0 1360.597000
2458284.0 1360.565000
2458285.0 1360.534000
2458286.0 1360.541000
2458287.0 1360.533000
2458288.0 1360.521000
2458289.0 1360.495000
2458290.0 1360.501000
2458291.0 1360.537000
2458292.0 1360.561000
2458293.0 1360.571000
2458294.0 1360.569000
2458295.0 1360.595000
2458296.0 1360.621000
2458297.0 1360.619000
2458298.0 1360.592000
2458299.0 1360.561000
2458300.0 1360.544000
2458301.0 1360.516000
2458302.0 1360.506000
2458303.0 1360.488000
2458304.0 1360.483000
2458305.0 1360.488000
2458306.0 1360.501000
2458307.0 1360.561000
2458308.0 1360.609000
2458309.0 1360.645000
2458310.0 1360.669000
2458311.0 1360.649000
2458312.0 1360.593000
2458313.0 1360.559000
2458314.0 1360.595000
2458315.0 1360.624000
2458316.0 1360.667000
2458317.0 1360.702000
2458318.0 1360.681000
2458319.0 1360.611000
2458320.0 1360.551000
2458321.0 1360.533000
2458322.0 1360.507000
2458323.0 1360.511000
2458324.0 1360.509000
2458325.0 1360.506000
2458326.0 1360.498000
2458327.0 1360.485000
2458328.0 1360.485000
2458329.0 1360.475000
2458330.0 1360.493000
2458331.0 1360.503000
2458332.0 1360.509000
2458333.0 1360.506000
2458334.0 1360.511000
2458335.0 1360.551000
2458336.0 1360.576000
2458337.0 1360.596000
2458338.0 1360.602000
2458339.0 1360.581000
2458340.0 1360.537000
2458341.0 1360.511000
2458342.0 1360.534000
2458343.0 1360.543000
2458344.0 1360.541000
2458345.0 1360.524000
2458346.0 1360.524000
2458347.0 1360.525000
2458348.0 1360.521000
2458349.0 1360.521000
2458350.0 1360.511000
2458351.0 1360.513000
2458352.0 1360.505000
2458353.0 1360.486000
2458354.0 1360.453000
2458355.0 1360.445000
2458356.0 1360.491000
2458357.0 1360.515000
2458358.0 1360.506000
2458359.0 1360.481000
2458360.0 1360.483000
2458361.0 1360.494000
2458362.0 1360.506000
2458363.0 1360.545000
2458364.0 1360.567000
2458365.0 1360.561000
2458366.0 1360.536000
2458367.0 1360.531000
2458368.0 1360.522000
2458369.0 1360.531000
2458370.0 1360.569000
2458371.0 1360.592000
2458372.0 1360.605000
2458373.0 1360.604000
2458374.0 1360.607000
2458375.0 1360.603000
2458376.0 1360.599000
2458377.0 1360.601000
2458378.0 1360.592000
2458379.0 1360.581000
2458380.0 1360.559000
2458381.0 1360.564000
2458382.0 1360.571000
2458383.0 1360.556000
2458384.0 1360.519000
2458385.0 1360.481000
2458386.0 1360.486000
2458387.0 1360.485000
2458388.0 1360.511000
2458389.0 1360.537000
2458390.0 1360.549000
2458391.0 1360.549000
2458392.0 1360.545000
2458393.0 1360.572000
2458394.0 1360.589000
2458395.0 1360.616000
2458396.0 1360.639000
2458397.0 1360.645000
2458398.0 1360.641000
2458399.0 1360.622000
2458400.0 1360.587000
2458401.0 1360.544000
2458402.0 1360.565000
2458403.0 1360.596000
2458404.0 1360.611000
2458405.0 1360.609000
2458406.0 1360.599000
2458407.0 1360.587000
2458408.0 1360.565000
2458409.0 1360.564000
2458410.0 1360.559000
2458411.0 1360.551000
2458412.0 1360.542000
2458413.0 1360.529000
2458414.0 1360.534000
2458415.0 1360.529000
2458416.0 1360.543000
2458417.0 1360.551000
2458418.0 1360.561000
2458419.0 1360.566000
2458420.0 1360.575000
2458421.0 1360.621000
2458422.0 1360.651000
2458423.0 1360.624000
2458424.0 1360.572000
2458425.0 1360.546000
2458426.0 1360.537000
2458427.0 1360.526000
2458428.0 1360.533000
2458429.0 1360.531000
2458430.0 1360.543000
2458431.0 1360.549000
2458432.0 1360.551000
2458433.0 1360.547000
2458434.0 1360.539000
2458435.0 1360.539000
2458436.0 1360.527000
2458437.0 1360.539000
2458438.0 1360.541000
2458439.0 1360.553000
2458440.0 1360.566000
2458441.0 1360.569000
2458442.0 1360.563000
2458443.0 1360.547000
2458444.0 1360.546000
2458445.0 1360.536000
2458446.0 1360.539000
2458447.0 1360.544000
2458448.0 1360.547000
2458449.0 1360.562000
2458450.0 1360.566000
2458451.0 1360.572000
2458452.0 1360.567000
2458453.0 1360.549000
2458454.0 1360.517000
2458455.0 1360.501000
2458456.0 1360.531000
2458457.0 1360.551000
2458458.0 1360.579000
2458459.0 1360.594000
2458460.0 1360.584000
2458461.0 1360.553000
2458462.0 1360.541000
2458463.0 1360.577000
2458464.0 1360.599000
2458465.0 1360.595000
2458466.0 1360.575000
2458467.0 1360.571000
2458468.0 1360.566000
2458469.0 1360.561000
2458470.0 1360.565000
2458471.0 1360.559000
2458472.0 1360.561000
2458473.0 1360.549000
2458474.0 1360.552000
2458475.0 1360.554000
2458476.0 1360.562000
2458477.0 1360.591000
2458478.0 1360.605000
2458479.0 1360.609000
2458480.0 1360.599000
2458481.0 1360.603000
2458482.0 1360.605000
2458483.0 1360.601000
2458484.0 1360.595000
2458485.0 1360.582000
2458486.0 1360.593000
2458487.0 1360.595000
2458488.0 1360.607000
2458489.0 1360.615000
2458490.0 1360.613000
2458491.0 1360.603000
2458492.0 1360.585000
2458493.0 1360.583000
2458494.0 1360.572000
2458495.0 1360.581000
2458496.0 1360.591000
2458497.0 1360.581000
2458498.0 1360.551000
2458499.0 1360.521000
2458500.0 1360.537000
2458501.0 1360.546000
2458502.0 1360.557000
2458503.0 1360.561000
2458504.0 1360.566000
2458505.0 1360.581000
2458506.0 1360.582000
2458507.0 1360.583000
2458508.0 1360.572000
2458509.0 1360.591000
2458510.0 1360.611000
2458511.0 1360.616000
2458512.0 1360.607000
2458513.0 1360.591000
2458514.0 1360.589000
2458515.0 1360.574000
2458516.0 1360.572000
2458517.0 1360.563000
2458518.0 1360.556000
2458519.0 1360.551000
2458520.0 1360.529000
2458521.0 NaN
2458522.0 NaN
2458523.0 NaN
2458524.0 NaN
2458525.0 NaN
2458526.0 1360.635000
2458527.0 1360.584000
2458528.0 1360.622000
2458529.0 1360.653000
2458530.0 1360.661000
2458531.0 1360.653000
2458532.0 1360.644000
2458533.0 1360.631000
2458534.0 1360.621000
2458535.0 1360.641000
2458536.0 1360.647000
2458537.0 1360.632000
2458538.0 1360.601000
2458539.0 1360.576000
2458540.0 1360.554000
2458541.0 1360.529000
2458542.0 1360.521000
2458543.0 1360.506000
2458544.0 1360.542000
2458545.0 1360.579000
2458546.0 1360.574000
2458547.0 1360.533000
2458548.0 1360.504000
2458549.0 1360.525000
2458550.0 1360.535000
2458551.0 1360.545000
2458552.0 1360.543000
2458553.0 1360.544000
2458554.0 1360.544000
2458555.0 1360.545000
2458556.0 1360.571000
2458557.0 1360.581000
2458558.0 1360.565000
2458559.0 1360.533000
2458560.0 1360.506000
2458561.0 1360.481000
2458562.0 1360.471000
2458563.0 1360.529000
2458564.0 1360.573000
2458565.0 1360.611000
2458566.0 1360.633000
2458567.0 1360.599000
2458568.0 1360.524000
2458569.0 1360.478000
2458570.0 1360.506000
2458571.0 1360.519000
2458572.0 1360.517000
2458573.0 1360.502000
2458574.0 1360.515000
2458575.0 1360.541000
2458576.0 1360.555000
2458577.0 1360.567000
2458578.0 1360.567000
2458579.0 1360.581000
2458580.0 1360.584000
2458581.0 1360.559000
2458582.0 1360.509000
2458583.0 1360.432000
2458584.0 1360.318000
2458585.0 1360.205000
2458586.0 1360.202000
2458587.0 1360.197000
2458588.0 1360.271000
2458589.0 1360.372000
2458590.0 1360.451000
2458591.0 1360.498000
2458592.0 1360.527000
2458593.0 1360.531000
2458594.0 1360.517000
2458595.0 1360.521000
2458596.0 1360.522000
2458597.0 1360.514000
2458598.0 1360.501000
2458599.0 1360.478000
2458600.0 1360.478000
2458601.0 1360.466000
2458602.0 1360.461000
2458603.0 1360.444000
2458604.0 1360.447000
2458605.0 1360.486000
2458606.0 1360.509000
2458607.0 1360.529000
2458608.0 1360.532000
2458609.0 1360.522000
2458610.0 1360.498000
2458611.0 1360.455000
2458612.0 1360.393000
2458613.0 1360.336000
2458614.0 1360.363000
2458615.0 1360.385000
2458616.0 1360.443000
2458617.0 1360.504000
2458618.0 1360.533000
2458619.0 1360.529000
2458620.0 1360.509000
2458621.0 1360.478000
2458622.0 1360.433000
2458623.0 1360.431000
2458624.0 1360.431000
2458625.0 1360.437000
2458626.0 1360.457000
2458627.0 1360.463000
2458628.0 1360.471000
2458629.0 1360.461000
2458630.0 1360.467000
2458631.0 1360.468000
2458632.0 1360.471000
2458633.0 1360.478000
2458634.0 1360.491000
2458635.0 1360.545000
2458636.0 1360.587000
2458637.0 1360.609000
2458638.0 1360.615000
2458639.0 1360.619000
2458640.0 1360.621000
2458641.0 1360.616000
2458642.0 1360.619000
2458643.0 1360.609000
2458644.0 1360.601000
2458645.0 1360.581000
2458646.0 1360.542000
2458647.0 1360.488000
2458648.0 1360.441000
2458649.0 1360.445000
2458650.0 1360.438000
2458651.0 1360.447000
2458652.0 1360.447000
2458653.0 1360.457000
2458654.0 1360.473000
2458655.0 1360.476000
2458656.0 1360.476000
2458657.0 1360.464000
2458658.0 1360.491000
2458659.0 1360.512000
2458660.0 1360.519000
2458661.0 1360.511000
2458662.0 1360.506000
2458663.0 1360.542000
2458664.0 1360.569000
2458665.0 1360.592000
2458666.0 1360.606000
2458667.0 1360.599000
2458668.0 1360.574000
2458669.0 1360.547000
2458670.0 1360.539000
2458671.0 1360.517000
2458672.0 1360.506000
2458673.0 1360.482000
2458674.0 1360.472000
2458675.0 1360.466000
2458676.0 1360.461000
2458677.0 1360.473000
2458678.0 1360.472000
2458679.0 1360.461000
2458680.0 1360.431000
2458681.0 1360.411000
2458682.0 1360.385000
2458683.0 1360.368000
2458684.0 1360.386000
2458685.0 1360.393000
2458686.0 1360.426000
2458687.0 1360.451000
2458688.0 1360.471000
2458689.0 1360.485000
2458690.0 1360.491000
2458691.0 1360.494000
2458692.0 1360.487000
2458693.0 1360.501000
2458694.0 1360.501000
2458695.0 1360.513000
2458696.0 1360.527000
2458697.0 1360.524000
2458698.0 1360.506000
2458699.0 1360.473000
2458700.0 1360.441000
2458701.0 1360.391000
2458702.0 1360.401000
2458703.0 1360.427000
2458704.0 1360.438000
2458705.0 1360.433000
2458706.0 1360.418000
2458707.0 1360.425000
2458708.0 1360.421000
2458709.0 1360.424000
2458710.0 1360.422000
2458711.0 1360.422000
2458712.0 1360.437000
2458713.0 1360.441000
2458714.0 1360.461000
2458715.0 1360.471000
2458716.0 1360.482000
2458717.0 1360.487000
2458718.0 1360.486000
2458719.0 1360.485000
2458720.0 1360.474000
2458721.0 1360.488000
2458722.0 1360.491000
2458723.0 1360.481000
2458724.0 1360.456000
2458725.0 1360.433000
2458726.0 1360.421000
2458727.0 1360.401000
2458728.0 1360.433000
2458729.0 1360.453000
2458730.0 1360.471000
2458731.0 1360.471000
2458732.0 1360.472000
2458733.0 1360.481000
2458734.0 1360.474000
2458735.0 1360.473000
2458736.0 1360.458000
2458737.0 1360.457000
2458738.0 1360.448000
2458739.0 1360.446000
2458740.0 1360.455000
2458741.0 1360.455000
2458742.0 1360.471000
2458743.0 1360.471000
2458744.0 1360.487000
2458745.0 1360.497000
2458746.0 1360.502000
2458747.0 1360.501000
2458748.0 1360.487000
2458749.0 1360.466000
2458750.0 1360.432000
2458751.0 1360.447000
2458752.0 1360.466000
2458753.0 1360.468000
2458754.0 1360.455000
2458755.0 1360.436000
2458756.0 1360.441000
2458757.0 1360.431000
2458758.0 1360.452000
2458759.0 1360.473000
2458760.0 1360.471000
2458761.0 1360.446000
2458762.0 1360.421000
2458763.0 1360.435000
2458764.0 1360.435000
2458765.0 1360.438000
2458766.0 1360.427000
2458767.0 1360.407000
2458768.0 1360.374000
2458769.0 1360.346000
2458770.0 1360.367000
2458771.0 1360.377000
2458772.0 1360.417000
2458773.0 1360.451000
2458774.0 1360.458000
2458775.0 1360.441000
2458776.0 1360.421000
2458777.0 1360.431000
2458778.0 1360.427000
2458779.0 1360.423000
2458780.0 1360.405000
2458781.0 1360.411000
2458782.0 1360.428000
2458783.0 1360.436000
2458784.0 1360.451000
2458785.0 1360.446000
2458786.0 1360.447000
2458787.0 1360.434000
2458788.0 1360.442000
2458789.0 1360.461000
2458790.0 1360.473000
2458791.0 1360.495000
2458792.0 1360.501000
2458793.0 1360.501000
2458794.0 1360.481000
2458795.0 1360.473000
2458796.0 1360.465000
2458797.0 1360.453000
2458798.0 1360.451000
2458799.0 1360.438000
2458800.0 1360.471000
2458801.0 1360.501000
2458802.0 1360.514000
2458803.0 1360.516000
2458804.0 1360.507000
2458805.0 1360.494000
2458806.0 1360.471000
2458807.0 1360.475000
2458808.0 1360.471000
2458809.0 1360.464000
2458810.0 1360.446000
2458811.0 1360.441000
2458812.0 1360.475000
2458813.0 1360.494000
2458814.0 1360.501000
2458815.0 1360.491000
2458816.0 1360.487000
2458817.0 1360.478000
2458818.0 1360.474000
2458819.0 1360.492000
2458820.0 1360.495000
2458821.0 1360.495000
2458822.0 1360.481000
2458823.0 1360.485000
2458824.0 1360.492000
2458825.0 1360.495000
2458826.0 1360.502000
2458827.0 1360.496000
2458828.0 1360.487000
2458829.0 1360.464000
2458830.0 1360.491000
2458831.0 1360.525000
2458832.0 1360.545000
2458833.0 1360.547000
2458834.0 1360.539000
2458835.0 1360.543000
2458836.0 1360.535000
2458837.0 1360.544000
2458838.0 1360.549000
2458839.0 1360.544000
2458840.0 1360.529000
2458841.0 1360.509000
2458842.0 1360.519000
2458843.0 1360.517000
2458844.0 1360.511000
2458845.0 1360.494000
2458846.0 1360.482000
2458847.0 1360.484000
2458848.0 1360.482000
2458849.0 1360.523000
2458850.0 1360.554000
2458851.0 1360.563000
2458852.0 1360.553000
2458853.0 1360.537000
2458854.0 1360.519000
2458855.0 1360.502000
2458856.0 1360.543000
2458857.0 1360.575000
2458858.0 1360.583000
2458859.0 1360.573000
2458860.0 1360.559000
2458861.0 1360.541000
2458862.0 1360.516000
2458863.0 1360.509000
2458864.0 1360.492000
2458865.0 1360.498000
2458866.0 1360.501000
2458867.0 1360.495000
2458868.0 1360.483000
2458869.0 1360.468000
2458870.0 1360.491000
2458871.0 1360.503000
2458872.0 1360.563000
2458873.0 1360.629000
2458874.0 1360.626000
2458875.0 1360.555000
2458876.0 1360.505000
2458877.0 1360.542000
2458878.0 1360.572000
2458879.0 1360.576000
2458880.0 1360.562000
2458881.0 1360.545000
2458882.0 1360.521000
2458883.0 1360.498000
2458884.0 1360.501000
2458885.0 1360.493000
2458886.0 1360.507000
2458887.0 1360.515000
2458888.0 1360.511000
2458889.0 1360.495000
2458890.0 1360.472000
2458891.0 1360.462000
2458892.0 1360.441000
2458893.0 1360.445000
2458894.0 1360.443000
2458895.0 1360.451000
2458896.0 1360.457000
2458897.0 1360.458000
2458898.0 1360.473000
2458899.0 1360.475000
2458900.0 1360.488000
2458901.0 1360.491000
2458902.0 1360.481000
2458903.0 1360.452000
2458904.0 1360.431000
2458905.0 1360.441000
2458906.0 1360.442000
2458907.0 1360.466000
2458908.0 1360.482000
2458909.0 1360.491000
2458910.0 1360.485000
2458911.0 1360.472000
2458912.0 1360.464000
2458913.0 1360.446000
2458914.0 1360.461000
2458915.0 1360.468000
2458916.0 1360.491000
2458917.0 1360.512000
2458918.0 1360.519000
2458919.0 1360.506000
2458920.0 1360.482000
2458921.0 1360.485000
2458922.0 1360.481000
2458923.0 1360.493000
2458924.0 1360.511000
2458925.0 1360.513000
2458926.0 1360.506000
2458927.0 1360.487000
2458928.0 1360.485000
2458929.0 1360.473000
2458930.0 1360.478000
2458931.0 1360.483000
2458932.0 1360.481000
2458933.0 1360.471000
2458934.0 1360.446000
2458935.0 1360.427000
2458936.0 1360.396000
2458937.0 1360.404000
2458938.0 1360.422000
2458939.0 1360.444000
2458940.0 1360.488000
2458941.0 1360.511000
2458942.0 1360.497000
2458943.0 1360.464000
2458944.0 1360.467000
2458945.0 1360.476000
2458946.0 1360.471000
2458947.0 1360.447000
2458948.0 1360.421000
2458949.0 1360.451000
2458950.0 1360.471000
2458951.0 1360.486000
2458952.0 1360.491000
2458953.0 1360.482000
2458954.0 1360.467000
2458955.0 1360.444000
2458956.0 1360.456000
2458957.0 1360.455000
2458958.0 1360.444000
2458959.0 1360.418000
2458960.0 1360.411000
2458961.0 1360.435000
2458962.0 1360.447000
2458963.0 1360.463000
2458964.0 1360.464000
2458965.0 1360.473000
2458966.0 1360.473000
2458967.0 1360.478000
2458968.0 1360.492000
2458969.0 1360.495000
2458970.0 1360.506000
2458971.0 1360.504000
2458972.0 1360.491000
2458973.0 1360.462000
2458974.0 1360.452000
2458975.0 1360.468000
2458976.0 1360.471000
2458977.0 1360.471000
2458978.0 1360.455000
2458979.0 1360.454000
2458980.0 1360.446000
2458981.0 1360.434000
2458982.0 1360.418000
2458983.0 1360.401000
2458984.0 1360.416000
2458985.0 1360.422000
2458986.0 1360.461000
2458987.0 1360.496000
2458988.0 1360.516000
2458989.0 1360.524000
2458990.0 1360.521000
2458991.0 1360.524000
2458992.0 1360.514000
2458993.0 1360.532000
2458994.0 1360.546000
2458995.0 1360.557000
2458996.0 1360.565000
2458997.0 1360.564000
2458998.0 1360.571000
2458999.0 1360.564000
2459000.0 1360.567000
2459001.0 1360.562000
2459002.0 1360.556000
2459003.0 1360.547000
2459004.0 1360.537000
2459005.0 1360.559000
2459006.0 1360.565000
2459007.0 1360.549000
2459008.0 1360.515000
2459009.0 1360.491000
2459010.0 1360.463000
2459011.0 1360.441000
2459012.0 1360.461000
2459013.0 1360.465000
2459014.0 1360.481000
2459015.0 1360.481000
2459016.0 1360.491000
2459017.0 1360.496000
2459018.0 1360.491000
2459019.0 1360.481000
2459020.0 1360.455000
2459021.0 1360.452000
2459022.0 1360.441000
2459023.0 1360.451000
2459024.0 1360.471000
2459025.0 1360.481000
2459026.0 1360.491000
2459027.0 1360.485000
2459028.0 1360.487000
2459029.0 1360.476000
2459030.0 1360.488000
2459031.0 1360.509000
2459032.0 1360.517000
2459033.0 1360.522000
2459034.0 1360.516000
2459035.0 1360.533000
2459036.0 1360.541000
2459037.0 1360.552000
2459038.0 1360.557000
2459039.0 1360.549000
2459040.0 1360.531000
2459041.0 1360.503000
2459042.0 1360.505000
2459043.0 1360.501000
2459044.0 1360.517000
2459045.0 1360.542000
2459046.0 1360.551000
2459047.0 1360.542000
2459048.0 1360.524000
2459049.0 1360.534000
2459050.0 1360.535000
2459051.0 1360.527000
2459052.0 1360.507000
2459053.0 1360.485000
2459054.0 1360.468000
2459055.0 1360.442000
2459056.0 1360.444000
2459057.0 1360.436000
2459058.0 1360.491000
2459059.0 1360.565000
2459060.0 1360.625000
2459061.0 1360.671000
2459062.0 1360.699000
2459063.0 1360.687000
2459064.0 1360.661000
2459065.0 1360.659000
2459066.0 1360.661000
2459067.0 1360.657000
2459068.0 1360.653000
2459069.0 1360.636000
2459070.0 1360.614000
2459071.0 1360.581000
2459072.0 1360.581000
2459073.0 1360.585000
2459074.0 1360.585000
2459075.0 1360.585000
2459076.0 1360.571000
2459077.0 1360.549000
2459078.0 1360.515000
2459079.0 1360.533000
2459080.0 1360.562000
2459081.0 1360.577000
2459082.0 1360.577000
2459083.0 1360.564000
2459084.0 1360.546000
2459085.0 1360.517000
2459086.0 1360.547000
2459087.0 1360.589000
2459088.0 1360.609000
2459089.0 1360.602000
2459090.0 1360.591000
2459091.0 1360.592000
2459092.0 1360.584000
2459093.0 1360.591000
2459094.0 1360.591000
2459095.0 1360.589000
2459096.0 1360.587000
2459097.0 1360.575000
2459098.0 1360.571000
2459099.0 1360.553000
2459100.0 1360.557000
2459101.0 1360.557000
2459102.0 1360.561000
2459103.0 1360.569000
2459104.0 1360.562000
2459105.0 1360.541000
2459106.0 1360.507000
2459107.0 1360.516000
2459108.0 1360.527000
2459109.0 1360.535000
2459110.0 1360.541000
2459111.0 1360.536000
2459112.0 1360.533000
2459113.0 1360.521000
2459114.0 1360.561000
2459115.0 1360.603000
2459116.0 1360.627000
2459117.0 1360.633000
2459118.0 1360.631000
2459119.0 1360.635000
2459120.0 1360.631000
2459121.0 1360.646000
2459122.0 1360.659000
2459123.0 1360.674000
2459124.0 1360.691000
2459125.0 1360.693000
2459126.0 1360.684000
2459127.0 1360.661000
2459128.0 1360.613000
2459129.0 1360.549000
2459130.0 1360.523000
2459131.0 1360.523000
2459132.0 1360.534000
2459133.0 1360.601000
2459134.0 1360.653000
2459135.0 1360.685000
2459136.0 1360.703000
2459137.0 1360.699000
2459138.0 1360.674000
2459139.0 1360.646000
2459140.0 1360.629000
2459141.0 1360.606000
2459142.0 1360.649000
2459143.0 1360.694000
2459144.0 1360.724000
2459145.0 1360.742000
2459146.0 1360.739000
2459147.0 1360.699000
2459148.0 1360.654000
2459149.0 1360.644000
2459150.0 1360.631000
2459151.0 1360.667000
2459152.0 1360.729000
2459153.0 1360.759000
2459154.0 1360.741000
2459155.0 1360.713000
2459156.0 1360.681000
2459157.0 1360.639000
2459158.0 1360.601000
2459159.0 1360.556000
2459160.0 1360.532000
2459161.0 1360.563000
2459162.0 1360.594000
2459163.0 1360.701000
2459164.0 1360.809000
2459165.0 1360.868000
2459166.0 1360.893000
2459167.0 1360.884000
2459168.0 1360.816000
2459169.0 1360.759000
2459170.0 1360.799000
2459171.0 1360.848000
2459172.0 1360.842000
2459173.0 1360.803000
2459174.0 1360.762000
2459175.0 1360.719000
2459176.0 1360.673000
2459177.0 1360.659000
2459178.0 1360.633000
2459179.0 1360.509000
2459180.0 1360.327000
2459181.0 1360.214000
2459182.0 1360.221000
2459183.0 1360.251000
2459184.0 1360.492000
2459185.0 1360.744000
2459186.0 1360.892000
2459187.0 1360.995000
2459188.0 1361.009000
2459189.0 1360.899000
2459190.0 1360.805000
2459191.0 1360.806000
2459192.0 1360.812000
2459193.0 1360.816000
2459194.0 1360.815000
2459195.0 1360.824000
2459196.0 1360.851000
2459197.0 1360.862000
2459198.0 1360.843000
2459199.0 1360.815000
2459200.0 1360.813000
2459201.0 1360.815000
2459202.0 1360.821000
2459203.0 1360.832000
2459204.0 1360.843000
2459205.0 1360.861000
2459206.0 1360.868000
2459207.0 1360.801000
2459208.0 1360.702000
2459209.0 1360.661000
2459210.0 1360.691000
2459211.0 1360.725000
2459212.0 1360.811000
2459213.0 1360.893000
2459214.0 1360.933000
2459215.0 1360.956000
2459216.0 1360.952000
2459217.0 1360.919000
2459218.0 1360.886000
2459219.0 1360.862000
2459220.0 1360.833000
2459221.0 1360.805000
2459222.0 1360.772000
2459223.0 1360.773000
2459224.0 1360.808000
2459225.0 1360.834000
2459226.0 1360.856000
2459227.0 1360.866000
2459228.0 1360.824000
2459229.0 1360.761000
2459230.0 1360.739000
2459231.0 1360.751000
2459232.0 1360.769000
2459233.0 1360.816000
2459234.0 1360.856000
2459235.0 1360.858000
2459236.0 1360.842000
2459237.0 1360.856000
2459238.0 1360.894000
2459239.0 1360.921000
2459240.0 1360.921000
2459241.0 1360.914000
2459242.0 1360.905000
2459243.0 1360.889000
2459244.0 1360.858000
2459245.0 1360.811000
2459246.0 1360.764000
2459247.0 1360.729000
2459248.0 1360.691000
2459249.0 1360.687000
2459250.0 1360.684000
2459251.0 1360.689000
2459252.0 1360.697000
2459253.0 1360.699000
2459254.0 1360.706000
2459255.0 1360.703000
2459256.0 1360.704000
2459257.0 1360.697000
2459258.0 1360.709000
2459259.0 1360.731000
2459260.0 1360.749000
2459261.0 1360.773000
2459262.0 1360.787000
2459263.0 1360.791000
2459264.0 1360.786000
2459265.0 1360.791000
2459266.0 1360.799000
2459267.0 1360.791000
2459268.0 1360.756000
2459269.0 1360.721000
2459270.0 1360.743000
2459271.0 1360.767000
2459272.0 1360.775000
2459273.0 1360.769000
2459274.0 1360.752000
2459275.0 1360.723000
2459276.0 1360.691000
2459277.0 1360.701000
2459278.0 1360.709000
2459279.0 1360.716000
2459280.0 1360.721000
2459281.0 1360.723000
2459282.0 1360.731000
2459283.0 1360.734000
2459284.0 1360.761000
2459285.0 1360.781000
2459286.0 1360.789000
2459287.0 1360.786000
2459288.0 1360.793000
2459289.0 1360.824000
2459290.0 1360.848000
2459291.0 1360.868000
2459292.0 1360.881000
2459293.0 1360.881000
2459294.0 1360.871000
2459295.0 1360.859000
2459296.0 1360.849000
2459297.0 1360.838000
2459298.0 1360.842000
2459299.0 1360.842000
2459300.0 1360.825000
2459301.0 1360.796000
2459302.0 1360.766000
2459303.0 1360.741000
2459304.0 1360.711000
2459305.0 1360.693000
2459306.0 1360.669000
2459307.0 1360.656000
2459308.0 1360.642000
2459309.0 1360.643000
2459310.0 1360.671000
2459311.0 1360.689000
2459312.0 1360.714000
2459313.0 1360.729000
2459314.0 1360.731000
2459315.0 1360.721000
2459316.0 1360.707000
2459317.0 1360.694000
2459318.0 1360.683000
2459319.0 1360.721000
2459320.0 1360.754000
2459321.0 1360.764000
2459322.0 1360.759000
2459323.0 1360.753000
2459324.0 1360.749000
2459325.0 1360.739000
2459326.0 1360.744000
2459327.0 1360.739000
2459328.0 1360.696000
2459329.0 1360.631000
2459330.0 1360.613000
2459331.0 1360.651000
2459332.0 1360.679000
2459333.0 1360.704000
2459334.0 1360.719000
2459335.0 1360.697000
2459336.0 1360.656000
2459337.0 1360.639000
2459338.0 1360.645000
2459339.0 1360.646000
2459340.0 1360.657000
2459341.0 1360.659000
2459342.0 1360.671000
2459343.0 1360.676000
2459344.0 1360.669000
2459345.0 1360.651000
2459346.0 1360.641000
2459347.0 1360.681000
2459348.0 1360.713000
2459349.0 1360.732000
2459350.0 1360.739000
2459351.0 1360.749000
2459352.0 1360.761000
2459353.0 1360.759000
2459354.0 1360.729000
2459355.0 1360.689000
2459356.0 1360.657000
2459357.0 1360.619000
2459358.0 1360.586000
2459359.0 1360.559000
2459360.0 1360.546000
2459361.0 1360.602000
2459362.0 1360.645000
2459363.0 1360.641000
2459364.0 1360.616000
2459365.0 1360.601000
2459366.0 1360.592000
2459367.0 1360.589000
2459368.0 1360.619000
2459369.0 1360.641000
2459370.0 1360.676000
2459371.0 1360.705000
2459372.0 1360.716000
2459373.0 1360.711000
2459374.0 1360.721000
2459375.0 1360.783000
2459376.0 1360.829000
2459377.0 1360.821000
2459378.0 1360.794000
2459379.0 1360.784000
2459380.0 1360.782000
2459381.0 1360.767000
2459382.0 1360.733000
2459383.0 1360.692000
2459384.0 1360.667000
2459385.0 1360.635000
2459386.0 1360.679000
2459387.0 1360.764000
2459388.0 1360.835000
2459389.0 1360.891000
2459390.0 1360.926000
2459391.0 1360.858000
2459392.0 1360.766000
2459393.0 1360.641000
2459394.0 1360.493000
2459395.0 1360.404000
2459396.0 1360.444000
2459397.0 1360.488000
2459398.0 1360.639000
2459399.0 1360.793000
2459400.0 1360.841000
2459401.0 1360.832000
2459402.0 1360.815000
2459403.0 1360.789000
2459404.0 1360.762000
2459405.0 1360.771000
2459406.0 1360.779000
2459407.0 1360.777000
2459408.0 1360.766000
2459409.0 1360.761000
2459410.0 1360.769000
2459411.0 1360.769000
2459412.0 1360.756000
2459413.0 1360.736000
2459414.0 1360.792000
2459415.0 1360.878000
2459416.0 1360.961000
2459417.0 1361.045000
2459418.0 1361.112000
2459419.0 1361.111000
2459420.0 1361.102000
2459421.0 1361.089000
2459422.0 1361.071000
2459423.0 1361.059000
2459424.0 1361.055000
2459425.0 1361.038000
2459426.0 1360.972000
2459427.0 1360.898000
2459428.0 1360.844000
2459429.0 1360.794000
2459430.0 1360.766000
2459431.0 1360.771000
2459432.0 1360.773000
2459433.0 1360.802000
2459434.0 1360.826000
2459435.0 1360.824000
2459436.0 1360.809000
2459437.0 1360.799000
2459438.0 1360.794000
2459439.0 1360.785000
2459440.0 1360.784000
2459441.0 1360.779000
2459442.0 1360.808000
2459443.0 1360.846000
2459444.0 1360.865000
2459445.0 1360.865000
2459446.0 1360.862000
2459447.0 1360.866000
2459448.0 1360.865000
2459449.0 1360.884000
2459450.0 1360.906000
2459451.0 1360.889000
2459452.0 1360.832000
2459453.0 1360.779000
2459454.0 1360.751000
2459455.0 1360.721000
2459456.0 1360.781000
2459457.0 1360.858000
2459458.0 1360.882000
2459459.0 1360.855000
2459460.0 1360.802000
2459461.0 1360.685000
2459462.0 1360.553000
2459463.0 1360.425000
2459464.0 1360.282000
2459465.0 1360.283000
2459466.0 1360.412000
2459467.0 1360.547000
2459468.0 1360.745000
2459469.0 1360.921000
2459470.0 1360.931000
2459471.0 1360.891000
2459472.0 1360.841000
2459473.0 1360.781000
2459474.0 1360.745000
2459475.0 1360.793000
2459476.0 1360.836000
2459477.0 1360.866000
2459478.0 1360.888000
2459479.0 1360.914000
2459480.0 1360.946000
2459481.0 1360.981000
2459482.0 1361.031000
2459483.0 1361.075000
2459484.0 1361.072000
2459485.0 1361.058000
2459486.0 1361.008000
2459487.0 1360.931000
2459488.0 1360.879000
2459489.0 1360.891000
2459490.0 1360.901000
2459491.0 1360.906000
2459492.0 1360.908000
2459493.0 1360.876000
2459494.0 1360.819000
2459495.0 1360.757000
2459496.0 1360.691000
2459497.0 1360.627000
2459498.0 1360.671000
2459499.0 1360.725000
2459500.0 1360.793000
2459501.0 1360.868000
2459502.0 1360.916000
2459503.0 1360.919000
2459504.0 1360.918000
2459505.0 1360.936000
2459506.0 1360.955000
2459507.0 1360.945000
2459508.0 1360.915000
2459509.0 1360.892000
2459510.0 1360.884000
2459511.0 1360.874000
2459512.0 1360.882000
2459513.0 1360.889000
2459514.0 1360.931000
2459515.0 1360.989000
2459516.0 1361.032000
2459517.0 1361.048000
2459518.0 1361.061000
2459519.0 1361.065000
2459520.0 1361.066000
2459521.0 1361.039000
2459522.0 1360.998000
2459523.0 1360.963000
2459524.0 1360.944000
2459525.0 1360.915000
2459526.0 1360.853000
2459527.0 1360.783000
2459528.0 1360.784000
2459529.0 1360.813000
2459530.0 1360.835000
2459531.0 1360.851000
2459532.0 1360.865000
2459533.0 1360.895000
2459534.0 1360.921000
2459535.0 1360.903000
2459536.0 1360.863000
2459537.0 1360.851000
2459538.0 1360.879000
2459539.0 1360.908000
2459540.0 1360.955000
2459541.0 1361.001000
2459542.0 1361.022000
2459543.0 1361.034000
2459544.0 1361.022000
2459545.0 1360.979000
2459546.0 1360.943000
2459547.0 1360.958000
2459548.0 1360.973000
2459549.0 1360.989000
2459550.0 1361.002000
2459551.0 1361.001000
2459552.0 1360.981000
2459553.0 1360.958000
2459554.0 1360.933000
2459555.0 1360.905000
2459556.0 1360.896000
2459557.0 1360.889000
2459558.0 1360.895000
2459559.0 1360.916000
2459560.0 1360.934000
2459561.0 1360.954000
2459562.0 1360.966000
2459563.0 1360.921000
2459564.0 1360.849000
2459565.0 1360.878000
2459566.0 1361.018000
2459567.0 1361.137000
2459568.0 1361.202000
2459569.0 1361.261000
2459570.0 1361.239000
2459571.0 1361.197000
2459572.0 1361.071000
2459573.0 1360.856000
2459574.0 1360.696000
2459575.0 1360.721000
2459576.0 1360.753000
2459577.0 1360.838000
2459578.0 1360.935000
2459579.0 1360.989000
2459580.0 1361.004000
2459581.0 1361.006000
2459582.0 1360.974000
2459583.0 1360.932000
2459584.0 1360.835000
2459585.0 1360.717000
2459586.0 1360.645000
2459587.0 1360.611000
2459588.0 1360.634000
2459589.0 1360.848000
2459590.0 1361.052000
2459591.0 1361.131000
2459592.0 1361.178000
2459593.0 1361.171000
2459594.0 1361.117000
2459595.0 1361.112000
2459596.0 1361.233000
2459597.0 1361.355000
2459598.0 1361.413000
2459599.0 1361.463000
2459600.0 1361.428000
2459601.0 1361.332000
2459602.0 1361.254000
2459603.0 1361.215000
2459604.0 1361.175000
2459605.0 1361.097000
2459606.0 1361.011000
2459607.0 1360.841000
2459608.0 1360.609000
2459609.0 1360.471000
2459610.0 1360.556000
2459611.0 1360.644000
2459612.0 1360.781000
2459613.0 1360.921000
2459614.0 1360.993000
2459615.0 1361.024000
2459616.0 1361.061000
2459617.0 1361.112000
2459618.0 1361.168000
2459619.0 1361.247000
2459620.0 1361.334000
2459621.0 1361.348000
2459622.0 1361.322000
2459623.0 1361.299000
2459624.0 1361.277000
2459625.0 1361.257000
2459626.0 1361.239000
2459627.0 1361.225000
2459628.0 1361.221000
2459629.0 1361.223000
2459630.0 1361.229000
2459631.0 1361.241000
2459632.0 1361.238000
2459633.0 1361.149000
2459634.0 1361.051000
2459635.0 1361.021000
2459636.0 1361.028000
2459637.0 1361.042000
2459638.0 1361.078000
2459639.0 1361.099000
2459640.0 1361.064000
2459641.0 1361.018000
2459642.0 1361.004000
2459643.0 1361.003000
2459644.0 1361.013000
2459645.0 1361.041000
2459646.0 1361.072000
2459647.0 1361.119000
2459648.0 1361.167000
2459649.0 1361.157000
2459650.0 1361.118000
2459651.0 1361.107000
2459652.0 1361.134000
2459653.0 1361.164000
2459654.0 1361.201000
2459655.0 1361.241000
2459656.0 1361.249000
2459657.0 1361.247000
2459658.0 1361.231000
2459659.0 1361.198000
2459660.0 1361.177000
2459661.0 1361.201000
2459662.0 1361.227000
2459663.0 1361.144000
2459664.0 1361.021000
2459665.0 1360.884000
2459666.0 1360.729000
2459667.0 1360.602000
2459668.0 1360.629000
2459669.0 1360.664000
2459670.0 1360.783000
2459671.0 1360.929000
2459672.0 1361.039000
2459673.0 1361.109000
2459674.0 1361.201000
2459675.0 1361.375000
2459676.0 1361.554000
2459677.0 1361.577000
2459678.0 1361.556000
2459679.0 1361.506000
2459680.0 1361.424000
2459681.0 1361.363000
2459682.0 1361.349000
2459683.0 1361.342000
2459684.0 1361.311000
2459685.0 1361.275000
2459686.0 1361.188000
2459687.0 1361.045000
2459688.0 1360.888000
2459689.0 1360.682000
2459690.0 1360.481000
2459691.0 1360.481000
2459692.0 1360.531000
2459693.0 1360.719000
2459694.0 1361.044000
2459695.0 1361.328000
2459696.0 1361.503000
2459697.0 1361.661000
2459698.0 1361.598000
2459699.0 1361.483000
2459700.0 1361.386000
2459701.0 1361.301000
2459702.0 1361.218000
2459703.0 1361.137000
2459704.0 1361.071000
2459705.0 1361.161000
2459706.0 1361.293000
2459707.0 1361.335000
2459708.0 1361.303000
2459709.0 1361.265000
2459710.0 1361.203000
2459711.0 1361.158000
2459712.0 1361.277000
2459713.0 1361.436000
2459714.0 1361.518000
2459715.0 1361.547000
2459716.0 1361.504000
2459717.0 1361.262000
2459718.0 1361.036000
2459719.0 1360.994000
2459720.0 1360.992000
2459721.0 1361.149000
2459722.0 1361.423000
2459723.0 1361.621000
2459724.0 1361.629000
2459725.0 1361.624000
2459726.0 1361.471000
2459727.0 1361.293000
2459728.0 1361.197000
2459729.0 1361.152000
2459730.0 1361.115000
2459731.0 1361.093000
2459732.0 1361.088000
2459733.0 1361.191000
2459734.0 1361.318000
2459735.0 1361.377000
2459736.0 1361.396000
2459737.0 1361.426000
2459738.0 1361.466000
2459739.0 1361.526000
2459740.0 1361.657000
2459741.0 1361.811000
2459742.0 1361.789000
2459743.0 1361.676000
2459744.0 1361.553000
2459745.0 1361.398000
2459746.0 1361.281000
2459747.0 1361.354000
2459748.0 1361.461000
2459749.0 1361.401000
2459750.0 1361.253000
2459751.0 1361.159000
2459752.0 1361.152000
2459753.0 1361.152000
2459754.0 1361.179000
2459755.0 1361.211000
2459756.0 1361.197000
2459757.0 1361.161000
2459758.0 1361.159000
2459759.0 1361.217000
2459760.0 1361.271000
2459761.0 1361.288000
2459762.0 1361.305000
2459763.0 1361.313000
2459764.0 1361.319000
2459765.0 1361.354000
2459766.0 1361.431000
2459767.0 1361.471000
2459768.0 1361.307000
2459769.0 1361.117000
2459770.0 1360.948000
2459771.0 1360.781000
2459772.0 1360.715000
2459773.0 1360.799000
2459774.0 1360.896000
2459775.0 1361.048000
2459776.0 1361.197000
2459777.0 1361.273000
2459778.0 1361.324000
2459779.0 1361.357000
2459780.0 1361.365000
2459781.0 1361.361000
2459782.0 1361.284000
2459783.0 1361.208000
2459784.0 1361.222000
2459785.0 1361.271000
2459786.0 1361.281000
2459787.0 1361.241000
2459788.0 1361.195000
2459789.0 1361.127000
2459790.0 1361.059000
2459791.0 1361.071000
2459792.0 1361.107000
2459793.0 1361.168000
2459794.0 1361.257000
2459795.0 1361.355000
2459796.0 1361.481000
2459797.0 1361.608000
2459798.0 1361.618000
2459799.0 1361.597000
2459800.0 1361.559000
2459801.0 1361.502000
2459802.0 1361.456000
2459803.0 1361.418000
2459804.0 1361.387000
2459805.0 1361.322000
2459806.0 1361.249000
2459807.0 1361.212000
2459808.0 1361.211000
2459809.0 1361.221000
2459810.0 1361.267000
2459811.0 1361.308000
2459812.0 1361.219000
2459813.0 1361.094000
2459814.0 1360.991000
2459815.0 1360.901000
2459816.0 1360.841000
2459817.0 1360.885000
2459818.0 1360.922000
2459819.0 1360.883000
2459820.0 1360.819000
2459821.0 1360.848000
2459822.0 1360.954000
2459823.0 1361.078000
2459824.0 1361.261000
2459825.0 1361.436000
2459826.0 1361.486000
2459827.0 1361.511000
2459828.0 1361.556000
2459829.0 1361.622000
2459830.0 1361.681000
2459831.0 1361.705000
2459832.0 1361.722000
2459833.0 1361.598000
2459834.0 1361.451000
2459835.0 1361.421000
2459836.0 1361.482000
2459837.0 1361.497000
2459838.0 1361.388000
2459839.0 1361.288000
2459840.0 1361.244000
2459841.0 1361.214000
2459842.0 1361.204000
2459843.0 1361.207000
2459844.0 1361.188000
2459845.0 1361.112000
2459846.0 1361.048000
2459847.0 1361.069000
2459848.0 1361.109000
2459849.0 1361.224000
2459850.0 1361.389000
2459851.0 1361.516000
2459852.0 1361.556000
2459853.0 1361.579000
2459854.0 1361.439000
2459855.0 1361.277000
2459856.0 1361.198000
2459857.0 1361.171000
2459858.0 1361.174000
2459859.0 1361.241000
2459860.0 1361.302000
2459861.0 1361.304000
2459862.0 1361.302000
2459863.0 1361.441000
2459864.0 1361.666000
2459865.0 1361.792000
2459866.0 1361.731000
2459867.0 1361.669000
2459868.0 1361.551000
2459869.0 1361.434000
2459870.0 1361.429000
2459871.0 1361.486000
2459872.0 1361.521000
2459873.0 1361.516000
2459874.0 1361.506000
2459875.0 1361.433000
2459876.0 1361.361000
2459877.0 1361.365000
2459878.0 1361.408000
2459879.0 1361.451000
2459880.0 1361.484000
2459881.0 1361.517000
2459882.0 1361.507000
2459883.0 1361.502000
2459884.0 1361.566000
2459885.0 1361.668000
2459886.0 1361.742000
2459887.0 1361.773000
2459888.0 1361.779000
2459889.0 1361.607000
2459890.0 1361.424000
2459891.0 1361.233000
2459892.0 1361.039000
2459893.0 1360.928000
2459894.0 1360.928000
2459895.0 1360.952000
2459896.0 1361.091000
2459897.0 1361.239000
2459898.0 1361.393000
2459899.0 1361.554000
2459900.0 1361.594000
2459901.0 1361.472000
2459902.0 1361.359000
2459903.0 1361.241000
2459904.0 1361.131000
2459905.0 1361.157000
2459906.0 1361.234000
2459907.0 1361.347000
2459908.0 1361.504000
2459909.0 1361.618000
2459910.0 1361.537000
2459911.0 1361.451000
2459912.0 1361.416000
2459913.0 1361.406000
2459914.0 1361.378000
2459915.0 1361.332000
2459916.0 1361.252000
2459917.0 1361.043000
2459918.0 1360.828000
2459919.0 1360.741000
2459920.0 1360.686000
2459921.0 1360.751000
2459922.0 1360.939000
2459923.0 1361.109000
2459924.0 1361.235000
2459925.0 1361.342000
2459926.0 1361.224000
2459927.0 1361.041000
2459928.0 1360.955000
2459929.0 1360.961000
2459930.0 1361.015000
2459931.0 1361.229000
2459932.0 1361.438000
2459933.0 1361.446000
2459934.0 1361.402000
2459935.0 1361.341000
2459936.0 1361.261000
2459937.0 1361.214000
2459938.0 1361.255000
2459939.0 1361.305000
2459940.0 1361.364000
2459941.0 1361.429000
2459942.0 1361.403000
2459943.0 1361.302000
2459944.0 1361.254000
2459945.0 1361.334000
2459946.0 1361.428000
2459947.0 1361.551000
2459948.0 1361.686000
2459949.0 1361.708000
2459950.0 1361.647000
2459951.0 1361.543000
2459952.0 1361.312000
2459953.0 1361.101000
2459954.0 1361.064000
2459955.0 1361.066000
2459956.0 1361.081000
2459957.0 1361.104000
2459958.0 1361.073000
2459959.0 1360.911000
2459960.0 1360.739000
2459961.0 1360.571000
2459962.0 1360.394000
2459963.0 1360.494000
2459964.0 1360.771000
2459965.0 1361.061000
2459966.0 1361.406000
2459967.0 1361.727000
2459968.0 1361.831000
2459969.0 1361.908000
2459970.0 1361.911000
2459971.0 1361.878000
2459972.0 1361.875000
2459973.0 1361.906000
2459974.0 1361.959000
2459975.0 1362.027000
2459976.0 1362.121000
2459977.0 1362.151000
2459978.0 1362.161000
2459979.0 1362.154000
2459980.0 1362.091000
2459981.0 1362.026000
2459982.0 1361.822000
2459983.0 1361.616000
2459984.0 1361.587000
2459985.0 1361.661000
2459986.0 1361.681000
2459987.0 1361.604000
2459988.0 1361.516000
2459989.0 1361.328000
2459990.0 1361.134000
2459991.0 1361.162000
2459992.0 1361.301000
2459993.0 1361.442000
2459994.0 1361.596000
2459995.0 1361.708000
2459996.0 1361.566000
2459997.0 1361.397000
2459998.0 1361.219000
2459999.0 1361.034000
2460000.0 1360.986000
2460001.0 1361.148000
2460002.0 1361.321000
2460003.0 1361.527000
2460004.0 1361.746000
2460005.0 1361.902000
2460006.0 1362.044000
2460007.0 1362.041000
2460008.0 1361.815000
2460009.0 1361.643000
2460010.0 1361.633000
2460011.0 1361.661000
2460012.0 1361.782000
2460013.0 1361.957000
2460014.0 1362.061000
2460015.0 1362.065000
2460016.0 1362.072000
2460017.0 1362.004000
2460018.0 1361.952000
2460019.0 1361.965000
2460020.0 1362.014000
2460021.0 1361.989000
2460022.0 1361.865000
2460023.0 1361.739000
2460024.0 1361.551000
2460025.0 1361.367000
2460026.0 1361.212000
2460027.0 1361.068000
2460028.0 1361.094000
2460029.0 1361.315000
2460030.0 1361.541000
2460031.0 1361.772000
2460032.0 1362.007000
2460033.0 1362.038000
2460034.0 1362.019000
2460035.0 1361.969000
2460036.0 1361.881000
2460037.0 1361.829000
2460038.0 1361.851000
2460039.0 1361.898000
2460040.0 1361.992000
2460041.0 1362.119000
2460042.0 1362.092000
2460043.0 1361.916000
2460044.0 1361.795000
2460045.0 1361.765000
2460046.0 1361.753000
2460047.0 1361.742000
2460048.0 1361.743000
2460049.0 1361.703000
2460050.0 1361.627000
2460051.0 1361.557000
2460052.0 1361.473000
2460053.0 1361.412000
2460054.0 1361.506000
2460055.0 1361.647000
2460056.0 1361.743000
2460057.0 1361.807000
2460058.0 1361.817000
2460059.0 1361.646000
2460060.0 1361.476000
2460061.0 1361.301000
2460062.0 1361.125000
2460063.0 1361.139000
2460064.0 1361.299000
2460065.0 1361.436000
2460066.0 1361.512000
2460067.0 1361.571000
2460068.0 1361.436000
2460069.0 1361.262000
2460070.0 1361.113000
2460071.0 1360.981000
2460072.0 1360.943000
2460073.0 1361.133000
2460074.0 1361.337000
2460075.0 1361.571000
2460076.0 1361.818000
2460077.0 1361.839000
2460078.0 1361.715000
2460079.0 1361.628000
2460080.0 1361.602000
2460081.0 1361.596000
2460082.0 1361.621000
2460083.0 1361.661000
2460084.0 1361.497000
2460085.0 1361.208000
2460086.0 1360.941000
2460087.0 1360.709000
2460088.0 1360.501000
2460089.0 1360.506000
2460090.0 1360.539000
2460091.0 1360.577000
2460092.0 1360.613000
2460093.0 1360.713000
2460094.0 1360.952000
2460095.0 1361.171000
2460096.0 1361.277000
2460097.0 1361.364000
2460098.0 1361.401000
2460099.0 1361.417000
2460100.0 1361.473000
2460101.0 1361.596000
2460102.0 1361.709000
2460103.0 1361.712000
2460104.0 1361.712000
2460105.0 1361.761000
2460106.0 1361.842000
2460107.0 1361.927000
2460108.0 1362.006000
2460109.0 1362.067000
2460110.0 1361.921000
2460111.0 1361.761000
2460112.0 1361.609000
2460113.0 1361.466000
2460114.0 1361.419000
2460115.0 1361.519000
2460116.0 1361.626000
2460117.0 1361.723000
2460118.0 1361.829000
2460119.0 1361.825000
2460120.0 1361.783000
2460121.0 1361.628000
2460122.0 1361.294000
2460123.0 1361.013000
2460124.0 1360.952000
2460125.0 1360.924000
2460126.0 1361.108000
2460127.0 1361.382000
2460128.0 1361.572000
2460129.0 1361.653000
2460130.0 1361.688000
2460131.0 1361.492000
2460132.0 1361.279000
2460133.0 1361.073000
2460134.0 1360.866000
2460135.0 1360.759000
2460136.0 1360.779000
2460137.0 1360.785000
2460138.0 1360.774000
2460139.0 1360.759000
2460140.0 1360.821000
2460141.0 1360.909000
2460142.0 1360.921000
2460143.0 1360.846000
2460144.0 1360.802000
2460145.0 1360.893000
2460146.0 1360.993000
2460147.0 1361.143000
2460148.0 1361.313000
2460149.0 1361.392000
2460150.0 1361.379000
2460151.0 1361.374000
2460152.0 1361.385000
2460153.0 1361.399000
2460154.0 1361.354000
2460155.0 1361.291000
2460156.0 1361.237000
2460157.0 1361.188000
2460158.0 1361.197000
2460159.0 1361.384000
2460160.0 1361.583000
2460161.0 1361.702000
2460162.0 1361.811000
2460163.0 1361.859000
2460164.0 1361.856000
2460165.0 1361.872000
2460166.0 1361.907000
2460167.0 1361.963000
2460168.0 1362.032000
2460169.0 1362.126000
2460170.0 1362.044000
2460171.0 1361.815000
2460172.0 1361.652000
2460173.0 1361.629000
2460174.0 1361.636000
2460175.0 1361.715000
2460176.0 1361.828000
2460177.0 1361.792000
2460178.0 1361.643000
2460179.0 1361.511000
2460180.0 1361.397000
2460181.0 1361.301000
2460182.0 1361.268000
2460183.0 1361.255000
2460184.0 1361.307000
2460185.0 1361.406000
2460186.0 1361.526000
2460187.0 1361.685000
2460188.0 1361.841000
2460189.0 1361.863000
2460190.0 1361.872000
2460191.0 1361.851000
2460192.0 1361.816000
2460193.0 1361.805000
2460194.0 1361.825000
2460195.0 1361.842000
2460196.0 1361.731000
2460197.0 1361.606000
2460198.0 1361.593000
2460199.0 1361.658000
2460200.0 1361.743000
2460201.0 1361.862000
2460202.0 1361.979000
2460203.0 1361.968000
2460204.0 1361.948000
2460205.0 1361.838000
2460206.0 1361.681000
2460207.0 1361.533000
2460208.0 1361.379000
2460209.0 1361.249000
2460210.0 1361.237000
2460211.0 1361.251000
2460212.0 1361.426000
2460213.0 1361.697000
2460214.0 1361.911000
2460215.0 1362.007000
2460216.0 1362.087000
2460217.0 1361.969000
2460218.0 1361.839000
2460219.0 1361.829000
2460220.0 1361.892000
2460221.0 1361.972000
2460222.0 1362.072000
2460223.0 1362.172000
2460224.0 1362.161000
2460225.0 1362.156000
2460226.0 1362.115000
2460227.0 1362.069000
2460228.0 1362.009000
2460229.0 1361.908000
2460230.0 1361.831000
2460231.0 1361.785000
2460232.0 1361.761000
2460233.0 1361.806000
2460234.0 1361.895000
2460235.0 1361.938000
2460236.0 1361.906000
2460237.0 1361.882000
2460238.0 1361.822000
2460239.0 1361.778000
2460240.0 1361.829000
2460241.0 1361.933000
2460242.0 1362.048000
2460243.0 1362.174000
2460244.0 1362.273000
2460245.0 1362.168000
2460246.0 1362.064000
2460247.0 1361.949000
2460248.0 1361.842000
2460249.0 1361.868000
2460250.0 1362.061000
2460251.0 1362.214000
2460252.0 1362.128000
2460253.0 1362.034000
2460254.0 1361.805000
2460255.0 1361.536000
2460256.0 1361.432000
2460257.0 1361.526000
2460258.0 1361.616000
2460259.0 1361.672000
2460260.0 1361.732000
2460261.0 1361.711000
2460262.0 1361.676000
2460263.0 1361.651000
2460264.0 1361.641000
2460265.0 1361.651000
2460266.0 1361.693000
2460267.0 1361.752000
2460268.0 1361.771000
2460269.0 1361.791000
2460270.0 1361.721000
2460271.0 1361.561000
2460272.0 1361.447000
2460273.0 1361.466000
2460274.0 1361.509000
2460275.0 1361.641000
2460276.0 1361.811000
2460277.0 1361.928000
2460278.0 1361.999000
2460279.0 1362.019000
2460280.0 1361.831000
2460281.0 1361.646000
2460282.0 1361.451000
2460283.0 1361.261000
2460284.0 1361.223000
2460285.0 1361.319000
2460286.0 1361.404000
2460287.0 1361.456000
2460288.0 1361.503000
2460289.0 1361.431000
2460290.0 1361.335000
2460291.0 1361.318000
2460292.0 1361.369000
2460293.0 1361.481000
2460294.0 1361.751000
2460295.0 1362.015000
2460296.0 1362.024000
2460297.0 1361.989000
2460298.0 1361.827000
2460299.0 1361.568000
2460300.0 1361.416000
2460301.0 1361.513000
2460302.0 1361.636000
2460303.0 1361.818000
2460304.0 1362.028000
2460305.0 1362.098000
2460306.0 1362.077000
2460307.0 1362.031000
2460308.0 1361.886000
2460309.0 1361.768000
2460310.0 1361.751000
2460311.0 1361.765000
2460312.0 1361.741000
2460313.0 1361.695000
2460314.0 1361.657000
2460315.0 1361.612000
2460316.0 1361.591000
2460317.0 1361.656000
2460318.0 1361.749000
2460319.0 1361.759000
2460320.0 1361.726000
2460321.0 1361.712000
2460322.0 1361.719000
2460323.0 1361.746000
2460324.0 1361.807000
2460325.0 1361.889000
2460326.0 1361.886000
2460327.0 1361.845000
2460328.0 1361.769000
2460329.0 1361.609000
2460330.0 1361.464000
2460331.0 1361.353000
2460332.0 1361.257000
2460333.0 1361.391000
2460334.0 1361.656000
2460335.0 1361.879000
2460336.0 1362.024000
2460337.0 1362.147000
2460338.0 1362.034000
2460339.0 1361.906000
2460340.0 1361.818000
2460341.0 1361.759000
2460342.0 1361.715000
2460343.0 1361.681000
2460344.0 1361.663000
2460345.0 1361.636000
2460346.0 1361.614000
2460347.0 1361.446000
2460348.0 1361.215000
2460349.0 1361.097000
2460350.0 1361.144000
2460351.0 1361.217000
2460352.0 1361.386000
2460353.0 1361.574000
2460354.0 1361.766000
2460355.0 1361.971000
2460356.0 1362.068000
2460357.0 1362.001000
2460358.0 1361.938000
2460359.0 1361.822000
2460360.0 1361.709000
2460361.0 1361.441000
2460362.0 1361.112000
2460363.0 1360.833000
2460364.0 1360.614000
2460365.0 1360.454000
2460366.0 1360.575000
2460367.0 1360.719000
2460368.0 1360.913000
2460369.0 1361.127000
2460370.0 1361.344000
2460371.0 1361.567000
2460372.0 1361.762000
2460373.0 1361.821000
2460374.0 1361.873000
2460375.0 1361.775000
2460376.0 1361.636000
2460377.0 1361.596000
2460378.0 1361.667000
2460379.0 1361.759000
2460380.0 1361.891000
2460381.0 1362.032000
2460382.0 1362.018000
2460383.0 1361.971000
2460384.0 1361.913000
2460385.0 1361.841000
2460386.0 NaN
2460387.0 NaN
2460388.0 NaN
2460389.0 1361.753000
2460390.0 1361.608000
2460391.0 1361.355000
2460392.0 1360.989000
2460393.0 1360.734000
2460394.0 1360.828000
2460395.0 1360.951000
2460396.0 1361.194000
2460397.0 1361.476000
2460398.0 1361.681000
2460399.0 1361.825000
2460400.0 1361.929000
2460401.0 1361.883000
2460402.0 1361.842000
2460403.0 1361.758000
2460404.0 1361.677000
2460405.0 1361.651000
2460406.0 1361.671000
2460407.0 1361.681000
2460408.0 1361.636000
2460409.0 1361.596000
2460410.0 1361.528000
2460411.0 1361.461000
2460412.0 1361.516000
2460413.0 1361.669000
2460414.0 1361.806000
2460415.0 1361.885000
2460416.0 1361.951000
2460417.0 1361.785000
2460418.0 1361.582000
2460419.0 1361.498000
2460420.0 1361.504000
2460421.0 1361.573000
2460422.0 1361.781000
2460423.0 1361.987000
2460424.0 1362.007000
2460425.0 1362.006000
2460426.0 1361.856000
2460427.0 1361.609000
2460428.0 1361.443000
2460429.0 1361.441000
2460430.0 1361.442000
2460431.0 1361.378000
2460432.0 1361.302000
2460433.0 1361.065000
2460434.0 1360.721000
2460435.0 1360.421000
2460436.0 1360.215000
2460437.0 1360.017000
2460438.0 1359.981000
2460439.0 1359.953000
2460440.0 1360.335000
2460441.0 1360.953000
2460442.0 1361.496000
2460443.0 1361.907000
2460444.0 1362.276000
2460445.0 1362.301000
2460446.0 1362.293000
2460447.0 1362.234000
2460448.0 1362.161000
2460449.0 1362.047000
2460450.0 1361.836000
2460451.0 1361.649000
2460452.0 1361.519000
2460453.0 1361.411000
2460454.0 1361.446000
2460455.0 1361.558000
2460456.0 1361.587000
2460457.0 1361.466000
2460458.0 1361.351000
2460459.0 1361.225000
2460460.0 1361.103000
2460461.0 1361.044000
2460462.0 1361.012000
2460463.0 1361.078000
2460464.0 1361.301000
2460465.0 1361.526000
2460466.0 1361.741000
2460467.0 1361.965000
2460468.0 1362.096000
2460469.0 1362.204000
2460470.0 1362.244000
2460471.0 1362.169000
2460472.0 1362.101000
2460473.0 1361.957000
2460474.0 1361.816000
2460475.0 1361.536000
2460476.0 1361.198000
2460477.0 1360.888000
2460478.0 1360.606000
2460479.0 1360.363000
2460480.0 1360.331000
2460481.0 1360.321000
2460482.0 1360.657000
2460483.0 1361.128000
2460484.0 1361.426000
2460485.0 1361.513000
2460486.0 1361.597000
2460487.0 1361.637000
2460488.0 1361.687000
2460489.0 1361.786000
2460490.0 1361.915000
2460491.0 1361.996000
2460492.0 1362.021000
2460493.0 1362.049000
2460494.0 1362.034000
2460495.0 1362.034000
2460496.0 1362.011000
2460497.0 1361.994000
2460498.0 1361.939000
2460499.0 1361.833000
2460500.0 1361.732000
2460501.0 1361.597000
2460502.0 1361.476000
2460503.0 1361.454000
2460504.0 1361.469000
2460505.0 1361.603000
2460506.0 1361.861000
2460507.0 1362.091000
2460508.0 1362.189000
2460509.0 1362.288000
2460510.0 1362.204000
2460511.0 1362.084000
2460512.0 1361.972000
2460513.0 1361.865000
2460514.0 1361.757000
2460515.0 1361.606000
2460516.0 1361.446000
2460517.0 1361.095000
2460518.0 1360.691000
2460519.0 1360.406000
2460520.0 1360.215000
2460521.0 1360.162000
2460522.0 1360.537000
2460523.0 1360.909000
2460524.0 1361.121000
2460525.0 1361.293000
2460526.0 1361.247000
2460527.0 1361.025000
2460528.0 1360.836000
2460529.0 1360.734000
2460530.0 1360.656000
2460531.0 1360.843000
2460532.0 1361.089000
2460533.0 1361.214000
2460534.0 1361.253000
2460535.0 1361.345000
2460536.0 1361.561000
2460537.0 1361.771000
2460538.0 1361.803000
2460539.0 1361.809000
2460540.0 1361.646000
2460541.0 1361.368000
2460542.0 1361.072000
2460543.0 1360.719000
2460544.0 1360.396000
2460545.0 1360.385000
2460546.0 1360.424000
2460547.0 1360.702000
2460548.0 1361.135000
2460549.0 1361.546000
2460550.0 1361.913000
2460551.0 1362.248000
2460552.0 1362.241000
2460553.0 1362.192000
2460554.0 1362.135000
2460555.0 1362.082000
2460556.0 1362.082000
2460557.0 1362.161000
2460558.0 1362.267000
2460559.0 1362.383000
2460560.0 1362.523000
2460561.0 1362.435000
2460562.0 1362.234000
2460563.0 1362.141000
